model,cat,strategy,divider,overlap,met,score
yolo11n,B_finetuned_unsupervised,baseline,0.0,0.0,map50,0.0009
yolo11n,B_finetuned_unsupervised,bo_exploration,3.0,0.49,map50,0.6954
yolo11n,B_finetuned_unsupervised,bo_exploitation,1.0,0.28,map50,0.0207
yolo11n,B_finetuned_unsupervised,grid_search,4.0,0.5,map50,0.7283
yolo11n,C_finetuned_supervised,bo_exploration,2.0,0.13,map50,0.5249
yolo11n,C_finetuned_supervised,bo_exploitation,2.0,0.0,map50,0.5457
yolo11n,C_finetuned_supervised,grid_search,4.0,0.0,map50,0.7475
yolo11m,A_unfinetuned,baseline,0.0,0.0,map50,0.0003
yolo11m,A_unfinetuned,bo_exploration,3.0,0.46,map50,0.6581
yolo11m,A_unfinetuned,bo_exploitation,3.0,0.1,map50,0.6632
yolo11m,A_unfinetuned,grid_search,4.0,0.5,map50,0.6693
yolo11m,B_finetuned_unsupervised,baseline,0.0,0.0,map50,0.0003
yolo11m,B_finetuned_unsupervised,bo_exploration,3.0,0.32,map50,0.738
yolo11m,B_finetuned_unsupervised,bo_exploitation,2.0,0.43,map50,0.6018
yolo11m,B_finetuned_unsupervised,grid_search,4.0,0.5,map50,0.7505
yolo11m,C_finetuned_supervised,bo_exploration,4.0,0.0,map50,0.766
yolo11m,C_finetuned_supervised,bo_exploitation,2.0,0.0,map50,0.6241
yolo11m,C_finetuned_supervised,grid_search,4.0,0.0,map50,0.766
yolo11n,A_unfinetuned,baseline,0.0,0.0,map50,0.0
yolo11n,A_unfinetuned,bo_exploration,3.0,0.43,map50,0.6956
yolo11n,A_unfinetuned,bo_exploitation,2.0,0.29,map50,0.4208
yolo11n,A_unfinetuned,grid_search,4.0,0.5,map50,0.7903
yolo11n,B_finetuned_unsupervised,baseline,0.0,0.0,map50,0.0007
yolo11n,B_finetuned_unsupervised,bo_exploration,2.0,0.18,map50,0.5565
yolo11n,B_finetuned_unsupervised,bo_exploitation,3.0,0.45,map50,0.7272
yolo11n,B_finetuned_unsupervised,grid_search,4.0,0.5,map50,0.7588
yolo11n,C_finetuned_supervised,bo_exploration,3.0,0.12,map50,0.7297
yolo11n,C_finetuned_supervised,bo_exploitation,4.0,0.45,map50,0.7607
yolo11n,C_finetuned_supervised,grid_search,4.0,0.0,map50,0.7783
yolo11m,A_unfinetuned,baseline,0.0,0.0,map50,0.0003
yolo11m,A_unfinetuned,bo_exploration,2.0,0.28,map50,0.5194
yolo11m,A_unfinetuned,bo_exploitation,2.0,0.37,map50,0.5126
yolo11m,A_unfinetuned,grid_search,4.0,0.5,map50,0.6549
yolo11m,B_finetuned_unsupervised,baseline,0.0,0.0,map50,0.0006
yolo11m,B_finetuned_unsupervised,bo_exploration,3.0,0.35,map50,0.7429
yolo11m,B_finetuned_unsupervised,bo_exploitation,3.0,0.45,map50,0.7422
yolo11m,B_finetuned_unsupervised,grid_search,4.0,0.5,map50,0.7527
yolo11m,C_finetuned_supervised,bo_exploration,3.0,0.15,map50,0.7442
yolo11m,C_finetuned_supervised,bo_exploitation,3.0,0.25,map50,0.7407
yolo11m,C_finetuned_supervised,grid_search,4.0,0.0,map50,0.7687
yolo11n,A_unfinetuned,baseline,0.0,0.0,map50,0.0002
yolo11n,A_unfinetuned,bo_exploration,3.0,0.5,map50,0.6624
yolo11n,A_unfinetuned,bo_exploitation,2.0,0.38,map50,0.4912
yolo11n,A_unfinetuned,grid_search,4.0,0.5,map50,0.6926
yolo11n,B_finetuned_unsupervised,baseline,0.0,0.0,map50,0.0001
yolo11n,B_finetuned_unsupervised,bo_exploration,2.0,0.29,map50,0.5132
yolo11n,B_finetuned_unsupervised,bo_exploitation,2.0,0.01,map50,0.5258
yolo11n,B_finetuned_unsupervised,grid_search,4.0,0.5,map50,0.7296
yolo11n,C_finetuned_supervised,bo_exploration,3.0,0.18,map50,0.6992
yolo11n,C_finetuned_supervised,bo_exploitation,3.0,0.12,map50,0.6992
yolo11n,C_finetuned_supervised,grid_search,4.0,0.0,map50,0.7498
yolo11m,A_unfinetuned,baseline,0.0,0.0,map50,0.0006
yolo11m,A_unfinetuned,bo_exploration,3.0,0.15,map50,0.6702
yolo11m,A_unfinetuned,bo_exploitation,3.0,0.41,map50,0.6642
yolo11m,A_unfinetuned,grid_search,4.0,0.5,map50,0.6841
yolo11m,B_finetuned_unsupervised,baseline,0.0,0.0,map50,0.0004
yolo11m,B_finetuned_unsupervised,bo_exploration,3.0,0.49,map50,0.7422
yolo11m,B_finetuned_unsupervised,bo_exploitation,3.0,0.45,map50,0.7433
yolo11m,B_finetuned_unsupervised,grid_search,4.0,0.5,map50,0.7541
yolo11m,C_finetuned_supervised,bo_exploration,3.0,0.29,map50,0.7437
yolo11m,C_finetuned_supervised,bo_exploitation,3.0,0.47,map50,0.7421
yolo11m,C_finetuned_supervised,grid_search,4.0,0.0,map50,0.77
yolo11n,A_unfinetuned,baseline,0.0,0.0,map50,0.0016
yolo11n,A_unfinetuned,bo_exploration,3.0,0.5,map50,0.7227
yolo11n,A_unfinetuned,bo_exploitation,2.0,0.07,map50,0.5581
yolo11n,A_unfinetuned,grid_search,4.0,0.5,map50,0.7489
yolo11n,B_finetuned_unsupervised,baseline,0.0,0.0,map50,0.0002
yolo11n,B_finetuned_unsupervised,bo_exploration,3.0,0.22,map50,0.6931
yolo11n,B_finetuned_unsupervised,bo_exploitation,2.0,0.17,map50,0.4962
yolo11n,B_finetuned_unsupervised,grid_search,4.0,0.5,map50,0.7232
yolo11n,C_finetuned_supervised,bo_exploration,3.0,0.23,map50,0.6926
yolo11n,C_finetuned_supervised,bo_exploitation,3.0,0.0,map50,0.6901
yolo11n,C_finetuned_supervised,grid_search,4.0,0.0,map50,0.7409
yolo11m,A_unfinetuned,baseline,0.0,0.0,map50,0.0002
yolo11m,A_unfinetuned,bo_exploration,3.0,0.45,map50,0.6276
yolo11m,A_unfinetuned,bo_exploitation,3.0,0.17,map50,0.6301
yolo11m,A_unfinetuned,grid_search,4.0,0.5,map50,0.6503
yolo11m,B_finetuned_unsupervised,baseline,0.0,0.0,map50,0.0006
yolo11m,B_finetuned_unsupervised,bo_exploration,2.0,0.29,map50,0.6194
yolo11m,B_finetuned_unsupervised,bo_exploitation,3.0,0.22,map50,0.7407
yolo11m,B_finetuned_unsupervised,grid_search,4.0,0.5,map50,0.7529
yolo11m,C_finetuned_supervised,bo_exploration,3.0,0.1,map50,0.7442
yolo11m,C_finetuned_supervised,bo_exploitation,3.0,0.1,map50,0.7442
yolo11m,C_finetuned_supervised,grid_search,4.0,0.0,map50,0.7686
yolo11n,A_unfinetuned,baseline,0.0,0.0,map50,0.0007
yolo11n,A_unfinetuned,bo_exploration,3.0,0.44,map50,0.7416
yolo11n,A_unfinetuned,bo_exploitation,3.0,0.35,map50,0.742
yolo11n,A_unfinetuned,grid_search,4.0,0.5,map50,0.7727
yolo11n,B_finetuned_unsupervised,baseline,0.0,0.0,map50,0.0002
yolo11n,B_finetuned_unsupervised,bo_exploration,2.0,0.45,map50,0.5166
yolo11n,B_finetuned_unsupervised,bo_exploitation,4.0,0.05,map50,0.7274
yolo11n,B_finetuned_unsupervised,grid_search,4.0,0.5,map50,0.7244
yolo11n,C_finetuned_supervised,bo_exploration,3.0,0.3,map50,0.6937
yolo11n,C_finetuned_supervised,bo_exploitation,2.0,0.0,map50,0.5308
yolo11n,C_finetuned_supervised,grid_search,4.0,0.0,map50,0.7423
yolo11m,A_unfinetuned,baseline,0.0,0.0,map50,0.0004
yolo11m,A_unfinetuned,bo_exploration,3.0,0.2,map50,0.6837
yolo11m,A_unfinetuned,bo_exploitation,3.0,0.12,map50,0.6858
yolo11m,A_unfinetuned,grid_search,4.0,0.5,map50,0.6983
yolo11m,B_finetuned_unsupervised,baseline,0.0,0.0,map50,0.0
yolo11m,B_finetuned_unsupervised,bo_exploration,3.0,0.49,map50,0.7982
yolo11m,B_finetuned_unsupervised,bo_exploitation,3.0,0.2,map50,0.7989
yolo11m,B_finetuned_unsupervised,grid_search,4.0,0.5,map50,0.8223
yolo11m,C_finetuned_supervised,bo_exploration,3.0,0.36,map50,0.7955
yolo11m,C_finetuned_supervised,bo_exploitation,3.0,0.05,map50,0.8023
yolo11m,C_finetuned_supervised,grid_search,4.0,0.0,map50,0.8382
yolo11n,A_unfinetuned,baseline,0.0,0.0,map50,0.0003
yolo11n,A_unfinetuned,bo_exploration,2.0,0.26,map50,0.5506
yolo11n,A_unfinetuned,bo_exploitation,2.0,0.19,map50,0.5566
yolo11n,A_unfinetuned,grid_search,4.0,0.5,map50,0.782
yolo11n,B_finetuned_unsupervised,baseline,0.0,0.0,map50,0.0004
yolo11n,B_finetuned_unsupervised,bo_exploration,3.0,0.27,map50,0.7018
yolo11n,B_finetuned_unsupervised,bo_exploitation,4.0,0.48,map50,0.7357
yolo11n,B_finetuned_unsupervised,grid_search,4.0,0.5,map50,0.7415
yolo11n,C_finetuned_supervised,bo_exploration,3.0,0.26,map50,0.7021
yolo11n,C_finetuned_supervised,bo_exploitation,3.0,0.4,map50,0.7103
yolo11n,C_finetuned_supervised,grid_search,4.0,0.0,map50,0.7671
yolo11m,A_unfinetuned,baseline,0.0,0.0,map50,0.0003
yolo11m,A_unfinetuned,bo_exploration,3.0,0.26,map50,0.5742
yolo11m,A_unfinetuned,bo_exploitation,3.0,0.5,map50,0.5723
yolo11m,A_unfinetuned,grid_search,4.0,0.5,map50,0.5884
yolo11m,B_finetuned_unsupervised,baseline,0.0,0.0,map50,0.0
yolo11m,B_finetuned_unsupervised,bo_exploration,3.0,0.16,map50,0.8023
yolo11m,B_finetuned_unsupervised,bo_exploitation,3.0,0.44,map50,0.799
yolo11m,B_finetuned_unsupervised,grid_search,4.0,0.5,map50,0.8222
yolo11m,C_finetuned_supervised,bo_exploration,3.0,0.0,map50,0.7931
yolo11m,C_finetuned_supervised,bo_exploitation,3.0,0.38,map50,0.7978
yolo11m,C_finetuned_supervised,grid_search,4.0,0.0,map50,0.8383
yolo11n,A_unfinetuned,baseline,0.0,0.0,map50,0.0002
yolo11n,A_unfinetuned,bo_exploration,2.0,0.33,map50,0.5513
yolo11n,A_unfinetuned,bo_exploitation,3.0,0.04,map50,0.7407
yolo11n,A_unfinetuned,grid_search,4.0,0.5,map50,0.7682
yolo11n,B_finetuned_unsupervised,baseline,0.0,0.0,map50,0.0
yolo11n,B_finetuned_unsupervised,bo_exploration,2.0,0.46,map50,0.554
yolo11n,B_finetuned_unsupervised,bo_exploitation,2.0,0.48,map50,0.5506
yolo11n,B_finetuned_unsupervised,grid_search,4.0,0.5,map50,0.7634
yolo11n,C_finetuned_supervised,bo_exploration,3.0,0.13,map50,0.7358
yolo11n,C_finetuned_supervised,bo_exploitation,3.0,0.07,map50,0.7325
yolo11n,C_finetuned_supervised,grid_search,4.0,0.0,map50,0.7861
yolo11m,A_unfinetuned,baseline,0.0,0.0,map50,0.0015
yolo11m,A_unfinetuned,bo_exploration,3.0,0.5,map50,0.6238
yolo11m,A_unfinetuned,bo_exploitation,3.0,0.43,map50,0.6194
yolo11m,A_unfinetuned,grid_search,4.0,0.5,map50,0.6414
yolo11m,B_finetuned_unsupervised,baseline,0.0,0.0,map50,0.0
yolo11m,B_finetuned_unsupervised,bo_exploration,2.0,0.33,map50,0.6537
yolo11m,B_finetuned_unsupervised,bo_exploitation,3.0,0.44,map50,0.7992
yolo11m,B_finetuned_unsupervised,grid_search,4.0,0.5,map50,0.8222
yolo11m,C_finetuned_supervised,bo_exploration,4.0,0.5,map50,0.8222
yolo11m,C_finetuned_supervised,bo_exploitation,3.0,0.08,map50,0.801
yolo11m,C_finetuned_supervised,grid_search,4.0,0.0,map50,0.8382
yolo11n,A_unfinetuned,baseline,0.0,0.0,map50,0.0011
yolo11n,A_unfinetuned,bo_exploration,4.0,0.5,map50,0.7019
yolo11n,A_unfinetuned,bo_exploitation,3.0,0.41,map50,0.6675
yolo11n,A_unfinetuned,grid_search,4.0,0.5,map50,0.7019
yolo11n,B_finetuned_unsupervised,baseline,0.0,0.0,map50,0.0
yolo11n,B_finetuned_unsupervised,bo_exploration,3.0,0.45,map50,0.7343
yolo11n,B_finetuned_unsupervised,bo_exploitation,3.0,0.22,map50,0.7359
yolo11n,B_finetuned_unsupervised,grid_search,4.0,0.5,map50,0.7628
yolo11n,C_finetuned_supervised,bo_exploration,3.0,0.22,map50,0.7359
yolo11n,C_finetuned_supervised,bo_exploitation,3.0,0.15,map50,0.7373
yolo11n,C_finetuned_supervised,grid_search,4.0,0.0,map50,0.7856
yolo11m,A_unfinetuned,baseline,0.0,0.0,map50,0.0011
yolo11m,A_unfinetuned,bo_exploration,3.0,0.48,map50,0.5419
yolo11m,A_unfinetuned,bo_exploitation,3.0,0.27,map50,0.5483
yolo11m,A_unfinetuned,grid_search,4.0,0.5,map50,0.5667
yolo11m,B_finetuned_unsupervised,baseline,0.0,0.0,map50,0.0
yolo11m,B_finetuned_unsupervised,bo_exploration,4.0,0.0,map50,0.8381
yolo11m,B_finetuned_unsupervised,bo_exploitation,3.0,0.46,map50,0.7993
yolo11m,B_finetuned_unsupervised,grid_search,4.0,0.5,map50,0.8221
yolo11m,C_finetuned_supervised,bo_exploration,4.0,0.0,map50,0.8381
yolo11m,C_finetuned_supervised,bo_exploitation,4.0,0.0,map50,0.8381
yolo11m,C_finetuned_supervised,grid_search,4.0,0.0,map50,0.8381
yolo11n,A_unfinetuned,baseline,0.0,0.0,map50,0.0006
yolo11n,A_unfinetuned,bo_exploration,4.0,0.5,map50,0.7478
yolo11n,A_unfinetuned,bo_exploitation,4.0,0.46,map50,0.7455
yolo11n,A_unfinetuned,grid_search,4.0,0.5,map50,0.7478
yolo11n,B_finetuned_unsupervised,baseline,0.0,0.0,map50,0.0002
yolo11n,B_finetuned_unsupervised,bo_exploration,3.0,0.5,map50,0.6893
yolo11n,B_finetuned_unsupervised,bo_exploitation,3.0,0.4,map50,0.6925
yolo11n,B_finetuned_unsupervised,grid_search,4.0,0.5,map50,0.7227
yolo11n,C_finetuned_supervised,bo_exploration,3.0,0.47,map50,0.6846
yolo11n,C_finetuned_supervised,bo_exploitation,3.0,0.28,map50,0.6887
yolo11n,C_finetuned_supervised,grid_search,4.0,0.0,map50,0.7409
yolo11n,A_unfinetuned,baseline,0.0,0.0,map50,0.0009
yolo11n,A_unfinetuned,bo_exploration,4.0,0.5,map50,0.7713
yolo11n,A_unfinetuned,bo_exploitation,2.0,0.36,map50,0.5571
yolo11n,A_unfinetuned,grid_search,4.0,0.5,map50,0.7713
yolo11n,B_finetuned_unsupervised,baseline,0.0,0.0,map50,0.0009
yolo11n,B_finetuned_unsupervised,bo_exploration,2.0,0.04,map50,0.5291
yolo11n,B_finetuned_unsupervised,bo_exploitation,2.0,0.25,map50,0.5354
yolo11n,B_finetuned_unsupervised,grid_search,4.0,0.5,map50,0.7283
yolo11n,C_finetuned_supervised,bo_exploration,4.0,0.5,map50,0.7283
yolo11n,C_finetuned_supervised,bo_exploitation,3.0,0.24,map50,0.7023
yolo11n,C_finetuned_supervised,grid_search,4.0,0.0,map50,0.7475
rtdetr-l,A_unfinetuned,baseline,0.0,0.0,map50,0.0029
rtdetr-l,A_unfinetuned,bo_exploration,3.0,0.5,map50,0.662
rtdetr-l,A_unfinetuned,bo_exploitation,3.0,0.01,map50,0.6572
rtdetr-l,A_unfinetuned,grid_search,4.0,0.5,map50,0.7066
rtdetr-l,B_finetuned_unsupervised,baseline,0.0,0.0,map50,0.0008
rtdetr-l,B_finetuned_unsupervised,bo_exploration,2.0,0.48,map50,0.5034
rtdetr-l,B_finetuned_unsupervised,bo_exploitation,2.0,0.04,map50,0.5316
rtdetr-l,B_finetuned_unsupervised,grid_search,4.0,0.5,map50,0.7607
rtdetr-l,C_finetuned_supervised,bo_exploration,3.0,0.0,map50,0.7276
rtdetr-l,C_finetuned_supervised,bo_exploitation,4.0,0.27,map50,0.7611
rtdetr-l,C_finetuned_supervised,grid_search,4.0,0.0,map50,0.779
rtdetr-l,A_unfinetuned,baseline,0.0,0.0,map50,0.002
rtdetr-l,A_unfinetuned,bo_exploration,3.0,0.42,map50,0.6176
rtdetr-l,A_unfinetuned,bo_exploitation,2.0,0.16,map50,0.4647
rtdetr-l,A_unfinetuned,grid_search,4.0,0.5,map50,0.6425
rtdetr-l,B_finetuned_unsupervised,baseline,0.0,0.0,map50,0.0121
rtdetr-l,B_finetuned_unsupervised,bo_exploration,2.0,0.28,map50,0.4755
rtdetr-l,B_finetuned_unsupervised,bo_exploitation,3.0,0.19,map50,0.6895
rtdetr-l,B_finetuned_unsupervised,grid_search,4.0,0.5,map50,0.7399
rtdetr-l,C_finetuned_supervised,bo_exploration,4.0,0.0,map50,0.7573
rtdetr-l,C_finetuned_supervised,bo_exploitation,2.0,0.26,map50,0.473
rtdetr-l,C_finetuned_supervised,grid_search,4.0,0.0,map50,0.7573
rtdetr-l,A_unfinetuned,baseline,0.0,0.0,map50,0.0
rtdetr-l,A_unfinetuned,bo_exploration,2.0,0.34,map50,0.4593
rtdetr-l,A_unfinetuned,bo_exploitation,3.0,0.5,map50,0.6925
rtdetr-l,A_unfinetuned,grid_search,4.0,0.5,map50,0.7497
rtdetr-l,B_finetuned_unsupervised,baseline,0.0,0.0,map50,0.0004
rtdetr-l,B_finetuned_unsupervised,bo_exploration,3.0,0.49,map50,0.5877
rtdetr-l,B_finetuned_unsupervised,bo_exploitation,3.0,0.05,map50,0.5851
rtdetr-l,B_finetuned_unsupervised,grid_search,4.0,0.5,map50,0.6292
rtdetr-l,C_finetuned_supervised,bo_exploration,3.0,0.04,map50,0.5903
rtdetr-l,C_finetuned_supervised,bo_exploitation,3.0,0.11,map50,0.5897
rtdetr-l,C_finetuned_supervised,grid_search,4.0,0.0,map50,0.6312
rtdetr-l,A_unfinetuned,baseline,0.0,0.0,map50,0.0011
rtdetr-l,A_unfinetuned,bo_exploration,3.0,0.5,map50,0.5143
rtdetr-l,A_unfinetuned,bo_exploitation,3.0,0.18,map50,0.513
rtdetr-l,A_unfinetuned,grid_search,4.0,0.5,map50,0.5588
rtdetr-l,B_finetuned_unsupervised,baseline,0.0,0.0,map50,0.0004
rtdetr-l,B_finetuned_unsupervised,bo_exploration,4.0,0.5,map50,0.6298
rtdetr-l,B_finetuned_unsupervised,bo_exploitation,3.0,0.25,map50,0.6038
rtdetr-l,B_finetuned_unsupervised,grid_search,4.0,0.5,map50,0.6298
rtdetr-l,C_finetuned_supervised,bo_exploration,2.0,0.09,map50,0.4281
rtdetr-l,C_finetuned_supervised,bo_exploitation,3.0,0.09,map50,0.6111
rtdetr-l,C_finetuned_supervised,grid_search,4.0,0.0,map50,0.6479
rtdetr-l,A_unfinetuned,baseline,0.0,0.0,map50,0.0001
rtdetr-l,A_unfinetuned,bo_exploration,3.0,0.05,map50,0.5875
rtdetr-l,A_unfinetuned,bo_exploitation,3.0,0.0,map50,0.5781
rtdetr-l,A_unfinetuned,grid_search,4.0,0.5,map50,0.6199
rtdetr-l,B_finetuned_unsupervised,baseline,0.0,0.0,map50,0.0009
rtdetr-l,B_finetuned_unsupervised,bo_exploration,2.0,0.45,map50,0.4432
rtdetr-l,B_finetuned_unsupervised,bo_exploitation,3.0,0.02,map50,0.6505
rtdetr-l,B_finetuned_unsupervised,grid_search,4.0,0.5,map50,0.6946
rtdetr-l,C_finetuned_supervised,bo_exploration,3.0,0.18,map50,0.6493
rtdetr-l,C_finetuned_supervised,bo_exploitation,4.0,0.0,map50,0.7025
rtdetr-l,C_finetuned_supervised,grid_search,4.0,0.0,map50,0.7025
rtdetr-l,A_unfinetuned,baseline,0.0,0.0,map50,0.0013
rtdetr-l,A_unfinetuned,bo_exploration,2.0,0.3,map50,0.4855
rtdetr-l,A_unfinetuned,bo_exploitation,2.0,0.38,map50,0.4841
rtdetr-l,A_unfinetuned,grid_search,4.0,0.5,map50,0.6607
rtdetr-l,B_finetuned_unsupervised,baseline,0.0,0.0,map50,0.0
rtdetr-l,B_finetuned_unsupervised,bo_exploration,3.0,0.47,map50,0.6404
rtdetr-l,B_finetuned_unsupervised,bo_exploitation,3.0,0.37,map50,0.6326
rtdetr-l,B_finetuned_unsupervised,grid_search,4.0,0.5,map50,0.6754
rtdetr-l,C_finetuned_supervised,bo_exploration,3.0,0.18,map50,0.6258
rtdetr-l,C_finetuned_supervised,bo_exploitation,3.0,0.23,map50,0.6213
rtdetr-l,C_finetuned_supervised,grid_search,4.0,0.0,map50,0.6729
rtdetr-l,A_unfinetuned,baseline,0.0,0.0,map50,0.0002
rtdetr-l,A_unfinetuned,bo_exploration,3.0,0.09,map50,0.624
rtdetr-l,A_unfinetuned,bo_exploitation,3.0,0.27,map50,0.6191
rtdetr-l,A_unfinetuned,grid_search,4.0,0.5,map50,0.6683
rtdetr-l,B_finetuned_unsupervised,baseline,0.0,0.0,map50,0.0068
rtdetr-l,B_finetuned_unsupervised,bo_exploration,3.0,0.16,map50,0.6451
rtdetr-l,B_finetuned_unsupervised,bo_exploitation,3.0,0.5,map50,0.6439
rtdetr-l,B_finetuned_unsupervised,grid_search,4.0,0.5,map50,0.6764
rtdetr-l,C_finetuned_supervised,bo_exploration,4.0,0.23,map50,0.6737
rtdetr-l,C_finetuned_supervised,bo_exploitation,3.0,0.26,map50,0.6429
rtdetr-l,C_finetuned_supervised,grid_search,4.0,0.0,map50,0.679
rtdetr-l,A_unfinetuned,baseline,0.0,0.0,map50,0.0001
rtdetr-l,A_unfinetuned,bo_exploration,4.0,0.0,map50,0.6358
rtdetr-l,A_unfinetuned,bo_exploitation,4.0,0.32,map50,0.6348
rtdetr-l,A_unfinetuned,grid_search,4.0,0.5,map50,0.6333
yolo11n,B_finetuned_unsupervised,baseline,0.0,0.0,map50,0.0002
yolo11n,B_finetuned_unsupervised,bo_exploration,4.0,0.5,map50,0.7248
yolo11n,B_finetuned_unsupervised,bo_exploitation,3.0,0.18,map50,0.6972
yolo11n,B_finetuned_unsupervised,grid_search,4.0,0.5,map50,0.7248
yolo11n,C_finetuned_supervised,bo_exploration,2.0,0.13,map50,0.5105
yolo11n,C_finetuned_supervised,bo_exploitation,2.0,0.5,map50,0.5174
yolo11n,C_finetuned_supervised,grid_search,4.0,0.0,map50,0.7428
yolo11m,A_unfinetuned,baseline,0.0,0.0,map50,0.0
yolo11m,A_unfinetuned,bo_exploration,4.0,0.11,map50,0.7436
yolo11m,A_unfinetuned,bo_exploitation,2.0,0.5,map50,0.5926
yolo11m,A_unfinetuned,grid_search,4.0,0.5,map50,0.7417
yolo11m,B_finetuned_unsupervised,baseline,0.0,0.0,map50,0.0
yolo11m,B_finetuned_unsupervised,bo_exploration,3.0,0.4,map50,0.7986
yolo11m,B_finetuned_unsupervised,bo_exploitation,3.0,0.45,map50,0.7997
yolo11m,B_finetuned_unsupervised,grid_search,4.0,0.5,map50,0.8224
yolo11m,C_finetuned_supervised,bo_exploration,4.0,0.31,map50,0.8223
yolo11m,C_finetuned_supervised,bo_exploitation,3.0,0.36,map50,0.7959
yolo11m,C_finetuned_supervised,grid_search,4.0,0.0,map50,0.8384
yolo11n,A_unfinetuned,baseline,0.0,0.0,map50,0.0
yolo11n,A_unfinetuned,bo_exploration,3.0,0.34,map50,0.7004
yolo11n,A_unfinetuned,bo_exploitation,2.0,0.27,map50,0.5474
yolo11n,A_unfinetuned,grid_search,4.0,0.5,map50,0.7464
yolo11n,B_finetuned_unsupervised,baseline,0.0,0.0,map50,0.0004
yolo11n,B_finetuned_unsupervised,bo_exploration,3.0,0.5,map50,0.7032
yolo11n,B_finetuned_unsupervised,bo_exploitation,3.0,0.39,map50,0.6995
yolo11n,B_finetuned_unsupervised,grid_search,4.0,0.5,map50,0.7415
yolo11n,C_finetuned_supervised,bo_exploration,2.0,0.31,map50,0.5112
yolo11n,C_finetuned_supervised,bo_exploitation,3.0,0.13,map50,0.7091
yolo11n,C_finetuned_supervised,grid_search,4.0,0.0,map50,0.7671
yolo11m,A_unfinetuned,baseline,0.0,0.0,map50,0.0005
yolo11m,A_unfinetuned,bo_exploration,3.0,0.33,map50,0.6408
yolo11m,A_unfinetuned,bo_exploitation,2.0,0.24,map50,0.5248
yolo11m,A_unfinetuned,grid_search,4.0,0.5,map50,0.649
yolo11m,B_finetuned_unsupervised,baseline,0.0,0.0,map50,0.0
yolo11m,B_finetuned_unsupervised,bo_exploration,2.0,0.18,map50,0.6557
yolo11m,B_finetuned_unsupervised,bo_exploitation,2.0,0.44,map50,0.6556
yolo11m,B_finetuned_unsupervised,grid_search,4.0,0.5,map50,0.8222
yolo11m,C_finetuned_supervised,bo_exploration,3.0,0.17,map50,0.8016
yolo11m,C_finetuned_supervised,bo_exploitation,3.0,0.32,map50,0.7989
yolo11m,C_finetuned_supervised,grid_search,4.0,0.0,map50,0.8383
yolo11n,A_unfinetuned,baseline,0.0,0.0,map50,0.0
yolo11n,A_unfinetuned,bo_exploration,3.0,0.05,map50,0.7495
yolo11n,A_unfinetuned,bo_exploitation,3.0,0.02,map50,0.7477
yolo11n,A_unfinetuned,grid_search,4.0,0.5,map50,0.7647
yolo11n,B_finetuned_unsupervised,baseline,0.0,0.0,map50,0.0007
yolo11n,B_finetuned_unsupervised,bo_exploration,4.0,0.08,map50,0.7637
yolo11n,B_finetuned_unsupervised,bo_exploitation,3.0,0.47,map50,0.7213
yolo11n,B_finetuned_unsupervised,grid_search,4.0,0.5,map50,0.7588
yolo11n,C_finetuned_supervised,bo_exploration,3.0,0.0,map50,0.7258
yolo11n,C_finetuned_supervised,bo_exploitation,3.0,0.0,map50,0.7258
yolo11n,C_finetuned_supervised,grid_search,4.0,0.0,map50,0.7783
yolo11m,A_unfinetuned,baseline,0.0,0.0,map50,0.0002
yolo11m,A_unfinetuned,bo_exploration,3.0,0.5,map50,0.6965
yolo11m,A_unfinetuned,bo_exploitation,3.0,0.39,map50,0.7004
yolo11m,A_unfinetuned,grid_search,4.0,0.5,map50,0.6914
yolo11m,B_finetuned_unsupervised,baseline,0.0,0.0,map50,0.0006
yolo11m,B_finetuned_unsupervised,bo_exploration,3.0,0.44,map50,0.7426
yolo11m,B_finetuned_unsupervised,bo_exploitation,3.0,0.4,map50,0.7416
yolo11m,B_finetuned_unsupervised,grid_search,4.0,0.5,map50,0.7527
yolo11m,C_finetuned_supervised,bo_exploration,4.0,0.5,map50,0.7527
yolo11m,C_finetuned_supervised,bo_exploitation,4.0,0.0,map50,0.7687
yolo11m,C_finetuned_supervised,grid_search,4.0,0.0,map50,0.7687
yolo11n,A_unfinetuned,baseline,0.0,0.0,map50,0.0006
yolo11n,A_unfinetuned,bo_exploration,3.0,0.36,map50,0.7086
yolo11n,A_unfinetuned,bo_exploitation,3.0,0.44,map50,0.7135
yolo11n,A_unfinetuned,grid_search,4.0,0.5,map50,0.7285
yolo11n,B_finetuned_unsupervised,baseline,0.0,0.0,map50,0.0
yolo11n,B_finetuned_unsupervised,bo_exploration,2.0,0.46,map50,0.5538
yolo11n,B_finetuned_unsupervised,bo_exploitation,4.0,0.49,map50,0.7615
yolo11n,B_finetuned_unsupervised,grid_search,4.0,0.5,map50,0.7628
yolo11n,C_finetuned_supervised,bo_exploration,2.0,0.05,map50,0.585
yolo11n,C_finetuned_supervised,bo_exploitation,3.0,0.5,map50,0.734
yolo11n,C_finetuned_supervised,grid_search,4.0,0.0,map50,0.7856
yolo11m,A_unfinetuned,baseline,0.0,0.0,map50,0.0002
yolo11m,A_unfinetuned,bo_exploration,3.0,0.44,map50,0.6327
yolo11m,A_unfinetuned,bo_exploitation,3.0,0.5,map50,0.6306
yolo11m,A_unfinetuned,grid_search,4.0,0.5,map50,0.6452
yolo11m,B_finetuned_unsupervised,baseline,0.0,0.0,map50,0.0
yolo11m,B_finetuned_unsupervised,bo_exploration,3.0,0.5,map50,0.8
yolo11m,B_finetuned_unsupervised,bo_exploitation,3.0,0.21,map50,0.7989
yolo11m,B_finetuned_unsupervised,grid_search,4.0,0.5,map50,0.8221
yolo11m,C_finetuned_supervised,bo_exploration,3.0,0.44,map50,0.799
yolo11m,C_finetuned_supervised,bo_exploitation,4.0,0.0,map50,0.8381
yolo11m,C_finetuned_supervised,grid_search,4.0,0.0,map50,0.8381
yolo11n,A_unfinetuned,baseline,0.0,0.0,map50,0.0
yolo11n,A_unfinetuned,bo_exploration,2.0,0.18,map50,0.5233
yolo11n,A_unfinetuned,bo_exploitation,4.0,0.44,map50,0.7536
yolo11n,A_unfinetuned,grid_search,4.0,0.5,map50,0.7534
yolo11n,B_finetuned_unsupervised,baseline,0.0,0.0,map50,0.0
yolo11n,B_finetuned_unsupervised,bo_exploration,3.0,0.28,map50,0.7313
yolo11n,B_finetuned_unsupervised,bo_exploitation,3.0,0.1,map50,0.7355
yolo11n,B_finetuned_unsupervised,grid_search,4.0,0.5,map50,0.7618
yolo11n,C_finetuned_supervised,bo_exploration,3.0,0.18,map50,0.736
yolo11n,C_finetuned_supervised,bo_exploitation,3.0,0.39,map50,0.7302
yolo11n,C_finetuned_supervised,grid_search,4.0,0.0,map50,0.7843
yolo11m,A_unfinetuned,baseline,0.0,0.0,map50,0.0007
yolo11m,A_unfinetuned,bo_exploration,3.0,0.08,map50,0.5478
yolo11m,A_unfinetuned,bo_exploitation,2.0,0.03,map50,0.4286
yolo11m,A_unfinetuned,grid_search,4.0,0.5,map50,0.5767
yolo11m,B_finetuned_unsupervised,baseline,0.0,0.0,map50,0.0
yolo11m,B_finetuned_unsupervised,bo_exploration,3.0,0.09,map50,0.8
yolo11m,B_finetuned_unsupervised,bo_exploitation,2.0,0.1,map50,0.661
yolo11m,B_finetuned_unsupervised,grid_search,4.0,0.5,map50,0.8218
yolo11m,C_finetuned_supervised,bo_exploration,2.0,0.03,map50,0.6594
yolo11m,C_finetuned_supervised,bo_exploitation,3.0,0.24,map50,0.7991
yolo11m,C_finetuned_supervised,grid_search,4.0,0.0,map50,0.8377
yolo11n,A_unfinetuned,baseline,0.0,0.0,map50,0.0
yolo11n,A_unfinetuned,bo_exploration,3.0,0.39,map50,0.7239
yolo11n,A_unfinetuned,bo_exploitation,3.0,0.5,map50,0.7254
yolo11n,A_unfinetuned,grid_search,4.0,0.5,map50,0.7542
yolo11n,B_finetuned_unsupervised,baseline,0.0,0.0,map50,0.0004
yolo11n,B_finetuned_unsupervised,bo_exploration,3.0,0.33,map50,0.7045
yolo11n,B_finetuned_unsupervised,bo_exploitation,3.0,0.03,map50,0.7095
yolo11n,B_finetuned_unsupervised,grid_search,4.0,0.5,map50,0.7413
yolo11n,C_finetuned_supervised,bo_exploration,3.0,0.46,map50,0.6931
yolo11n,C_finetuned_supervised,bo_exploitation,2.0,0.0,map50,0.5458
yolo11n,C_finetuned_supervised,grid_search,4.0,0.25,map50,0.751
yolo11m,A_unfinetuned,baseline,0.0,0.0,map50,0.0008
yolo11m,A_unfinetuned,bo_exploration,3.0,0.46,map50,0.6584
yolo11m,A_unfinetuned,bo_exploitation,3.0,0.44,map50,0.6631
yolo11m,A_unfinetuned,grid_search,4.0,0.5,map50,0.6855
yolo11m,B_finetuned_unsupervised,baseline,0.0,0.0,map50,0.0
yolo11m,B_finetuned_unsupervised,bo_exploration,3.0,0.49,map50,0.798
yolo11m,B_finetuned_unsupervised,bo_exploitation,3.0,0.01,map50,0.7953
yolo11m,B_finetuned_unsupervised,grid_search,4.0,0.5,map50,0.8222
yolo11m,C_finetuned_supervised,bo_exploration,2.0,0.05,map50,0.6614
yolo11m,C_finetuned_supervised,bo_exploitation,3.0,0.16,map50,0.8022
yolo11m,C_finetuned_supervised,grid_search,4.0,0.25,map50,0.8225
yolo11n,A_unfinetuned,baseline,0.0,0.0,map50,0.0008
yolo11n,A_unfinetuned,bo_exploration,2.0,0.14,map50,0.5714
yolo11n,A_unfinetuned,bo_exploitation,3.0,0.35,map50,0.7158
yolo11n,A_unfinetuned,grid_search,4.0,0.5,map50,0.7537
yolo11n,B_finetuned_unsupervised,baseline,0.0,0.0,map50,0.0009
yolo11n,B_finetuned_unsupervised,bo_exploration,3.0,0.34,map50,0.6946
yolo11n,B_finetuned_unsupervised,bo_exploitation,2.0,0.29,map50,0.5253
yolo11n,B_finetuned_unsupervised,grid_search,4.0,0.5,map50,0.7287
yolo11n,C_finetuned_supervised,bo_exploration,3.0,0.24,map50,0.7026
yolo11n,C_finetuned_supervised,bo_exploitation,4.0,0.0,map50,0.7482
yolo11n,C_finetuned_supervised,grid_search,4.0,0.0,map50,0.7482
yolo11m,A_unfinetuned,baseline,0.0,0.0,map50,0.0005
yolo11m,A_unfinetuned,bo_exploration,4.0,0.5,map50,0.7465
yolo11m,A_unfinetuned,bo_exploitation,4.0,0.36,map50,0.7478
yolo11m,A_unfinetuned,grid_search,4.0,0.5,map50,0.7465
yolo11m,B_finetuned_unsupervised,baseline,0.0,0.0,map50,0.0003
yolo11m,B_finetuned_unsupervised,bo_exploration,2.0,0.12,map50,0.6155
yolo11m,B_finetuned_unsupervised,bo_exploitation,3.0,0.5,map50,0.7375
yolo11m,B_finetuned_unsupervised,grid_search,4.0,0.5,map50,0.7513
yolo11m,C_finetuned_supervised,bo_exploration,3.0,0.06,map50,0.7403
yolo11m,C_finetuned_supervised,bo_exploitation,3.0,0.01,map50,0.7355
yolo11m,C_finetuned_supervised,grid_search,4.0,0.0,map50,0.7668
yolo11n,A_unfinetuned,baseline,0.0,0.0,map50,0.0004
yolo11n,A_unfinetuned,bo_exploration,3.0,0.5,map50,0.7307
yolo11n,A_unfinetuned,bo_exploitation,3.0,0.34,map50,0.7236
yolo11n,A_unfinetuned,grid_search,4.0,0.5,map50,0.7586
yolo11n,B_finetuned_unsupervised,baseline,0.0,0.0,map50,0.0002
yolo11n,B_finetuned_unsupervised,bo_exploration,4.0,0.0,map50,0.7435
yolo11n,B_finetuned_unsupervised,bo_exploitation,2.0,0.43,map50,0.499
yolo11n,B_finetuned_unsupervised,grid_search,4.0,0.5,map50,0.7255
yolo11n,C_finetuned_supervised,bo_exploration,4.0,0.0,map50,0.7435
yolo11n,C_finetuned_supervised,bo_exploitation,3.0,0.15,map50,0.698
yolo11n,C_finetuned_supervised,grid_search,4.0,0.0,map50,0.7435
yolo11m,A_unfinetuned,baseline,0.0,0.0,map50,0.0006
yolo11m,A_unfinetuned,bo_exploration,3.0,0.0,map50,0.5581
yolo11m,A_unfinetuned,bo_exploitation,3.0,0.38,map50,0.5636
yolo11m,A_unfinetuned,grid_search,4.0,0.5,map50,0.5822
yolo11m,B_finetuned_unsupervised,baseline,0.0,0.0,map50,0.0006
yolo11m,B_finetuned_unsupervised,bo_exploration,2.0,0.21,map50,0.6166
yolo11m,B_finetuned_unsupervised,bo_exploitation,3.0,0.44,map50,0.7427
yolo11m,B_finetuned_unsupervised,grid_search,4.0,0.5,map50,0.7528
yolo11m,C_finetuned_supervised,bo_exploration,4.0,0.0,map50,0.7691
yolo11m,C_finetuned_supervised,bo_exploitation,3.0,0.19,map50,0.7424
yolo11m,C_finetuned_supervised,grid_search,4.0,0.0,map50,0.7691
yolo11n,A_unfinetuned,baseline,0.0,0.0,map50,0.0002
yolo11n,A_unfinetuned,bo_exploration,3.0,0.42,map50,0.7188
yolo11n,A_unfinetuned,bo_exploitation,3.0,0.3,map50,0.7332
yolo11n,A_unfinetuned,grid_search,4.0,0.5,map50,0.7548
yolo11n,B_finetuned_unsupervised,baseline,0.0,0.0,map50,0.0001
yolo11n,B_finetuned_unsupervised,bo_exploration,3.0,0.07,map50,0.6986
yolo11n,B_finetuned_unsupervised,bo_exploitation,3.0,0.38,map50,0.6933
yolo11n,B_finetuned_unsupervised,grid_search,4.0,0.5,map50,0.7306
yolo11n,C_finetuned_supervised,bo_exploration,3.0,0.18,map50,0.7004
yolo11n,C_finetuned_supervised,bo_exploitation,3.0,0.17,map50,0.7007
yolo11n,C_finetuned_supervised,grid_search,4.0,0.0,map50,0.7492
yolo11m,A_unfinetuned,baseline,0.0,0.0,map50,0.0002
yolo11m,A_unfinetuned,bo_exploration,3.0,0.46,map50,0.7263
yolo11n,A_unfinetuned,baseline,0.0,0.0,map50,0.0
yolo11n,A_unfinetuned,bo_exploration,2.0,0.45,map50,0.5293
yolo11n,A_unfinetuned,bo_exploitation,4.0,0.44,map50,0.7464
yolo11n,A_unfinetuned,grid_search,4.0,0.5,map50,0.7421
yolo11n,B_finetuned_unsupervised,baseline,0.0,0.0,map50,0.0002
yolo11n,B_finetuned_unsupervised,bo_exploration,3.0,0.25,map50,0.6963
yolo11n,B_finetuned_unsupervised,bo_exploitation,3.0,0.39,map50,0.689
yolo11n,B_finetuned_unsupervised,grid_search,4.0,0.5,map50,0.7248
yolo11n,C_finetuned_supervised,bo_exploration,3.0,0.13,map50,0.6953
yolo11n,C_finetuned_supervised,bo_exploitation,2.0,0.11,map50,0.5144
yolo11n,C_finetuned_supervised,grid_search,4.0,0.0,map50,0.7428
rtdetr-l,A_unfinetuned,baseline,0.0,0.0,map50,0.0013
rtdetr-l,A_unfinetuned,bo_exploration,3.0,0.19,map50,0.6141
rtdetr-l,A_unfinetuned,bo_exploitation,3.0,0.49,map50,0.627
rtdetr-l,A_unfinetuned,grid_search,4.0,0.5,map50,0.6677
rtdetr-l,B_finetuned_unsupervised,baseline,0.0,0.0,map50,0.0003
rtdetr-l,B_finetuned_unsupervised,bo_exploration,3.0,0.34,map50,0.6144
rtdetr-l,B_finetuned_unsupervised,bo_exploitation,3.0,0.38,map50,0.6148
rtdetr-l,B_finetuned_unsupervised,grid_search,4.0,0.5,map50,0.6567
rtdetr-l,C_finetuned_supervised,bo_exploration,2.0,0.34,map50,0.4163
rtdetr-l,C_finetuned_supervised,bo_exploitation,2.0,0.16,map50,0.4134
rtdetr-l,C_finetuned_supervised,grid_search,4.0,0.0,map50,0.6588
rtdetr-l,A_unfinetuned,baseline,0.0,0.0,map50,0.0008
rtdetr-l,A_unfinetuned,bo_exploration,2.0,0.16,map50,0.292
rtdetr-l,A_unfinetuned,bo_exploitation,3.0,0.26,map50,0.5209
rtdetr-l,A_unfinetuned,grid_search,4.0,0.5,map50,0.5838
rtdetr-l,B_finetuned_unsupervised,baseline,0.0,0.0,map50,0.0003
rtdetr-l,B_finetuned_unsupervised,bo_exploration,3.0,0.43,map50,0.5585
rtdetr-l,B_finetuned_unsupervised,bo_exploitation,3.0,0.47,map50,0.5582
rtdetr-l,B_finetuned_unsupervised,grid_search,4.0,0.5,map50,0.6051
rtdetr-l,C_finetuned_supervised,bo_exploration,2.0,0.0,map50,0.3801
rtdetr-l,C_finetuned_supervised,bo_exploitation,3.0,0.08,map50,0.5622
rtdetr-l,C_finetuned_supervised,grid_search,4.0,0.0,map50,0.6107
rtdetr-l,A_unfinetuned,baseline,0.0,0.0,map50,0.0
rtdetr-l,A_unfinetuned,bo_exploration,4.0,0.3,map50,0.6395
rtdetr-l,A_unfinetuned,bo_exploitation,2.0,0.23,map50,0.3735
rtdetr-l,A_unfinetuned,grid_search,4.0,0.5,map50,0.6417
rtdetr-l,B_finetuned_unsupervised,baseline,0.0,0.0,map50,0.0
rtdetr-l,B_finetuned_unsupervised,bo_exploration,2.0,0.26,map50,0.59
rtdetr-l,B_finetuned_unsupervised,bo_exploitation,3.0,0.34,map50,0.7678
rtdetr-l,B_finetuned_unsupervised,grid_search,4.0,0.5,map50,0.7961
rtdetr-l,C_finetuned_supervised,bo_exploration,3.0,0.5,map50,0.7688
rtdetr-l,C_finetuned_supervised,bo_exploitation,3.0,0.28,map50,0.7695
rtdetr-l,C_finetuned_supervised,grid_search,4.0,0.0,map50,0.8038
rtdetr-l,A_unfinetuned,baseline,0.0,0.0,map50,0.0
rtdetr-l,A_unfinetuned,bo_exploration,3.0,0.2,map50,0.6629
rtdetr-l,A_unfinetuned,bo_exploitation,2.0,0.23,map50,0.4486
rtdetr-l,A_unfinetuned,grid_search,4.0,0.5,map50,0.7047
rtdetr-l,B_finetuned_unsupervised,baseline,0.0,0.0,map50,0.0003
rtdetr-l,B_finetuned_unsupervised,bo_exploration,3.0,0.02,map50,0.6916
rtdetr-l,B_finetuned_unsupervised,bo_exploitation,3.0,0.45,map50,0.69
rtdetr-l,B_finetuned_unsupervised,grid_search,4.0,0.5,map50,0.7311
rtdetr-l,C_finetuned_supervised,bo_exploration,4.0,0.0,map50,0.7368
rtdetr-l,C_finetuned_supervised,bo_exploitation,4.0,0.04,map50,0.7292
rtdetr-l,C_finetuned_supervised,grid_search,4.0,0.5,map50,0.7311
rtdetr-l,A_unfinetuned,baseline,0.0,0.0,map50,0.001
rtdetr-l,A_unfinetuned,bo_exploration,3.0,0.26,map50,0.5664
rtdetr-l,A_unfinetuned,bo_exploitation,2.0,0.3,map50,0.4182
rtdetr-l,A_unfinetuned,grid_search,4.0,0.5,map50,0.611
rtdetr-l,B_finetuned_unsupervised,baseline,0.0,0.0,map50,0.0
rtdetr-l,B_finetuned_unsupervised,bo_exploration,3.0,0.05,map50,0.6319
rtdetr-l,B_finetuned_unsupervised,bo_exploitation,3.0,0.47,map50,0.6319
rtdetr-l,B_finetuned_unsupervised,grid_search,4.0,0.5,map50,0.6634
rtdetr-l,C_finetuned_supervised,bo_exploration,4.0,0.0,map50,0.6662
rtdetr-l,C_finetuned_supervised,bo_exploitation,3.0,0.02,map50,0.6339
rtdetr-l,C_finetuned_supervised,grid_search,4.0,0.0,map50,0.6662
rtdetr-l,A_unfinetuned,baseline,0.0,0.0,map50,0.0069
rtdetr-l,A_unfinetuned,bo_exploration,3.0,0.29,map50,0.5598
rtdetr-l,A_unfinetuned,bo_exploitation,3.0,0.22,map50,0.5571
rtdetr-l,A_unfinetuned,grid_search,4.0,0.5,map50,0.5781
rtdetr-l,B_finetuned_unsupervised,baseline,0.0,0.0,map50,0.004
rtdetr-l,B_finetuned_unsupervised,bo_exploration,4.0,0.0,map50,0.4918
rtdetr-l,B_finetuned_unsupervised,bo_exploitation,2.0,0.31,map50,0.2621
rtdetr-l,B_finetuned_unsupervised,grid_search,4.0,0.5,map50,0.4582
rtdetr-l,C_finetuned_supervised,bo_exploration,3.0,0.01,map50,0.4186
rtdetr-l,C_finetuned_supervised,bo_exploitation,2.0,0.1,map50,0.2784
rtdetr-l,C_finetuned_supervised,grid_search,4.0,0.25,map50,0.4742
rtdetr-l,A_unfinetuned,baseline,0.0,0.0,map50,0.0
rtdetr-l,A_unfinetuned,bo_exploration,4.0,0.5,map50,0.6895
rtdetr-l,A_unfinetuned,bo_exploitation,3.0,0.47,map50,0.618
rtdetr-l,A_unfinetuned,grid_search,4.0,0.5,map50,0.6895
rtdetr-l,B_finetuned_unsupervised,baseline,0.0,0.0,map50,0.0002
rtdetr-l,B_finetuned_unsupervised,bo_exploration,2.0,0.4,map50,0.4135
rtdetr-l,B_finetuned_unsupervised,bo_exploitation,3.0,0.43,map50,0.6274
rtdetr-l,B_finetuned_unsupervised,grid_search,4.0,0.5,map50,0.6773
rtdetr-l,C_finetuned_supervised,bo_exploration,3.0,0.0,map50,0.622
rtdetr-l,C_finetuned_supervised,bo_exploitation,3.0,0.19,map50,0.6291
rtdetr-l,C_finetuned_supervised,grid_search,4.0,0.0,map50,0.6862
rtdetr-l,A_unfinetuned,baseline,0.0,0.0,map50,0.0017
rtdetr-l,A_unfinetuned,bo_exploration,3.0,0.26,map50,0.5575
rtdetr-l,A_unfinetuned,bo_exploitation,3.0,0.07,map50,0.5621
rtdetr-l,A_unfinetuned,grid_search,4.0,0.5,map50,0.5889
rtdetr-l,B_finetuned_unsupervised,baseline,0.0,0.0,map50,0.0134
rtdetr-l,B_finetuned_unsupervised,bo_exploration,3.0,0.32,map50,0.5149
rtdetr-l,B_finetuned_unsupervised,bo_exploitation,3.0,0.09,map50,0.5225
rtdetr-l,B_finetuned_unsupervised,grid_search,4.0,0.5,map50,0.573
rtdetr-l,C_finetuned_supervised,bo_exploration,3.0,0.22,map50,0.5206
rtdetr-l,C_finetuned_supervised,bo_exploitation,3.0,0.1,map50,0.5283
rtdetr-l,C_finetuned_supervised,grid_search,4.0,0.0,map50,0.6035
rtdetr-l,A_unfinetuned,baseline,0.0,0.0,map50,0.0008
rtdetr-l,A_unfinetuned,bo_exploration,2.0,0.29,map50,0.4758
rtdetr-l,A_unfinetuned,bo_exploitation,3.0,0.37,map50,0.6335
rtdetr-l,A_unfinetuned,grid_search,4.0,0.5,map50,0.6584
yolo11n,B_finetuned_unsupervised,baseline,0.0,0.0,map50,0.0003
yolo11n,B_finetuned_unsupervised,bo_exploration,3.0,0.46,map50,0.6704
yolo11n,B_finetuned_unsupervised,bo_exploitation,3.0,0.36,map50,0.6697
yolo11n,B_finetuned_unsupervised,grid_search,4.0,0.5,map50,0.7081
yolo11n,C_finetuned_supervised,bo_exploration,2.0,0.21,map50,0.5129
yolo11n,C_finetuned_supervised,bo_exploitation,3.0,0.13,map50,0.6796
yolo11n,C_finetuned_supervised,grid_search,4.0,0.0,map50,0.7292
yolo11m,A_unfinetuned,baseline,0.0,0.0,map50,0.0003
yolo11m,A_unfinetuned,bo_exploration,2.0,0.47,map50,0.5096
yolo11m,A_unfinetuned,bo_exploitation,3.0,0.41,map50,0.6447
yolo11m,A_unfinetuned,grid_search,4.0,0.5,map50,0.6643
yolo11m,B_finetuned_unsupervised,baseline,0.0,0.0,map50,0.0003
yolo11m,B_finetuned_unsupervised,bo_exploration,3.0,0.42,map50,0.7095
yolo11m,B_finetuned_unsupervised,bo_exploitation,3.0,0.13,map50,0.7132
yolo11m,B_finetuned_unsupervised,grid_search,4.0,0.5,map50,0.7259
yolo11m,C_finetuned_supervised,bo_exploration,4.0,0.0,map50,0.7386
yolo11m,C_finetuned_supervised,bo_exploitation,4.0,0.5,map50,0.7259
yolo11m,C_finetuned_supervised,grid_search,4.0,0.0,map50,0.7386
yolo11n,A_unfinetuned,baseline,0.0,0.0,map50,0.0
yolo11n,A_unfinetuned,bo_exploration,3.0,0.02,map50,0.7462
yolo11n,A_unfinetuned,bo_exploitation,3.0,0.18,map50,0.7472
yolo11n,A_unfinetuned,grid_search,4.0,0.5,map50,0.7774
yolo11n,B_finetuned_unsupervised,baseline,0.0,0.0,map50,0.0007
yolo11n,B_finetuned_unsupervised,bo_exploration,4.0,0.5,map50,0.7595
yolo11n,B_finetuned_unsupervised,bo_exploitation,2.0,0.04,map50,0.5649
yolo11n,B_finetuned_unsupervised,grid_search,4.0,0.5,map50,0.7595
yolo11n,C_finetuned_supervised,bo_exploration,4.0,0.0,map50,0.7792
yolo11n,C_finetuned_supervised,bo_exploitation,3.0,0.0,map50,0.7267
yolo11n,C_finetuned_supervised,grid_search,4.0,0.0,map50,0.7792
yolo11m,A_unfinetuned,baseline,0.0,0.0,map50,0.0016
yolo11m,A_unfinetuned,bo_exploration,3.0,0.28,map50,0.705
yolo11m,A_unfinetuned,bo_exploitation,3.0,0.06,map50,0.7111
yolo11m,A_unfinetuned,grid_search,4.0,0.5,map50,0.7137
yolo11m,B_finetuned_unsupervised,baseline,0.0,0.0,map50,0.0006
yolo11m,B_finetuned_unsupervised,bo_exploration,3.0,0.48,map50,0.7416
yolo11m,B_finetuned_unsupervised,bo_exploitation,3.0,0.5,map50,0.7422
yolo11m,B_finetuned_unsupervised,grid_search,4.0,0.5,map50,0.7529
yolo11m,C_finetuned_supervised,bo_exploration,3.0,0.32,map50,0.7435
yolo11m,C_finetuned_supervised,bo_exploitation,3.0,0.11,map50,0.7445
yolo11m,C_finetuned_supervised,grid_search,4.0,0.0,map50,0.769
yolo11n,A_unfinetuned,baseline,0.0,0.0,map50,0.0003
yolo11n,A_unfinetuned,bo_exploration,3.0,0.38,map50,0.7024
yolo11n,A_unfinetuned,bo_exploitation,2.0,0.02,map50,0.5545
yolo11n,A_unfinetuned,grid_search,4.0,0.5,map50,0.7291
yolo11n,B_finetuned_unsupervised,baseline,0.0,0.0,map50,0.0007
yolo11n,B_finetuned_unsupervised,bo_exploration,2.0,0.25,map50,0.565
yolo11n,B_finetuned_unsupervised,bo_exploitation,3.0,0.42,map50,0.7204
yolo11n,B_finetuned_unsupervised,grid_search,4.0,0.5,map50,0.7595
yolo11n,C_finetuned_supervised,bo_exploration,2.0,0.14,map50,0.5656
yolo11n,C_finetuned_supervised,bo_exploitation,3.0,0.48,map50,0.7241
yolo11n,C_finetuned_supervised,grid_search,4.0,0.0,map50,0.7792
yolo11m,A_unfinetuned,baseline,0.0,0.0,map50,0.0012
yolo11m,A_unfinetuned,bo_exploration,3.0,0.32,map50,0.6859
yolo11m,A_unfinetuned,bo_exploitation,3.0,0.18,map50,0.692
yolo11m,A_unfinetuned,grid_search,4.0,0.5,map50,0.7005
yolo11m,B_finetuned_unsupervised,baseline,0.0,0.0,map50,0.0006
yolo11m,B_finetuned_unsupervised,bo_exploration,3.0,0.47,map50,0.7412
yolo11m,B_finetuned_unsupervised,bo_exploitation,3.0,0.02,map50,0.7462
yolo11m,B_finetuned_unsupervised,grid_search,4.0,0.5,map50,0.7529
yolo11m,C_finetuned_supervised,bo_exploration,3.0,0.0,map50,0.7355
yolo11m,C_finetuned_supervised,bo_exploitation,2.0,0.33,map50,0.6169
yolo11m,C_finetuned_supervised,grid_search,4.0,0.0,map50,0.769
yolo11n,A_unfinetuned,baseline,0.0,0.0,map50,0.0
yolo11n,A_unfinetuned,bo_exploration,2.0,0.42,map50,0.3947
yolo11n,A_unfinetuned,bo_exploitation,3.0,0.35,map50,0.6121
yolo11n,A_unfinetuned,grid_search,4.0,0.5,map50,0.6775
yolo11n,B_finetuned_unsupervised,baseline,0.0,0.0,map50,0.0
yolo11n,B_finetuned_unsupervised,bo_exploration,4.0,0.0,map50,0.784
yolo11n,B_finetuned_unsupervised,bo_exploitation,3.0,0.46,map50,0.7255
yolo11n,B_finetuned_unsupervised,grid_search,4.0,0.5,map50,0.7612
yolo11n,C_finetuned_supervised,bo_exploration,4.0,0.5,map50,0.7612
yolo11n,C_finetuned_supervised,bo_exploitation,2.0,0.0,map50,0.5961
yolo11n,C_finetuned_supervised,grid_search,4.0,0.0,map50,0.784
yolo11m,A_unfinetuned,baseline,0.0,0.0,map50,0.0004
yolo11m,A_unfinetuned,bo_exploration,4.0,0.0,map50,0.6758
yolo11m,A_unfinetuned,bo_exploitation,3.0,0.12,map50,0.6095
yolo11m,A_unfinetuned,grid_search,4.0,0.5,map50,0.6509
yolo11m,B_finetuned_unsupervised,baseline,0.0,0.0,map50,0.0006
yolo11m,B_finetuned_unsupervised,bo_exploration,3.0,0.34,map50,0.741
yolo11m,B_finetuned_unsupervised,bo_exploitation,2.0,0.34,map50,0.6182
yolo11m,B_finetuned_unsupervised,grid_search,4.0,0.5,map50,0.7524
yolo11m,C_finetuned_supervised,bo_exploration,2.0,0.44,map50,0.6166
yolo11m,C_finetuned_supervised,bo_exploitation,3.0,0.17,map50,0.743
yolo11m,C_finetuned_supervised,grid_search,4.0,0.0,map50,0.7684
yolo11n,A_unfinetuned,baseline,0.0,0.0,map50,0.0
yolo11n,A_unfinetuned,bo_exploration,4.0,0.41,map50,0.7685
yolo11n,A_unfinetuned,bo_exploitation,2.0,0.37,map50,0.5018
yolo11n,A_unfinetuned,grid_search,4.0,0.5,map50,0.77
yolo11n,B_finetuned_unsupervised,baseline,0.0,0.0,map50,0.0002
yolo11n,B_finetuned_unsupervised,bo_exploration,3.0,0.07,map50,0.6918
yolo11n,B_finetuned_unsupervised,bo_exploitation,2.0,0.22,map50,0.4981
yolo11n,B_finetuned_unsupervised,grid_search,4.0,0.5,map50,0.7227
yolo11n,C_finetuned_supervised,bo_exploration,2.0,0.3,map50,0.5186
yolo11n,C_finetuned_supervised,bo_exploitation,3.0,0.16,map50,0.6932
yolo11n,C_finetuned_supervised,grid_search,4.0,0.0,map50,0.7411
yolo11m,A_unfinetuned,baseline,0.0,0.0,map50,0.0
yolo11m,A_unfinetuned,bo_exploration,3.0,0.34,map50,0.7268
yolo11m,A_unfinetuned,bo_exploitation,3.0,0.06,map50,0.7351
yolo11m,A_unfinetuned,grid_search,4.0,0.5,map50,0.7444
yolo11m,B_finetuned_unsupervised,baseline,0.0,0.0,map50,0.0006
yolo11m,B_finetuned_unsupervised,bo_exploration,3.0,0.0,map50,0.735
yolo11m,B_finetuned_unsupervised,bo_exploitation,3.0,0.39,map50,0.7408
yolo11m,B_finetuned_unsupervised,grid_search,4.0,0.5,map50,0.7525
yolo11m,C_finetuned_supervised,bo_exploration,3.0,0.12,map50,0.7455
yolo11m,C_finetuned_supervised,bo_exploitation,2.0,0.0,map50,0.6311
yolo11m,C_finetuned_supervised,grid_search,4.0,0.0,map50,0.7687
yolo11n,A_unfinetuned,baseline,0.0,0.0,map50,0.0012
yolo11n,A_unfinetuned,bo_exploration,3.0,0.36,map50,0.7351
yolo11n,A_unfinetuned,bo_exploitation,4.0,0.3,map50,0.7596
yolo11n,A_unfinetuned,grid_search,4.0,0.5,map50,0.7596
yolo11n,B_finetuned_unsupervised,baseline,0.0,0.0,map50,0.0007
yolo11n,B_finetuned_unsupervised,bo_exploration,3.0,0.5,map50,0.7277
yolo11n,B_finetuned_unsupervised,bo_exploitation,3.0,0.35,map50,0.7242
yolo11n,B_finetuned_unsupervised,grid_search,4.0,0.5,map50,0.7593
yolo11n,C_finetuned_supervised,bo_exploration,3.0,0.0,map50,0.7263
yolo11n,C_finetuned_supervised,bo_exploitation,4.0,0.23,map50,0.7631
yolo11n,C_finetuned_supervised,grid_search,4.0,0.0,map50,0.7789
yolo11m,A_unfinetuned,baseline,0.0,0.0,map50,0.0011
yolo11m,A_unfinetuned,bo_exploration,3.0,0.33,map50,0.6974
yolo11m,A_unfinetuned,bo_exploitation,3.0,0.04,map50,0.7065
yolo11m,A_unfinetuned,grid_search,4.0,0.5,map50,0.696
yolo11m,B_finetuned_unsupervised,baseline,0.0,0.0,map50,0.0004
yolo11m,B_finetuned_unsupervised,bo_exploration,2.0,0.42,map50,0.6101
yolo11m,B_finetuned_unsupervised,bo_exploitation,3.0,0.16,map50,0.7444
yolo11m,B_finetuned_unsupervised,grid_search,4.0,0.5,map50,0.7526
yolo11m,C_finetuned_supervised,bo_exploration,2.0,0.28,map50,0.6214
yolo11m,C_finetuned_supervised,bo_exploitation,3.0,0.01,map50,0.7393
yolo11m,C_finetuned_supervised,grid_search,4.0,0.0,map50,0.7686
yolo11n,A_unfinetuned,baseline,0.0,0.0,map50,0.0005
yolo11n,A_unfinetuned,bo_exploration,3.0,0.5,map50,0.7121
yolo11n,A_unfinetuned,bo_exploitation,3.0,0.42,map50,0.6933
yolo11n,A_unfinetuned,grid_search,4.0,0.5,map50,0.7649
yolo11n,B_finetuned_unsupervised,baseline,0.0,0.0,map50,0.0001
yolo11n,B_finetuned_unsupervised,bo_exploration,3.0,0.5,map50,0.6927
yolo11n,B_finetuned_unsupervised,bo_exploitation,2.0,0.5,map50,0.5245
yolo11n,B_finetuned_unsupervised,grid_search,4.0,0.5,map50,0.7287
yolo11n,C_finetuned_supervised,bo_exploration,4.0,0.0,map50,0.7491
yolo11n,C_finetuned_supervised,bo_exploitation,3.0,0.23,map50,0.6978
yolo11n,C_finetuned_supervised,grid_search,4.0,0.0,map50,0.7491
yolo11m,A_unfinetuned,baseline,0.0,0.0,map50,0.0002
yolo11m,A_unfinetuned,bo_exploration,3.0,0.47,map50,0.6397
yolo11m,A_unfinetuned,bo_exploitation,3.0,0.31,map50,0.6426
yolo11m,A_unfinetuned,grid_search,4.0,0.5,map50,0.6635
yolo11m,B_finetuned_unsupervised,baseline,0.0,0.0,map50,0.0006
yolo11m,B_finetuned_unsupervised,bo_exploration,3.0,0.47,map50,0.7415
yolo11m,B_finetuned_unsupervised,bo_exploitation,3.0,0.45,map50,0.7427
yolo11m,B_finetuned_unsupervised,grid_search,4.0,0.5,map50,0.7532
yolo11m,C_finetuned_supervised,bo_exploration,3.0,0.0,map50,0.7358
yolo11m,C_finetuned_supervised,bo_exploitation,3.0,0.28,map50,0.7432
yolo11m,C_finetuned_supervised,grid_search,4.0,0.0,map50,0.7692
yolo11n,A_unfinetuned,baseline,0.0,0.0,map50,0.0008
yolo11n,A_unfinetuned,bo_exploration,4.0,0.49,map50,0.7479
yolo11n,A_unfinetuned,bo_exploitation,3.0,0.15,map50,0.7336
yolo11n,A_unfinetuned,grid_search,4.0,0.5,map50,0.7502
yolo11n,B_finetuned_unsupervised,baseline,0.0,0.0,map50,0.0002
yolo11n,B_finetuned_unsupervised,bo_exploration,2.0,0.18,map50,0.5024
yolo11n,B_finetuned_unsupervised,bo_exploitation,3.0,0.24,map50,0.6943
yolo11n,B_finetuned_unsupervised,grid_search,4.0,0.5,map50,0.7232
yolo11n,C_finetuned_supervised,bo_exploration,3.0,0.31,map50,0.6877
yolo11n,C_finetuned_supervised,bo_exploitation,3.0,0.09,map50,0.6917
yolo11n,C_finetuned_supervised,grid_search,4.0,0.0,map50,0.7409
yolo11m,A_unfinetuned,baseline,0.0,0.0,map50,0.0002
yolo11m,A_unfinetuned,bo_exploration,2.0,0.3,map50,0.5688
yolo11m,A_unfinetuned,bo_exploitation,3.0,0.32,map50,0.6963
yolo11m,A_unfinetuned,grid_search,4.0,0.5,map50,0.7046
yolo11m,B_finetuned_unsupervised,baseline,0.0,0.0,map50,0.0006
yolo11m,B_finetuned_unsupervised,bo_exploration,3.0,0.29,map50,0.7426
yolo11m,B_finetuned_unsupervised,bo_exploitation,3.0,0.44,map50,0.7425
yolo11m,B_finetuned_unsupervised,grid_search,4.0,0.5,map50,0.7529
yolo11m,C_finetuned_supervised,bo_exploration,3.0,0.0,map50,0.735
yolo11m,C_finetuned_supervised,bo_exploitation,2.0,0.05,map50,0.6264
yolo11m,C_finetuned_supervised,grid_search,4.0,0.0,map50,0.7686
yolo11n,A_unfinetuned,baseline,0.0,0.0,map50,0.0002
yolo11n,A_unfinetuned,bo_exploration,3.0,0.45,map50,0.6779
yolo11n,A_unfinetuned,bo_exploitation,3.0,0.42,map50,0.668
yolo11n,A_unfinetuned,grid_search,4.0,0.5,map50,0.7094
yolo11n,B_finetuned_unsupervised,baseline,0.0,0.0,map50,0.0
yolo11n,B_finetuned_unsupervised,bo_exploration,3.0,0.11,map50,0.7343
yolo11n,B_finetuned_unsupervised,bo_exploitation,2.0,0.27,map50,0.5659
yolo11n,B_finetuned_unsupervised,grid_search,4.0,0.5,map50,0.7612
yolo11n,C_finetuned_supervised,bo_exploration,3.0,0.5,map50,0.7327
yolo11n,C_finetuned_supervised,bo_exploitation,3.0,0.09,map50,0.7315
yolo11n,C_finetuned_supervised,grid_search,4.0,0.0,map50,0.784
yolo11n,A_unfinetuned,baseline,0.0,0.0,map50,0.0024
yolo11n,A_unfinetuned,bo_exploration,3.0,0.35,map50,0.75
yolo11n,A_unfinetuned,bo_exploitation,3.0,0.07,map50,0.7556
yolo11n,A_unfinetuned,grid_search,4.0,0.5,map50,0.7779
yolo11n,B_finetuned_unsupervised,baseline,0.0,0.0,map50,0.0003
yolo11n,B_finetuned_unsupervised,bo_exploration,4.0,0.5,map50,0.7081
yolo11n,B_finetuned_unsupervised,bo_exploitation,2.0,0.34,map50,0.5171
yolo11n,B_finetuned_unsupervised,grid_search,4.0,0.5,map50,0.7081
yolo11n,C_finetuned_supervised,bo_exploration,3.0,0.14,map50,0.6818
yolo11n,C_finetuned_supervised,bo_exploitation,3.0,0.36,map50,0.6697
yolo11n,C_finetuned_supervised,grid_search,4.0,0.0,map50,0.7292
rtdetr-l,A_unfinetuned,baseline,0.0,0.0,map50,0.0023
rtdetr-l,A_unfinetuned,bo_exploration,2.0,0.31,map50,0.3655
rtdetr-l,A_unfinetuned,bo_exploitation,2.0,0.45,map50,0.3635
rtdetr-l,A_unfinetuned,grid_search,4.0,0.5,map50,0.5437
rtdetr-l,B_finetuned_unsupervised,baseline,0.0,0.0,map50,0.0
rtdetr-l,B_finetuned_unsupervised,bo_exploration,3.0,0.5,map50,0.6702
rtdetr-l,B_finetuned_unsupervised,bo_exploitation,3.0,0.16,map50,0.6709
rtdetr-l,B_finetuned_unsupervised,grid_search,4.0,0.5,map50,0.7496
rtdetr-l,C_finetuned_supervised,bo_exploration,3.0,0.03,map50,0.6757
rtdetr-l,C_finetuned_supervised,bo_exploitation,3.0,0.15,map50,0.6727
rtdetr-l,C_finetuned_supervised,grid_search,4.0,0.0,map50,0.7704
rtdetr-l,A_unfinetuned,baseline,0.0,0.0,map50,0.0
rtdetr-l,A_unfinetuned,bo_exploration,2.0,0.5,map50,0.4913
rtdetr-l,A_unfinetuned,bo_exploitation,3.0,0.17,map50,0.6764
rtdetr-l,A_unfinetuned,grid_search,4.0,0.5,map50,0.7076
rtdetr-l,B_finetuned_unsupervised,baseline,0.0,0.0,map50,0.0005
rtdetr-l,B_finetuned_unsupervised,bo_exploration,3.0,0.35,map50,0.5812
rtdetr-l,B_finetuned_unsupervised,bo_exploitation,2.0,0.17,map50,0.4259
rtdetr-l,B_finetuned_unsupervised,grid_search,4.0,0.5,map50,0.6191
rtdetr-l,C_finetuned_supervised,bo_exploration,3.0,0.18,map50,0.5834
rtdetr-l,C_finetuned_supervised,bo_exploitation,4.0,0.0,map50,0.6254
rtdetr-l,C_finetuned_supervised,grid_search,4.0,0.0,map50,0.6254
rtdetr-l,A_unfinetuned,baseline,0.0,0.0,map50,0.0
rtdetr-l,A_unfinetuned,bo_exploration,2.0,0.21,map50,0.4347
rtdetr-l,A_unfinetuned,bo_exploitation,3.0,0.11,map50,0.6669
rtdetr-l,A_unfinetuned,grid_search,4.0,0.5,map50,0.7017
rtdetr-l,B_finetuned_unsupervised,baseline,0.0,0.0,map50,0.0
rtdetr-l,B_finetuned_unsupervised,bo_exploration,3.0,0.21,map50,0.5705
rtdetr-l,B_finetuned_unsupervised,bo_exploitation,3.0,0.17,map50,0.5727
rtdetr-l,B_finetuned_unsupervised,grid_search,4.0,0.5,map50,0.6095
rtdetr-l,C_finetuned_supervised,bo_exploration,4.0,0.0,map50,0.605
rtdetr-l,C_finetuned_supervised,bo_exploitation,3.0,0.32,map50,0.5714
rtdetr-l,C_finetuned_supervised,grid_search,4.0,0.0,map50,0.605
rtdetr-l,A_unfinetuned,baseline,0.0,0.0,map50,0.0005
rtdetr-l,A_unfinetuned,bo_exploration,4.0,0.5,map50,0.7568
rtdetr-l,A_unfinetuned,bo_exploitation,3.0,0.01,map50,0.6852
rtdetr-l,A_unfinetuned,grid_search,4.0,0.5,map50,0.7568
rtdetr-l,B_finetuned_unsupervised,baseline,0.0,0.0,map50,0.0078
rtdetr-l,B_finetuned_unsupervised,bo_exploration,3.0,0.5,map50,0.4841
rtdetr-l,B_finetuned_unsupervised,bo_exploitation,4.0,0.07,map50,0.5409
rtdetr-l,B_finetuned_unsupervised,grid_search,4.0,0.5,map50,0.5307
rtdetr-l,C_finetuned_supervised,bo_exploration,2.0,0.05,map50,0.355
rtdetr-l,C_finetuned_supervised,bo_exploitation,3.0,0.0,map50,0.4957
rtdetr-l,C_finetuned_supervised,grid_search,4.0,0.0,map50,0.5537
rtdetr-l,A_unfinetuned,baseline,0.0,0.0,map50,0.0002
rtdetr-l,A_unfinetuned,bo_exploration,4.0,0.28,map50,0.632
rtdetr-l,A_unfinetuned,bo_exploitation,3.0,0.13,map50,0.6089
rtdetr-l,A_unfinetuned,grid_search,4.0,0.5,map50,0.6406
rtdetr-l,B_finetuned_unsupervised,baseline,0.0,0.0,map50,0.0003
rtdetr-l,B_finetuned_unsupervised,bo_exploration,3.0,0.04,map50,0.6102
rtdetr-l,B_finetuned_unsupervised,bo_exploitation,3.0,0.35,map50,0.6044
rtdetr-l,B_finetuned_unsupervised,grid_search,4.0,0.5,map50,0.6373
rtdetr-l,C_finetuned_supervised,bo_exploration,3.0,0.22,map50,0.6009
rtdetr-l,C_finetuned_supervised,bo_exploitation,3.0,0.12,map50,0.6081
rtdetr-l,C_finetuned_supervised,grid_search,4.0,0.25,map50,0.6304
rtdetr-l,A_unfinetuned,baseline,0.0,0.0,map50,0.0078
rtdetr-l,A_unfinetuned,bo_exploration,3.0,0.43,map50,0.5464
rtdetr-l,A_unfinetuned,bo_exploitation,2.0,0.11,map50,0.4026
rtdetr-l,A_unfinetuned,grid_search,4.0,0.5,map50,0.571
rtdetr-l,B_finetuned_unsupervised,baseline,0.0,0.0,map50,0.0004
rtdetr-l,B_finetuned_unsupervised,bo_exploration,3.0,0.5,map50,0.65
rtdetr-l,B_finetuned_unsupervised,bo_exploitation,3.0,0.46,map50,0.6578
rtdetr-l,B_finetuned_unsupervised,grid_search,4.0,0.5,map50,0.6874
rtdetr-l,C_finetuned_supervised,bo_exploration,3.0,0.2,map50,0.6415
rtdetr-l,C_finetuned_supervised,bo_exploitation,3.0,0.06,map50,0.6524
rtdetr-l,C_finetuned_supervised,grid_search,4.0,0.5,map50,0.6874
rtdetr-l,A_unfinetuned,baseline,0.0,0.0,map50,0.0001
rtdetr-l,A_unfinetuned,bo_exploration,3.0,0.18,map50,0.5405
rtdetr-l,A_unfinetuned,bo_exploitation,3.0,0.5,map50,0.5382
rtdetr-l,A_unfinetuned,grid_search,4.0,0.5,map50,0.5834
rtdetr-l,B_finetuned_unsupervised,baseline,0.0,0.0,map50,0.0057
rtdetr-l,B_finetuned_unsupervised,bo_exploration,3.0,0.5,map50,0.6098
rtdetr-l,B_finetuned_unsupervised,bo_exploitation,2.0,0.22,map50,0.4576
rtdetr-l,B_finetuned_unsupervised,grid_search,4.0,0.5,map50,0.6556
rtdetr-l,C_finetuned_supervised,bo_exploration,3.0,0.24,map50,0.6045
rtdetr-l,C_finetuned_supervised,bo_exploitation,4.0,0.37,map50,0.6587
rtdetr-l,C_finetuned_supervised,grid_search,4.0,0.0,map50,0.6654
rtdetr-l,A_unfinetuned,baseline,0.0,0.0,map50,0.0012
rtdetr-l,A_unfinetuned,bo_exploration,3.0,0.02,map50,0.6298
rtdetr-l,A_unfinetuned,bo_exploitation,3.0,0.42,map50,0.6228
rtdetr-l,A_unfinetuned,grid_search,4.0,0.5,map50,0.6306
rtdetr-l,B_finetuned_unsupervised,baseline,0.0,0.0,map50,0.0026
rtdetr-l,B_finetuned_unsupervised,bo_exploration,1.0,0.28,map50,0.0088
rtdetr-l,B_finetuned_unsupervised,bo_exploitation,4.0,0.44,map50,0.5827
rtdetr-l,B_finetuned_unsupervised,grid_search,4.0,0.5,map50,0.5801
rtdetr-l,C_finetuned_supervised,bo_exploration,2.0,0.25,map50,0.38
rtdetr-l,C_finetuned_supervised,bo_exploitation,3.0,0.0,map50,0.5427
rtdetr-l,C_finetuned_supervised,grid_search,4.0,0.0,map50,0.5947
rtdetr-l,A_unfinetuned,baseline,0.0,0.0,map50,0.0001
rtdetr-l,A_unfinetuned,bo_exploration,3.0,0.04,map50,0.6081
rtdetr-l,A_unfinetuned,bo_exploitation,3.0,0.24,map50,0.6061
rtdetr-l,A_unfinetuned,grid_search,4.0,0.5,map50,0.661
yolo11n,B_finetuned_unsupervised,baseline,0.0,0.0,map50,0.0
yolo11n,B_finetuned_unsupervised,bo_exploration,2.0,0.18,map50,0.5703
yolo11n,B_finetuned_unsupervised,bo_exploitation,2.0,0.38,map50,0.5655
yolo11n,B_finetuned_unsupervised,grid_search,4.0,0.5,map50,0.7611
yolo11n,C_finetuned_supervised,bo_exploration,2.0,0.0,map50,0.5953
yolo11n,C_finetuned_supervised,bo_exploitation,3.0,0.0,map50,0.7299
yolo11n,C_finetuned_supervised,grid_search,4.0,0.0,map50,0.7839
yolo11m,A_unfinetuned,baseline,0.0,0.0,map50,0.0004
yolo11m,A_unfinetuned,bo_exploration,4.0,0.49,map50,0.6597
yolo11m,A_unfinetuned,bo_exploitation,3.0,0.15,map50,0.6482
yolo11m,A_unfinetuned,grid_search,4.0,0.5,map50,0.6627
yolo11m,B_finetuned_unsupervised,baseline,0.0,0.0,map50,0.0006
yolo11m,B_finetuned_unsupervised,bo_exploration,3.0,0.12,map50,0.7449
yolo11m,B_finetuned_unsupervised,bo_exploitation,4.0,0.16,map50,0.7544
yolo11m,B_finetuned_unsupervised,grid_search,4.0,0.5,map50,0.752
yolo11m,C_finetuned_supervised,bo_exploration,3.0,0.29,map50,0.7418
yolo11m,C_finetuned_supervised,bo_exploitation,3.0,0.46,map50,0.742
yolo11m,C_finetuned_supervised,grid_search,4.0,0.0,map50,0.7681
yolo11n,A_unfinetuned,baseline,0.0,0.0,map50,0.003
yolo11n,A_unfinetuned,bo_exploration,3.0,0.28,map50,0.7624
yolo11n,A_unfinetuned,bo_exploitation,3.0,0.14,map50,0.7658
yolo11n,A_unfinetuned,grid_search,4.0,0.5,map50,0.7809
yolo11n,B_finetuned_unsupervised,baseline,0.0,0.0,map50,0.0001
yolo11n,B_finetuned_unsupervised,bo_exploration,3.0,0.5,map50,0.696
yolo11n,B_finetuned_unsupervised,bo_exploitation,3.0,0.08,map50,0.6985
yolo11n,B_finetuned_unsupervised,grid_search,4.0,0.5,map50,0.7298
yolo11n,C_finetuned_supervised,bo_exploration,4.0,0.17,map50,0.7333
yolo11n,C_finetuned_supervised,bo_exploitation,2.0,0.2,map50,0.5155
yolo11n,C_finetuned_supervised,grid_search,4.0,0.0,map50,0.7483
yolo11m,A_unfinetuned,baseline,0.0,0.0,map50,0.0
yolo11m,A_unfinetuned,bo_exploration,3.0,0.29,map50,0.7475
yolo11m,A_unfinetuned,bo_exploitation,3.0,0.02,map50,0.757
yolo11m,A_unfinetuned,grid_search,4.0,0.5,map50,0.7753
yolo11m,B_finetuned_unsupervised,baseline,0.0,0.0,map50,0.0003
yolo11m,B_finetuned_unsupervised,bo_exploration,2.0,0.23,map50,0.6103
yolo11m,B_finetuned_unsupervised,bo_exploitation,3.0,0.08,map50,0.7397
yolo11m,B_finetuned_unsupervised,grid_search,4.0,0.5,map50,0.7499
yolo11m,C_finetuned_supervised,bo_exploration,3.0,0.28,map50,0.7374
yolo11m,C_finetuned_supervised,bo_exploitation,3.0,0.0,map50,0.7304
yolo11m,C_finetuned_supervised,grid_search,4.0,0.0,map50,0.7654
yolo11n,A_unfinetuned,baseline,0.0,0.0,map50,0.0005
yolo11n,A_unfinetuned,bo_exploration,4.0,0.5,map50,0.7326
yolo11n,A_unfinetuned,bo_exploitation,3.0,0.23,map50,0.7076
yolo11n,A_unfinetuned,grid_search,4.0,0.5,map50,0.7326
yolo11n,B_finetuned_unsupervised,baseline,0.0,0.0,map50,0.0007
yolo11n,B_finetuned_unsupervised,bo_exploration,3.0,0.45,map50,0.7276
yolo11n,B_finetuned_unsupervised,bo_exploitation,4.0,0.5,map50,0.7592
yolo11n,B_finetuned_unsupervised,grid_search,4.0,0.5,map50,0.7592
yolo11n,C_finetuned_supervised,bo_exploration,3.0,0.0,map50,0.7262
yolo11n,C_finetuned_supervised,bo_exploitation,4.0,0.5,map50,0.7592
yolo11n,C_finetuned_supervised,grid_search,4.0,0.0,map50,0.7789
yolo11m,A_unfinetuned,baseline,0.0,0.0,map50,0.0003
yolo11m,A_unfinetuned,bo_exploration,3.0,0.33,map50,0.7548
yolo11m,A_unfinetuned,bo_exploitation,3.0,0.5,map50,0.7559
yolo11m,A_unfinetuned,grid_search,4.0,0.5,map50,0.7724
yolo11m,B_finetuned_unsupervised,baseline,0.0,0.0,map50,0.0006
yolo11m,B_finetuned_unsupervised,bo_exploration,3.0,0.45,map50,0.742
yolo11m,B_finetuned_unsupervised,bo_exploitation,3.0,0.25,map50,0.7405
yolo11m,B_finetuned_unsupervised,grid_search,4.0,0.5,map50,0.7525
yolo11m,C_finetuned_supervised,bo_exploration,4.0,0.0,map50,0.7686
yolo11m,C_finetuned_supervised,bo_exploitation,3.0,0.25,map50,0.7405
yolo11m,C_finetuned_supervised,grid_search,4.0,0.0,map50,0.7686
yolo11n,A_unfinetuned,baseline,0.0,0.0,map50,0.001
yolo11n,A_unfinetuned,bo_exploration,3.0,0.29,map50,0.6915
yolo11n,A_unfinetuned,bo_exploitation,3.0,0.02,map50,0.7002
yolo11n,A_unfinetuned,grid_search,4.0,0.5,map50,0.7193
yolo11n,B_finetuned_unsupervised,baseline,0.0,0.0,map50,0.0002
yolo11n,B_finetuned_unsupervised,bo_exploration,2.0,0.37,map50,0.4987
yolo11n,B_finetuned_unsupervised,bo_exploitation,3.0,0.22,map50,0.6931
yolo11n,B_finetuned_unsupervised,grid_search,4.0,0.5,map50,0.7232
yolo11n,C_finetuned_supervised,bo_exploration,4.0,0.5,map50,0.7232
yolo11n,C_finetuned_supervised,bo_exploitation,3.0,0.22,map50,0.6931
yolo11n,C_finetuned_supervised,grid_search,4.0,0.0,map50,0.7409
yolo11m,A_unfinetuned,baseline,0.0,0.0,map50,0.0005
yolo11m,A_unfinetuned,bo_exploration,3.0,0.47,map50,0.6389
yolo11m,A_unfinetuned,bo_exploitation,3.0,0.24,map50,0.6467
yolo11m,A_unfinetuned,grid_search,4.0,0.5,map50,0.6753
yolo11m,B_finetuned_unsupervised,baseline,0.0,0.0,map50,0.0006
yolo11m,B_finetuned_unsupervised,bo_exploration,3.0,0.49,map50,0.741
yolo11m,B_finetuned_unsupervised,bo_exploitation,2.0,0.48,map50,0.6043
yolo11m,B_finetuned_unsupervised,grid_search,4.0,0.5,map50,0.7529
yolo11m,C_finetuned_supervised,bo_exploration,3.0,0.0,map50,0.735
yolo11m,C_finetuned_supervised,bo_exploitation,3.0,0.07,map50,0.746
yolo11m,C_finetuned_supervised,grid_search,4.0,0.0,map50,0.7686
yolo11n,A_unfinetuned,baseline,0.0,0.0,map50,0.0004
yolo11n,A_unfinetuned,bo_exploration,3.0,0.1,map50,0.6888
yolo11n,A_unfinetuned,bo_exploitation,3.0,0.05,map50,0.6868
yolo11n,A_unfinetuned,grid_search,4.0,0.5,map50,0.7261
yolo11n,B_finetuned_unsupervised,baseline,0.0,0.0,map50,0.0003
yolo11n,B_finetuned_unsupervised,bo_exploration,3.0,0.48,map50,0.6713
yolo11n,B_finetuned_unsupervised,bo_exploitation,3.0,0.44,map50,0.6728
yolo11n,B_finetuned_unsupervised,grid_search,4.0,0.5,map50,0.7087
yolo11n,C_finetuned_supervised,bo_exploration,4.0,0.0,map50,0.7294
yolo11n,C_finetuned_supervised,bo_exploitation,4.0,0.25,map50,0.7127
yolo11n,C_finetuned_supervised,grid_search,4.0,0.0,map50,0.7294
yolo11m,A_unfinetuned,baseline,0.0,0.0,map50,0.0002
yolo11m,A_unfinetuned,bo_exploration,3.0,0.5,map50,0.6338
yolo11m,A_unfinetuned,bo_exploitation,2.0,0.23,map50,0.5014
yolo11m,A_unfinetuned,grid_search,4.0,0.5,map50,0.6611
yolo11m,B_finetuned_unsupervised,baseline,0.0,0.0,map50,0.0006
yolo11m,B_finetuned_unsupervised,bo_exploration,4.0,0.5,map50,0.7527
yolo11m,B_finetuned_unsupervised,bo_exploitation,3.0,0.01,map50,0.7396
yolo11m,B_finetuned_unsupervised,grid_search,4.0,0.5,map50,0.7527
yolo11m,C_finetuned_supervised,bo_exploration,3.0,0.0,map50,0.7352
yolo11m,C_finetuned_supervised,bo_exploitation,3.0,0.5,map50,0.7418
yolo11m,C_finetuned_supervised,grid_search,4.0,0.0,map50,0.7688
yolo11n,A_unfinetuned,baseline,0.0,0.0,map50,0.0
yolo11n,A_unfinetuned,bo_exploration,3.0,0.4,map50,0.7701
yolo11n,A_unfinetuned,bo_exploitation,3.0,0.03,map50,0.7721
yolo11n,A_unfinetuned,grid_search,4.0,0.5,map50,0.7871
yolo11n,B_finetuned_unsupervised,baseline,0.0,0.0,map50,0.0
yolo11n,B_finetuned_unsupervised,bo_exploration,2.0,0.23,map50,0.5725
yolo11n,B_finetuned_unsupervised,bo_exploitation,3.0,0.31,map50,0.7298
yolo11n,B_finetuned_unsupervised,grid_search,4.0,0.5,map50,0.762
yolo11n,C_finetuned_supervised,bo_exploration,3.0,0.11,map50,0.7346
yolo11n,C_finetuned_supervised,bo_exploitation,2.0,0.0,map50,0.595
yolo11n,C_finetuned_supervised,grid_search,4.0,0.0,map50,0.7846
yolo11m,A_unfinetuned,baseline,0.0,0.0,map50,0.0003
yolo11m,A_unfinetuned,bo_exploration,3.0,0.44,map50,0.6591
yolo11m,A_unfinetuned,bo_exploitation,3.0,0.4,map50,0.6628
yolo11m,A_unfinetuned,grid_search,4.0,0.5,map50,0.6796
yolo11m,B_finetuned_unsupervised,baseline,0.0,0.0,map50,0.0001
yolo11m,B_finetuned_unsupervised,bo_exploration,4.0,0.5,map50,0.6904
yolo11m,B_finetuned_unsupervised,bo_exploitation,3.0,0.43,map50,0.6792
yolo11m,B_finetuned_unsupervised,grid_search,4.0,0.5,map50,0.6904
yolo11m,C_finetuned_supervised,bo_exploration,3.0,0.5,map50,0.6789
yolo11m,C_finetuned_supervised,bo_exploitation,2.0,0.06,map50,0.5558
yolo11m,C_finetuned_supervised,grid_search,4.0,0.0,map50,0.7015
yolo11n,A_unfinetuned,baseline,0.0,0.0,map50,0.0013
yolo11n,A_unfinetuned,bo_exploration,4.0,0.0,map50,0.7328
yolo11n,A_unfinetuned,bo_exploitation,4.0,0.19,map50,0.7194
yolo11n,A_unfinetuned,grid_search,4.0,0.5,map50,0.7124
yolo11n,B_finetuned_unsupervised,baseline,0.0,0.0,map50,0.0001
yolo11n,B_finetuned_unsupervised,bo_exploration,4.0,0.39,map50,0.7295
yolo11n,B_finetuned_unsupervised,bo_exploitation,2.0,0.3,map50,0.5211
yolo11n,B_finetuned_unsupervised,grid_search,4.0,0.5,map50,0.7298
yolo11n,C_finetuned_supervised,bo_exploration,3.0,0.3,map50,0.6971
yolo11n,C_finetuned_supervised,bo_exploitation,3.0,0.28,map50,0.6961
yolo11n,C_finetuned_supervised,grid_search,4.0,0.0,map50,0.7483
yolo11m,A_unfinetuned,baseline,0.0,0.0,map50,0.0023
yolo11m,A_unfinetuned,bo_exploration,3.0,0.45,map50,0.7099
yolo11m,A_unfinetuned,bo_exploitation,3.0,0.44,map50,0.7056
yolo11m,A_unfinetuned,grid_search,4.0,0.5,map50,0.7266
yolo11m,B_finetuned_unsupervised,baseline,0.0,0.0,map50,0.0003
yolo11m,B_finetuned_unsupervised,bo_exploration,3.0,0.1,map50,0.7404
yolo11m,B_finetuned_unsupervised,bo_exploitation,3.0,0.49,map50,0.734
yolo11m,B_finetuned_unsupervised,grid_search,4.0,0.5,map50,0.7499
yolo11m,C_finetuned_supervised,bo_exploration,3.0,0.0,map50,0.7304
yolo11m,C_finetuned_supervised,bo_exploitation,3.0,0.12,map50,0.7402
yolo11m,C_finetuned_supervised,grid_search,4.0,0.0,map50,0.7654
yolo11n,A_unfinetuned,baseline,0.0,0.0,map50,0.0
yolo11n,A_unfinetuned,bo_exploration,3.0,0.24,map50,0.7567
yolo11n,A_unfinetuned,bo_exploitation,3.0,0.21,map50,0.7562
yolo11n,A_unfinetuned,grid_search,4.0,0.5,map50,0.7748
yolo11n,B_finetuned_unsupervised,baseline,0.0,0.0,map50,0.0009
yolo11n,B_finetuned_unsupervised,bo_exploration,2.0,0.37,map50,0.5204
yolo11n,B_finetuned_unsupervised,bo_exploitation,3.0,0.05,map50,0.7044
yolo11n,B_finetuned_unsupervised,grid_search,4.0,0.5,map50,0.7289
yolo11n,C_finetuned_supervised,bo_exploration,3.0,0.06,map50,0.7035
yolo11n,C_finetuned_supervised,bo_exploitation,3.0,0.27,map50,0.6989
yolo11n,C_finetuned_supervised,grid_search,4.0,0.0,map50,0.7483
yolo11m,A_unfinetuned,baseline,0.0,0.0,map50,0.0005
yolo11m,A_unfinetuned,bo_exploration,3.0,0.37,map50,0.6114
yolo11m,A_unfinetuned,bo_exploitation,2.0,0.2,map50,0.4998
yolo11m,A_unfinetuned,grid_search,4.0,0.5,map50,0.634
yolo11m,B_finetuned_unsupervised,baseline,0.0,0.0,map50,0.0006
yolo11m,B_finetuned_unsupervised,bo_exploration,2.0,0.28,map50,0.6217
yolo11m,B_finetuned_unsupervised,bo_exploitation,3.0,0.31,map50,0.7427
yolo11m,B_finetuned_unsupervised,grid_search,4.0,0.5,map50,0.753
yolo11m,C_finetuned_supervised,bo_exploration,3.0,0.18,map50,0.743
yolo11m,C_finetuned_supervised,bo_exploitation,2.0,0.0,map50,0.6314
yolo11m,C_finetuned_supervised,grid_search,4.0,0.0,map50,0.7691
yolo11n,A_unfinetuned,baseline,0.0,0.0,map50,0.0004
yolo11n,A_unfinetuned,bo_exploration,4.0,0.43,map50,0.749
yolo11n,A_unfinetuned,bo_exploitation,3.0,0.27,map50,0.7262
yolo11n,A_unfinetuned,grid_search,4.0,0.5,map50,0.7501
yolo11n,A_unfinetuned,baseline,0.0,0.0,map50,0.0
yolo11n,A_unfinetuned,bo_exploration,3.0,0.08,map50,0.7253
yolo11n,A_unfinetuned,bo_exploitation,2.0,0.49,map50,0.4891
yolo11n,A_unfinetuned,grid_search,4.0,0.5,map50,0.7658
yolo11n,B_finetuned_unsupervised,baseline,0.0,0.0,map50,0.0
yolo11n,B_finetuned_unsupervised,bo_exploration,3.0,0.05,map50,0.7349
yolo11n,B_finetuned_unsupervised,bo_exploitation,3.0,0.42,map50,0.7228
yolo11n,B_finetuned_unsupervised,grid_search,4.0,0.5,map50,0.7611
yolo11n,C_finetuned_supervised,bo_exploration,3.0,0.23,map50,0.7342
yolo11n,C_finetuned_supervised,bo_exploitation,3.0,0.0,map50,0.7299
yolo11n,C_finetuned_supervised,grid_search,4.0,0.0,map50,0.7839
rtdetr-l,A_unfinetuned,baseline,0.0,0.0,map50,0.0
rtdetr-l,A_unfinetuned,bo_exploration,4.0,0.5,map50,0.7179
rtdetr-l,A_unfinetuned,bo_exploitation,3.0,0.42,map50,0.6878
rtdetr-l,A_unfinetuned,grid_search,4.0,0.5,map50,0.7179
rtdetr-l,B_finetuned_unsupervised,baseline,0.0,0.0,map50,0.0004
rtdetr-l,B_finetuned_unsupervised,bo_exploration,3.0,0.41,map50,0.5794
rtdetr-l,B_finetuned_unsupervised,bo_exploitation,3.0,0.29,map50,0.5763
rtdetr-l,B_finetuned_unsupervised,grid_search,4.0,0.5,map50,0.6229
rtdetr-l,C_finetuned_supervised,bo_exploration,2.0,0.0,map50,0.385
rtdetr-l,C_finetuned_supervised,bo_exploitation,3.0,0.07,map50,0.5772
rtdetr-l,C_finetuned_supervised,grid_search,4.0,0.0,map50,0.6271
rtdetr-l,A_unfinetuned,baseline,0.0,0.0,map50,0.0009
rtdetr-l,A_unfinetuned,bo_exploration,3.0,0.27,map50,0.7547
rtdetr-l,A_unfinetuned,bo_exploitation,3.0,0.33,map50,0.7543
rtdetr-l,A_unfinetuned,grid_search,4.0,0.5,map50,0.7927
rtdetr-l,B_finetuned_unsupervised,baseline,0.0,0.0,map50,0.0029
rtdetr-l,B_finetuned_unsupervised,bo_exploration,3.0,0.3,map50,0.5478
rtdetr-l,B_finetuned_unsupervised,bo_exploitation,3.0,0.1,map50,0.5504
rtdetr-l,B_finetuned_unsupervised,grid_search,4.0,0.5,map50,0.5896
rtdetr-l,C_finetuned_supervised,bo_exploration,3.0,0.08,map50,0.5539
rtdetr-l,C_finetuned_supervised,bo_exploitation,3.0,0.03,map50,0.5544
rtdetr-l,C_finetuned_supervised,grid_search,4.0,0.0,map50,0.5972
rtdetr-l,A_unfinetuned,baseline,0.0,0.0,map50,0.0004
rtdetr-l,A_unfinetuned,bo_exploration,2.0,0.5,map50,0.3076
rtdetr-l,A_unfinetuned,bo_exploitation,2.0,0.27,map50,0.3041
rtdetr-l,A_unfinetuned,grid_search,4.0,0.5,map50,0.5482
rtdetr-l,B_finetuned_unsupervised,baseline,0.0,0.0,map50,0.0002
rtdetr-l,B_finetuned_unsupervised,bo_exploration,4.0,0.0,map50,0.7687
rtdetr-l,B_finetuned_unsupervised,bo_exploitation,3.0,0.04,map50,0.7333
rtdetr-l,B_finetuned_unsupervised,grid_search,4.0,0.5,map50,0.7568
rtdetr-l,C_finetuned_supervised,bo_exploration,3.0,0.0,map50,0.7187
rtdetr-l,C_finetuned_supervised,bo_exploitation,4.0,0.5,map50,0.7568
rtdetr-l,C_finetuned_supervised,grid_search,4.0,0.0,map50,0.7687
rtdetr-l,A_unfinetuned,baseline,0.0,0.0,map50,0.0015
rtdetr-l,A_unfinetuned,bo_exploration,3.0,0.17,map50,0.554
rtdetr-l,A_unfinetuned,bo_exploitation,3.0,0.26,map50,0.554
rtdetr-l,A_unfinetuned,grid_search,4.0,0.5,map50,0.5853
rtdetr-l,B_finetuned_unsupervised,baseline,0.0,0.0,map50,0.0001
rtdetr-l,B_finetuned_unsupervised,bo_exploration,4.0,0.0,map50,0.6709
rtdetr-l,B_finetuned_unsupervised,bo_exploitation,2.0,0.29,map50,0.3979
rtdetr-l,B_finetuned_unsupervised,grid_search,4.0,0.5,map50,0.6612
rtdetr-l,C_finetuned_supervised,bo_exploration,3.0,0.01,map50,0.6077
rtdetr-l,C_finetuned_supervised,bo_exploitation,2.0,0.05,map50,0.397
rtdetr-l,C_finetuned_supervised,grid_search,4.0,0.0,map50,0.6709
rtdetr-l,A_unfinetuned,baseline,0.0,0.0,map50,0.0
rtdetr-l,A_unfinetuned,bo_exploration,3.0,0.3,map50,0.6694
rtdetr-l,A_unfinetuned,bo_exploitation,2.0,0.46,map50,0.4411
rtdetr-l,A_unfinetuned,grid_search,4.0,0.5,map50,0.7135
rtdetr-l,B_finetuned_unsupervised,baseline,0.0,0.0,map50,0.0011
rtdetr-l,B_finetuned_unsupervised,bo_exploration,4.0,0.0,map50,0.6035
rtdetr-l,B_finetuned_unsupervised,bo_exploitation,3.0,0.48,map50,0.5439
rtdetr-l,B_finetuned_unsupervised,grid_search,4.0,0.5,map50,0.5874
rtdetr-l,C_finetuned_supervised,bo_exploration,3.0,0.05,map50,0.5553
rtdetr-l,C_finetuned_supervised,bo_exploitation,3.0,0.08,map50,0.5514
rtdetr-l,C_finetuned_supervised,grid_search,4.0,0.0,map50,0.6035
rtdetr-l,A_unfinetuned,baseline,0.0,0.0,map50,0.0041
rtdetr-l,A_unfinetuned,bo_exploration,3.0,0.17,map50,0.7196
rtdetr-l,A_unfinetuned,bo_exploitation,3.0,0.46,map50,0.72
rtdetr-l,A_unfinetuned,grid_search,4.0,0.5,map50,0.7594
rtdetr-l,B_finetuned_unsupervised,baseline,0.0,0.0,map50,0.0173
rtdetr-l,B_finetuned_unsupervised,bo_exploration,3.0,0.5,map50,0.524
rtdetr-l,B_finetuned_unsupervised,bo_exploitation,3.0,0.5,map50,0.524
rtdetr-l,B_finetuned_unsupervised,grid_search,4.0,0.5,map50,0.5994
rtdetr-l,C_finetuned_supervised,bo_exploration,4.0,0.5,map50,0.5994
rtdetr-l,C_finetuned_supervised,bo_exploitation,3.0,0.11,map50,0.5315
rtdetr-l,C_finetuned_supervised,grid_search,4.0,0.0,map50,0.6183
rtdetr-l,A_unfinetuned,baseline,0.0,0.0,map50,0.0047
rtdetr-l,A_unfinetuned,bo_exploration,4.0,0.0,map50,0.5754
rtdetr-l,A_unfinetuned,bo_exploitation,2.0,0.46,map50,0.3874
rtdetr-l,A_unfinetuned,grid_search,4.0,0.5,map50,0.5752
rtdetr-l,B_finetuned_unsupervised,baseline,0.0,0.0,map50,0.0001
rtdetr-l,B_finetuned_unsupervised,bo_exploration,4.0,0.0,map50,0.6585
rtdetr-l,B_finetuned_unsupervised,bo_exploitation,3.0,0.13,map50,0.5968
rtdetr-l,B_finetuned_unsupervised,grid_search,4.0,0.5,map50,0.6541
rtdetr-l,C_finetuned_supervised,bo_exploration,3.0,0.05,map50,0.5964
rtdetr-l,C_finetuned_supervised,bo_exploitation,2.0,0.34,map50,0.3769
rtdetr-l,C_finetuned_supervised,grid_search,4.0,0.0,map50,0.6585
rtdetr-l,A_unfinetuned,baseline,0.0,0.0,map50,0.0
rtdetr-l,A_unfinetuned,bo_exploration,3.0,0.13,map50,0.5814
rtdetr-l,A_unfinetuned,bo_exploitation,3.0,0.05,map50,0.5818
rtdetr-l,A_unfinetuned,grid_search,4.0,0.5,map50,0.6155
rtdetr-l,B_finetuned_unsupervised,baseline,0.0,0.0,map50,0.0002
rtdetr-l,B_finetuned_unsupervised,bo_exploration,3.0,0.2,map50,0.6944
rtdetr-l,B_finetuned_unsupervised,bo_exploitation,3.0,0.49,map50,0.6836
rtdetr-l,B_finetuned_unsupervised,grid_search,4.0,0.5,map50,0.7315
rtdetr-l,C_finetuned_supervised,bo_exploration,2.0,0.39,map50,0.4993
rtdetr-l,C_finetuned_supervised,bo_exploitation,3.0,0.0,map50,0.6958
rtdetr-l,C_finetuned_supervised,grid_search,4.0,0.0,map50,0.7589
rtdetr-l,A_unfinetuned,baseline,0.0,0.0,map50,0.0001
rtdetr-l,A_unfinetuned,bo_exploration,2.0,0.31,map50,0.481
rtdetr-l,A_unfinetuned,bo_exploitation,2.0,0.32,map50,0.4815
rtdetr-l,A_unfinetuned,grid_search,4.0,0.5,map50,0.673
yolo11n,B_finetuned_unsupervised,baseline,0.0,0.0,map50,0.0009
yolo11n,B_finetuned_unsupervised,bo_exploration,3.0,0.5,map50,0.7002
yolo11n,B_finetuned_unsupervised,bo_exploitation,3.0,0.44,map50,0.6976
yolo11n,B_finetuned_unsupervised,grid_search,4.0,0.5,map50,0.7285
yolo11n,C_finetuned_supervised,bo_exploration,4.0,0.0,map50,0.7479
yolo11n,C_finetuned_supervised,bo_exploitation,3.0,0.47,map50,0.6963
yolo11n,C_finetuned_supervised,grid_search,4.0,0.0,map50,0.7479
yolo11m,A_unfinetuned,baseline,0.0,0.0,map50,0.0
yolo11m,A_unfinetuned,bo_exploration,3.0,0.36,map50,0.6787
yolo11m,A_unfinetuned,bo_exploitation,3.0,0.35,map50,0.6803
yolo11m,A_unfinetuned,grid_search,4.0,0.5,map50,0.706
yolo11m,B_finetuned_unsupervised,baseline,0.0,0.0,map50,0.0003
yolo11m,B_finetuned_unsupervised,bo_exploration,4.0,0.14,map50,0.7536
yolo11m,B_finetuned_unsupervised,bo_exploitation,3.0,0.29,map50,0.7381
yolo11m,B_finetuned_unsupervised,grid_search,4.0,0.5,map50,0.751
yolo11m,C_finetuned_supervised,bo_exploration,3.0,0.21,map50,0.7386
yolo11m,C_finetuned_supervised,bo_exploitation,4.0,0.45,map50,0.7517
yolo11m,C_finetuned_supervised,grid_search,4.0,0.0,map50,0.7664
yolo11n,A_unfinetuned,baseline,0.0,0.0,map50,0.0002
yolo11n,A_unfinetuned,bo_exploration,3.0,0.5,map50,0.7344
yolo11n,A_unfinetuned,bo_exploitation,3.0,0.41,map50,0.726
yolo11n,A_unfinetuned,grid_search,4.0,0.5,map50,0.7478
yolo11n,B_finetuned_unsupervised,baseline,0.0,0.0,map50,0.0002
yolo11n,B_finetuned_unsupervised,bo_exploration,3.0,0.5,map50,0.6895
yolo11n,B_finetuned_unsupervised,bo_exploitation,2.0,0.35,map50,0.5195
yolo11n,B_finetuned_unsupervised,grid_search,4.0,0.5,map50,0.7227
yolo11n,C_finetuned_supervised,bo_exploration,4.0,0.5,map50,0.7227
yolo11n,C_finetuned_supervised,bo_exploitation,2.0,0.05,map50,0.517
yolo11n,C_finetuned_supervised,grid_search,4.0,0.0,map50,0.7411
yolo11m,A_unfinetuned,baseline,0.0,0.0,map50,0.0001
yolo11m,A_unfinetuned,bo_exploration,2.0,0.33,map50,0.5796
yolo11m,A_unfinetuned,bo_exploitation,3.0,0.33,map50,0.7162
yolo11m,A_unfinetuned,grid_search,4.0,0.5,map50,0.7328
yolo11m,B_finetuned_unsupervised,baseline,0.0,0.0,map50,0.0006
yolo11m,B_finetuned_unsupervised,bo_exploration,3.0,0.11,map50,0.7439
yolo11m,B_finetuned_unsupervised,bo_exploitation,2.0,0.27,map50,0.6177
yolo11m,B_finetuned_unsupervised,grid_search,4.0,0.5,map50,0.7525
yolo11m,C_finetuned_supervised,bo_exploration,2.0,0.1,map50,0.6257
yolo11m,C_finetuned_supervised,bo_exploitation,3.0,0.5,map50,0.7415
yolo11m,C_finetuned_supervised,grid_search,4.0,0.0,map50,0.7687
yolo11n,A_unfinetuned,baseline,0.0,0.0,map50,0.0002
yolo11n,A_unfinetuned,bo_exploration,4.0,0.5,map50,0.6157
yolo11n,A_unfinetuned,bo_exploitation,3.0,0.42,map50,0.5789
yolo11n,A_unfinetuned,grid_search,4.0,0.5,map50,0.6157
yolo11n,B_finetuned_unsupervised,baseline,0.0,0.0,map50,0.0009
yolo11n,B_finetuned_unsupervised,bo_exploration,2.0,0.46,map50,0.5083
yolo11n,B_finetuned_unsupervised,bo_exploitation,3.0,0.13,map50,0.7026
yolo11n,B_finetuned_unsupervised,grid_search,4.0,0.5,map50,0.7289
yolo11n,C_finetuned_supervised,bo_exploration,2.0,0.07,map50,0.5275
yolo11n,C_finetuned_supervised,bo_exploitation,4.0,0.3,map50,0.7293
yolo11n,C_finetuned_supervised,grid_search,4.0,0.0,map50,0.7483
yolo11m,A_unfinetuned,baseline,0.0,0.0,map50,0.0
yolo11m,A_unfinetuned,bo_exploration,3.0,0.46,map50,0.6602
yolo11m,A_unfinetuned,bo_exploitation,2.0,0.24,map50,0.5322
yolo11m,A_unfinetuned,grid_search,4.0,0.5,map50,0.6874
yolo11m,B_finetuned_unsupervised,baseline,0.0,0.0,map50,0.0006
yolo11m,B_finetuned_unsupervised,bo_exploration,3.0,0.5,map50,0.742
yolo11m,B_finetuned_unsupervised,bo_exploitation,3.0,0.48,map50,0.7412
yolo11m,B_finetuned_unsupervised,grid_search,4.0,0.5,map50,0.753
yolo11m,C_finetuned_supervised,bo_exploration,4.0,0.0,map50,0.7691
yolo11m,C_finetuned_supervised,bo_exploitation,2.0,0.0,map50,0.6314
yolo11m,C_finetuned_supervised,grid_search,4.0,0.0,map50,0.7691
yolo11n,A_unfinetuned,baseline,0.0,0.0,map50,0.0003
yolo11n,A_unfinetuned,bo_exploration,3.0,0.13,map50,0.747
yolo11n,A_unfinetuned,bo_exploitation,3.0,0.46,map50,0.7347
yolo11n,A_unfinetuned,grid_search,4.0,0.5,map50,0.7708
yolo11n,B_finetuned_unsupervised,baseline,0.0,0.0,map50,0.0
yolo11n,B_finetuned_unsupervised,bo_exploration,3.0,0.06,map50,0.7348
yolo11n,B_finetuned_unsupervised,bo_exploitation,3.0,0.41,map50,0.7228
yolo11n,B_finetuned_unsupervised,grid_search,4.0,0.5,map50,0.7625
yolo11n,C_finetuned_supervised,bo_exploration,3.0,0.02,map50,0.736
yolo11n,C_finetuned_supervised,bo_exploitation,3.0,0.3,map50,0.7339
yolo11n,C_finetuned_supervised,grid_search,4.0,0.0,map50,0.7852
yolo11m,A_unfinetuned,baseline,0.0,0.0,map50,0.0001
yolo11m,A_unfinetuned,bo_exploration,3.0,0.37,map50,0.6617
yolo11m,A_unfinetuned,bo_exploitation,3.0,0.43,map50,0.6592
yolo11m,A_unfinetuned,grid_search,4.0,0.5,map50,0.6957
yolo11m,B_finetuned_unsupervised,baseline,0.0,0.0,map50,0.0006
yolo11m,B_finetuned_unsupervised,bo_exploration,3.0,0.5,map50,0.7422
yolo11m,B_finetuned_unsupervised,bo_exploitation,2.0,0.1,map50,0.6258
yolo11m,B_finetuned_unsupervised,grid_search,4.0,0.5,map50,0.7533
yolo11m,C_finetuned_supervised,bo_exploration,3.0,0.38,map50,0.7418
yolo11m,C_finetuned_supervised,bo_exploitation,2.0,0.08,map50,0.622
yolo11m,C_finetuned_supervised,grid_search,4.0,0.0,map50,0.7693
yolo11n,A_unfinetuned,baseline,0.0,0.0,map50,0.0006
yolo11n,A_unfinetuned,bo_exploration,3.0,0.5,map50,0.6889
yolo11n,A_unfinetuned,bo_exploitation,3.0,0.48,map50,0.6837
yolo11n,A_unfinetuned,grid_search,4.0,0.5,map50,0.7226
yolo11n,B_finetuned_unsupervised,baseline,0.0,0.0,map50,0.0009
yolo11n,B_finetuned_unsupervised,bo_exploration,3.0,0.46,map50,0.695
yolo11n,B_finetuned_unsupervised,bo_exploitation,3.0,0.33,map50,0.6979
yolo11n,B_finetuned_unsupervised,grid_search,4.0,0.5,map50,0.7292
yolo11n,C_finetuned_supervised,bo_exploration,3.0,0.1,map50,0.706
yolo11n,C_finetuned_supervised,bo_exploitation,2.0,0.0,map50,0.5464
yolo11n,C_finetuned_supervised,grid_search,4.0,0.0,map50,0.7485
yolo11m,A_unfinetuned,baseline,0.0,0.0,map50,0.0011
yolo11m,A_unfinetuned,bo_exploration,2.0,0.5,map50,0.5253
yolo11m,A_unfinetuned,bo_exploitation,3.0,0.09,map50,0.644
yolo11m,A_unfinetuned,grid_search,4.0,0.5,map50,0.6614
yolo11m,B_finetuned_unsupervised,baseline,0.0,0.0,map50,0.0006
yolo11m,B_finetuned_unsupervised,bo_exploration,3.0,0.5,map50,0.7427
yolo11m,B_finetuned_unsupervised,bo_exploitation,3.0,0.5,map50,0.7427
yolo11m,B_finetuned_unsupervised,grid_search,4.0,0.5,map50,0.7537
yolo11m,C_finetuned_supervised,bo_exploration,3.0,0.32,map50,0.744
yolo11m,C_finetuned_supervised,bo_exploitation,3.0,0.17,map50,0.744
yolo11m,C_finetuned_supervised,grid_search,4.0,0.0,map50,0.7699
yolo11n,A_unfinetuned,baseline,0.0,0.0,map50,0.0005
yolo11n,A_unfinetuned,bo_exploration,3.0,0.34,map50,0.745
yolo11n,A_unfinetuned,bo_exploitation,2.0,0.23,map50,0.5783
yolo11n,A_unfinetuned,grid_search,4.0,0.5,map50,0.7777
yolo11n,B_finetuned_unsupervised,baseline,0.0,0.0,map50,0.0
yolo11n,B_finetuned_unsupervised,bo_exploration,2.0,0.36,map50,0.5647
yolo11n,B_finetuned_unsupervised,bo_exploitation,2.0,0.44,map50,0.5703
yolo11n,B_finetuned_unsupervised,grid_search,4.0,0.5,map50,0.761
yolo11n,C_finetuned_supervised,bo_exploration,3.0,0.08,map50,0.7335
yolo11n,C_finetuned_supervised,bo_exploitation,2.0,0.15,map50,0.5859
yolo11n,C_finetuned_supervised,grid_search,4.0,0.0,map50,0.7838
yolo11m,A_unfinetuned,baseline,0.0,0.0,map50,0.0
yolo11m,A_unfinetuned,bo_exploration,2.0,0.42,map50,0.5743
yolo11m,A_unfinetuned,bo_exploitation,3.0,0.3,map50,0.7449
yolo11m,A_unfinetuned,grid_search,4.0,0.5,map50,0.7668
yolo11m,B_finetuned_unsupervised,baseline,0.0,0.0,map50,0.0006
yolo11m,B_finetuned_unsupervised,bo_exploration,3.0,0.5,map50,0.7411
yolo11m,B_finetuned_unsupervised,bo_exploitation,3.0,0.35,map50,0.7422
yolo11m,B_finetuned_unsupervised,grid_search,4.0,0.5,map50,0.7521
yolo11m,C_finetuned_supervised,bo_exploration,2.0,0.36,map50,0.6155
yolo11m,C_finetuned_supervised,bo_exploitation,3.0,0.08,map50,0.744
yolo11m,C_finetuned_supervised,grid_search,4.0,0.0,map50,0.7682
yolo11n,A_unfinetuned,baseline,0.0,0.0,map50,0.0002
yolo11n,A_unfinetuned,bo_exploration,3.0,0.22,map50,0.7391
yolo11n,A_unfinetuned,bo_exploitation,3.0,0.28,map50,0.7346
yolo11n,A_unfinetuned,grid_search,4.0,0.5,map50,0.7657
yolo11n,B_finetuned_unsupervised,baseline,0.0,0.0,map50,0.0
yolo11n,B_finetuned_unsupervised,bo_exploration,3.0,0.5,map50,0.7351
yolo11n,B_finetuned_unsupervised,bo_exploitation,3.0,0.45,map50,0.7358
yolo11n,B_finetuned_unsupervised,grid_search,4.0,0.5,map50,0.7722
yolo11n,C_finetuned_supervised,bo_exploration,3.0,0.24,map50,0.7393
yolo11n,C_finetuned_supervised,bo_exploitation,3.0,0.0,map50,0.7363
yolo11n,C_finetuned_supervised,grid_search,4.0,0.0,map50,0.7953
yolo11m,A_unfinetuned,baseline,0.0,0.0,map50,0.0004
yolo11m,A_unfinetuned,bo_exploration,2.0,0.12,map50,0.4392
yolo11m,A_unfinetuned,bo_exploitation,3.0,0.36,map50,0.544
yolo11m,A_unfinetuned,grid_search,4.0,0.5,map50,0.5861
yolo11m,B_finetuned_unsupervised,baseline,0.0,0.0,map50,0.0006
yolo11m,B_finetuned_unsupervised,bo_exploration,2.0,0.36,map50,0.6162
yolo11m,B_finetuned_unsupervised,bo_exploitation,3.0,0.47,map50,0.7409
yolo11m,B_finetuned_unsupervised,grid_search,4.0,0.5,map50,0.7529
yolo11m,C_finetuned_supervised,bo_exploration,3.0,0.17,map50,0.7432
yolo11m,C_finetuned_supervised,bo_exploitation,2.0,0.5,map50,0.6246
yolo11m,C_finetuned_supervised,grid_search,4.0,0.0,map50,0.7692
yolo11n,A_unfinetuned,baseline,0.0,0.0,map50,0.0
yolo11n,A_unfinetuned,bo_exploration,3.0,0.1,map50,0.7724
yolo11n,A_unfinetuned,bo_exploitation,3.0,0.28,map50,0.7603
yolo11n,A_unfinetuned,grid_search,4.0,0.5,map50,0.7979
yolo11n,B_finetuned_unsupervised,baseline,0.0,0.0,map50,0.0
yolo11n,B_finetuned_unsupervised,bo_exploration,3.0,0.5,map50,0.7344
yolo11n,B_finetuned_unsupervised,bo_exploitation,2.0,0.33,map50,0.5691
yolo11n,B_finetuned_unsupervised,grid_search,4.0,0.5,map50,0.7632
yolo11n,C_finetuned_supervised,bo_exploration,3.0,0.23,map50,0.7364
yolo11n,C_finetuned_supervised,bo_exploitation,3.0,0.39,map50,0.732
yolo11n,C_finetuned_supervised,grid_search,4.0,0.0,map50,0.7858
yolo11m,A_unfinetuned,baseline,0.0,0.0,map50,0.0009
yolo11m,A_unfinetuned,bo_exploration,3.0,0.38,map50,0.6794
yolo11m,A_unfinetuned,bo_exploitation,3.0,0.39,map50,0.6799
yolo11m,A_unfinetuned,grid_search,4.0,0.5,map50,0.6963
yolo11m,B_finetuned_unsupervised,baseline,0.0,0.0,map50,0.0
yolo11m,B_finetuned_unsupervised,bo_exploration,3.0,0.35,map50,0.7982
yolo11m,B_finetuned_unsupervised,bo_exploitation,3.0,0.5,map50,0.8003
yolo11m,B_finetuned_unsupervised,grid_search,4.0,0.5,map50,0.8225
yolo11m,C_finetuned_supervised,bo_exploration,3.0,0.2,map50,0.7991
yolo11m,C_finetuned_supervised,bo_exploitation,3.0,0.31,map50,0.7983
yolo11m,C_finetuned_supervised,grid_search,4.0,0.0,map50,0.8383
yolo11n,A_unfinetuned,baseline,0.0,0.0,map50,0.0006
yolo11n,A_unfinetuned,bo_exploration,3.0,0.0,map50,0.7427
yolo11n,A_unfinetuned,bo_exploitation,4.0,0.0,map50,0.7836
yolo11n,A_unfinetuned,grid_search,4.0,0.5,map50,0.7525
yolo11n,B_finetuned_unsupervised,baseline,0.0,0.0,map50,0.0
yolo11n,B_finetuned_unsupervised,bo_exploration,4.0,0.0,map50,0.7861
yolo11n,B_finetuned_unsupervised,bo_exploitation,3.0,0.44,map50,0.7289
yolo11n,B_finetuned_unsupervised,grid_search,4.0,0.5,map50,0.7634
yolo11n,C_finetuned_supervised,bo_exploration,3.0,0.13,map50,0.7358
yolo11n,C_finetuned_supervised,bo_exploitation,2.0,0.38,map50,0.5651
yolo11n,C_finetuned_supervised,grid_search,4.0,0.0,map50,0.7861
yolo11n,A_unfinetuned,baseline,0.0,0.0,map50,0.0002
yolo11n,A_unfinetuned,bo_exploration,4.0,0.0,map50,0.7377
yolo11n,A_unfinetuned,bo_exploitation,3.0,0.04,map50,0.7
yolo11n,A_unfinetuned,grid_search,4.0,0.5,map50,0.7145
yolo11n,B_finetuned_unsupervised,baseline,0.0,0.0,map50,0.0009
yolo11n,B_finetuned_unsupervised,bo_exploration,3.0,0.48,map50,0.6958
yolo11n,B_finetuned_unsupervised,bo_exploitation,3.0,0.16,map50,0.7041
yolo11n,B_finetuned_unsupervised,grid_search,4.0,0.5,map50,0.7285
yolo11n,C_finetuned_supervised,bo_exploration,3.0,0.48,map50,0.6958
yolo11n,C_finetuned_supervised,bo_exploitation,3.0,0.1,map50,0.7055
yolo11n,C_finetuned_supervised,grid_search,4.0,0.0,map50,0.7479
rtdetr-l,A_unfinetuned,baseline,0.0,0.0,map50,0.0
rtdetr-l,A_unfinetuned,bo_exploration,2.0,0.32,map50,0.4285
rtdetr-l,A_unfinetuned,bo_exploitation,3.0,0.13,map50,0.647
rtdetr-l,A_unfinetuned,grid_search,4.0,0.5,map50,0.7029
rtdetr-l,B_finetuned_unsupervised,baseline,0.0,0.0,map50,0.0008
rtdetr-l,B_finetuned_unsupervised,bo_exploration,2.0,0.17,map50,0.5111
rtdetr-l,B_finetuned_unsupervised,bo_exploitation,3.0,0.19,map50,0.65
rtdetr-l,B_finetuned_unsupervised,grid_search,4.0,0.5,map50,0.6698
rtdetr-l,C_finetuned_supervised,bo_exploration,3.0,0.23,map50,0.6475
rtdetr-l,C_finetuned_supervised,bo_exploitation,4.0,0.5,map50,0.6698
rtdetr-l,C_finetuned_supervised,grid_search,4.0,0.0,map50,0.6796
rtdetr-l,A_unfinetuned,baseline,0.0,0.0,map50,0.001
rtdetr-l,A_unfinetuned,bo_exploration,3.0,0.34,map50,0.6929
rtdetr-l,A_unfinetuned,bo_exploitation,2.0,0.18,map50,0.5378
rtdetr-l,A_unfinetuned,grid_search,4.0,0.5,map50,0.737
rtdetr-l,B_finetuned_unsupervised,baseline,0.0,0.0,map50,0.0006
rtdetr-l,B_finetuned_unsupervised,bo_exploration,3.0,0.01,map50,0.572
rtdetr-l,B_finetuned_unsupervised,bo_exploitation,3.0,0.17,map50,0.5732
rtdetr-l,B_finetuned_unsupervised,grid_search,4.0,0.5,map50,0.6032
rtdetr-l,C_finetuned_supervised,bo_exploration,3.0,0.01,map50,0.572
rtdetr-l,C_finetuned_supervised,bo_exploitation,4.0,0.24,map50,0.6036
rtdetr-l,C_finetuned_supervised,grid_search,4.0,0.0,map50,0.6099
rtdetr-l,A_unfinetuned,baseline,0.0,0.0,map50,0.0002
rtdetr-l,A_unfinetuned,bo_exploration,3.0,0.37,map50,0.52
rtdetr-l,A_unfinetuned,bo_exploitation,3.0,0.43,map50,0.5228
rtdetr-l,A_unfinetuned,grid_search,4.0,0.5,map50,0.5523
rtdetr-l,B_finetuned_unsupervised,baseline,0.0,0.0,map50,0.001
rtdetr-l,B_finetuned_unsupervised,bo_exploration,3.0,0.43,map50,0.6541
rtdetr-l,B_finetuned_unsupervised,bo_exploitation,3.0,0.46,map50,0.658
rtdetr-l,B_finetuned_unsupervised,grid_search,4.0,0.5,map50,0.6902
rtdetr-l,C_finetuned_supervised,bo_exploration,2.0,0.07,map50,0.5063
rtdetr-l,C_finetuned_supervised,bo_exploitation,3.0,0.0,map50,0.646
rtdetr-l,C_finetuned_supervised,grid_search,4.0,0.0,map50,0.699
rtdetr-l,A_unfinetuned,baseline,0.0,0.0,map50,0.0
rtdetr-l,A_unfinetuned,bo_exploration,3.0,0.36,map50,0.6103
rtdetr-l,A_unfinetuned,bo_exploitation,3.0,0.48,map50,0.6131
rtdetr-l,A_unfinetuned,grid_search,4.0,0.5,map50,0.6634
rtdetr-l,B_finetuned_unsupervised,baseline,0.0,0.0,map50,0.0027
rtdetr-l,B_finetuned_unsupervised,bo_exploration,4.0,0.5,map50,0.6371
rtdetr-l,B_finetuned_unsupervised,bo_exploitation,3.0,0.48,map50,0.6183
rtdetr-l,B_finetuned_unsupervised,grid_search,4.0,0.5,map50,0.6371
rtdetr-l,C_finetuned_supervised,bo_exploration,3.0,0.18,map50,0.6132
rtdetr-l,C_finetuned_supervised,bo_exploitation,4.0,0.0,map50,0.6403
rtdetr-l,C_finetuned_supervised,grid_search,4.0,0.5,map50,0.6371
rtdetr-l,A_unfinetuned,baseline,0.0,0.0,map50,0.0022
rtdetr-l,A_unfinetuned,bo_exploration,4.0,0.5,map50,0.5662
rtdetr-l,A_unfinetuned,bo_exploitation,3.0,0.34,map50,0.5152
rtdetr-l,A_unfinetuned,grid_search,4.0,0.5,map50,0.5662
rtdetr-l,B_finetuned_unsupervised,baseline,0.0,0.0,map50,0.0001
rtdetr-l,B_finetuned_unsupervised,bo_exploration,3.0,0.21,map50,0.5811
rtdetr-l,B_finetuned_unsupervised,bo_exploitation,3.0,0.36,map50,0.5809
rtdetr-l,B_finetuned_unsupervised,grid_search,4.0,0.5,map50,0.6098
rtdetr-l,C_finetuned_supervised,bo_exploration,3.0,0.31,map50,0.5846
rtdetr-l,C_finetuned_supervised,bo_exploitation,2.0,0.0,map50,0.4045
rtdetr-l,C_finetuned_supervised,grid_search,4.0,0.0,map50,0.6176
rtdetr-l,A_unfinetuned,baseline,0.0,0.0,map50,0.0
rtdetr-l,A_unfinetuned,bo_exploration,2.0,0.22,map50,0.3815
rtdetr-l,A_unfinetuned,bo_exploitation,3.0,0.35,map50,0.6604
rtdetr-l,A_unfinetuned,grid_search,4.0,0.5,map50,0.7381
rtdetr-l,B_finetuned_unsupervised,baseline,0.0,0.0,map50,0.0002
rtdetr-l,B_finetuned_unsupervised,bo_exploration,3.0,0.27,map50,0.6186
rtdetr-l,B_finetuned_unsupervised,bo_exploitation,2.0,0.49,map50,0.4145
rtdetr-l,B_finetuned_unsupervised,grid_search,4.0,0.5,map50,0.6825
rtdetr-l,C_finetuned_supervised,bo_exploration,3.0,0.14,map50,0.6237
rtdetr-l,C_finetuned_supervised,bo_exploitation,4.0,0.0,map50,0.6732
rtdetr-l,C_finetuned_supervised,grid_search,4.0,0.25,map50,0.6679
rtdetr-l,A_unfinetuned,baseline,0.0,0.0,map50,0.0013
rtdetr-l,A_unfinetuned,bo_exploration,3.0,0.28,map50,0.6113
rtdetr-l,A_unfinetuned,bo_exploitation,2.0,0.49,map50,0.4444
rtdetr-l,A_unfinetuned,grid_search,4.0,0.5,map50,0.6468
rtdetr-l,B_finetuned_unsupervised,baseline,0.0,0.0,map50,0.0005
rtdetr-l,B_finetuned_unsupervised,bo_exploration,2.0,0.46,map50,0.4466
rtdetr-l,B_finetuned_unsupervised,bo_exploitation,4.0,0.0,map50,0.6871
rtdetr-l,B_finetuned_unsupervised,grid_search,4.0,0.5,map50,0.6727
rtdetr-l,C_finetuned_supervised,bo_exploration,3.0,0.31,map50,0.6289
rtdetr-l,C_finetuned_supervised,bo_exploitation,3.0,0.0,map50,0.6231
rtdetr-l,C_finetuned_supervised,grid_search,4.0,0.0,map50,0.6871
rtdetr-l,A_unfinetuned,baseline,0.0,0.0,map50,0.0005
rtdetr-l,A_unfinetuned,bo_exploration,3.0,0.29,map50,0.536
rtdetr-l,A_unfinetuned,bo_exploitation,3.0,0.5,map50,0.5369
rtdetr-l,A_unfinetuned,grid_search,4.0,0.5,map50,0.5932
yolo11n,B_finetuned_unsupervised,baseline,0.0,0.0,map50,0.0002
yolo11n,B_finetuned_unsupervised,bo_exploration,3.0,0.42,map50,0.6825
yolo11n,B_finetuned_unsupervised,bo_exploitation,3.0,0.09,map50,0.692
yolo11n,B_finetuned_unsupervised,grid_search,4.0,0.5,map50,0.7236
yolo11n,C_finetuned_supervised,bo_exploration,2.0,0.18,map50,0.5029
yolo11n,C_finetuned_supervised,bo_exploitation,3.0,0.43,map50,0.6836
yolo11n,C_finetuned_supervised,grid_search,4.0,0.0,map50,0.7419
yolo11m,A_unfinetuned,baseline,0.0,0.0,map50,0.0004
yolo11m,A_unfinetuned,bo_exploration,3.0,0.27,map50,0.6422
yolo11m,A_unfinetuned,bo_exploitation,3.0,0.28,map50,0.6433
yolo11m,A_unfinetuned,grid_search,4.0,0.5,map50,0.6541
yolo11m,B_finetuned_unsupervised,baseline,0.0,0.0,map50,0.0
yolo11m,B_finetuned_unsupervised,bo_exploration,2.0,0.48,map50,0.6419
yolo11m,B_finetuned_unsupervised,bo_exploitation,3.0,0.4,map50,0.7981
yolo11m,B_finetuned_unsupervised,grid_search,4.0,0.5,map50,0.8219
yolo11m,C_finetuned_supervised,bo_exploration,3.0,0.06,map50,0.8018
yolo11m,C_finetuned_supervised,bo_exploitation,4.0,0.0,map50,0.8381
yolo11m,C_finetuned_supervised,grid_search,4.0,0.25,map50,0.8224
yolo11n,A_unfinetuned,baseline,0.0,0.0,map50,0.0004
yolo11n,A_unfinetuned,bo_exploration,3.0,0.44,map50,0.664
yolo11n,A_unfinetuned,bo_exploitation,2.0,0.21,map50,0.4614
yolo11n,A_unfinetuned,grid_search,4.0,0.5,map50,0.7057
yolo11n,B_finetuned_unsupervised,baseline,0.0,0.0,map50,0.0
yolo11n,B_finetuned_unsupervised,bo_exploration,2.0,0.27,map50,0.5662
yolo11n,B_finetuned_unsupervised,bo_exploitation,4.0,0.5,map50,0.7629
yolo11n,B_finetuned_unsupervised,grid_search,4.0,0.5,map50,0.7629
yolo11n,C_finetuned_supervised,bo_exploration,3.0,0.2,map50,0.7368
yolo11n,C_finetuned_supervised,bo_exploitation,3.0,0.0,map50,0.7317
yolo11n,C_finetuned_supervised,grid_search,4.0,0.0,map50,0.7857
yolo11m,A_unfinetuned,baseline,0.0,0.0,map50,0.0005
yolo11m,A_unfinetuned,bo_exploration,2.0,0.11,map50,0.4358
yolo11m,A_unfinetuned,bo_exploitation,3.0,0.42,map50,0.5668
yolo11m,A_unfinetuned,grid_search,4.0,0.5,map50,0.5873
yolo11m,B_finetuned_unsupervised,baseline,0.0,0.0,map50,0.0004
yolo11m,B_finetuned_unsupervised,bo_exploration,3.0,0.35,map50,0.7437
yolo11m,B_finetuned_unsupervised,bo_exploitation,2.0,0.15,map50,0.627
yolo11m,B_finetuned_unsupervised,grid_search,4.0,0.5,map50,0.7535
yolo11m,C_finetuned_supervised,bo_exploration,4.0,0.0,map50,0.7696
yolo11m,C_finetuned_supervised,bo_exploitation,4.0,0.5,map50,0.7535
yolo11m,C_finetuned_supervised,grid_search,4.0,0.0,map50,0.7696
yolo11n,A_unfinetuned,baseline,0.0,0.0,map50,0.0002
yolo11n,A_unfinetuned,bo_exploration,3.0,0.17,map50,0.731
yolo11n,A_unfinetuned,bo_exploitation,3.0,0.37,map50,0.7158
yolo11n,A_unfinetuned,grid_search,4.0,0.5,map50,0.7587
yolo11n,B_finetuned_unsupervised,baseline,0.0,0.0,map50,0.0
yolo11n,B_finetuned_unsupervised,bo_exploration,4.0,0.5,map50,0.7621
yolo11n,B_finetuned_unsupervised,bo_exploitation,3.0,0.27,map50,0.7302
yolo11n,B_finetuned_unsupervised,grid_search,4.0,0.5,map50,0.7621
yolo11n,C_finetuned_supervised,bo_exploration,3.0,0.19,map50,0.7357
yolo11n,C_finetuned_supervised,bo_exploitation,3.0,0.38,map50,0.7287
yolo11n,C_finetuned_supervised,grid_search,4.0,0.0,map50,0.7848
yolo11m,A_unfinetuned,baseline,0.0,0.0,map50,0.0001
yolo11m,A_unfinetuned,bo_exploration,3.0,0.3,map50,0.6705
yolo11m,A_unfinetuned,bo_exploitation,2.0,0.5,map50,0.5214
yolo11m,A_unfinetuned,grid_search,4.0,0.5,map50,0.6975
yolo11m,B_finetuned_unsupervised,baseline,0.0,0.0,map50,0.0
yolo11m,B_finetuned_unsupervised,bo_exploration,4.0,0.0,map50,0.8382
yolo11m,B_finetuned_unsupervised,bo_exploitation,3.0,0.5,map50,0.7999
yolo11m,B_finetuned_unsupervised,grid_search,4.0,0.5,map50,0.8221
yolo11m,C_finetuned_supervised,bo_exploration,3.0,0.5,map50,0.7999
yolo11m,C_finetuned_supervised,bo_exploitation,3.0,0.16,map50,0.8023
yolo11m,C_finetuned_supervised,grid_search,4.0,0.0,map50,0.8382
yolo11n,A_unfinetuned,baseline,0.0,0.0,map50,0.0
yolo11n,A_unfinetuned,bo_exploration,3.0,0.37,map50,0.6935
yolo11n,A_unfinetuned,bo_exploitation,3.0,0.32,map50,0.7018
yolo11n,A_unfinetuned,grid_search,4.0,0.5,map50,0.7389
yolo11n,B_finetuned_unsupervised,baseline,0.0,0.0,map50,0.0003
yolo11n,B_finetuned_unsupervised,bo_exploration,4.0,0.0,map50,0.766
yolo11n,B_finetuned_unsupervised,bo_exploitation,2.0,0.21,map50,0.5084
yolo11n,B_finetuned_unsupervised,grid_search,4.0,0.5,map50,0.7405
yolo11n,C_finetuned_supervised,bo_exploration,3.0,0.0,map50,0.7087
yolo11n,C_finetuned_supervised,bo_exploitation,3.0,0.19,map50,0.709
yolo11n,C_finetuned_supervised,grid_search,4.0,0.0,map50,0.766
yolo11m,A_unfinetuned,baseline,0.0,0.0,map50,0.0006
yolo11m,A_unfinetuned,bo_exploration,3.0,0.49,map50,0.6286
yolo11m,A_unfinetuned,bo_exploitation,3.0,0.48,map50,0.6296
yolo11m,A_unfinetuned,grid_search,4.0,0.5,map50,0.6486
yolo11m,B_finetuned_unsupervised,baseline,0.0,0.0,map50,0.0003
yolo11m,B_finetuned_unsupervised,bo_exploration,3.0,0.41,map50,0.704
yolo11m,B_finetuned_unsupervised,bo_exploitation,3.0,0.35,map50,0.7043
yolo11m,B_finetuned_unsupervised,grid_search,4.0,0.5,map50,0.7186
yolo11m,C_finetuned_supervised,bo_exploration,3.0,0.5,map50,0.7046
yolo11m,C_finetuned_supervised,bo_exploitation,3.0,0.11,map50,0.7055
yolo11m,C_finetuned_supervised,grid_search,4.0,0.0,map50,0.7323
yolo11n,A_unfinetuned,baseline,0.0,0.0,map50,0.0
yolo11n,A_unfinetuned,bo_exploration,2.0,0.11,map50,0.5249
yolo11n,A_unfinetuned,bo_exploitation,3.0,0.3,map50,0.7311
yolo11n,A_unfinetuned,grid_search,4.0,0.5,map50,0.7601
yolo11n,B_finetuned_unsupervised,baseline,0.0,0.0,map50,0.0009
yolo11n,B_finetuned_unsupervised,bo_exploration,3.0,0.28,map50,0.699
yolo11n,B_finetuned_unsupervised,bo_exploitation,3.0,0.5,map50,0.6996
yolo11n,B_finetuned_unsupervised,grid_search,4.0,0.5,map50,0.7283
yolo11n,C_finetuned_supervised,bo_exploration,2.0,0.28,map50,0.5256
yolo11n,C_finetuned_supervised,bo_exploitation,3.0,0.23,map50,0.7011
yolo11n,C_finetuned_supervised,grid_search,4.0,0.0,map50,0.7475
yolo11m,A_unfinetuned,baseline,0.0,0.0,map50,0.0006
yolo11m,A_unfinetuned,bo_exploration,2.0,0.38,map50,0.5232
yolo11m,A_unfinetuned,bo_exploitation,3.0,0.12,map50,0.6253
yolo11m,A_unfinetuned,grid_search,4.0,0.5,map50,0.6257
rtdetr-l,A_unfinetuned,baseline,0.0,0.0,map50,0.0003
rtdetr-l,A_unfinetuned,bo_exploration,2.0,0.48,map50,0.427
rtdetr-l,A_unfinetuned,bo_exploitation,3.0,0.42,map50,0.6304
rtdetr-l,A_unfinetuned,grid_search,4.0,0.5,map50,0.6649
rtdetr-l,B_finetuned_unsupervised,baseline,0.0,0.0,map50,0.0003
rtdetr-l,B_finetuned_unsupervised,bo_exploration,4.0,0.5,map50,0.6611
rtdetr-l,B_finetuned_unsupervised,bo_exploitation,3.0,0.41,map50,0.6334
rtdetr-l,B_finetuned_unsupervised,grid_search,4.0,0.5,map50,0.6611
rtdetr-l,C_finetuned_supervised,bo_exploration,2.0,0.01,map50,0.4735
rtdetr-l,C_finetuned_supervised,bo_exploitation,2.0,0.21,map50,0.4693
rtdetr-l,C_finetuned_supervised,grid_search,4.0,0.0,map50,0.6694
rtdetr-l,A_unfinetuned,baseline,0.0,0.0,map50,0.0014
rtdetr-l,A_unfinetuned,bo_exploration,4.0,0.25,map50,0.6756
rtdetr-l,A_unfinetuned,bo_exploitation,2.0,0.47,map50,0.4784
rtdetr-l,A_unfinetuned,grid_search,4.0,0.5,map50,0.673
rtdetr-l,B_finetuned_unsupervised,baseline,0.0,0.0,map50,0.0004
rtdetr-l,B_finetuned_unsupervised,bo_exploration,4.0,0.5,map50,0.682
rtdetr-l,B_finetuned_unsupervised,bo_exploitation,3.0,0.38,map50,0.6334
rtdetr-l,B_finetuned_unsupervised,grid_search,4.0,0.5,map50,0.682
rtdetr-l,C_finetuned_supervised,bo_exploration,3.0,0.37,map50,0.63
rtdetr-l,C_finetuned_supervised,bo_exploitation,3.0,0.5,map50,0.6308
rtdetr-l,C_finetuned_supervised,grid_search,4.0,0.25,map50,0.6685
rtdetr-l,A_unfinetuned,baseline,0.0,0.0,map50,0.0046
rtdetr-l,A_unfinetuned,bo_exploration,3.0,0.41,map50,0.531
rtdetr-l,A_unfinetuned,bo_exploitation,4.0,0.5,map50,0.5671
rtdetr-l,A_unfinetuned,grid_search,4.0,0.5,map50,0.5671
rtdetr-l,B_finetuned_unsupervised,baseline,0.0,0.0,map50,0.0007
rtdetr-l,B_finetuned_unsupervised,bo_exploration,4.0,0.5,map50,0.7366
rtdetr-l,B_finetuned_unsupervised,bo_exploitation,3.0,0.5,map50,0.699
rtdetr-l,B_finetuned_unsupervised,grid_search,4.0,0.5,map50,0.7366
rtdetr-l,C_finetuned_supervised,bo_exploration,3.0,0.19,map50,0.6985
rtdetr-l,C_finetuned_supervised,bo_exploitation,3.0,0.09,map50,0.6995
rtdetr-l,C_finetuned_supervised,grid_search,4.0,0.0,map50,0.7388
rtdetr-l,A_unfinetuned,baseline,0.0,0.0,map50,0.0
rtdetr-l,A_unfinetuned,bo_exploration,2.0,0.21,map50,0.4111
rtdetr-l,A_unfinetuned,bo_exploitation,3.0,0.37,map50,0.6372
rtdetr-l,A_unfinetuned,grid_search,4.0,0.5,map50,0.6959
rtdetr-l,B_finetuned_unsupervised,baseline,0.0,0.0,map50,0.0002
rtdetr-l,B_finetuned_unsupervised,bo_exploration,3.0,0.5,map50,0.5742
rtdetr-l,B_finetuned_unsupervised,bo_exploitation,3.0,0.29,map50,0.5752
rtdetr-l,B_finetuned_unsupervised,grid_search,4.0,0.5,map50,0.6168
rtdetr-l,C_finetuned_supervised,bo_exploration,3.0,0.07,map50,0.5837
rtdetr-l,C_finetuned_supervised,bo_exploitation,3.0,0.32,map50,0.5762
rtdetr-l,C_finetuned_supervised,grid_search,4.0,0.0,map50,0.6308
rtdetr-l,A_unfinetuned,baseline,0.0,0.0,map50,0.0
rtdetr-l,A_unfinetuned,bo_exploration,3.0,0.49,map50,0.5603
rtdetr-l,A_unfinetuned,bo_exploitation,3.0,0.46,map50,0.5606
rtdetr-l,A_unfinetuned,grid_search,4.0,0.5,map50,0.6125
rtdetr-l,B_finetuned_unsupervised,baseline,0.0,0.0,map50,0.0005
rtdetr-l,B_finetuned_unsupervised,bo_exploration,3.0,0.5,map50,0.6688
rtdetr-l,B_finetuned_unsupervised,bo_exploitation,3.0,0.36,map50,0.6643
rtdetr-l,B_finetuned_unsupervised,grid_search,4.0,0.5,map50,0.7126
rtdetr-l,C_finetuned_supervised,bo_exploration,3.0,0.08,map50,0.6675
rtdetr-l,C_finetuned_supervised,bo_exploitation,4.0,0.0,map50,0.719
rtdetr-l,C_finetuned_supervised,grid_search,4.0,0.0,map50,0.719
rtdetr-l,A_unfinetuned,baseline,0.0,0.0,map50,0.0001
rtdetr-l,A_unfinetuned,bo_exploration,3.0,0.39,map50,0.6877
rtdetr-l,A_unfinetuned,bo_exploitation,3.0,0.31,map50,0.6882
rtdetr-l,A_unfinetuned,grid_search,4.0,0.5,map50,0.7348
rtdetr-l,B_finetuned_unsupervised,baseline,0.0,0.0,map50,0.006
rtdetr-l,B_finetuned_unsupervised,bo_exploration,4.0,0.5,map50,0.5932
rtdetr-l,B_finetuned_unsupervised,bo_exploitation,3.0,0.43,map50,0.5522
rtdetr-l,B_finetuned_unsupervised,grid_search,4.0,0.5,map50,0.5932
rtdetr-l,C_finetuned_supervised,bo_exploration,4.0,0.5,map50,0.5932
rtdetr-l,C_finetuned_supervised,bo_exploitation,3.0,0.31,map50,0.5535
rtdetr-l,C_finetuned_supervised,grid_search,4.0,0.0,map50,0.5942
rtdetr-l,A_unfinetuned,baseline,0.0,0.0,map50,0.0
rtdetr-l,A_unfinetuned,bo_exploration,2.0,0.33,map50,0.4094
rtdetr-l,A_unfinetuned,bo_exploitation,3.0,0.43,map50,0.6573
rtdetr-l,A_unfinetuned,grid_search,4.0,0.5,map50,0.7118
rtdetr-l,B_finetuned_unsupervised,baseline,0.0,0.0,map50,0.0002
rtdetr-l,B_finetuned_unsupervised,bo_exploration,3.0,0.5,map50,0.6723
rtdetr-l,B_finetuned_unsupervised,bo_exploitation,2.0,0.2,map50,0.482
rtdetr-l,B_finetuned_unsupervised,grid_search,4.0,0.5,map50,0.7062
rtdetr-l,C_finetuned_supervised,bo_exploration,4.0,0.5,map50,0.7062
rtdetr-l,C_finetuned_supervised,bo_exploitation,3.0,0.2,map50,0.6694
rtdetr-l,C_finetuned_supervised,grid_search,4.0,0.0,map50,0.7146
rtdetr-l,A_unfinetuned,baseline,0.0,0.0,map50,0.0003
rtdetr-l,A_unfinetuned,bo_exploration,3.0,0.42,map50,0.5732
rtdetr-l,A_unfinetuned,bo_exploitation,2.0,0.0,map50,0.3937
rtdetr-l,A_unfinetuned,grid_search,4.0,0.5,map50,0.6262
rtdetr-l,B_finetuned_unsupervised,baseline,0.0,0.0,map50,0.0
rtdetr-l,B_finetuned_unsupervised,bo_exploration,3.0,0.32,map50,0.7224
rtdetr-l,B_finetuned_unsupervised,bo_exploitation,3.0,0.44,map50,0.7213
rtdetr-l,B_finetuned_unsupervised,grid_search,4.0,0.5,map50,0.7506
rtdetr-l,C_finetuned_supervised,bo_exploration,3.0,0.29,map50,0.7213
rtdetr-l,C_finetuned_supervised,bo_exploitation,3.0,0.21,map50,0.7228
rtdetr-l,C_finetuned_supervised,grid_search,4.0,0.0,map50,0.7636
yolo11n,B_finetuned_unsupervised,baseline,0.0,0.0,map50,0.0009
yolo11n,B_finetuned_unsupervised,bo_exploration,3.0,0.27,map50,0.6987
yolo11n,B_finetuned_unsupervised,bo_exploitation,2.0,0.32,map50,0.522
yolo11n,B_finetuned_unsupervised,grid_search,4.0,0.5,map50,0.7287
yolo11n,C_finetuned_supervised,bo_exploration,4.0,0.0,map50,0.7482
yolo11n,C_finetuned_supervised,bo_exploitation,2.0,0.0,map50,0.5462
yolo11n,C_finetuned_supervised,grid_search,4.0,0.0,map50,0.7482
yolo11m,A_unfinetuned,baseline,0.0,0.0,map50,0.0006
yolo11m,A_unfinetuned,bo_exploration,3.0,0.09,map50,0.6989
yolo11m,A_unfinetuned,bo_exploitation,3.0,0.05,map50,0.6965
yolo11m,A_unfinetuned,grid_search,4.0,0.5,map50,0.691
yolo11m,B_finetuned_unsupervised,baseline,0.0,0.0,map50,0.0003
yolo11m,B_finetuned_unsupervised,bo_exploration,3.0,0.35,map50,0.7377
yolo11m,B_finetuned_unsupervised,bo_exploitation,2.0,0.41,map50,0.6056
yolo11m,B_finetuned_unsupervised,grid_search,4.0,0.5,map50,0.7513
yolo11m,C_finetuned_supervised,bo_exploration,3.0,0.31,map50,0.7372
yolo11m,C_finetuned_supervised,bo_exploitation,4.0,0.0,map50,0.7668
yolo11m,C_finetuned_supervised,grid_search,4.0,0.0,map50,0.7668
yolo11n,A_unfinetuned,baseline,0.0,0.0,map50,0.002
yolo11n,A_unfinetuned,bo_exploration,3.0,0.31,map50,0.6714
yolo11n,A_unfinetuned,bo_exploitation,3.0,0.47,map50,0.6665
yolo11n,A_unfinetuned,grid_search,4.0,0.5,map50,0.6912
yolo11n,B_finetuned_unsupervised,baseline,0.0,0.0,map50,0.0
yolo11n,B_finetuned_unsupervised,bo_exploration,3.0,0.39,map50,0.7299
yolo11n,B_finetuned_unsupervised,bo_exploitation,3.0,0.26,map50,0.728
yolo11n,B_finetuned_unsupervised,grid_search,4.0,0.5,map50,0.7612
yolo11n,C_finetuned_supervised,bo_exploration,3.0,0.23,map50,0.7348
yolo11n,C_finetuned_supervised,bo_exploitation,2.0,0.04,map50,0.5812
yolo11n,C_finetuned_supervised,grid_search,4.0,0.0,map50,0.784
yolo11m,A_unfinetuned,baseline,0.0,0.0,map50,0.0001
yolo11m,A_unfinetuned,bo_exploration,4.0,0.5,map50,0.6242
yolo11m,A_unfinetuned,bo_exploitation,3.0,0.35,map50,0.6089
yolo11m,A_unfinetuned,grid_search,4.0,0.5,map50,0.6242
yolo11m,B_finetuned_unsupervised,baseline,0.0,0.0,map50,0.0006
yolo11m,B_finetuned_unsupervised,bo_exploration,3.0,0.46,map50,0.7428
yolo11m,B_finetuned_unsupervised,bo_exploitation,2.0,0.3,map50,0.6257
yolo11m,B_finetuned_unsupervised,grid_search,4.0,0.5,map50,0.7524
yolo11m,C_finetuned_supervised,bo_exploration,3.0,0.07,map50,0.7457
yolo11m,C_finetuned_supervised,bo_exploitation,2.0,0.16,map50,0.625
yolo11m,C_finetuned_supervised,grid_search,4.0,0.0,map50,0.7684
yolo11n,A_unfinetuned,baseline,0.0,0.0,map50,0.0
yolo11n,A_unfinetuned,bo_exploration,3.0,0.5,map50,0.7553
yolo11n,A_unfinetuned,bo_exploitation,3.0,0.26,map50,0.7535
yolo11n,A_unfinetuned,grid_search,4.0,0.5,map50,0.7877
yolo11n,B_finetuned_unsupervised,baseline,0.0,0.0,map50,0.0
yolo11n,B_finetuned_unsupervised,bo_exploration,3.0,0.04,map50,0.7344
yolo11n,B_finetuned_unsupervised,bo_exploitation,3.0,0.22,map50,0.7358
yolo11n,B_finetuned_unsupervised,grid_search,4.0,0.5,map50,0.763
yolo11n,C_finetuned_supervised,bo_exploration,3.0,0.02,map50,0.7365
yolo11n,C_finetuned_supervised,bo_exploitation,3.0,0.5,map50,0.7342
yolo11n,C_finetuned_supervised,grid_search,4.0,0.0,map50,0.7857
yolo11m,A_unfinetuned,baseline,0.0,0.0,map50,0.0001
yolo11m,A_unfinetuned,bo_exploration,4.0,0.36,map50,0.708
yolo11m,A_unfinetuned,bo_exploitation,3.0,0.41,map50,0.6799
yolo11m,A_unfinetuned,grid_search,4.0,0.5,map50,0.7064
yolo11m,B_finetuned_unsupervised,baseline,0.0,0.0,map50,0.0006
yolo11m,B_finetuned_unsupervised,bo_exploration,3.0,0.44,map50,0.7435
yolo11m,B_finetuned_unsupervised,bo_exploitation,3.0,0.28,map50,0.7433
yolo11m,B_finetuned_unsupervised,grid_search,4.0,0.5,map50,0.7536
yolo11m,C_finetuned_supervised,bo_exploration,4.0,0.5,map50,0.7536
yolo11m,C_finetuned_supervised,bo_exploitation,3.0,0.5,map50,0.7425
yolo11m,C_finetuned_supervised,grid_search,4.0,0.0,map50,0.7697
yolo11n,A_unfinetuned,baseline,0.0,0.0,map50,0.0
yolo11n,A_unfinetuned,bo_exploration,4.0,0.0,map50,0.82
yolo11n,A_unfinetuned,bo_exploitation,3.0,0.0,map50,0.7366
yolo11n,A_unfinetuned,grid_search,4.0,0.5,map50,0.7828
yolo11n,B_finetuned_unsupervised,baseline,0.0,0.0,map50,0.0007
yolo11n,B_finetuned_unsupervised,bo_exploration,3.0,0.27,map50,0.7259
yolo11n,B_finetuned_unsupervised,bo_exploitation,2.0,0.32,map50,0.5491
yolo11n,B_finetuned_unsupervised,grid_search,4.0,0.5,map50,0.7595
yolo11n,C_finetuned_supervised,bo_exploration,2.0,0.03,map50,0.5606
yolo11n,C_finetuned_supervised,bo_exploitation,3.0,0.05,map50,0.732
yolo11n,C_finetuned_supervised,grid_search,4.0,0.0,map50,0.7792
yolo11m,A_unfinetuned,baseline,0.0,0.0,map50,0.0008
yolo11m,A_unfinetuned,bo_exploration,3.0,0.25,map50,0.6815
yolo11m,A_unfinetuned,bo_exploitation,2.0,0.21,map50,0.5575
yolo11m,A_unfinetuned,grid_search,4.0,0.5,map50,0.7028
yolo11m,B_finetuned_unsupervised,baseline,0.0,0.0,map50,0.0
yolo11m,B_finetuned_unsupervised,bo_exploration,3.0,0.39,map50,0.7981
yolo11m,B_finetuned_unsupervised,bo_exploitation,4.0,0.5,map50,0.8221
yolo11m,B_finetuned_unsupervised,grid_search,4.0,0.5,map50,0.8221
yolo11m,C_finetuned_supervised,bo_exploration,3.0,0.46,map50,0.7992
yolo11m,C_finetuned_supervised,bo_exploitation,4.0,0.5,map50,0.8221
yolo11m,C_finetuned_supervised,grid_search,4.0,0.0,map50,0.8381
yolo11n,A_unfinetuned,baseline,0.0,0.0,map50,0.0
yolo11n,A_unfinetuned,bo_exploration,2.0,0.48,map50,0.5225
yolo11n,A_unfinetuned,bo_exploitation,2.0,0.35,map50,0.5654
yolo11n,A_unfinetuned,grid_search,4.0,0.5,map50,0.7883
yolo11n,B_finetuned_unsupervised,baseline,0.0,0.0,map50,0.0
yolo11n,B_finetuned_unsupervised,bo_exploration,3.0,0.5,map50,0.7337
yolo11n,B_finetuned_unsupervised,bo_exploitation,3.0,0.45,map50,0.7339
yolo11n,B_finetuned_unsupervised,grid_search,4.0,0.5,map50,0.7625
yolo11n,C_finetuned_supervised,bo_exploration,3.0,0.0,map50,0.7313
yolo11n,C_finetuned_supervised,bo_exploitation,3.0,0.25,map50,0.7361
yolo11n,C_finetuned_supervised,grid_search,4.0,0.0,map50,0.7852
yolo11m,A_unfinetuned,baseline,0.0,0.0,map50,0.0014
yolo11m,A_unfinetuned,bo_exploration,3.0,0.44,map50,0.6474
yolo11m,A_unfinetuned,bo_exploitation,3.0,0.47,map50,0.6435
yolo11m,A_unfinetuned,grid_search,4.0,0.5,map50,0.6541
yolo11m,B_finetuned_unsupervised,baseline,0.0,0.0,map50,0.0006
yolo11m,B_finetuned_unsupervised,bo_exploration,3.0,0.48,map50,0.7416
yolo11m,B_finetuned_unsupervised,bo_exploitation,3.0,0.09,map50,0.7452
yolo11m,B_finetuned_unsupervised,grid_search,4.0,0.5,map50,0.7533
yolo11m,C_finetuned_supervised,bo_exploration,2.0,0.0,map50,0.6312
yolo11m,C_finetuned_supervised,bo_exploitation,3.0,0.05,map50,0.7454
yolo11m,C_finetuned_supervised,grid_search,4.0,0.0,map50,0.7693
yolo11n,A_unfinetuned,baseline,0.0,0.0,map50,0.0
yolo11n,A_unfinetuned,bo_exploration,4.0,0.5,map50,0.759
yolo11n,A_unfinetuned,bo_exploitation,3.0,0.48,map50,0.7106
yolo11n,A_unfinetuned,grid_search,4.0,0.5,map50,0.759
yolo11n,B_finetuned_unsupervised,baseline,0.0,0.0,map50,0.0007
yolo11n,B_finetuned_unsupervised,bo_exploration,4.0,0.06,map50,0.7624
yolo11n,B_finetuned_unsupervised,bo_exploitation,3.0,0.5,map50,0.7275
yolo11n,B_finetuned_unsupervised,grid_search,4.0,0.5,map50,0.759
yolo11n,C_finetuned_supervised,bo_exploration,4.0,0.0,map50,0.7786
yolo11n,C_finetuned_supervised,bo_exploitation,3.0,0.1,map50,0.7317
yolo11n,C_finetuned_supervised,grid_search,4.0,0.0,map50,0.7786
yolo11m,A_unfinetuned,baseline,0.0,0.0,map50,0.0004
yolo11m,A_unfinetuned,bo_exploration,3.0,0.5,map50,0.5967
yolo11m,A_unfinetuned,bo_exploitation,3.0,0.05,map50,0.6121
yolo11m,A_unfinetuned,grid_search,4.0,0.5,map50,0.6224
yolo11m,B_finetuned_unsupervised,baseline,0.0,0.0,map50,0.0006
yolo11m,B_finetuned_unsupervised,bo_exploration,3.0,0.32,map50,0.7433
yolo11m,B_finetuned_unsupervised,bo_exploitation,3.0,0.11,map50,0.7444
yolo11m,B_finetuned_unsupervised,grid_search,4.0,0.5,map50,0.7528
yolo11m,C_finetuned_supervised,bo_exploration,3.0,0.0,map50,0.7354
yolo11m,C_finetuned_supervised,bo_exploitation,3.0,0.16,map50,0.7448
yolo11m,C_finetuned_supervised,grid_search,4.0,0.0,map50,0.7688
yolo11n,A_unfinetuned,baseline,0.0,0.0,map50,0.0
yolo11n,A_unfinetuned,bo_exploration,3.0,0.38,map50,0.7515
yolo11n,A_unfinetuned,bo_exploitation,3.0,0.01,map50,0.7607
yolo11n,A_unfinetuned,grid_search,4.0,0.5,map50,0.7926
yolo11n,B_finetuned_unsupervised,baseline,0.0,0.0,map50,0.0009
yolo11n,B_finetuned_unsupervised,bo_exploration,3.0,0.5,map50,0.7002
yolo11n,B_finetuned_unsupervised,bo_exploitation,3.0,0.31,map50,0.6993
yolo11n,B_finetuned_unsupervised,grid_search,4.0,0.5,map50,0.7285
yolo11n,C_finetuned_supervised,bo_exploration,4.0,0.0,map50,0.7479
yolo11n,C_finetuned_supervised,bo_exploitation,3.0,0.14,map50,0.7044
yolo11n,C_finetuned_supervised,grid_search,4.0,0.0,map50,0.7479
yolo11m,A_unfinetuned,baseline,0.0,0.0,map50,0.0009
yolo11m,A_unfinetuned,bo_exploration,2.0,0.47,map50,0.4585
yolo11m,A_unfinetuned,bo_exploitation,3.0,0.08,map50,0.5873
yolo11m,A_unfinetuned,grid_search,4.0,0.5,map50,0.5959
yolo11m,B_finetuned_unsupervised,baseline,0.0,0.0,map50,0.0003
yolo11m,B_finetuned_unsupervised,bo_exploration,3.0,0.15,map50,0.7417
yolo11m,B_finetuned_unsupervised,bo_exploitation,2.0,0.02,map50,0.6157
yolo11m,B_finetuned_unsupervised,grid_search,4.0,0.5,map50,0.751
yolo11m,C_finetuned_supervised,bo_exploration,4.0,0.5,map50,0.751
yolo11m,C_finetuned_supervised,bo_exploitation,2.0,0.15,map50,0.62
yolo11m,C_finetuned_supervised,grid_search,4.0,0.0,map50,0.7664
yolo11n,A_unfinetuned,baseline,0.0,0.0,map50,0.0003
yolo11n,A_unfinetuned,bo_exploration,3.0,0.4,map50,0.7443
yolo11n,A_unfinetuned,bo_exploitation,3.0,0.34,map50,0.7345
yolo11n,A_unfinetuned,grid_search,4.0,0.5,map50,0.7822
yolo11n,B_finetuned_unsupervised,baseline,0.0,0.0,map50,0.0001
yolo11n,B_finetuned_unsupervised,bo_exploration,2.0,0.47,map50,0.4881
yolo11n,B_finetuned_unsupervised,bo_exploitation,3.0,0.18,map50,0.6993
yolo11n,B_finetuned_unsupervised,grid_search,4.0,0.5,map50,0.7298
yolo11n,C_finetuned_supervised,bo_exploration,3.0,0.27,map50,0.6942
yolo11n,C_finetuned_supervised,bo_exploitation,4.0,0.0,map50,0.7483
yolo11n,C_finetuned_supervised,grid_search,4.0,0.0,map50,0.7483
yolo11m,A_unfinetuned,baseline,0.0,0.0,map50,0.0001
yolo11m,A_unfinetuned,bo_exploration,3.0,0.5,map50,0.6199
yolo11m,A_unfinetuned,bo_exploitation,3.0,0.27,map50,0.6211
yolo11m,A_unfinetuned,grid_search,4.0,0.5,map50,0.639
yolo11m,B_finetuned_unsupervised,baseline,0.0,0.0,map50,0.0003
yolo11m,B_finetuned_unsupervised,bo_exploration,4.0,0.5,map50,0.7499
yolo11m,B_finetuned_unsupervised,bo_exploitation,3.0,0.19,map50,0.7382
yolo11m,B_finetuned_unsupervised,grid_search,4.0,0.5,map50,0.7499
yolo11m,C_finetuned_supervised,bo_exploration,3.0,0.07,map50,0.74
yolo11m,C_finetuned_supervised,bo_exploitation,3.0,0.29,map50,0.7369
yolo11m,C_finetuned_supervised,grid_search,4.0,0.0,map50,0.7654
yolo11n,A_unfinetuned,baseline,0.0,0.0,map50,0.0
yolo11n,A_unfinetuned,bo_exploration,4.0,0.5,map50,0.7756
yolo11n,A_unfinetuned,bo_exploitation,3.0,0.42,map50,0.7243
yolo11n,A_unfinetuned,grid_search,4.0,0.5,map50,0.7756
yolo11n,B_finetuned_unsupervised,baseline,0.0,0.0,map50,0.0
yolo11n,B_finetuned_unsupervised,bo_exploration,4.0,0.5,map50,0.7634
yolo11n,B_finetuned_unsupervised,bo_exploitation,3.0,0.14,map50,0.7353
yolo11n,B_finetuned_unsupervised,grid_search,4.0,0.5,map50,0.7634
yolo11n,C_finetuned_supervised,bo_exploration,2.0,0.29,map50,0.5713
yolo11n,C_finetuned_supervised,bo_exploitation,3.0,0.41,map50,0.7235
yolo11n,C_finetuned_supervised,grid_search,4.0,0.0,map50,0.7861
yolo11n,A_unfinetuned,baseline,0.0,0.0,map50,0.0003
yolo11n,A_unfinetuned,bo_exploration,2.0,0.4,map50,0.5322
yolo11n,A_unfinetuned,bo_exploitation,3.0,0.15,map50,0.6865
yolo11n,A_unfinetuned,grid_search,4.0,0.5,map50,0.7079
yolo11n,B_finetuned_unsupervised,baseline,0.0,0.0,map50,0.0009
yolo11n,B_finetuned_unsupervised,bo_exploration,3.0,0.43,map50,0.6947
yolo11n,B_finetuned_unsupervised,bo_exploitation,2.0,0.08,map50,0.5247
yolo11n,B_finetuned_unsupervised,grid_search,4.0,0.5,map50,0.7287
yolo11n,C_finetuned_supervised,bo_exploration,4.0,0.5,map50,0.7287
yolo11n,C_finetuned_supervised,bo_exploitation,4.0,0.29,map50,0.7276
yolo11n,C_finetuned_supervised,grid_search,4.0,0.0,map50,0.7482
rtdetr-l,A_unfinetuned,baseline,0.0,0.0,map50,0.0009
rtdetr-l,A_unfinetuned,bo_exploration,2.0,0.49,map50,0.5646
rtdetr-l,A_unfinetuned,bo_exploitation,3.0,0.08,map50,0.7405
rtdetr-l,A_unfinetuned,grid_search,4.0,0.5,map50,0.7722
rtdetr-l,B_finetuned_unsupervised,baseline,0.0,0.0,map50,0.0
rtdetr-l,B_finetuned_unsupervised,bo_exploration,3.0,0.1,map50,0.634
rtdetr-l,B_finetuned_unsupervised,bo_exploitation,4.0,0.36,map50,0.6727
rtdetr-l,B_finetuned_unsupervised,grid_search,4.0,0.5,map50,0.6723
rtdetr-l,C_finetuned_supervised,bo_exploration,2.0,0.21,map50,0.4361
rtdetr-l,C_finetuned_supervised,bo_exploitation,4.0,0.5,map50,0.6723
rtdetr-l,C_finetuned_supervised,grid_search,4.0,0.0,map50,0.6808
rtdetr-l,A_unfinetuned,baseline,0.0,0.0,map50,0.0004
rtdetr-l,A_unfinetuned,bo_exploration,2.0,0.27,map50,0.3147
rtdetr-l,A_unfinetuned,bo_exploitation,2.0,0.48,map50,0.2995
rtdetr-l,A_unfinetuned,grid_search,4.0,0.5,map50,0.6129
rtdetr-l,B_finetuned_unsupervised,baseline,0.0,0.0,map50,0.0013
rtdetr-l,B_finetuned_unsupervised,bo_exploration,3.0,0.41,map50,0.5163
rtdetr-l,B_finetuned_unsupervised,bo_exploitation,3.0,0.43,map50,0.5177
rtdetr-l,B_finetuned_unsupervised,grid_search,4.0,0.5,map50,0.5545
rtdetr-l,C_finetuned_supervised,bo_exploration,3.0,0.03,map50,0.5328
rtdetr-l,C_finetuned_supervised,bo_exploitation,3.0,0.0,map50,0.5238
rtdetr-l,C_finetuned_supervised,grid_search,4.0,0.0,map50,0.5772
rtdetr-l,A_unfinetuned,baseline,0.0,0.0,map50,0.0021
rtdetr-l,A_unfinetuned,bo_exploration,4.0,0.5,map50,0.5741
rtdetr-l,A_unfinetuned,bo_exploitation,2.0,0.23,map50,0.2451
rtdetr-l,A_unfinetuned,grid_search,4.0,0.5,map50,0.5741
rtdetr-l,B_finetuned_unsupervised,baseline,0.0,0.0,map50,0.0006
rtdetr-l,B_finetuned_unsupervised,bo_exploration,4.0,0.49,map50,0.5875
rtdetr-l,B_finetuned_unsupervised,bo_exploitation,3.0,0.24,map50,0.5413
rtdetr-l,B_finetuned_unsupervised,grid_search,4.0,0.5,map50,0.588
rtdetr-l,C_finetuned_supervised,bo_exploration,3.0,0.16,map50,0.5496
rtdetr-l,C_finetuned_supervised,bo_exploitation,2.0,0.22,map50,0.375
rtdetr-l,C_finetuned_supervised,grid_search,4.0,0.0,map50,0.5935
rtdetr-l,A_unfinetuned,baseline,0.0,0.0,map50,0.0002
rtdetr-l,A_unfinetuned,bo_exploration,3.0,0.47,map50,0.6348
rtdetr-l,A_unfinetuned,bo_exploitation,2.0,0.43,map50,0.4011
rtdetr-l,A_unfinetuned,grid_search,4.0,0.5,map50,0.6861
rtdetr-l,B_finetuned_unsupervised,baseline,0.0,0.0,map50,0.0004
rtdetr-l,B_finetuned_unsupervised,bo_exploration,2.0,0.46,map50,0.3224
rtdetr-l,B_finetuned_unsupervised,bo_exploitation,3.0,0.45,map50,0.5297
rtdetr-l,B_finetuned_unsupervised,grid_search,4.0,0.5,map50,0.579
rtdetr-l,C_finetuned_supervised,bo_exploration,4.0,0.0,map50,0.5822
rtdetr-l,C_finetuned_supervised,bo_exploitation,3.0,0.16,map50,0.5305
rtdetr-l,C_finetuned_supervised,grid_search,4.0,0.0,map50,0.5822
rtdetr-l,A_unfinetuned,baseline,0.0,0.0,map50,0.0
rtdetr-l,A_unfinetuned,bo_exploration,3.0,0.48,map50,0.6142
rtdetr-l,A_unfinetuned,bo_exploitation,3.0,0.29,map50,0.6165
rtdetr-l,A_unfinetuned,grid_search,4.0,0.5,map50,0.68
rtdetr-l,B_finetuned_unsupervised,baseline,0.0,0.0,map50,0.0001
rtdetr-l,B_finetuned_unsupervised,bo_exploration,3.0,0.5,map50,0.6207
rtdetr-l,B_finetuned_unsupervised,bo_exploitation,3.0,0.39,map50,0.6221
rtdetr-l,B_finetuned_unsupervised,grid_search,4.0,0.5,map50,0.6644
rtdetr-l,C_finetuned_supervised,bo_exploration,4.0,0.0,map50,0.6574
rtdetr-l,C_finetuned_supervised,bo_exploitation,4.0,0.5,map50,0.6644
rtdetr-l,C_finetuned_supervised,grid_search,4.0,0.5,map50,0.6644
rtdetr-l,A_unfinetuned,baseline,0.0,0.0,map50,0.0
rtdetr-l,A_unfinetuned,bo_exploration,2.0,0.36,map50,0.4719
rtdetr-l,A_unfinetuned,bo_exploitation,2.0,0.3,map50,0.4845
rtdetr-l,A_unfinetuned,grid_search,4.0,0.5,map50,0.7723
rtdetr-l,B_finetuned_unsupervised,baseline,0.0,0.0,map50,0.0074
rtdetr-l,B_finetuned_unsupervised,bo_exploration,3.0,0.31,map50,0.6838
rtdetr-l,B_finetuned_unsupervised,bo_exploitation,3.0,0.41,map50,0.6862
rtdetr-l,B_finetuned_unsupervised,grid_search,4.0,0.5,map50,0.7035
rtdetr-l,C_finetuned_supervised,bo_exploration,2.0,0.35,map50,0.5473
rtdetr-l,C_finetuned_supervised,bo_exploitation,2.0,0.23,map50,0.5478
rtdetr-l,C_finetuned_supervised,grid_search,4.0,0.0,map50,0.708
rtdetr-l,A_unfinetuned,baseline,0.0,0.0,map50,0.0002
rtdetr-l,A_unfinetuned,bo_exploration,2.0,0.14,map50,0.4777
rtdetr-l,A_unfinetuned,bo_exploitation,3.0,0.15,map50,0.6452
rtdetr-l,A_unfinetuned,grid_search,4.0,0.5,map50,0.6936
rtdetr-l,B_finetuned_unsupervised,baseline,0.0,0.0,map50,0.0
rtdetr-l,B_finetuned_unsupervised,bo_exploration,3.0,0.5,map50,0.7277
rtdetr-l,B_finetuned_unsupervised,bo_exploitation,3.0,0.14,map50,0.726
rtdetr-l,B_finetuned_unsupervised,grid_search,4.0,0.5,map50,0.7693
rtdetr-l,C_finetuned_supervised,bo_exploration,4.0,0.0,map50,0.775
rtdetr-l,C_finetuned_supervised,bo_exploitation,2.0,0.1,map50,0.534
rtdetr-l,C_finetuned_supervised,grid_search,4.0,0.0,map50,0.775
rtdetr-l,A_unfinetuned,baseline,0.0,0.0,map50,0.0003
rtdetr-l,A_unfinetuned,bo_exploration,2.0,0.42,map50,0.4315
rtdetr-l,A_unfinetuned,bo_exploitation,3.0,0.28,map50,0.637
rtdetr-l,A_unfinetuned,grid_search,4.0,0.5,map50,0.6736
rtdetr-l,B_finetuned_unsupervised,baseline,0.0,0.0,map50,0.0003
rtdetr-l,B_finetuned_unsupervised,bo_exploration,3.0,0.44,map50,0.6093
rtdetr-l,B_finetuned_unsupervised,bo_exploitation,1.0,0.28,map50,0.0023
rtdetr-l,B_finetuned_unsupervised,grid_search,4.0,0.5,map50,0.6549
rtdetr-l,C_finetuned_supervised,bo_exploration,4.0,0.0,map50,0.6629
rtdetr-l,C_finetuned_supervised,bo_exploitation,3.0,0.04,map50,0.6126
rtdetr-l,C_finetuned_supervised,grid_search,4.0,0.0,map50,0.6629
yolo11n,B_finetuned_unsupervised,baseline,0.0,0.0,map50,0.0
yolo11n,B_finetuned_unsupervised,bo_exploration,3.0,0.5,map50,0.7215
yolo11n,B_finetuned_unsupervised,bo_exploitation,3.0,0.37,map50,0.7149
yolo11n,B_finetuned_unsupervised,grid_search,4.0,0.5,map50,0.7604
yolo11n,C_finetuned_supervised,bo_exploration,4.0,0.0,map50,0.7827
yolo11n,C_finetuned_supervised,bo_exploitation,4.0,0.0,map50,0.7827
yolo11n,C_finetuned_supervised,grid_search,4.0,0.0,map50,0.7827
yolo11m,A_unfinetuned,baseline,0.0,0.0,map50,0.0006
yolo11m,A_unfinetuned,bo_exploration,3.0,0.5,map50,0.5842
yolo11m,A_unfinetuned,bo_exploitation,2.0,0.42,map50,0.4392
yolo11m,A_unfinetuned,grid_search,4.0,0.5,map50,0.5929
yolo11m,B_finetuned_unsupervised,baseline,0.0,0.0,map50,0.0006
yolo11m,B_finetuned_unsupervised,bo_exploration,3.0,0.02,map50,0.7465
yolo11m,B_finetuned_unsupervised,bo_exploitation,4.0,0.0,map50,0.7693
yolo11m,B_finetuned_unsupervised,grid_search,4.0,0.5,map50,0.7533
yolo11m,C_finetuned_supervised,bo_exploration,3.0,0.5,map50,0.7424
yolo11m,C_finetuned_supervised,bo_exploitation,3.0,0.23,map50,0.742
yolo11m,C_finetuned_supervised,grid_search,4.0,0.0,map50,0.7693
yolo11n,A_unfinetuned,baseline,0.0,0.0,map50,0.0005
yolo11n,A_unfinetuned,bo_exploration,4.0,0.0,map50,0.7864
yolo11n,A_unfinetuned,bo_exploitation,3.0,0.02,map50,0.7499
yolo11n,A_unfinetuned,grid_search,4.0,0.5,map50,0.7596
yolo11n,B_finetuned_unsupervised,baseline,0.0,0.0,map50,0.0007
yolo11n,B_finetuned_unsupervised,bo_exploration,4.0,0.5,map50,0.7593
yolo11n,B_finetuned_unsupervised,bo_exploitation,3.0,0.48,map50,0.7235
yolo11n,B_finetuned_unsupervised,grid_search,4.0,0.5,map50,0.7593
yolo11n,C_finetuned_supervised,bo_exploration,3.0,0.21,map50,0.7278
yolo11n,C_finetuned_supervised,bo_exploitation,4.0,0.0,map50,0.7789
yolo11n,C_finetuned_supervised,grid_search,4.0,0.0,map50,0.7789
yolo11m,A_unfinetuned,baseline,0.0,0.0,map50,0.0003
yolo11m,A_unfinetuned,bo_exploration,3.0,0.12,map50,0.6205
yolo11m,A_unfinetuned,bo_exploitation,3.0,0.15,map50,0.6207
yolo11m,A_unfinetuned,grid_search,4.0,0.5,map50,0.6436
yolo11m,B_finetuned_unsupervised,baseline,0.0,0.0,map50,0.0004
yolo11m,B_finetuned_unsupervised,bo_exploration,4.0,0.0,map50,0.7686
yolo11m,B_finetuned_unsupervised,bo_exploitation,3.0,0.16,map50,0.7444
yolo11m,B_finetuned_unsupervised,grid_search,4.0,0.5,map50,0.7526
yolo11m,C_finetuned_supervised,bo_exploration,4.0,0.5,map50,0.7526
yolo11m,C_finetuned_supervised,bo_exploitation,3.0,0.21,map50,0.7412
yolo11m,C_finetuned_supervised,grid_search,4.0,0.0,map50,0.7686
yolo11n,A_unfinetuned,baseline,0.0,0.0,map50,0.0
yolo11n,A_unfinetuned,bo_exploration,3.0,0.5,map50,0.7652
yolo11n,A_unfinetuned,bo_exploitation,3.0,0.44,map50,0.7608
yolo11n,A_unfinetuned,grid_search,4.0,0.5,map50,0.7971
yolo11n,B_finetuned_unsupervised,baseline,0.0,0.0,map50,0.0002
yolo11n,B_finetuned_unsupervised,bo_exploration,3.0,0.43,map50,0.6852
yolo11n,B_finetuned_unsupervised,bo_exploitation,2.0,0.4,map50,0.5207
yolo11n,B_finetuned_unsupervised,grid_search,4.0,0.5,map50,0.7243
yolo11n,C_finetuned_supervised,bo_exploration,3.0,0.06,map50,0.694
yolo11n,C_finetuned_supervised,bo_exploitation,3.0,0.13,map50,0.6944
yolo11n,C_finetuned_supervised,grid_search,4.0,0.0,map50,0.7425
yolo11m,A_unfinetuned,baseline,0.0,0.0,map50,0.0003
yolo11m,A_unfinetuned,bo_exploration,4.0,0.0,map50,0.5931
yolo11m,A_unfinetuned,bo_exploitation,3.0,0.33,map50,0.5679
yolo11m,A_unfinetuned,grid_search,4.0,0.5,map50,0.5808
yolo11m,B_finetuned_unsupervised,baseline,0.0,0.0,map50,0.0006
yolo11m,B_finetuned_unsupervised,bo_exploration,4.0,0.0,map50,0.7697
yolo11m,B_finetuned_unsupervised,bo_exploitation,3.0,0.36,map50,0.7405
yolo11m,B_finetuned_unsupervised,grid_search,4.0,0.5,map50,0.7537
yolo11m,C_finetuned_supervised,bo_exploration,2.0,0.16,map50,0.6248
yolo11m,C_finetuned_supervised,bo_exploitation,4.0,0.5,map50,0.7537
yolo11m,C_finetuned_supervised,grid_search,4.0,0.0,map50,0.7697
yolo11n,A_unfinetuned,baseline,0.0,0.0,map50,0.0002
yolo11n,A_unfinetuned,bo_exploration,3.0,0.04,map50,0.723
yolo11n,A_unfinetuned,bo_exploitation,3.0,0.34,map50,0.7127
yolo11n,A_unfinetuned,grid_search,4.0,0.5,map50,0.7555
yolo11n,B_finetuned_unsupervised,baseline,0.0,0.0,map50,0.0007
yolo11n,B_finetuned_unsupervised,bo_exploration,2.0,0.43,map50,0.5485
yolo11n,B_finetuned_unsupervised,bo_exploitation,4.0,0.24,map50,0.7623
yolo11n,B_finetuned_unsupervised,grid_search,4.0,0.5,map50,0.7593
yolo11n,C_finetuned_supervised,bo_exploration,4.0,0.5,map50,0.7593
yolo11n,C_finetuned_supervised,bo_exploitation,4.0,0.0,map50,0.7789
yolo11n,C_finetuned_supervised,grid_search,4.0,0.0,map50,0.7789
yolo11m,A_unfinetuned,baseline,0.0,0.0,map50,0.0004
yolo11m,A_unfinetuned,bo_exploration,3.0,0.5,map50,0.6247
yolo11m,A_unfinetuned,bo_exploitation,3.0,0.28,map50,0.6257
yolo11m,A_unfinetuned,grid_search,4.0,0.5,map50,0.6421
yolo11m,B_finetuned_unsupervised,baseline,0.0,0.0,map50,0.0004
yolo11m,B_finetuned_unsupervised,bo_exploration,3.0,0.0,map50,0.7348
yolo11m,B_finetuned_unsupervised,bo_exploitation,3.0,0.32,map50,0.7431
yolo11m,B_finetuned_unsupervised,grid_search,4.0,0.5,map50,0.7526
yolo11m,C_finetuned_supervised,bo_exploration,4.0,0.5,map50,0.7526
yolo11m,C_finetuned_supervised,bo_exploitation,3.0,0.05,map50,0.7448
yolo11m,C_finetuned_supervised,grid_search,4.0,0.0,map50,0.7686
yolo11n,A_unfinetuned,baseline,0.0,0.0,map50,0.0022
yolo11n,A_unfinetuned,bo_exploration,3.0,0.42,map50,0.7205
yolo11n,A_unfinetuned,bo_exploitation,3.0,0.44,map50,0.7223
yolo11n,A_unfinetuned,grid_search,4.0,0.5,map50,0.7418
yolo11n,B_finetuned_unsupervised,baseline,0.0,0.0,map50,0.0
yolo11n,B_finetuned_unsupervised,bo_exploration,3.0,0.5,map50,0.733
yolo11n,B_finetuned_unsupervised,bo_exploitation,3.0,0.26,map50,0.7282
yolo11n,B_finetuned_unsupervised,grid_search,4.0,0.5,map50,0.762
yolo11n,C_finetuned_supervised,bo_exploration,3.0,0.11,map50,0.7346
yolo11n,C_finetuned_supervised,bo_exploitation,3.0,0.1,map50,0.7357
yolo11n,C_finetuned_supervised,grid_search,4.0,0.0,map50,0.7846
yolo11m,A_unfinetuned,baseline,0.0,0.0,map50,0.0004
yolo11m,A_unfinetuned,bo_exploration,3.0,0.5,map50,0.616
yolo11m,A_unfinetuned,bo_exploitation,3.0,0.12,map50,0.624
yolo11m,A_unfinetuned,grid_search,4.0,0.5,map50,0.6266
yolo11m,B_finetuned_unsupervised,baseline,0.0,0.0,map50,0.0001
yolo11m,B_finetuned_unsupervised,bo_exploration,3.0,0.15,map50,0.6822
yolo11m,B_finetuned_unsupervised,bo_exploitation,3.0,0.17,map50,0.6808
yolo11m,B_finetuned_unsupervised,grid_search,4.0,0.5,map50,0.6904
yolo11m,C_finetuned_supervised,bo_exploration,4.0,0.0,map50,0.7015
yolo11m,C_finetuned_supervised,bo_exploitation,2.0,0.16,map50,0.5518
yolo11m,C_finetuned_supervised,grid_search,4.0,0.0,map50,0.7015
yolo11n,A_unfinetuned,baseline,0.0,0.0,map50,0.0011
yolo11n,A_unfinetuned,bo_exploration,3.0,0.5,map50,0.6616
yolo11n,A_unfinetuned,bo_exploitation,3.0,0.37,map50,0.6556
yolo11n,A_unfinetuned,grid_search,4.0,0.5,map50,0.6889
yolo11n,B_finetuned_unsupervised,baseline,0.0,0.0,map50,0.0007
yolo11n,B_finetuned_unsupervised,bo_exploration,3.0,0.38,map50,0.7234
yolo11n,B_finetuned_unsupervised,bo_exploitation,4.0,0.38,map50,0.7621
yolo11n,B_finetuned_unsupervised,grid_search,4.0,0.5,map50,0.7595
yolo11n,C_finetuned_supervised,bo_exploration,3.0,0.16,map50,0.7312
yolo11n,C_finetuned_supervised,bo_exploitation,2.0,0.0,map50,0.5798
yolo11n,C_finetuned_supervised,grid_search,4.0,0.0,map50,0.7792
yolo11m,A_unfinetuned,baseline,0.0,0.0,map50,0.0011
yolo11m,A_unfinetuned,bo_exploration,3.0,0.38,map50,0.7454
yolo11m,A_unfinetuned,bo_exploitation,3.0,0.5,map50,0.7452
yolo11m,A_unfinetuned,grid_search,4.0,0.5,map50,0.7569
yolo11m,B_finetuned_unsupervised,baseline,0.0,0.0,map50,0.0
yolo11m,B_finetuned_unsupervised,bo_exploration,3.0,0.47,map50,0.7976
yolo11m,B_finetuned_unsupervised,bo_exploitation,2.0,0.47,map50,0.6434
yolo11m,B_finetuned_unsupervised,grid_search,4.0,0.5,map50,0.8221
yolo11m,C_finetuned_supervised,bo_exploration,4.0,0.5,map50,0.8221
yolo11m,C_finetuned_supervised,bo_exploitation,3.0,0.06,map50,0.8018
yolo11m,C_finetuned_supervised,grid_search,4.0,0.0,map50,0.8381
yolo11n,A_unfinetuned,baseline,0.0,0.0,map50,0.0
yolo11n,A_unfinetuned,bo_exploration,3.0,0.29,map50,0.7157
yolo11n,A_unfinetuned,bo_exploitation,2.0,0.49,map50,0.501
yolo11n,A_unfinetuned,grid_search,4.0,0.5,map50,0.7544
yolo11n,B_finetuned_unsupervised,baseline,0.0,0.0,map50,0.0
yolo11n,B_finetuned_unsupervised,bo_exploration,3.0,0.28,map50,0.7326
yolo11n,B_finetuned_unsupervised,bo_exploitation,2.0,0.46,map50,0.554
yolo11n,B_finetuned_unsupervised,grid_search,4.0,0.5,map50,0.763
yolo11n,C_finetuned_supervised,bo_exploration,3.0,0.0,map50,0.7318
yolo11n,C_finetuned_supervised,bo_exploitation,2.0,0.0,map50,0.5965
yolo11n,C_finetuned_supervised,grid_search,4.0,0.0,map50,0.7857
yolo11m,A_unfinetuned,baseline,0.0,0.0,map50,0.0002
yolo11m,A_unfinetuned,bo_exploration,3.0,0.44,map50,0.6095
yolo11m,A_unfinetuned,bo_exploitation,2.0,0.42,map50,0.4652
yolo11m,A_unfinetuned,grid_search,4.0,0.5,map50,0.6373
yolo11m,B_finetuned_unsupervised,baseline,0.0,0.0,map50,0.0006
yolo11m,B_finetuned_unsupervised,bo_exploration,2.0,0.41,map50,0.6151
yolo11m,B_finetuned_unsupervised,bo_exploitation,3.0,0.5,map50,0.7425
yolo11m,B_finetuned_unsupervised,grid_search,4.0,0.5,map50,0.7536
yolo11m,C_finetuned_supervised,bo_exploration,3.0,0.24,map50,0.7425
yolo11m,C_finetuned_supervised,bo_exploitation,3.0,0.15,map50,0.745
yolo11m,C_finetuned_supervised,grid_search,4.0,0.0,map50,0.7697
yolo11n,A_unfinetuned,baseline,0.0,0.0,map50,0.0
yolo11n,A_unfinetuned,bo_exploration,2.0,0.31,map50,0.5655
yolo11n,A_unfinetuned,bo_exploitation,3.0,0.17,map50,0.7529
yolo11n,A_unfinetuned,grid_search,4.0,0.5,map50,0.7696
yolo11n,B_finetuned_unsupervised,baseline,0.0,0.0,map50,0.0007
yolo11n,B_finetuned_unsupervised,bo_exploration,4.0,0.06,map50,0.7624
yolo11n,B_finetuned_unsupervised,bo_exploitation,2.0,0.42,map50,0.5441
yolo11n,B_finetuned_unsupervised,grid_search,4.0,0.5,map50,0.759
yolo11n,C_finetuned_supervised,bo_exploration,3.0,0.0,map50,0.7262
yolo11n,C_finetuned_supervised,bo_exploitation,3.0,0.44,map50,0.7235
yolo11n,C_finetuned_supervised,grid_search,4.0,0.0,map50,0.7786
yolo11m,A_unfinetuned,baseline,0.0,0.0,map50,0.0011
yolo11m,A_unfinetuned,bo_exploration,3.0,0.16,map50,0.6393
yolo11m,A_unfinetuned,bo_exploitation,3.0,0.41,map50,0.6294
yolo11m,A_unfinetuned,grid_search,4.0,0.5,map50,0.6442
yolo11m,B_finetuned_unsupervised,baseline,0.0,0.0,map50,0.0006
yolo11m,B_finetuned_unsupervised,bo_exploration,2.0,0.18,map50,0.6213
yolo11m,B_finetuned_unsupervised,bo_exploitation,3.0,0.3,map50,0.7438
yolo11m,B_finetuned_unsupervised,grid_search,4.0,0.5,map50,0.7528
yolo11m,C_finetuned_supervised,bo_exploration,3.0,0.5,map50,0.742
yolo11m,C_finetuned_supervised,bo_exploitation,3.0,0.5,map50,0.742
yolo11m,C_finetuned_supervised,grid_search,4.0,0.0,map50,0.7688
yolo11n,A_unfinetuned,baseline,0.0,0.0,map50,0.0012
yolo11n,A_unfinetuned,bo_exploration,3.0,0.26,map50,0.7108
yolo11n,A_unfinetuned,bo_exploitation,3.0,0.41,map50,0.7027
yolo11n,A_unfinetuned,grid_search,4.0,0.5,map50,0.7372
yolo11n,B_finetuned_unsupervised,baseline,0.0,0.0,map50,0.0002
yolo11n,B_finetuned_unsupervised,bo_exploration,4.0,0.5,map50,0.7233
yolo11n,B_finetuned_unsupervised,bo_exploitation,3.0,0.42,map50,0.6822
yolo11n,B_finetuned_unsupervised,grid_search,4.0,0.5,map50,0.7233
yolo11n,C_finetuned_supervised,bo_exploration,2.0,0.29,map50,0.5048
yolo11n,C_finetuned_supervised,bo_exploitation,4.0,0.2,map50,0.728
yolo11n,C_finetuned_supervised,grid_search,4.0,0.0,map50,0.7414
yolo11n,A_unfinetuned,baseline,0.0,0.0,map50,0.0
yolo11n,A_unfinetuned,bo_exploration,3.0,0.15,map50,0.6888
yolo11n,A_unfinetuned,bo_exploitation,3.0,0.45,map50,0.6808
yolo11n,A_unfinetuned,grid_search,4.0,0.5,map50,0.7255
yolo11n,B_finetuned_unsupervised,baseline,0.0,0.0,map50,0.0
yolo11n,B_finetuned_unsupervised,bo_exploration,2.0,0.37,map50,0.459
yolo11n,B_finetuned_unsupervised,bo_exploitation,4.0,0.4,map50,0.764
yolo11n,B_finetuned_unsupervised,grid_search,4.0,0.5,map50,0.7604
yolo11n,C_finetuned_supervised,bo_exploration,3.0,0.15,map50,0.7316
yolo11n,C_finetuned_supervised,bo_exploitation,2.0,0.19,map50,0.4722
yolo11n,C_finetuned_supervised,grid_search,4.0,0.0,map50,0.7827
rtdetr-l,A_unfinetuned,baseline,0.0,0.0,map50,0.0
rtdetr-l,A_unfinetuned,bo_exploration,3.0,0.5,map50,0.5136
rtdetr-l,A_unfinetuned,bo_exploitation,3.0,0.32,map50,0.5173
rtdetr-l,A_unfinetuned,grid_search,4.0,0.5,map50,0.5924
rtdetr-l,B_finetuned_unsupervised,baseline,0.0,0.0,map50,0.0
rtdetr-l,B_finetuned_unsupervised,bo_exploration,3.0,0.46,map50,0.6847
rtdetr-l,B_finetuned_unsupervised,bo_exploitation,2.0,0.43,map50,0.4801
rtdetr-l,B_finetuned_unsupervised,grid_search,4.0,0.5,map50,0.7182
rtdetr-l,C_finetuned_supervised,bo_exploration,3.0,0.12,map50,0.6734
rtdetr-l,C_finetuned_supervised,bo_exploitation,4.0,0.5,map50,0.7182
rtdetr-l,C_finetuned_supervised,grid_search,4.0,0.0,map50,0.7134
rtdetr-l,A_unfinetuned,baseline,0.0,0.0,map50,0.0001
rtdetr-l,A_unfinetuned,bo_exploration,3.0,0.31,map50,0.6437
rtdetr-l,A_unfinetuned,bo_exploitation,3.0,0.11,map50,0.6495
rtdetr-l,A_unfinetuned,grid_search,4.0,0.5,map50,0.7047
rtdetr-l,B_finetuned_unsupervised,baseline,0.0,0.0,map50,0.0002
rtdetr-l,B_finetuned_unsupervised,bo_exploration,3.0,0.5,map50,0.7028
rtdetr-l,B_finetuned_unsupervised,bo_exploitation,3.0,0.14,map50,0.7056
rtdetr-l,B_finetuned_unsupervised,grid_search,4.0,0.5,map50,0.7434
rtdetr-l,C_finetuned_supervised,bo_exploration,4.0,0.5,map50,0.7434
rtdetr-l,C_finetuned_supervised,bo_exploitation,2.0,0.0,map50,0.5286
rtdetr-l,C_finetuned_supervised,grid_search,4.0,0.0,map50,0.7525
rtdetr-l,A_unfinetuned,baseline,0.0,0.0,map50,0.0007
rtdetr-l,A_unfinetuned,bo_exploration,3.0,0.48,map50,0.6591
rtdetr-l,A_unfinetuned,bo_exploitation,2.0,0.19,map50,0.4874
rtdetr-l,A_unfinetuned,grid_search,4.0,0.5,map50,0.6836
rtdetr-l,B_finetuned_unsupervised,baseline,0.0,0.0,map50,0.0007
rtdetr-l,B_finetuned_unsupervised,bo_exploration,3.0,0.13,map50,0.6207
rtdetr-l,B_finetuned_unsupervised,bo_exploitation,3.0,0.12,map50,0.6225
rtdetr-l,B_finetuned_unsupervised,grid_search,4.0,0.5,map50,0.6709
rtdetr-l,C_finetuned_supervised,bo_exploration,3.0,0.25,map50,0.6154
rtdetr-l,C_finetuned_supervised,bo_exploitation,3.0,0.0,map50,0.6102
rtdetr-l,C_finetuned_supervised,grid_search,4.0,0.0,map50,0.678
rtdetr-l,A_unfinetuned,baseline,0.0,0.0,map50,0.0
rtdetr-l,A_unfinetuned,bo_exploration,3.0,0.36,map50,0.7373
rtdetr-l,A_unfinetuned,bo_exploitation,2.0,0.38,map50,0.5738
rtdetr-l,A_unfinetuned,grid_search,4.0,0.5,map50,0.7699
rtdetr-l,B_finetuned_unsupervised,baseline,0.0,0.0,map50,0.0002
rtdetr-l,B_finetuned_unsupervised,bo_exploration,3.0,0.33,map50,0.6011
rtdetr-l,B_finetuned_unsupervised,bo_exploitation,4.0,0.16,map50,0.6413
rtdetr-l,B_finetuned_unsupervised,grid_search,4.0,0.5,map50,0.64
rtdetr-l,C_finetuned_supervised,bo_exploration,3.0,0.01,map50,0.599
rtdetr-l,C_finetuned_supervised,bo_exploitation,3.0,0.0,map50,0.5941
rtdetr-l,C_finetuned_supervised,grid_search,4.0,0.0,map50,0.6471
rtdetr-l,A_unfinetuned,baseline,0.0,0.0,map50,0.0
rtdetr-l,A_unfinetuned,bo_exploration,2.0,0.28,map50,0.3976
rtdetr-l,A_unfinetuned,bo_exploitation,3.0,0.17,map50,0.6294
rtdetr-l,A_unfinetuned,grid_search,4.0,0.5,map50,0.6739
rtdetr-l,B_finetuned_unsupervised,baseline,0.0,0.0,map50,0.0013
rtdetr-l,B_finetuned_unsupervised,bo_exploration,4.0,0.5,map50,0.637
rtdetr-l,B_finetuned_unsupervised,bo_exploitation,4.0,0.5,map50,0.637
rtdetr-l,B_finetuned_unsupervised,grid_search,4.0,0.5,map50,0.637
rtdetr-l,C_finetuned_supervised,bo_exploration,4.0,0.5,map50,0.637
rtdetr-l,C_finetuned_supervised,bo_exploitation,3.0,0.23,map50,0.5774
rtdetr-l,C_finetuned_supervised,grid_search,4.0,0.0,map50,0.6714
rtdetr-l,A_unfinetuned,baseline,0.0,0.0,map50,0.0
rtdetr-l,A_unfinetuned,bo_exploration,2.0,0.22,map50,0.4086
rtdetr-l,A_unfinetuned,bo_exploitation,3.0,0.47,map50,0.6324
rtdetr-l,A_unfinetuned,grid_search,4.0,0.5,map50,0.6855
rtdetr-l,B_finetuned_unsupervised,baseline,0.0,0.0,map50,0.0001
rtdetr-l,B_finetuned_unsupervised,bo_exploration,3.0,0.5,map50,0.5598
rtdetr-l,B_finetuned_unsupervised,bo_exploitation,3.0,0.44,map50,0.5615
rtdetr-l,B_finetuned_unsupervised,grid_search,4.0,0.5,map50,0.6009
rtdetr-l,C_finetuned_supervised,bo_exploration,3.0,0.0,map50,0.5538
rtdetr-l,C_finetuned_supervised,bo_exploitation,4.0,0.5,map50,0.6009
rtdetr-l,C_finetuned_supervised,grid_search,4.0,0.0,map50,0.6089
rtdetr-l,A_unfinetuned,baseline,0.0,0.0,map50,0.002
rtdetr-l,A_unfinetuned,bo_exploration,4.0,0.0,map50,0.5927
rtdetr-l,A_unfinetuned,bo_exploitation,2.0,0.4,map50,0.3728
rtdetr-l,A_unfinetuned,grid_search,4.0,0.5,map50,0.5939
rtdetr-l,B_finetuned_unsupervised,baseline,0.0,0.0,map50,0.0003
rtdetr-l,B_finetuned_unsupervised,bo_exploration,3.0,0.46,map50,0.5313
rtdetr-l,B_finetuned_unsupervised,bo_exploitation,3.0,0.35,map50,0.5265
rtdetr-l,B_finetuned_unsupervised,grid_search,4.0,0.5,map50,0.5753
rtdetr-l,C_finetuned_supervised,bo_exploration,4.0,0.0,map50,0.5779
rtdetr-l,C_finetuned_supervised,bo_exploitation,3.0,0.38,map50,0.531
rtdetr-l,C_finetuned_supervised,grid_search,4.0,0.0,map50,0.5779
rtdetr-l,A_unfinetuned,baseline,0.0,0.0,map50,0.0001
rtdetr-l,A_unfinetuned,bo_exploration,3.0,0.5,map50,0.6557
rtdetr-l,A_unfinetuned,bo_exploitation,3.0,0.49,map50,0.6599
rtdetr-l,A_unfinetuned,grid_search,4.0,0.5,map50,0.6939
rtdetr-l,B_finetuned_unsupervised,baseline,0.0,0.0,map50,0.0022
rtdetr-l,B_finetuned_unsupervised,bo_exploration,2.0,0.37,map50,0.3765
rtdetr-l,B_finetuned_unsupervised,bo_exploitation,3.0,0.18,map50,0.5544
rtdetr-l,B_finetuned_unsupervised,grid_search,4.0,0.5,map50,0.5955
rtdetr-l,C_finetuned_supervised,bo_exploration,3.0,0.01,map50,0.5537
rtdetr-l,C_finetuned_supervised,bo_exploitation,2.0,0.14,map50,0.3863
rtdetr-l,C_finetuned_supervised,grid_search,4.0,0.0,map50,0.6054
yolo11n,B_finetuned_unsupervised,baseline,0.0,0.0,map50,0.0004
yolo11n,B_finetuned_unsupervised,bo_exploration,3.0,0.34,map50,0.6925
yolo11n,B_finetuned_unsupervised,bo_exploitation,3.0,0.42,map50,0.6913
yolo11n,B_finetuned_unsupervised,grid_search,4.0,0.5,map50,0.7415
yolo11n,C_finetuned_supervised,bo_exploration,3.0,0.29,map50,0.7037
yolo11n,C_finetuned_supervised,bo_exploitation,2.0,0.0,map50,0.546
yolo11n,C_finetuned_supervised,grid_search,4.0,0.0,map50,0.7671
yolo11m,A_unfinetuned,baseline,0.0,0.0,map50,0.0002
yolo11m,A_unfinetuned,bo_exploration,3.0,0.5,map50,0.6658
yolo11m,A_unfinetuned,bo_exploitation,4.0,0.5,map50,0.673
yolo11m,A_unfinetuned,grid_search,4.0,0.5,map50,0.673
yolo11m,B_finetuned_unsupervised,baseline,0.0,0.0,map50,0.0
yolo11m,B_finetuned_unsupervised,bo_exploration,3.0,0.29,map50,0.7982
yolo11m,B_finetuned_unsupervised,bo_exploitation,3.0,0.48,map50,0.7988
yolo11m,B_finetuned_unsupervised,grid_search,4.0,0.5,map50,0.8222
yolo11m,C_finetuned_supervised,bo_exploration,4.0,0.0,map50,0.8383
yolo11m,C_finetuned_supervised,bo_exploitation,3.0,0.17,map50,0.8016
yolo11m,C_finetuned_supervised,grid_search,4.0,0.0,map50,0.8383
yolo11n,A_unfinetuned,baseline,0.0,0.0,map50,0.0007
yolo11n,A_unfinetuned,bo_exploration,3.0,0.2,map50,0.6785
yolo11n,A_unfinetuned,bo_exploitation,3.0,0.04,map50,0.6825
yolo11n,A_unfinetuned,grid_search,4.0,0.5,map50,0.6928
yolo11n,B_finetuned_unsupervised,baseline,0.0,0.0,map50,0.0009
yolo11n,B_finetuned_unsupervised,bo_exploration,2.0,0.39,map50,0.5229
yolo11n,B_finetuned_unsupervised,bo_exploitation,2.0,0.17,map50,0.5175
yolo11n,B_finetuned_unsupervised,grid_search,4.0,0.5,map50,0.729
yolo11n,C_finetuned_supervised,bo_exploration,3.0,0.0,map50,0.6991
yolo11n,C_finetuned_supervised,bo_exploitation,3.0,0.0,map50,0.6991
yolo11n,C_finetuned_supervised,grid_search,4.0,0.0,map50,0.7482
yolo11m,A_unfinetuned,baseline,0.0,0.0,map50,0.0
yolo11m,A_unfinetuned,bo_exploration,3.0,0.5,map50,0.7375
yolo11m,A_unfinetuned,bo_exploitation,3.0,0.19,map50,0.741
yolo11m,A_unfinetuned,grid_search,4.0,0.5,map50,0.767
yolo11m,B_finetuned_unsupervised,baseline,0.0,0.0,map50,0.0003
yolo11m,B_finetuned_unsupervised,bo_exploration,3.0,0.28,map50,0.7392
yolo11m,B_finetuned_unsupervised,bo_exploitation,2.0,0.43,map50,0.6033
yolo11m,B_finetuned_unsupervised,grid_search,4.0,0.5,map50,0.7517
yolo11m,C_finetuned_supervised,bo_exploration,2.0,0.29,map50,0.6123
yolo11m,C_finetuned_supervised,bo_exploitation,3.0,0.29,map50,0.7387
yolo11m,C_finetuned_supervised,grid_search,4.0,0.0,map50,0.7672
yolo11n,A_unfinetuned,baseline,0.0,0.0,map50,0.0007
yolo11n,A_unfinetuned,bo_exploration,3.0,0.11,map50,0.7664
yolo11n,A_unfinetuned,bo_exploitation,3.0,0.28,map50,0.7617
yolo11n,A_unfinetuned,grid_search,4.0,0.5,map50,0.7855
yolo11n,B_finetuned_unsupervised,baseline,0.0,0.0,map50,0.0
yolo11n,B_finetuned_unsupervised,bo_exploration,3.0,0.5,map50,0.7339
yolo11n,B_finetuned_unsupervised,bo_exploitation,3.0,0.35,map50,0.7294
yolo11n,B_finetuned_unsupervised,grid_search,4.0,0.5,map50,0.7633
yolo11n,C_finetuned_supervised,bo_exploration,3.0,0.14,map50,0.7349
yolo11n,C_finetuned_supervised,bo_exploitation,3.0,0.32,map50,0.732
yolo11n,C_finetuned_supervised,grid_search,4.0,0.0,map50,0.7856
yolo11m,A_unfinetuned,baseline,0.0,0.0,map50,0.0001
yolo11m,A_unfinetuned,bo_exploration,3.0,0.33,map50,0.6078
yolo11m,A_unfinetuned,bo_exploitation,3.0,0.5,map50,0.6077
yolo11m,A_unfinetuned,grid_search,4.0,0.5,map50,0.6261
yolo11m,B_finetuned_unsupervised,baseline,0.0,0.0,map50,0.0006
yolo11m,B_finetuned_unsupervised,bo_exploration,3.0,0.03,map50,0.7457
yolo11m,B_finetuned_unsupervised,bo_exploitation,3.0,0.34,map50,0.7422
yolo11m,B_finetuned_unsupervised,grid_search,4.0,0.5,map50,0.7538
yolo11m,C_finetuned_supervised,bo_exploration,4.0,0.5,map50,0.7538
yolo11m,C_finetuned_supervised,bo_exploitation,4.0,0.5,map50,0.7538
yolo11m,C_finetuned_supervised,grid_search,4.0,0.0,map50,0.7697
yolo11n,A_unfinetuned,baseline,0.0,0.0,map50,0.0011
yolo11n,A_unfinetuned,bo_exploration,3.0,0.13,map50,0.734
yolo11n,A_unfinetuned,bo_exploitation,4.0,0.32,map50,0.7472
yolo11n,A_unfinetuned,grid_search,4.0,0.5,map50,0.7466
yolo11n,B_finetuned_unsupervised,baseline,0.0,0.0,map50,0.0
yolo11n,B_finetuned_unsupervised,bo_exploration,2.0,0.07,map50,0.5679
yolo11n,B_finetuned_unsupervised,bo_exploitation,4.0,0.5,map50,0.7722
yolo11n,B_finetuned_unsupervised,grid_search,4.0,0.5,map50,0.7722
yolo11n,C_finetuned_supervised,bo_exploration,3.0,0.3,map50,0.7373
yolo11n,C_finetuned_supervised,bo_exploitation,3.0,0.17,map50,0.7401
yolo11n,C_finetuned_supervised,grid_search,4.0,0.0,map50,0.7953
yolo11m,A_unfinetuned,baseline,0.0,0.0,map50,0.0001
yolo11m,A_unfinetuned,bo_exploration,4.0,0.5,map50,0.6574
yolo11m,A_unfinetuned,bo_exploitation,3.0,0.01,map50,0.6393
yolo11m,A_unfinetuned,grid_search,4.0,0.5,map50,0.6574
yolo11m,B_finetuned_unsupervised,baseline,0.0,0.0,map50,0.0006
yolo11m,B_finetuned_unsupervised,bo_exploration,2.0,0.47,map50,0.6036
yolo11m,B_finetuned_unsupervised,bo_exploitation,2.0,0.35,map50,0.625
yolo11m,B_finetuned_unsupervised,grid_search,4.0,0.5,map50,0.7529
yolo11m,C_finetuned_supervised,bo_exploration,2.0,0.13,map50,0.6228
yolo11m,C_finetuned_supervised,bo_exploitation,4.0,0.0,map50,0.7692
yolo11m,C_finetuned_supervised,grid_search,4.0,0.0,map50,0.7692
yolo11n,A_unfinetuned,baseline,0.0,0.0,map50,0.0
yolo11n,A_unfinetuned,bo_exploration,3.0,0.42,map50,0.717
yolo11n,A_unfinetuned,bo_exploitation,3.0,0.19,map50,0.7295
yolo11n,A_unfinetuned,grid_search,4.0,0.5,map50,0.7414
yolo11n,B_finetuned_unsupervised,baseline,0.0,0.0,map50,0.0001
yolo11n,B_finetuned_unsupervised,bo_exploration,3.0,0.5,map50,0.6931
yolo11n,B_finetuned_unsupervised,bo_exploitation,3.0,0.44,map50,0.6879
yolo11n,B_finetuned_unsupervised,grid_search,4.0,0.5,map50,0.7296
yolo11n,C_finetuned_supervised,bo_exploration,3.0,0.01,map50,0.6913
yolo11n,C_finetuned_supervised,bo_exploitation,3.0,0.25,map50,0.6993
yolo11n,C_finetuned_supervised,grid_search,4.0,0.0,map50,0.7498
yolo11m,A_unfinetuned,baseline,0.0,0.0,map50,0.0005
yolo11m,A_unfinetuned,bo_exploration,4.0,0.5,map50,0.6605
yolo11m,A_unfinetuned,bo_exploitation,3.0,0.03,map50,0.6541
yolo11m,A_unfinetuned,grid_search,4.0,0.5,map50,0.6605
yolo11m,B_finetuned_unsupervised,baseline,0.0,0.0,map50,0.0004
yolo11m,B_finetuned_unsupervised,bo_exploration,4.0,0.5,map50,0.7541
yolo11m,B_finetuned_unsupervised,bo_exploitation,3.0,0.2,map50,0.742
yolo11m,B_finetuned_unsupervised,grid_search,4.0,0.5,map50,0.7541
yolo11m,C_finetuned_supervised,bo_exploration,4.0,0.5,map50,0.7541
yolo11m,C_finetuned_supervised,bo_exploitation,3.0,0.16,map50,0.7457
yolo11m,C_finetuned_supervised,grid_search,4.0,0.0,map50,0.77
yolo11n,A_unfinetuned,baseline,0.0,0.0,map50,0.0
yolo11n,A_unfinetuned,bo_exploration,2.0,0.49,map50,0.5034
yolo11n,A_unfinetuned,bo_exploitation,3.0,0.34,map50,0.706
yolo11n,A_unfinetuned,grid_search,4.0,0.5,map50,0.7654
yolo11n,B_finetuned_unsupervised,baseline,0.0,0.0,map50,0.0002
yolo11n,B_finetuned_unsupervised,bo_exploration,3.0,0.45,map50,0.6909
yolo11n,B_finetuned_unsupervised,bo_exploitation,3.0,0.19,map50,0.6946
yolo11n,B_finetuned_unsupervised,grid_search,4.0,0.5,map50,0.7232
yolo11n,C_finetuned_supervised,bo_exploration,4.0,0.0,map50,0.7409
yolo11n,C_finetuned_supervised,bo_exploitation,3.0,0.0,map50,0.6901
yolo11n,C_finetuned_supervised,grid_search,4.0,0.0,map50,0.7409
yolo11m,A_unfinetuned,baseline,0.0,0.0,map50,0.0002
yolo11m,A_unfinetuned,bo_exploration,3.0,0.45,map50,0.7103
yolo11m,A_unfinetuned,bo_exploitation,3.0,0.13,map50,0.7124
yolo11m,A_unfinetuned,grid_search,4.0,0.5,map50,0.7206
yolo11m,B_finetuned_unsupervised,baseline,0.0,0.0,map50,0.0006
yolo11m,B_finetuned_unsupervised,bo_exploration,4.0,0.5,map50,0.7529
yolo11m,B_finetuned_unsupervised,bo_exploitation,4.0,0.49,map50,0.7529
yolo11m,B_finetuned_unsupervised,grid_search,4.0,0.5,map50,0.7529
yolo11m,C_finetuned_supervised,bo_exploration,3.0,0.5,map50,0.7417
yolo11m,C_finetuned_supervised,bo_exploitation,3.0,0.16,map50,0.7445
yolo11m,C_finetuned_supervised,grid_search,4.0,0.0,map50,0.7686
yolo11n,A_unfinetuned,baseline,0.0,0.0,map50,0.0
yolo11n,A_unfinetuned,bo_exploration,3.0,0.03,map50,0.7707
yolo11n,A_unfinetuned,bo_exploitation,3.0,0.48,map50,0.7636
yolo11n,A_unfinetuned,grid_search,4.0,0.5,map50,0.7877
yolo11n,B_finetuned_unsupervised,baseline,0.0,0.0,map50,0.0003
yolo11n,B_finetuned_unsupervised,bo_exploration,3.0,0.5,map50,0.6764
yolo11n,B_finetuned_unsupervised,bo_exploitation,2.0,0.31,map50,0.5156
yolo11n,B_finetuned_unsupervised,grid_search,4.0,0.5,map50,0.7087
yolo11n,C_finetuned_supervised,bo_exploration,4.0,0.5,map50,0.7087
yolo11n,C_finetuned_supervised,bo_exploitation,4.0,0.08,map50,0.7127
yolo11n,C_finetuned_supervised,grid_search,4.0,0.0,map50,0.7294
yolo11m,A_unfinetuned,baseline,0.0,0.0,map50,0.0003
yolo11m,A_unfinetuned,bo_exploration,3.0,0.17,map50,0.6983
yolo11m,A_unfinetuned,bo_exploitation,3.0,0.11,map50,0.7013
yolo11m,A_unfinetuned,grid_search,4.0,0.5,map50,0.7216
yolo11m,B_finetuned_unsupervised,baseline,0.0,0.0,map50,0.0006
yolo11m,B_finetuned_unsupervised,bo_exploration,3.0,0.41,map50,0.7405
yolo11m,B_finetuned_unsupervised,bo_exploitation,3.0,0.33,map50,0.7419
yolo11m,B_finetuned_unsupervised,grid_search,4.0,0.5,map50,0.7527
yolo11m,C_finetuned_supervised,bo_exploration,3.0,0.13,map50,0.7442
yolo11m,C_finetuned_supervised,bo_exploitation,2.0,0.0,map50,0.631
yolo11m,C_finetuned_supervised,grid_search,4.0,0.0,map50,0.7688
yolo11n,A_unfinetuned,baseline,0.0,0.0,map50,0.0
yolo11n,A_unfinetuned,bo_exploration,1.0,0.08,map50,0.0131
yolo11n,A_unfinetuned,bo_exploitation,3.0,0.44,map50,0.7292
yolo11n,A_unfinetuned,grid_search,4.0,0.5,map50,0.7696
yolo11n,B_finetuned_unsupervised,baseline,0.0,0.0,map50,0.0001
yolo11n,B_finetuned_unsupervised,bo_exploration,3.0,0.18,map50,0.6993
yolo11n,B_finetuned_unsupervised,bo_exploitation,3.0,0.44,map50,0.6921
yolo11n,B_finetuned_unsupervised,grid_search,4.0,0.5,map50,0.7298
yolo11n,C_finetuned_supervised,bo_exploration,4.0,0.5,map50,0.7298
yolo11n,C_finetuned_supervised,bo_exploitation,2.0,0.23,map50,0.5068
yolo11n,C_finetuned_supervised,grid_search,4.0,0.0,map50,0.7483
yolo11m,A_unfinetuned,baseline,0.0,0.0,map50,0.0002
yolo11m,A_unfinetuned,bo_exploration,3.0,0.45,map50,0.6459
yolo11m,A_unfinetuned,bo_exploitation,3.0,0.0,map50,0.6424
yolo11m,A_unfinetuned,grid_search,4.0,0.5,map50,0.6566
yolo11m,B_finetuned_unsupervised,baseline,0.0,0.0,map50,0.0003
yolo11m,B_finetuned_unsupervised,bo_exploration,3.0,0.49,map50,0.734
yolo11m,B_finetuned_unsupervised,bo_exploitation,3.0,0.4,map50,0.7364
yolo11m,B_finetuned_unsupervised,grid_search,4.0,0.5,map50,0.7499
yolo11m,C_finetuned_supervised,bo_exploration,2.0,0.5,map50,0.6138
yolo11m,C_finetuned_supervised,bo_exploitation,2.0,0.2,map50,0.6157
yolo11m,C_finetuned_supervised,grid_search,4.0,0.0,map50,0.7654
yolo11n,A_unfinetuned,baseline,0.0,0.0,map50,0.0
yolo11n,A_unfinetuned,bo_exploration,3.0,0.32,map50,0.7113
yolo11n,A_unfinetuned,bo_exploitation,4.0,0.1,map50,0.7704
yolo11n,A_unfinetuned,grid_search,4.0,0.5,map50,0.7549
yolo11n,B_finetuned_unsupervised,baseline,0.0,0.0,map50,0.0005
yolo11n,B_finetuned_unsupervised,bo_exploration,3.0,0.5,map50,0.7295
yolo11n,B_finetuned_unsupervised,bo_exploitation,2.0,0.31,map50,0.5529
yolo11n,B_finetuned_unsupervised,grid_search,4.0,0.5,map50,0.7611
yolo11n,C_finetuned_supervised,bo_exploration,3.0,0.18,map50,0.7339
yolo11n,C_finetuned_supervised,bo_exploitation,3.0,0.19,map50,0.732
yolo11n,C_finetuned_supervised,grid_search,4.0,0.0,map50,0.781
yolo11n,A_unfinetuned,baseline,0.0,0.0,map50,0.0017
yolo11n,A_unfinetuned,bo_exploration,4.0,0.5,map50,0.7758
yolo11n,A_unfinetuned,bo_exploitation,2.0,0.1,map50,0.5863
yolo11n,A_unfinetuned,grid_search,4.0,0.5,map50,0.7758
yolo11n,B_finetuned_unsupervised,baseline,0.0,0.0,map50,0.0004
yolo11n,B_finetuned_unsupervised,bo_exploration,3.0,0.5,map50,0.7032
yolo11n,B_finetuned_unsupervised,bo_exploitation,2.0,0.01,map50,0.5284
yolo11n,B_finetuned_unsupervised,grid_search,4.0,0.5,map50,0.7415
yolo11n,C_finetuned_supervised,bo_exploration,4.0,0.01,map50,0.7469
yolo11n,C_finetuned_supervised,bo_exploitation,3.0,0.1,map50,0.7131
yolo11n,C_finetuned_supervised,grid_search,4.0,0.0,map50,0.7671
rtdetr-l,A_unfinetuned,baseline,0.0,0.0,map50,0.0
rtdetr-l,A_unfinetuned,bo_exploration,4.0,0.0,map50,0.655
rtdetr-l,A_unfinetuned,bo_exploitation,2.0,0.39,map50,0.3662
rtdetr-l,A_unfinetuned,grid_search,4.0,0.5,map50,0.6348
rtdetr-l,B_finetuned_unsupervised,baseline,0.0,0.0,map50,0.0005
rtdetr-l,B_finetuned_unsupervised,bo_exploration,3.0,0.36,map50,0.6375
rtdetr-l,B_finetuned_unsupervised,bo_exploitation,3.0,0.22,map50,0.631
rtdetr-l,B_finetuned_unsupervised,grid_search,4.0,0.5,map50,0.6753
rtdetr-l,C_finetuned_supervised,bo_exploration,2.0,0.44,map50,0.4606
rtdetr-l,C_finetuned_supervised,bo_exploitation,3.0,0.04,map50,0.6391
rtdetr-l,C_finetuned_supervised,grid_search,4.0,0.0,map50,0.6698
rtdetr-l,A_unfinetuned,baseline,0.0,0.0,map50,0.0004
rtdetr-l,A_unfinetuned,bo_exploration,2.0,0.12,map50,0.3274
rtdetr-l,A_unfinetuned,bo_exploitation,2.0,0.03,map50,0.3286
rtdetr-l,A_unfinetuned,grid_search,4.0,0.5,map50,0.5703
rtdetr-l,B_finetuned_unsupervised,baseline,0.0,0.0,map50,0.0027
rtdetr-l,B_finetuned_unsupervised,bo_exploration,4.0,0.5,map50,0.6741
rtdetr-l,B_finetuned_unsupervised,bo_exploitation,3.0,0.24,map50,0.616
rtdetr-l,B_finetuned_unsupervised,grid_search,4.0,0.5,map50,0.6741
rtdetr-l,C_finetuned_supervised,bo_exploration,3.0,0.07,map50,0.6191
rtdetr-l,C_finetuned_supervised,bo_exploitation,4.0,0.5,map50,0.6741
rtdetr-l,C_finetuned_supervised,grid_search,4.0,0.0,map50,0.6846
rtdetr-l,A_unfinetuned,baseline,0.0,0.0,map50,0.0002
rtdetr-l,A_unfinetuned,bo_exploration,3.0,0.39,map50,0.6243
rtdetr-l,A_unfinetuned,bo_exploitation,3.0,0.43,map50,0.6279
rtdetr-l,A_unfinetuned,grid_search,4.0,0.5,map50,0.6778
rtdetr-l,B_finetuned_unsupervised,baseline,0.0,0.0,map50,0.0005
rtdetr-l,B_finetuned_unsupervised,bo_exploration,3.0,0.49,map50,0.7354
rtdetr-l,B_finetuned_unsupervised,bo_exploitation,3.0,0.42,map50,0.7345
rtdetr-l,B_finetuned_unsupervised,grid_search,4.0,0.5,map50,0.7734
rtdetr-l,C_finetuned_supervised,bo_exploration,3.0,0.02,map50,0.7353
rtdetr-l,C_finetuned_supervised,bo_exploitation,3.0,0.04,map50,0.7353
rtdetr-l,C_finetuned_supervised,grid_search,4.0,0.0,map50,0.7798
rtdetr-l,A_unfinetuned,baseline,0.0,0.0,map50,0.0
rtdetr-l,A_unfinetuned,bo_exploration,1.0,0.44,map50,0.0004
rtdetr-l,A_unfinetuned,bo_exploitation,2.0,0.22,map50,0.4423
rtdetr-l,A_unfinetuned,grid_search,4.0,0.5,map50,0.7563
rtdetr-l,B_finetuned_unsupervised,baseline,0.0,0.0,map50,0.0004
rtdetr-l,B_finetuned_unsupervised,bo_exploration,3.0,0.02,map50,0.6296
rtdetr-l,B_finetuned_unsupervised,bo_exploitation,2.0,0.24,map50,0.4403
rtdetr-l,B_finetuned_unsupervised,grid_search,4.0,0.5,map50,0.6561
rtdetr-l,C_finetuned_supervised,bo_exploration,4.0,0.5,map50,0.6561
rtdetr-l,C_finetuned_supervised,bo_exploitation,3.0,0.02,map50,0.6296
rtdetr-l,C_finetuned_supervised,grid_search,4.0,0.0,map50,0.6673
rtdetr-l,A_unfinetuned,baseline,0.0,0.0,map50,0.0002
rtdetr-l,A_unfinetuned,bo_exploration,3.0,0.01,map50,0.6169
rtdetr-l,A_unfinetuned,bo_exploitation,3.0,0.3,map50,0.6158
rtdetr-l,A_unfinetuned,grid_search,4.0,0.5,map50,0.6599
rtdetr-l,B_finetuned_unsupervised,baseline,0.0,0.0,map50,0.0006
rtdetr-l,B_finetuned_unsupervised,bo_exploration,3.0,0.47,map50,0.5674
rtdetr-l,B_finetuned_unsupervised,bo_exploitation,2.0,0.18,map50,0.365
rtdetr-l,B_finetuned_unsupervised,grid_search,4.0,0.5,map50,0.6114
rtdetr-l,C_finetuned_supervised,bo_exploration,3.0,0.49,map50,0.5691
rtdetr-l,C_finetuned_supervised,bo_exploitation,4.0,0.5,map50,0.6114
rtdetr-l,C_finetuned_supervised,grid_search,4.0,0.0,map50,0.6202
rtdetr-l,A_unfinetuned,baseline,0.0,0.0,map50,0.0003
rtdetr-l,A_unfinetuned,bo_exploration,3.0,0.03,map50,0.6874
rtdetr-l,A_unfinetuned,bo_exploitation,3.0,0.08,map50,0.6873
rtdetr-l,A_unfinetuned,grid_search,4.0,0.5,map50,0.7392
rtdetr-l,B_finetuned_unsupervised,baseline,0.0,0.0,map50,0.0027
rtdetr-l,B_finetuned_unsupervised,bo_exploration,3.0,0.5,map50,0.5358
rtdetr-l,B_finetuned_unsupervised,bo_exploitation,3.0,0.34,map50,0.5335
rtdetr-l,B_finetuned_unsupervised,grid_search,4.0,0.5,map50,0.572
rtdetr-l,C_finetuned_supervised,bo_exploration,4.0,0.0,map50,0.5729
rtdetr-l,C_finetuned_supervised,bo_exploitation,3.0,0.18,map50,0.5334
rtdetr-l,C_finetuned_supervised,grid_search,4.0,0.0,map50,0.5729
rtdetr-l,A_unfinetuned,baseline,0.0,0.0,map50,0.0014
rtdetr-l,A_unfinetuned,bo_exploration,3.0,0.37,map50,0.5365
rtdetr-l,A_unfinetuned,bo_exploitation,4.0,0.5,map50,0.5693
rtdetr-l,A_unfinetuned,grid_search,4.0,0.5,map50,0.5693
rtdetr-l,B_finetuned_unsupervised,baseline,0.0,0.0,map50,0.0005
rtdetr-l,B_finetuned_unsupervised,bo_exploration,3.0,0.43,map50,0.5872
rtdetr-l,B_finetuned_unsupervised,bo_exploitation,2.0,0.18,map50,0.3743
rtdetr-l,B_finetuned_unsupervised,grid_search,4.0,0.5,map50,0.6359
rtdetr-l,C_finetuned_supervised,bo_exploration,3.0,0.5,map50,0.5845
rtdetr-l,C_finetuned_supervised,bo_exploitation,3.0,0.24,map50,0.5807
rtdetr-l,C_finetuned_supervised,grid_search,4.0,0.0,map50,0.639
rtdetr-l,A_unfinetuned,baseline,0.0,0.0,map50,0.0063
rtdetr-l,A_unfinetuned,bo_exploration,3.0,0.02,map50,0.5844
rtdetr-l,A_unfinetuned,bo_exploitation,3.0,0.45,map50,0.5819
rtdetr-l,A_unfinetuned,grid_search,4.0,0.5,map50,0.6139
yolo11n,B_finetuned_unsupervised,baseline,0.0,0.0,map50,0.0009
yolo11n,B_finetuned_unsupervised,bo_exploration,3.0,0.5,map50,0.7007
yolo11n,B_finetuned_unsupervised,bo_exploitation,3.0,0.45,map50,0.702
yolo11n,B_finetuned_unsupervised,grid_search,4.0,0.5,map50,0.7292
yolo11n,C_finetuned_supervised,bo_exploration,3.0,0.0,map50,0.6991
yolo11n,C_finetuned_supervised,bo_exploitation,2.0,0.15,map50,0.5366
yolo11n,C_finetuned_supervised,grid_search,4.0,0.0,map50,0.7485
yolo11m,A_unfinetuned,baseline,0.0,0.0,map50,0.0002
yolo11m,A_unfinetuned,bo_exploration,3.0,0.2,map50,0.6249
yolo11m,A_unfinetuned,bo_exploitation,3.0,0.13,map50,0.6262
yolo11m,A_unfinetuned,grid_search,4.0,0.5,map50,0.6411
yolo11m,B_finetuned_unsupervised,baseline,0.0,0.0,map50,0.0006
yolo11m,B_finetuned_unsupervised,bo_exploration,2.0,0.23,map50,0.6217
yolo11m,B_finetuned_unsupervised,bo_exploitation,3.0,0.41,map50,0.7415
yolo11m,B_finetuned_unsupervised,grid_search,4.0,0.5,map50,0.7537
yolo11m,C_finetuned_supervised,bo_exploration,3.0,0.16,map50,0.7454
yolo11m,C_finetuned_supervised,bo_exploitation,3.0,0.22,map50,0.7416
yolo11m,C_finetuned_supervised,grid_search,4.0,0.0,map50,0.7699
yolo11n,A_unfinetuned,baseline,0.0,0.0,map50,0.0013
yolo11n,A_unfinetuned,bo_exploration,4.0,0.0,map50,0.7794
yolo11n,A_unfinetuned,bo_exploitation,3.0,0.48,map50,0.743
yolo11n,A_unfinetuned,grid_search,4.0,0.5,map50,0.7681
yolo11n,B_finetuned_unsupervised,baseline,0.0,0.0,map50,0.0
yolo11n,B_finetuned_unsupervised,bo_exploration,2.0,0.46,map50,0.5538
yolo11n,B_finetuned_unsupervised,bo_exploitation,3.0,0.25,map50,0.7364
yolo11n,B_finetuned_unsupervised,grid_search,4.0,0.5,map50,0.7628
yolo11n,C_finetuned_supervised,bo_exploration,3.0,0.31,map50,0.7308
yolo11n,C_finetuned_supervised,bo_exploitation,4.0,0.41,map50,0.7613
yolo11n,C_finetuned_supervised,grid_search,4.0,0.0,map50,0.7856
yolo11m,A_unfinetuned,baseline,0.0,0.0,map50,0.0
yolo11m,A_unfinetuned,bo_exploration,1.0,0.13,map50,0.0117
yolo11m,A_unfinetuned,bo_exploitation,2.0,0.14,map50,0.5755
yolo11m,A_unfinetuned,grid_search,4.0,0.5,map50,0.7175
yolo11m,B_finetuned_unsupervised,baseline,0.0,0.0,map50,0.0
yolo11m,B_finetuned_unsupervised,bo_exploration,2.0,0.06,map50,0.6603
yolo11m,B_finetuned_unsupervised,bo_exploitation,3.0,0.28,map50,0.7998
yolo11m,B_finetuned_unsupervised,grid_search,4.0,0.5,map50,0.8221
yolo11m,C_finetuned_supervised,bo_exploration,3.0,0.0,map50,0.7932
yolo11m,C_finetuned_supervised,bo_exploitation,3.0,0.0,map50,0.7932
yolo11m,C_finetuned_supervised,grid_search,4.0,0.0,map50,0.8381
yolo11n,A_unfinetuned,baseline,0.0,0.0,map50,0.0003
yolo11n,A_unfinetuned,bo_exploration,3.0,0.15,map50,0.7398
yolo11n,A_unfinetuned,bo_exploitation,3.0,0.44,map50,0.7199
yolo11n,A_unfinetuned,grid_search,4.0,0.5,map50,0.7625
yolo11n,B_finetuned_unsupervised,baseline,0.0,0.0,map50,0.0002
yolo11n,B_finetuned_unsupervised,bo_exploration,4.0,0.5,map50,0.7248
yolo11n,B_finetuned_unsupervised,bo_exploitation,3.0,0.31,map50,0.6898
yolo11n,B_finetuned_unsupervised,grid_search,4.0,0.5,map50,0.7248
yolo11n,C_finetuned_supervised,bo_exploration,3.0,0.19,map50,0.6966
yolo11n,C_finetuned_supervised,bo_exploitation,3.0,0.48,map50,0.6878
yolo11n,C_finetuned_supervised,grid_search,4.0,0.0,map50,0.7428
yolo11m,A_unfinetuned,baseline,0.0,0.0,map50,0.0002
yolo11m,A_unfinetuned,bo_exploration,4.0,0.5,map50,0.6214
yolo11m,A_unfinetuned,bo_exploitation,4.0,0.28,map50,0.6206
yolo11m,A_unfinetuned,grid_search,4.0,0.5,map50,0.6214
yolo11m,B_finetuned_unsupervised,baseline,0.0,0.0,map50,0.0
yolo11m,B_finetuned_unsupervised,bo_exploration,3.0,0.5,map50,0.8004
yolo11m,B_finetuned_unsupervised,bo_exploitation,3.0,0.48,map50,0.7993
yolo11m,B_finetuned_unsupervised,grid_search,4.0,0.5,map50,0.8224
yolo11m,C_finetuned_supervised,bo_exploration,4.0,0.0,map50,0.8384
yolo11m,C_finetuned_supervised,bo_exploitation,3.0,0.11,map50,0.8021
yolo11m,C_finetuned_supervised,grid_search,4.0,0.0,map50,0.8384
yolo11n,A_unfinetuned,baseline,0.0,0.0,map50,0.0003
yolo11n,A_unfinetuned,bo_exploration,4.0,0.5,map50,0.7404
yolo11n,A_unfinetuned,bo_exploitation,3.0,0.37,map50,0.7049
yolo11n,A_unfinetuned,grid_search,4.0,0.5,map50,0.7404
yolo11n,B_finetuned_unsupervised,baseline,0.0,0.0,map50,0.0001
yolo11n,B_finetuned_unsupervised,bo_exploration,3.0,0.11,map50,0.6977
yolo11n,B_finetuned_unsupervised,bo_exploitation,3.0,0.04,map50,0.6988
yolo11n,B_finetuned_unsupervised,grid_search,4.0,0.5,map50,0.7298
yolo11n,C_finetuned_supervised,bo_exploration,3.0,0.0,map50,0.6933
yolo11n,C_finetuned_supervised,bo_exploitation,3.0,0.15,map50,0.7009
yolo11n,C_finetuned_supervised,grid_search,4.0,0.0,map50,0.7483
yolo11m,A_unfinetuned,baseline,0.0,0.0,map50,0.0006
yolo11m,A_unfinetuned,bo_exploration,4.0,0.5,map50,0.5974
yolo11m,A_unfinetuned,bo_exploitation,3.0,0.23,map50,0.5821
yolo11m,A_unfinetuned,grid_search,4.0,0.5,map50,0.5974
yolo11m,B_finetuned_unsupervised,baseline,0.0,0.0,map50,0.0003
yolo11m,B_finetuned_unsupervised,bo_exploration,3.0,0.18,map50,0.7382
yolo11m,B_finetuned_unsupervised,bo_exploitation,3.0,0.34,map50,0.7362
yolo11m,B_finetuned_unsupervised,grid_search,4.0,0.5,map50,0.7499
yolo11m,C_finetuned_supervised,bo_exploration,3.0,0.5,map50,0.7363
yolo11m,C_finetuned_supervised,bo_exploitation,2.0,0.08,map50,0.6142
yolo11m,C_finetuned_supervised,grid_search,4.0,0.0,map50,0.7654
yolo11n,A_unfinetuned,baseline,0.0,0.0,map50,0.0022
yolo11n,A_unfinetuned,bo_exploration,3.0,0.09,map50,0.7033
yolo11n,A_unfinetuned,bo_exploitation,4.0,0.3,map50,0.7277
yolo11n,A_unfinetuned,grid_search,4.0,0.5,map50,0.7281
yolo11n,B_finetuned_unsupervised,baseline,0.0,0.0,map50,0.0002
yolo11n,B_finetuned_unsupervised,bo_exploration,3.0,0.39,map50,0.6765
yolo11n,B_finetuned_unsupervised,bo_exploitation,3.0,0.04,map50,0.6807
yolo11n,B_finetuned_unsupervised,grid_search,4.0,0.5,map50,0.7095
yolo11n,C_finetuned_supervised,bo_exploration,4.0,0.5,map50,0.7095
yolo11n,C_finetuned_supervised,bo_exploitation,3.0,0.11,map50,0.683
yolo11n,C_finetuned_supervised,grid_search,4.0,0.0,map50,0.7309
yolo11m,A_unfinetuned,baseline,0.0,0.0,map50,0.0004
yolo11m,A_unfinetuned,bo_exploration,4.0,0.48,map50,0.7029
yolo11m,A_unfinetuned,bo_exploitation,3.0,0.5,map50,0.7079
yolo11m,A_unfinetuned,grid_search,4.0,0.5,map50,0.7064
yolo11m,B_finetuned_unsupervised,baseline,0.0,0.0,map50,0.0006
yolo11m,B_finetuned_unsupervised,bo_exploration,3.0,0.35,map50,0.7433
yolo11m,B_finetuned_unsupervised,bo_exploitation,3.0,0.22,map50,0.7413
yolo11m,B_finetuned_unsupervised,grid_search,4.0,0.5,map50,0.7533
yolo11m,C_finetuned_supervised,bo_exploration,3.0,0.17,map50,0.7435
yolo11m,C_finetuned_supervised,bo_exploitation,3.0,0.31,map50,0.7428
yolo11m,C_finetuned_supervised,grid_search,4.0,0.0,map50,0.7693
yolo11n,A_unfinetuned,baseline,0.0,0.0,map50,0.0009
yolo11n,A_unfinetuned,bo_exploration,3.0,0.29,map50,0.7052
yolo11n,A_unfinetuned,bo_exploitation,2.0,0.42,map50,0.5195
yolo11n,A_unfinetuned,grid_search,4.0,0.5,map50,0.7248
yolo11n,B_finetuned_unsupervised,baseline,0.0,0.0,map50,0.0007
yolo11n,B_finetuned_unsupervised,bo_exploration,2.0,0.04,map50,0.5646
yolo11n,B_finetuned_unsupervised,bo_exploitation,2.0,0.08,map50,0.5613
yolo11n,B_finetuned_unsupervised,grid_search,4.0,0.5,map50,0.7588
yolo11n,C_finetuned_supervised,bo_exploration,3.0,0.01,map50,0.7222
yolo11n,C_finetuned_supervised,bo_exploitation,4.0,0.08,map50,0.7637
yolo11n,C_finetuned_supervised,grid_search,4.0,0.0,map50,0.7783
yolo11m,A_unfinetuned,baseline,0.0,0.0,map50,0.0014
yolo11m,A_unfinetuned,bo_exploration,3.0,0.5,map50,0.6663
yolo11m,A_unfinetuned,bo_exploitation,3.0,0.43,map50,0.6673
yolo11m,A_unfinetuned,grid_search,4.0,0.5,map50,0.6667
yolo11m,B_finetuned_unsupervised,baseline,0.0,0.0,map50,0.0006
yolo11m,B_finetuned_unsupervised,bo_exploration,3.0,0.02,map50,0.7459
yolo11m,B_finetuned_unsupervised,bo_exploitation,3.0,0.26,map50,0.74
yolo11m,B_finetuned_unsupervised,grid_search,4.0,0.5,map50,0.7527
yolo11m,C_finetuned_supervised,bo_exploration,3.0,0.5,map50,0.7418
yolo11m,C_finetuned_supervised,bo_exploitation,2.0,0.21,map50,0.6166
yolo11m,C_finetuned_supervised,grid_search,4.0,0.0,map50,0.7687
yolo11n,A_unfinetuned,baseline,0.0,0.0,map50,0.0003
yolo11n,A_unfinetuned,bo_exploration,3.0,0.15,map50,0.7561
yolo11n,A_unfinetuned,bo_exploitation,3.0,0.21,map50,0.7502
yolo11n,A_unfinetuned,grid_search,4.0,0.5,map50,0.7786
yolo11n,B_finetuned_unsupervised,baseline,0.0,0.0,map50,0.0007
yolo11n,B_finetuned_unsupervised,bo_exploration,3.0,0.13,map50,0.7304
yolo11n,B_finetuned_unsupervised,bo_exploitation,2.0,0.31,map50,0.5519
yolo11n,B_finetuned_unsupervised,grid_search,4.0,0.5,map50,0.7595
yolo11n,C_finetuned_supervised,bo_exploration,4.0,0.22,map50,0.7638
yolo11n,C_finetuned_supervised,bo_exploitation,3.0,0.18,map50,0.7323
yolo11n,C_finetuned_supervised,grid_search,4.0,0.0,map50,0.7792
yolo11m,A_unfinetuned,baseline,0.0,0.0,map50,0.0
yolo11m,A_unfinetuned,bo_exploration,4.0,0.5,map50,0.7371
yolo11m,A_unfinetuned,bo_exploitation,3.0,0.01,map50,0.7162
yolo11m,A_unfinetuned,grid_search,4.0,0.5,map50,0.7371
yolo11m,B_finetuned_unsupervised,baseline,0.0,0.0,map50,0.0006
yolo11m,B_finetuned_unsupervised,bo_exploration,4.0,0.5,map50,0.7529
yolo11m,B_finetuned_unsupervised,bo_exploitation,4.0,0.23,map50,0.7551
yolo11m,B_finetuned_unsupervised,grid_search,4.0,0.5,map50,0.7529
yolo11m,C_finetuned_supervised,bo_exploration,3.0,0.15,map50,0.7446
yolo11m,C_finetuned_supervised,bo_exploitation,3.0,0.37,map50,0.7405
yolo11m,C_finetuned_supervised,grid_search,4.0,0.0,map50,0.769
yolo11n,A_unfinetuned,baseline,0.0,0.0,map50,0.0003
yolo11n,A_unfinetuned,bo_exploration,4.0,0.47,map50,0.7455
yolo11n,A_unfinetuned,bo_exploitation,3.0,0.5,map50,0.7233
yolo11n,A_unfinetuned,grid_search,4.0,0.5,map50,0.7529
yolo11n,B_finetuned_unsupervised,baseline,0.0,0.0,map50,0.0007
yolo11n,B_finetuned_unsupervised,bo_exploration,4.0,0.5,map50,0.7593
yolo11n,B_finetuned_unsupervised,bo_exploitation,3.0,0.38,map50,0.723
yolo11n,B_finetuned_unsupervised,grid_search,4.0,0.5,map50,0.7593
yolo11n,C_finetuned_supervised,bo_exploration,3.0,0.33,map50,0.7271
yolo11n,C_finetuned_supervised,bo_exploitation,4.0,0.23,map50,0.7632
yolo11n,C_finetuned_supervised,grid_search,4.0,0.0,map50,0.779
yolo11m,A_unfinetuned,baseline,0.0,0.0,map50,0.0001
yolo11m,A_unfinetuned,bo_exploration,3.0,0.4,map50,0.6755
yolo11m,A_unfinetuned,bo_exploitation,3.0,0.44,map50,0.6774
yolo11m,A_unfinetuned,grid_search,4.0,0.5,map50,0.6805
yolo11m,B_finetuned_unsupervised,baseline,0.0,0.0,map50,0.0006
yolo11m,B_finetuned_unsupervised,bo_exploration,3.0,0.38,map50,0.7417
yolo11m,B_finetuned_unsupervised,bo_exploitation,3.0,0.42,map50,0.7431
yolo11m,B_finetuned_unsupervised,grid_search,4.0,0.5,map50,0.7531
yolo11m,C_finetuned_supervised,bo_exploration,4.0,0.5,map50,0.7531
yolo11m,C_finetuned_supervised,bo_exploitation,3.0,0.05,map50,0.7453
yolo11m,C_finetuned_supervised,grid_search,4.0,0.0,map50,0.7692
yolo11n,A_unfinetuned,baseline,0.0,0.0,map50,0.0002
yolo11n,A_unfinetuned,bo_exploration,3.0,0.45,map50,0.7213
yolo11n,A_unfinetuned,bo_exploitation,3.0,0.09,map50,0.722
yolo11n,A_unfinetuned,grid_search,4.0,0.5,map50,0.7558
yolo11n,B_finetuned_unsupervised,baseline,0.0,0.0,map50,0.0
yolo11n,B_finetuned_unsupervised,bo_exploration,3.0,0.38,map50,0.6875
yolo11n,B_finetuned_unsupervised,bo_exploitation,3.0,0.22,map50,0.6951
yolo11n,B_finetuned_unsupervised,grid_search,4.0,0.5,map50,0.7252
yolo11n,C_finetuned_supervised,bo_exploration,4.0,0.0,map50,0.7435
yolo11n,C_finetuned_supervised,bo_exploitation,3.0,0.08,map50,0.6966
yolo11n,C_finetuned_supervised,grid_search,4.0,0.0,map50,0.7435
yolo11n,A_unfinetuned,baseline,0.0,0.0,map50,0.0
yolo11n,A_unfinetuned,bo_exploration,4.0,0.5,map50,0.7998
yolo11n,A_unfinetuned,bo_exploitation,3.0,0.2,map50,0.7704
yolo11n,A_unfinetuned,grid_search,4.0,0.5,map50,0.7998
yolo11n,B_finetuned_unsupervised,baseline,0.0,0.0,map50,0.0009
yolo11n,B_finetuned_unsupervised,bo_exploration,3.0,0.5,map50,0.7007
yolo11n,B_finetuned_unsupervised,bo_exploitation,3.0,0.5,map50,0.7007
yolo11n,B_finetuned_unsupervised,grid_search,4.0,0.5,map50,0.7292
yolo11n,C_finetuned_supervised,bo_exploration,3.0,0.0,map50,0.6991
yolo11n,C_finetuned_supervised,bo_exploitation,2.0,0.24,map50,0.5257
yolo11n,C_finetuned_supervised,grid_search,4.0,0.0,map50,0.7485
rtdetr-l,A_unfinetuned,baseline,0.0,0.0,map50,0.0004
rtdetr-l,A_unfinetuned,bo_exploration,3.0,0.29,map50,0.6118
rtdetr-l,A_unfinetuned,bo_exploitation,3.0,0.31,map50,0.6118
rtdetr-l,A_unfinetuned,grid_search,4.0,0.5,map50,0.677
rtdetr-l,B_finetuned_unsupervised,baseline,0.0,0.0,map50,0.0025
rtdetr-l,B_finetuned_unsupervised,bo_exploration,3.0,0.48,map50,0.5428
rtdetr-l,B_finetuned_unsupervised,bo_exploitation,3.0,0.41,map50,0.5397
rtdetr-l,B_finetuned_unsupervised,grid_search,4.0,0.5,map50,0.5644
rtdetr-l,C_finetuned_supervised,bo_exploration,4.0,0.5,map50,0.5644
rtdetr-l,C_finetuned_supervised,bo_exploitation,3.0,0.21,map50,0.537
rtdetr-l,C_finetuned_supervised,grid_search,4.0,0.0,map50,0.5673
rtdetr-l,A_unfinetuned,baseline,0.0,0.0,map50,0.0004
rtdetr-l,A_unfinetuned,bo_exploration,3.0,0.46,map50,0.5883
rtdetr-l,A_unfinetuned,bo_exploitation,2.0,0.39,map50,0.4116
rtdetr-l,A_unfinetuned,grid_search,4.0,0.5,map50,0.6168
rtdetr-l,B_finetuned_unsupervised,baseline,0.0,0.0,map50,0.001
rtdetr-l,B_finetuned_unsupervised,bo_exploration,3.0,0.5,map50,0.5765
rtdetr-l,B_finetuned_unsupervised,bo_exploitation,2.0,0.26,map50,0.4176
rtdetr-l,B_finetuned_unsupervised,grid_search,4.0,0.5,map50,0.6126
rtdetr-l,C_finetuned_supervised,bo_exploration,3.0,0.12,map50,0.579
rtdetr-l,C_finetuned_supervised,bo_exploitation,2.0,0.13,map50,0.4171
rtdetr-l,C_finetuned_supervised,grid_search,4.0,0.0,map50,0.6092
rtdetr-l,A_unfinetuned,baseline,0.0,0.0,map50,0.0
rtdetr-l,A_unfinetuned,bo_exploration,3.0,0.22,map50,0.5706
rtdetr-l,A_unfinetuned,bo_exploitation,3.0,0.25,map50,0.5691
rtdetr-l,A_unfinetuned,grid_search,4.0,0.5,map50,0.6287
rtdetr-l,B_finetuned_unsupervised,baseline,0.0,0.0,map50,0.0012
rtdetr-l,B_finetuned_unsupervised,bo_exploration,2.0,0.17,map50,0.4607
rtdetr-l,B_finetuned_unsupervised,bo_exploitation,3.0,0.08,map50,0.6198
rtdetr-l,B_finetuned_unsupervised,grid_search,4.0,0.5,map50,0.6506
rtdetr-l,C_finetuned_supervised,bo_exploration,3.0,0.11,map50,0.6205
rtdetr-l,C_finetuned_supervised,bo_exploitation,2.0,0.5,map50,0.4578
rtdetr-l,C_finetuned_supervised,grid_search,4.0,0.0,map50,0.6544
rtdetr-l,A_unfinetuned,baseline,0.0,0.0,map50,0.0011
rtdetr-l,A_unfinetuned,bo_exploration,2.0,0.31,map50,0.4199
rtdetr-l,A_unfinetuned,bo_exploitation,3.0,0.1,map50,0.5965
rtdetr-l,A_unfinetuned,grid_search,4.0,0.5,map50,0.639
rtdetr-l,B_finetuned_unsupervised,baseline,0.0,0.0,map50,0.0012
rtdetr-l,B_finetuned_unsupervised,bo_exploration,3.0,0.32,map50,0.6223
rtdetr-l,B_finetuned_unsupervised,bo_exploitation,2.0,0.09,map50,0.4565
rtdetr-l,B_finetuned_unsupervised,grid_search,4.0,0.5,map50,0.665
rtdetr-l,C_finetuned_supervised,bo_exploration,1.0,0.22,map50,0.008
rtdetr-l,C_finetuned_supervised,bo_exploitation,4.0,0.39,map50,0.6628
rtdetr-l,C_finetuned_supervised,grid_search,4.0,0.5,map50,0.665
rtdetr-l,A_unfinetuned,baseline,0.0,0.0,map50,0.0001
rtdetr-l,A_unfinetuned,bo_exploration,3.0,0.5,map50,0.5458
rtdetr-l,A_unfinetuned,bo_exploitation,3.0,0.49,map50,0.5425
rtdetr-l,A_unfinetuned,grid_search,4.0,0.5,map50,0.6149
rtdetr-l,B_finetuned_unsupervised,baseline,0.0,0.0,map50,0.0021
rtdetr-l,B_finetuned_unsupervised,bo_exploration,4.0,0.5,map50,0.6005
rtdetr-l,B_finetuned_unsupervised,bo_exploitation,2.0,0.34,map50,0.3569
rtdetr-l,B_finetuned_unsupervised,grid_search,4.0,0.5,map50,0.6005
rtdetr-l,C_finetuned_supervised,bo_exploration,3.0,0.03,map50,0.5544
rtdetr-l,C_finetuned_supervised,bo_exploitation,3.0,0.3,map50,0.5501
rtdetr-l,C_finetuned_supervised,grid_search,4.0,0.0,map50,0.6147
rtdetr-l,A_unfinetuned,baseline,0.0,0.0,map50,0.0036
rtdetr-l,A_unfinetuned,bo_exploration,3.0,0.04,map50,0.6046
rtdetr-l,A_unfinetuned,bo_exploitation,3.0,0.32,map50,0.5973
rtdetr-l,A_unfinetuned,grid_search,4.0,0.5,map50,0.6156
rtdetr-l,B_finetuned_unsupervised,baseline,0.0,0.0,map50,0.0063
rtdetr-l,B_finetuned_unsupervised,bo_exploration,2.0,0.24,map50,0.4248
rtdetr-l,B_finetuned_unsupervised,bo_exploitation,2.0,0.45,map50,0.4176
rtdetr-l,B_finetuned_unsupervised,grid_search,4.0,0.5,map50,0.5717
rtdetr-l,C_finetuned_supervised,bo_exploration,4.0,0.5,map50,0.5717
rtdetr-l,C_finetuned_supervised,bo_exploitation,3.0,0.46,map50,0.5528
rtdetr-l,C_finetuned_supervised,grid_search,4.0,0.5,map50,0.5717
rtdetr-l,A_unfinetuned,baseline,0.0,0.0,map50,0.0096
rtdetr-l,A_unfinetuned,bo_exploration,3.0,0.5,map50,0.6665
rtdetr-l,A_unfinetuned,bo_exploitation,3.0,0.5,map50,0.6665
rtdetr-l,A_unfinetuned,grid_search,4.0,0.5,map50,0.6831
rtdetr-l,B_finetuned_unsupervised,baseline,0.0,0.0,map50,0.0005
rtdetr-l,B_finetuned_unsupervised,bo_exploration,1.0,0.12,map50,0.0058
rtdetr-l,B_finetuned_unsupervised,bo_exploitation,2.0,0.05,map50,0.4599
rtdetr-l,B_finetuned_unsupervised,grid_search,4.0,0.5,map50,0.6609
rtdetr-l,C_finetuned_supervised,bo_exploration,3.0,0.45,map50,0.6245
rtdetr-l,C_finetuned_supervised,bo_exploitation,4.0,0.15,map50,0.65
rtdetr-l,C_finetuned_supervised,grid_search,4.0,0.5,map50,0.6609
rtdetr-l,A_unfinetuned,baseline,0.0,0.0,map50,0.0
rtdetr-l,A_unfinetuned,bo_exploration,4.0,0.5,map50,0.7235
rtdetr-l,A_unfinetuned,bo_exploitation,3.0,0.22,map50,0.6695
rtdetr-l,A_unfinetuned,grid_search,4.0,0.5,map50,0.7235
rtdetr-l,B_finetuned_unsupervised,baseline,0.0,0.0,map50,0.0011
rtdetr-l,B_finetuned_unsupervised,bo_exploration,3.0,0.47,map50,0.6261
rtdetr-l,B_finetuned_unsupervised,bo_exploitation,3.0,0.3,map50,0.6153
rtdetr-l,B_finetuned_unsupervised,grid_search,4.0,0.5,map50,0.6616
rtdetr-l,C_finetuned_supervised,bo_exploration,3.0,0.06,map50,0.62
yolo11n,B_finetuned_unsupervised,baseline,0.0,0.0,precision,0.0019
yolo11n,B_finetuned_unsupervised,bo_exploration,3.0,0.49,precision,0.7795
yolo11n,B_finetuned_unsupervised,bo_exploitation,1.0,0.28,precision,0.041
yolo11n,B_finetuned_unsupervised,grid_search,4.0,0.5,precision,0.8092
yolo11n,C_finetuned_supervised,bo_exploration,2.0,0.13,precision,0.6652
yolo11n,C_finetuned_supervised,bo_exploitation,2.0,0.0,precision,0.7025
yolo11n,C_finetuned_supervised,grid_search,4.0,0.0,precision,0.8109
yolo11m,A_unfinetuned,baseline,0.0,0.0,precision,0.0006
yolo11m,A_unfinetuned,bo_exploration,3.0,0.46,precision,0.7493
yolo11m,A_unfinetuned,bo_exploitation,3.0,0.1,precision,0.7577
yolo11m,A_unfinetuned,grid_search,4.0,0.5,precision,0.7577
yolo11m,B_finetuned_unsupervised,baseline,0.0,0.0,precision,0.0009
yolo11m,B_finetuned_unsupervised,bo_exploration,3.0,0.32,precision,0.8196
yolo11m,B_finetuned_unsupervised,bo_exploitation,2.0,0.43,precision,0.7291
yolo11m,B_finetuned_unsupervised,grid_search,4.0,0.5,precision,0.8151
yolo11m,C_finetuned_supervised,bo_exploration,4.0,0.0,precision,0.8169
yolo11m,C_finetuned_supervised,bo_exploitation,2.0,0.0,precision,0.7825
yolo11m,C_finetuned_supervised,grid_search,4.0,0.0,precision,0.8169
yolo11n,A_unfinetuned,baseline,0.0,0.0,precision,0.0
yolo11n,A_unfinetuned,bo_exploration,3.0,0.43,precision,0.7719
yolo11n,A_unfinetuned,bo_exploitation,2.0,0.29,precision,0.568
yolo11n,A_unfinetuned,grid_search,4.0,0.5,precision,0.8487
yolo11n,B_finetuned_unsupervised,baseline,0.0,0.0,precision,0.0014
yolo11n,B_finetuned_unsupervised,bo_exploration,2.0,0.18,precision,0.7037
yolo11n,B_finetuned_unsupervised,bo_exploitation,3.0,0.45,precision,0.7982
yolo11n,B_finetuned_unsupervised,grid_search,4.0,0.5,precision,0.837
yolo11n,C_finetuned_supervised,bo_exploration,3.0,0.12,precision,0.8076
yolo11n,C_finetuned_supervised,bo_exploitation,4.0,0.45,precision,0.8239
yolo11n,C_finetuned_supervised,grid_search,4.0,0.0,precision,0.8396
yolo11m,A_unfinetuned,baseline,0.0,0.0,precision,0.0006
yolo11m,A_unfinetuned,bo_exploration,2.0,0.28,precision,0.6743
yolo11m,A_unfinetuned,bo_exploitation,2.0,0.37,precision,0.6561
yolo11m,A_unfinetuned,grid_search,4.0,0.5,precision,0.7504
yolo11m,B_finetuned_unsupervised,baseline,0.0,0.0,precision,0.0012
yolo11m,B_finetuned_unsupervised,bo_exploration,3.0,0.35,precision,0.8232
yolo11m,B_finetuned_unsupervised,bo_exploitation,3.0,0.45,precision,0.8009
yolo11m,B_finetuned_unsupervised,grid_search,4.0,0.5,precision,0.8179
yolo11m,C_finetuned_supervised,bo_exploration,3.0,0.15,precision,0.8103
yolo11m,C_finetuned_supervised,bo_exploitation,3.0,0.25,precision,0.811
yolo11m,C_finetuned_supervised,grid_search,4.0,0.0,precision,0.818
yolo11n,A_unfinetuned,baseline,0.0,0.0,precision,0.0005
yolo11n,A_unfinetuned,bo_exploration,3.0,0.5,precision,0.7297
yolo11n,A_unfinetuned,bo_exploitation,2.0,0.38,precision,0.6009
yolo11n,A_unfinetuned,grid_search,4.0,0.5,precision,0.7666
yolo11n,B_finetuned_unsupervised,baseline,0.0,0.0,precision,0.0003
yolo11n,B_finetuned_unsupervised,bo_exploration,2.0,0.29,precision,0.6527
yolo11n,B_finetuned_unsupervised,bo_exploitation,2.0,0.01,precision,0.6761
yolo11n,B_finetuned_unsupervised,grid_search,4.0,0.5,precision,0.8034
yolo11n,C_finetuned_supervised,bo_exploration,3.0,0.18,precision,0.7808
yolo11n,C_finetuned_supervised,bo_exploitation,3.0,0.12,precision,0.7759
yolo11n,C_finetuned_supervised,grid_search,4.0,0.0,precision,0.8085
yolo11m,A_unfinetuned,baseline,0.0,0.0,precision,0.0011
yolo11m,A_unfinetuned,bo_exploration,3.0,0.15,precision,0.7534
yolo11m,A_unfinetuned,bo_exploitation,3.0,0.41,precision,0.7523
yolo11m,A_unfinetuned,grid_search,4.0,0.5,precision,0.7834
yolo11m,B_finetuned_unsupervised,baseline,0.0,0.0,precision,0.0008
yolo11m,B_finetuned_unsupervised,bo_exploration,3.0,0.49,precision,0.8117
yolo11m,B_finetuned_unsupervised,bo_exploitation,3.0,0.45,precision,0.8022
yolo11m,B_finetuned_unsupervised,grid_search,4.0,0.5,precision,0.8193
yolo11m,C_finetuned_supervised,bo_exploration,3.0,0.29,precision,0.8248
yolo11m,C_finetuned_supervised,bo_exploitation,3.0,0.47,precision,0.8109
yolo11m,C_finetuned_supervised,grid_search,4.0,0.0,precision,0.8193
yolo11n,A_unfinetuned,baseline,0.0,0.0,precision,0.0032
yolo11n,A_unfinetuned,bo_exploration,3.0,0.5,precision,0.8016
yolo11n,A_unfinetuned,bo_exploitation,2.0,0.07,precision,0.7067
yolo11n,A_unfinetuned,grid_search,4.0,0.5,precision,0.8356
yolo11n,B_finetuned_unsupervised,baseline,0.0,0.0,precision,0.0004
yolo11n,B_finetuned_unsupervised,bo_exploration,3.0,0.22,precision,0.7721
yolo11n,B_finetuned_unsupervised,bo_exploitation,2.0,0.17,precision,0.6271
yolo11n,B_finetuned_unsupervised,grid_search,4.0,0.5,precision,0.7989
yolo11n,C_finetuned_supervised,bo_exploration,3.0,0.23,precision,0.7715
yolo11n,C_finetuned_supervised,bo_exploitation,3.0,0.0,precision,0.7685
yolo11n,C_finetuned_supervised,grid_search,4.0,0.0,precision,0.8006
yolo11m,A_unfinetuned,baseline,0.0,0.0,precision,0.0006
yolo11m,A_unfinetuned,bo_exploration,3.0,0.45,precision,0.7197
yolo11m,A_unfinetuned,bo_exploitation,3.0,0.17,precision,0.7301
yolo11m,A_unfinetuned,grid_search,4.0,0.5,precision,0.7608
yolo11m,B_finetuned_unsupervised,baseline,0.0,0.0,precision,0.0011
yolo11m,B_finetuned_unsupervised,bo_exploration,2.0,0.29,precision,0.7614
yolo11m,B_finetuned_unsupervised,bo_exploitation,3.0,0.22,precision,0.8046
yolo11m,B_finetuned_unsupervised,grid_search,4.0,0.5,precision,0.8181
yolo11m,C_finetuned_supervised,bo_exploration,3.0,0.1,precision,0.8128
yolo11m,C_finetuned_supervised,bo_exploitation,3.0,0.1,precision,0.8128
yolo11m,C_finetuned_supervised,grid_search,4.0,0.0,precision,0.8179
yolo11n,A_unfinetuned,baseline,0.0,0.0,precision,0.0014
yolo11n,A_unfinetuned,bo_exploration,3.0,0.44,precision,0.7965
yolo11n,A_unfinetuned,bo_exploitation,3.0,0.35,precision,0.8052
yolo11n,A_unfinetuned,grid_search,4.0,0.5,precision,0.8472
yolo11n,B_finetuned_unsupervised,baseline,0.0,0.0,precision,0.0004
yolo11n,B_finetuned_unsupervised,bo_exploration,2.0,0.45,precision,0.6541
yolo11n,B_finetuned_unsupervised,bo_exploitation,4.0,0.05,precision,0.7984
yolo11n,B_finetuned_unsupervised,grid_search,4.0,0.5,precision,0.8004
yolo11n,C_finetuned_supervised,bo_exploration,3.0,0.3,precision,0.7921
yolo11n,C_finetuned_supervised,bo_exploitation,2.0,0.0,precision,0.6919
yolo11n,C_finetuned_supervised,grid_search,4.0,0.0,precision,0.802
yolo11m,A_unfinetuned,baseline,0.0,0.0,precision,0.0009
yolo11m,A_unfinetuned,bo_exploration,3.0,0.2,precision,0.7658
yolo11m,A_unfinetuned,bo_exploitation,3.0,0.12,precision,0.7602
yolo11m,A_unfinetuned,grid_search,4.0,0.5,precision,0.7796
yolo11m,B_finetuned_unsupervised,baseline,0.0,0.0,precision,0.0
yolo11m,B_finetuned_unsupervised,bo_exploration,3.0,0.49,precision,0.8638
yolo11m,B_finetuned_unsupervised,bo_exploitation,3.0,0.2,precision,0.8708
yolo11m,B_finetuned_unsupervised,grid_search,4.0,0.5,precision,0.8694
yolo11m,C_finetuned_supervised,bo_exploration,3.0,0.36,precision,0.8674
yolo11m,C_finetuned_supervised,bo_exploitation,3.0,0.05,precision,0.8703
yolo11m,C_finetuned_supervised,grid_search,4.0,0.0,precision,0.8743
yolo11n,A_unfinetuned,baseline,0.0,0.0,precision,0.0007
yolo11n,A_unfinetuned,bo_exploration,2.0,0.26,precision,0.6951
yolo11n,A_unfinetuned,bo_exploitation,2.0,0.19,precision,0.7021
yolo11n,A_unfinetuned,grid_search,4.0,0.5,precision,0.8419
yolo11n,B_finetuned_unsupervised,baseline,0.0,0.0,precision,0.0008
yolo11n,B_finetuned_unsupervised,bo_exploration,3.0,0.27,precision,0.7782
yolo11n,B_finetuned_unsupervised,bo_exploitation,4.0,0.48,precision,0.8293
yolo11n,B_finetuned_unsupervised,grid_search,4.0,0.5,precision,0.81
yolo11n,C_finetuned_supervised,bo_exploration,3.0,0.26,precision,0.7805
yolo11n,C_finetuned_supervised,bo_exploitation,3.0,0.4,precision,0.7935
yolo11n,C_finetuned_supervised,grid_search,4.0,0.0,precision,0.8202
yolo11m,A_unfinetuned,baseline,0.0,0.0,precision,0.0007
yolo11m,A_unfinetuned,bo_exploration,3.0,0.26,precision,0.6879
yolo11m,A_unfinetuned,bo_exploitation,3.0,0.5,precision,0.6803
yolo11m,A_unfinetuned,grid_search,4.0,0.5,precision,0.679
yolo11m,B_finetuned_unsupervised,baseline,0.0,0.0,precision,0.0
yolo11m,B_finetuned_unsupervised,bo_exploration,3.0,0.16,precision,0.8642
yolo11m,B_finetuned_unsupervised,bo_exploitation,3.0,0.44,precision,0.866
yolo11m,B_finetuned_unsupervised,grid_search,4.0,0.5,precision,0.8692
yolo11m,C_finetuned_supervised,bo_exploration,3.0,0.0,precision,0.8571
yolo11m,C_finetuned_supervised,bo_exploitation,3.0,0.38,precision,0.8651
yolo11m,C_finetuned_supervised,grid_search,4.0,0.0,precision,0.8743
yolo11n,A_unfinetuned,baseline,0.0,0.0,precision,0.0007
yolo11n,A_unfinetuned,bo_exploration,2.0,0.33,precision,0.674
yolo11n,A_unfinetuned,bo_exploitation,3.0,0.04,precision,0.7978
yolo11n,A_unfinetuned,grid_search,4.0,0.5,precision,0.8363
yolo11n,B_finetuned_unsupervised,baseline,0.0,0.0,precision,0.0
yolo11n,B_finetuned_unsupervised,bo_exploration,2.0,0.46,precision,0.6764
yolo11n,B_finetuned_unsupervised,bo_exploitation,2.0,0.48,precision,0.6745
yolo11n,B_finetuned_unsupervised,grid_search,4.0,0.5,precision,0.8329
yolo11n,C_finetuned_supervised,bo_exploration,3.0,0.13,precision,0.8263
yolo11n,C_finetuned_supervised,bo_exploitation,3.0,0.07,precision,0.8211
yolo11n,C_finetuned_supervised,grid_search,4.0,0.0,precision,0.8439
yolo11m,A_unfinetuned,baseline,0.0,0.0,precision,0.003
yolo11m,A_unfinetuned,bo_exploration,3.0,0.5,precision,0.7081
yolo11m,A_unfinetuned,bo_exploitation,3.0,0.43,precision,0.7323
yolo11m,A_unfinetuned,grid_search,4.0,0.5,precision,0.754
yolo11m,B_finetuned_unsupervised,baseline,0.0,0.0,precision,0.0
yolo11m,B_finetuned_unsupervised,bo_exploration,2.0,0.33,precision,0.8378
yolo11m,B_finetuned_unsupervised,bo_exploitation,3.0,0.44,precision,0.8667
yolo11m,B_finetuned_unsupervised,grid_search,4.0,0.5,precision,0.8698
yolo11m,C_finetuned_supervised,bo_exploration,4.0,0.5,precision,0.8698
yolo11m,C_finetuned_supervised,bo_exploitation,3.0,0.08,precision,0.8681
yolo11m,C_finetuned_supervised,grid_search,4.0,0.0,precision,0.8749
yolo11n,A_unfinetuned,baseline,0.0,0.0,precision,0.0023
yolo11n,A_unfinetuned,bo_exploration,4.0,0.5,precision,0.7809
yolo11n,A_unfinetuned,bo_exploitation,3.0,0.41,precision,0.7513
yolo11n,A_unfinetuned,grid_search,4.0,0.5,precision,0.7809
yolo11n,B_finetuned_unsupervised,baseline,0.0,0.0,precision,0.0
yolo11n,B_finetuned_unsupervised,bo_exploration,3.0,0.45,precision,0.8175
yolo11n,B_finetuned_unsupervised,bo_exploitation,3.0,0.22,precision,0.8292
yolo11n,B_finetuned_unsupervised,grid_search,4.0,0.5,precision,0.8324
yolo11n,C_finetuned_supervised,bo_exploration,3.0,0.22,precision,0.8292
yolo11n,C_finetuned_supervised,bo_exploitation,3.0,0.15,precision,0.8295
yolo11n,C_finetuned_supervised,grid_search,4.0,0.0,precision,0.8433
yolo11m,A_unfinetuned,baseline,0.0,0.0,precision,0.0022
yolo11m,A_unfinetuned,bo_exploration,3.0,0.48,precision,0.6604
yolo11m,A_unfinetuned,bo_exploitation,3.0,0.27,precision,0.6828
yolo11m,A_unfinetuned,grid_search,4.0,0.5,precision,0.7018
yolo11m,B_finetuned_unsupervised,baseline,0.0,0.0,precision,0.0
yolo11m,B_finetuned_unsupervised,bo_exploration,4.0,0.0,precision,0.8745
yolo11m,B_finetuned_unsupervised,bo_exploitation,3.0,0.46,precision,0.8589
yolo11m,B_finetuned_unsupervised,grid_search,4.0,0.5,precision,0.8693
yolo11m,C_finetuned_supervised,bo_exploration,4.0,0.0,precision,0.8745
yolo11m,C_finetuned_supervised,bo_exploitation,4.0,0.0,precision,0.8745
yolo11m,C_finetuned_supervised,grid_search,4.0,0.0,precision,0.8745
yolo11n,A_unfinetuned,baseline,0.0,0.0,precision,0.0013
yolo11n,A_unfinetuned,bo_exploration,4.0,0.5,precision,0.8279
yolo11n,A_unfinetuned,bo_exploitation,4.0,0.46,precision,0.8256
yolo11n,A_unfinetuned,grid_search,4.0,0.5,precision,0.8279
yolo11n,B_finetuned_unsupervised,baseline,0.0,0.0,precision,0.0004
yolo11n,B_finetuned_unsupervised,bo_exploration,3.0,0.5,precision,0.7788
yolo11n,B_finetuned_unsupervised,bo_exploitation,3.0,0.4,precision,0.7675
yolo11n,B_finetuned_unsupervised,grid_search,4.0,0.5,precision,0.7988
yolo11n,C_finetuned_supervised,bo_exploration,3.0,0.47,precision,0.7667
yolo11n,C_finetuned_supervised,bo_exploitation,3.0,0.28,precision,0.7837
yolo11n,C_finetuned_supervised,grid_search,4.0,0.0,precision,0.8009
yolo11n,A_unfinetuned,baseline,0.0,0.0,precision,0.0018
yolo11n,A_unfinetuned,bo_exploration,4.0,0.5,precision,0.8364
yolo11n,A_unfinetuned,bo_exploitation,2.0,0.36,precision,0.6896
yolo11n,A_unfinetuned,grid_search,4.0,0.5,precision,0.8364
yolo11n,B_finetuned_unsupervised,baseline,0.0,0.0,precision,0.0019
yolo11n,B_finetuned_unsupervised,bo_exploration,2.0,0.04,precision,0.6732
yolo11n,B_finetuned_unsupervised,bo_exploitation,2.0,0.25,precision,0.678
yolo11n,B_finetuned_unsupervised,grid_search,4.0,0.5,precision,0.8092
yolo11n,C_finetuned_supervised,bo_exploration,4.0,0.5,precision,0.8092
yolo11n,C_finetuned_supervised,bo_exploitation,3.0,0.24,precision,0.7801
yolo11n,C_finetuned_supervised,grid_search,4.0,0.0,precision,0.8109
rtdetr-l,A_unfinetuned,baseline,0.0,0.0,precision,0.0058
rtdetr-l,A_unfinetuned,bo_exploration,3.0,0.5,precision,0.7698
rtdetr-l,A_unfinetuned,bo_exploitation,3.0,0.01,precision,0.7629
rtdetr-l,A_unfinetuned,grid_search,4.0,0.5,precision,0.7965
rtdetr-l,B_finetuned_unsupervised,baseline,0.0,0.0,precision,0.0017
rtdetr-l,B_finetuned_unsupervised,bo_exploration,2.0,0.48,precision,0.628
rtdetr-l,B_finetuned_unsupervised,bo_exploitation,2.0,0.04,precision,0.688
rtdetr-l,B_finetuned_unsupervised,grid_search,4.0,0.5,precision,0.8369
rtdetr-l,C_finetuned_supervised,bo_exploration,3.0,0.0,precision,0.7736
rtdetr-l,C_finetuned_supervised,bo_exploitation,4.0,0.27,precision,0.8576
rtdetr-l,C_finetuned_supervised,grid_search,4.0,0.0,precision,0.8497
rtdetr-l,A_unfinetuned,baseline,0.0,0.0,precision,0.0039
rtdetr-l,A_unfinetuned,bo_exploration,3.0,0.42,precision,0.7393
rtdetr-l,A_unfinetuned,bo_exploitation,2.0,0.16,precision,0.6101
rtdetr-l,A_unfinetuned,grid_search,4.0,0.5,precision,0.748
rtdetr-l,B_finetuned_unsupervised,baseline,0.0,0.0,precision,0.0242
rtdetr-l,B_finetuned_unsupervised,bo_exploration,2.0,0.28,precision,0.6524
rtdetr-l,B_finetuned_unsupervised,bo_exploitation,3.0,0.19,precision,0.789
rtdetr-l,B_finetuned_unsupervised,grid_search,4.0,0.5,precision,0.8207
rtdetr-l,C_finetuned_supervised,bo_exploration,4.0,0.0,precision,0.8305
rtdetr-l,C_finetuned_supervised,bo_exploitation,2.0,0.26,precision,0.6427
rtdetr-l,C_finetuned_supervised,grid_search,4.0,0.0,precision,0.8305
rtdetr-l,A_unfinetuned,baseline,0.0,0.0,precision,0.0
rtdetr-l,A_unfinetuned,bo_exploration,2.0,0.34,precision,0.6389
rtdetr-l,A_unfinetuned,bo_exploitation,3.0,0.5,precision,0.7791
rtdetr-l,A_unfinetuned,grid_search,4.0,0.5,precision,0.8246
rtdetr-l,B_finetuned_unsupervised,baseline,0.0,0.0,precision,0.0009
rtdetr-l,B_finetuned_unsupervised,bo_exploration,3.0,0.49,precision,0.7193
rtdetr-l,B_finetuned_unsupervised,bo_exploitation,3.0,0.05,precision,0.679
rtdetr-l,B_finetuned_unsupervised,grid_search,4.0,0.5,precision,0.747
rtdetr-l,C_finetuned_supervised,bo_exploration,3.0,0.04,precision,0.6974
rtdetr-l,C_finetuned_supervised,bo_exploitation,3.0,0.11,precision,0.7018
rtdetr-l,C_finetuned_supervised,grid_search,4.0,0.0,precision,0.7271
rtdetr-l,A_unfinetuned,baseline,0.0,0.0,precision,0.0021
rtdetr-l,A_unfinetuned,bo_exploration,3.0,0.5,precision,0.6371
rtdetr-l,A_unfinetuned,bo_exploitation,3.0,0.18,precision,0.6555
rtdetr-l,A_unfinetuned,grid_search,4.0,0.5,precision,0.6665
rtdetr-l,B_finetuned_unsupervised,baseline,0.0,0.0,precision,0.0009
rtdetr-l,B_finetuned_unsupervised,bo_exploration,4.0,0.5,precision,0.7332
rtdetr-l,B_finetuned_unsupervised,bo_exploitation,3.0,0.25,precision,0.7063
rtdetr-l,B_finetuned_unsupervised,grid_search,4.0,0.5,precision,0.7332
rtdetr-l,C_finetuned_supervised,bo_exploration,2.0,0.09,precision,0.6047
rtdetr-l,C_finetuned_supervised,bo_exploitation,3.0,0.09,precision,0.7218
rtdetr-l,C_finetuned_supervised,grid_search,4.0,0.0,precision,0.7514
rtdetr-l,A_unfinetuned,baseline,0.0,0.0,precision,0.0003
rtdetr-l,A_unfinetuned,bo_exploration,3.0,0.05,precision,0.6797
rtdetr-l,A_unfinetuned,bo_exploitation,3.0,0.0,precision,0.6734
rtdetr-l,A_unfinetuned,grid_search,4.0,0.5,precision,0.73
rtdetr-l,B_finetuned_unsupervised,baseline,0.0,0.0,precision,0.0017
rtdetr-l,B_finetuned_unsupervised,bo_exploration,2.0,0.45,precision,0.5915
rtdetr-l,B_finetuned_unsupervised,bo_exploitation,3.0,0.02,precision,0.7391
rtdetr-l,B_finetuned_unsupervised,grid_search,4.0,0.5,precision,0.7925
rtdetr-l,C_finetuned_supervised,bo_exploration,3.0,0.18,precision,0.7425
rtdetr-l,C_finetuned_supervised,bo_exploitation,4.0,0.0,precision,0.7844
rtdetr-l,C_finetuned_supervised,grid_search,4.0,0.0,precision,0.7844
rtdetr-l,A_unfinetuned,baseline,0.0,0.0,precision,0.0025
rtdetr-l,A_unfinetuned,bo_exploration,2.0,0.3,precision,0.6369
rtdetr-l,A_unfinetuned,bo_exploitation,2.0,0.38,precision,0.6177
rtdetr-l,A_unfinetuned,grid_search,4.0,0.5,precision,0.7581
rtdetr-l,B_finetuned_unsupervised,baseline,0.0,0.0,precision,0.0
rtdetr-l,B_finetuned_unsupervised,bo_exploration,3.0,0.47,precision,0.7591
rtdetr-l,B_finetuned_unsupervised,bo_exploitation,3.0,0.37,precision,0.7426
rtdetr-l,B_finetuned_unsupervised,grid_search,4.0,0.5,precision,0.7862
rtdetr-l,C_finetuned_supervised,bo_exploration,3.0,0.18,precision,0.7233
rtdetr-l,C_finetuned_supervised,bo_exploitation,3.0,0.23,precision,0.7195
rtdetr-l,C_finetuned_supervised,grid_search,4.0,0.0,precision,0.772
rtdetr-l,A_unfinetuned,baseline,0.0,0.0,precision,0.0004
rtdetr-l,A_unfinetuned,bo_exploration,3.0,0.09,precision,0.734
rtdetr-l,A_unfinetuned,bo_exploitation,3.0,0.27,precision,0.7238
rtdetr-l,A_unfinetuned,grid_search,4.0,0.5,precision,0.7623
rtdetr-l,B_finetuned_unsupervised,baseline,0.0,0.0,precision,0.0136
rtdetr-l,B_finetuned_unsupervised,bo_exploration,3.0,0.16,precision,0.769
rtdetr-l,B_finetuned_unsupervised,bo_exploitation,3.0,0.5,precision,0.7681
rtdetr-l,B_finetuned_unsupervised,grid_search,4.0,0.5,precision,0.7893
rtdetr-l,C_finetuned_supervised,bo_exploration,4.0,0.23,precision,0.788
rtdetr-l,C_finetuned_supervised,bo_exploitation,3.0,0.26,precision,0.7618
rtdetr-l,C_finetuned_supervised,grid_search,4.0,0.0,precision,0.7735
rtdetr-l,A_unfinetuned,baseline,0.0,0.0,precision,0.0004
rtdetr-l,A_unfinetuned,bo_exploration,4.0,0.0,precision,0.7207
rtdetr-l,A_unfinetuned,bo_exploitation,4.0,0.32,precision,0.752
rtdetr-l,A_unfinetuned,grid_search,4.0,0.5,precision,0.738
yolo11n,B_finetuned_unsupervised,baseline,0.0,0.0,precision,0.0004
yolo11n,B_finetuned_unsupervised,bo_exploration,4.0,0.5,precision,0.8001
yolo11n,B_finetuned_unsupervised,bo_exploitation,3.0,0.18,precision,0.7757
yolo11n,B_finetuned_unsupervised,grid_search,4.0,0.5,precision,0.8001
yolo11n,C_finetuned_supervised,bo_exploration,2.0,0.13,precision,0.6525
yolo11n,C_finetuned_supervised,bo_exploitation,2.0,0.5,precision,0.6567
yolo11n,C_finetuned_supervised,grid_search,4.0,0.0,precision,0.8019
yolo11m,A_unfinetuned,baseline,0.0,0.0,precision,0.0
yolo11m,A_unfinetuned,bo_exploration,4.0,0.11,precision,0.8337
yolo11m,A_unfinetuned,bo_exploitation,2.0,0.5,precision,0.7142
yolo11m,A_unfinetuned,grid_search,4.0,0.5,precision,0.8073
yolo11m,B_finetuned_unsupervised,baseline,0.0,0.0,precision,0.0
yolo11m,B_finetuned_unsupervised,bo_exploration,3.0,0.4,precision,0.866
yolo11m,B_finetuned_unsupervised,bo_exploitation,3.0,0.45,precision,0.8563
yolo11m,B_finetuned_unsupervised,grid_search,4.0,0.5,precision,0.8688
yolo11m,C_finetuned_supervised,bo_exploration,4.0,0.31,precision,0.8794
yolo11m,C_finetuned_supervised,bo_exploitation,3.0,0.36,precision,0.8672
yolo11m,C_finetuned_supervised,grid_search,4.0,0.0,precision,0.8739
yolo11n,A_unfinetuned,baseline,0.0,0.0,precision,0.0
yolo11n,A_unfinetuned,bo_exploration,3.0,0.34,precision,0.7831
yolo11n,A_unfinetuned,bo_exploitation,2.0,0.27,precision,0.6761
yolo11n,A_unfinetuned,grid_search,4.0,0.5,precision,0.8159
yolo11n,B_finetuned_unsupervised,baseline,0.0,0.0,precision,0.0008
yolo11n,B_finetuned_unsupervised,bo_exploration,3.0,0.5,precision,0.7761
yolo11n,B_finetuned_unsupervised,bo_exploitation,3.0,0.39,precision,0.7719
yolo11n,B_finetuned_unsupervised,grid_search,4.0,0.5,precision,0.81
yolo11n,C_finetuned_supervised,bo_exploration,2.0,0.31,precision,0.6465
yolo11n,C_finetuned_supervised,bo_exploitation,3.0,0.13,precision,0.7933
yolo11n,C_finetuned_supervised,grid_search,4.0,0.0,precision,0.8202
yolo11m,A_unfinetuned,baseline,0.0,0.0,precision,0.0009
yolo11m,A_unfinetuned,bo_exploration,3.0,0.33,precision,0.7308
yolo11m,A_unfinetuned,bo_exploitation,2.0,0.24,precision,0.6536
yolo11m,A_unfinetuned,grid_search,4.0,0.5,precision,0.7564
yolo11m,B_finetuned_unsupervised,baseline,0.0,0.0,precision,0.0
yolo11m,B_finetuned_unsupervised,bo_exploration,2.0,0.18,precision,0.8518
yolo11m,B_finetuned_unsupervised,bo_exploitation,2.0,0.44,precision,0.8486
yolo11m,B_finetuned_unsupervised,grid_search,4.0,0.5,precision,0.8692
yolo11m,C_finetuned_supervised,bo_exploration,3.0,0.17,precision,0.8653
yolo11m,C_finetuned_supervised,bo_exploitation,3.0,0.32,precision,0.8556
yolo11m,C_finetuned_supervised,grid_search,4.0,0.0,precision,0.8743
yolo11n,A_unfinetuned,baseline,0.0,0.0,precision,0.0
yolo11n,A_unfinetuned,bo_exploration,3.0,0.05,precision,0.8153
yolo11n,A_unfinetuned,bo_exploitation,3.0,0.02,precision,0.8116
yolo11n,A_unfinetuned,grid_search,4.0,0.5,precision,0.8484
yolo11n,B_finetuned_unsupervised,baseline,0.0,0.0,precision,0.0014
yolo11n,B_finetuned_unsupervised,bo_exploration,4.0,0.08,precision,0.832
yolo11n,B_finetuned_unsupervised,bo_exploitation,3.0,0.47,precision,0.8074
yolo11n,B_finetuned_unsupervised,grid_search,4.0,0.5,precision,0.837
yolo11n,C_finetuned_supervised,bo_exploration,3.0,0.0,precision,0.7825
yolo11n,C_finetuned_supervised,bo_exploitation,3.0,0.0,precision,0.7825
yolo11n,C_finetuned_supervised,grid_search,4.0,0.0,precision,0.8396
yolo11m,A_unfinetuned,baseline,0.0,0.0,precision,0.0004
yolo11m,A_unfinetuned,bo_exploration,3.0,0.5,precision,0.7418
yolo11m,A_unfinetuned,bo_exploitation,3.0,0.39,precision,0.7482
yolo11m,A_unfinetuned,grid_search,4.0,0.5,precision,0.7265
yolo11m,B_finetuned_unsupervised,baseline,0.0,0.0,precision,0.0012
yolo11m,B_finetuned_unsupervised,bo_exploration,3.0,0.44,precision,0.8155
yolo11m,B_finetuned_unsupervised,bo_exploitation,3.0,0.4,precision,0.8093
yolo11m,B_finetuned_unsupervised,grid_search,4.0,0.5,precision,0.8179
yolo11m,C_finetuned_supervised,bo_exploration,4.0,0.5,precision,0.8179
yolo11m,C_finetuned_supervised,bo_exploitation,4.0,0.0,precision,0.818
yolo11m,C_finetuned_supervised,grid_search,4.0,0.0,precision,0.818
yolo11n,A_unfinetuned,baseline,0.0,0.0,precision,0.0012
yolo11n,A_unfinetuned,bo_exploration,3.0,0.36,precision,0.7635
yolo11n,A_unfinetuned,bo_exploitation,3.0,0.44,precision,0.7954
yolo11n,A_unfinetuned,grid_search,4.0,0.5,precision,0.7799
yolo11n,B_finetuned_unsupervised,baseline,0.0,0.0,precision,0.0
yolo11n,B_finetuned_unsupervised,bo_exploration,2.0,0.46,precision,0.676
yolo11n,B_finetuned_unsupervised,bo_exploitation,4.0,0.49,precision,0.831
yolo11n,B_finetuned_unsupervised,grid_search,4.0,0.5,precision,0.8324
yolo11n,C_finetuned_supervised,bo_exploration,2.0,0.05,precision,0.7397
yolo11n,C_finetuned_supervised,bo_exploitation,3.0,0.5,precision,0.8112
yolo11n,C_finetuned_supervised,grid_search,4.0,0.0,precision,0.8433
yolo11m,A_unfinetuned,baseline,0.0,0.0,precision,0.0005
yolo11m,A_unfinetuned,bo_exploration,3.0,0.44,precision,0.7439
yolo11m,A_unfinetuned,bo_exploitation,3.0,0.5,precision,0.7116
yolo11m,A_unfinetuned,grid_search,4.0,0.5,precision,0.7313
yolo11m,B_finetuned_unsupervised,baseline,0.0,0.0,precision,0.0
yolo11m,B_finetuned_unsupervised,bo_exploration,3.0,0.5,precision,0.8703
yolo11m,B_finetuned_unsupervised,bo_exploitation,3.0,0.21,precision,0.8633
yolo11m,B_finetuned_unsupervised,grid_search,4.0,0.5,precision,0.8693
yolo11m,C_finetuned_supervised,bo_exploration,3.0,0.44,precision,0.8663
yolo11m,C_finetuned_supervised,bo_exploitation,4.0,0.0,precision,0.8745
yolo11m,C_finetuned_supervised,grid_search,4.0,0.0,precision,0.8745
yolo11n,A_unfinetuned,baseline,0.0,0.0,precision,0.0
yolo11n,A_unfinetuned,bo_exploration,2.0,0.18,precision,0.6543
yolo11n,A_unfinetuned,bo_exploitation,4.0,0.44,precision,0.8134
yolo11n,A_unfinetuned,grid_search,4.0,0.5,precision,0.8378
yolo11n,B_finetuned_unsupervised,baseline,0.0,0.0,precision,0.0
yolo11n,B_finetuned_unsupervised,bo_exploration,3.0,0.28,precision,0.8155
yolo11n,B_finetuned_unsupervised,bo_exploitation,3.0,0.1,precision,0.8092
yolo11n,B_finetuned_unsupervised,grid_search,4.0,0.5,precision,0.8314
yolo11n,C_finetuned_supervised,bo_exploration,3.0,0.18,precision,0.8282
yolo11n,C_finetuned_supervised,bo_exploitation,3.0,0.39,precision,0.8075
yolo11n,C_finetuned_supervised,grid_search,4.0,0.0,precision,0.8423
yolo11m,A_unfinetuned,baseline,0.0,0.0,precision,0.0015
yolo11m,A_unfinetuned,bo_exploration,3.0,0.08,precision,0.6544
yolo11m,A_unfinetuned,bo_exploitation,2.0,0.03,precision,0.5454
yolo11m,A_unfinetuned,grid_search,4.0,0.5,precision,0.7064
yolo11m,B_finetuned_unsupervised,baseline,0.0,0.0,precision,0.0
yolo11m,B_finetuned_unsupervised,bo_exploration,3.0,0.09,precision,0.8626
yolo11m,B_finetuned_unsupervised,bo_exploitation,2.0,0.1,precision,0.8727
yolo11m,B_finetuned_unsupervised,grid_search,4.0,0.5,precision,0.8689
yolo11m,C_finetuned_supervised,bo_exploration,2.0,0.03,precision,0.86
yolo11m,C_finetuned_supervised,bo_exploitation,3.0,0.24,precision,0.8646
yolo11m,C_finetuned_supervised,grid_search,4.0,0.0,precision,0.874
yolo11n,A_unfinetuned,baseline,0.0,0.0,precision,0.0
yolo11n,A_unfinetuned,bo_exploration,3.0,0.39,precision,0.8086
yolo11n,A_unfinetuned,bo_exploitation,3.0,0.5,precision,0.8118
yolo11n,A_unfinetuned,grid_search,4.0,0.5,precision,0.8317
yolo11n,B_finetuned_unsupervised,baseline,0.0,0.0,precision,0.0008
yolo11n,B_finetuned_unsupervised,bo_exploration,3.0,0.33,precision,0.7842
yolo11n,B_finetuned_unsupervised,bo_exploitation,3.0,0.03,precision,0.7965
yolo11n,B_finetuned_unsupervised,grid_search,4.0,0.5,precision,0.81
yolo11n,C_finetuned_supervised,bo_exploration,3.0,0.46,precision,0.7799
yolo11n,C_finetuned_supervised,bo_exploitation,2.0,0.0,precision,0.7068
yolo11n,C_finetuned_supervised,grid_search,4.0,0.25,precision,0.8114
yolo11m,A_unfinetuned,baseline,0.0,0.0,precision,0.0017
yolo11m,A_unfinetuned,bo_exploration,3.0,0.46,precision,0.7302
yolo11m,A_unfinetuned,bo_exploitation,3.0,0.44,precision,0.7502
yolo11m,A_unfinetuned,grid_search,4.0,0.5,precision,0.7643
yolo11m,B_finetuned_unsupervised,baseline,0.0,0.0,precision,0.0
yolo11m,B_finetuned_unsupervised,bo_exploration,3.0,0.49,precision,0.8637
yolo11m,B_finetuned_unsupervised,bo_exploitation,3.0,0.01,precision,0.8542
yolo11m,B_finetuned_unsupervised,grid_search,4.0,0.5,precision,0.8693
yolo11m,C_finetuned_supervised,bo_exploration,2.0,0.05,precision,0.8723
yolo11m,C_finetuned_supervised,bo_exploitation,3.0,0.16,precision,0.8641
yolo11m,C_finetuned_supervised,grid_search,4.0,0.25,precision,0.894
yolo11n,A_unfinetuned,baseline,0.0,0.0,precision,0.0017
yolo11n,A_unfinetuned,bo_exploration,2.0,0.14,precision,0.7221
yolo11n,A_unfinetuned,bo_exploitation,3.0,0.35,precision,0.7923
yolo11n,A_unfinetuned,grid_search,4.0,0.5,precision,0.8353
yolo11n,B_finetuned_unsupervised,baseline,0.0,0.0,precision,0.0019
yolo11n,B_finetuned_unsupervised,bo_exploration,3.0,0.34,precision,0.7833
yolo11n,B_finetuned_unsupervised,bo_exploitation,2.0,0.29,precision,0.6562
yolo11n,B_finetuned_unsupervised,grid_search,4.0,0.5,precision,0.809
yolo11n,C_finetuned_supervised,bo_exploration,3.0,0.24,precision,0.7797
yolo11n,C_finetuned_supervised,bo_exploitation,4.0,0.0,precision,0.811
yolo11n,C_finetuned_supervised,grid_search,4.0,0.0,precision,0.811
yolo11m,A_unfinetuned,baseline,0.0,0.0,precision,0.001
yolo11m,A_unfinetuned,bo_exploration,4.0,0.5,precision,0.8107
yolo11m,A_unfinetuned,bo_exploitation,4.0,0.36,precision,0.8203
yolo11m,A_unfinetuned,grid_search,4.0,0.5,precision,0.8107
yolo11m,B_finetuned_unsupervised,baseline,0.0,0.0,precision,0.0009
yolo11m,B_finetuned_unsupervised,bo_exploration,2.0,0.12,precision,0.7596
yolo11m,B_finetuned_unsupervised,bo_exploitation,3.0,0.5,precision,0.8106
yolo11m,B_finetuned_unsupervised,grid_search,4.0,0.5,precision,0.8154
yolo11m,C_finetuned_supervised,bo_exploration,3.0,0.06,precision,0.8304
yolo11m,C_finetuned_supervised,bo_exploitation,3.0,0.01,precision,0.8209
yolo11m,C_finetuned_supervised,grid_search,4.0,0.0,precision,0.8171
yolo11n,A_unfinetuned,baseline,0.0,0.0,precision,0.0009
yolo11n,A_unfinetuned,bo_exploration,3.0,0.5,precision,0.8126
yolo11n,A_unfinetuned,bo_exploitation,3.0,0.34,precision,0.8062
yolo11n,A_unfinetuned,grid_search,4.0,0.5,precision,0.8348
yolo11n,B_finetuned_unsupervised,baseline,0.0,0.0,precision,0.0004
yolo11n,B_finetuned_unsupervised,bo_exploration,4.0,0.0,precision,0.8027
yolo11n,B_finetuned_unsupervised,bo_exploitation,2.0,0.43,precision,0.625
yolo11n,B_finetuned_unsupervised,grid_search,4.0,0.5,precision,0.8008
yolo11n,C_finetuned_supervised,bo_exploration,4.0,0.0,precision,0.8027
yolo11n,C_finetuned_supervised,bo_exploitation,3.0,0.15,precision,0.799
yolo11n,C_finetuned_supervised,grid_search,4.0,0.0,precision,0.8027
yolo11m,A_unfinetuned,baseline,0.0,0.0,precision,0.0012
yolo11m,A_unfinetuned,bo_exploration,3.0,0.0,precision,0.6615
yolo11m,A_unfinetuned,bo_exploitation,3.0,0.38,precision,0.6789
yolo11m,A_unfinetuned,grid_search,4.0,0.5,precision,0.693
yolo11m,B_finetuned_unsupervised,baseline,0.0,0.0,precision,0.0012
yolo11m,B_finetuned_unsupervised,bo_exploration,2.0,0.21,precision,0.7583
yolo11m,B_finetuned_unsupervised,bo_exploitation,3.0,0.44,precision,0.8157
yolo11m,B_finetuned_unsupervised,grid_search,4.0,0.5,precision,0.8183
yolo11m,C_finetuned_supervised,bo_exploration,4.0,0.0,precision,0.8187
yolo11m,C_finetuned_supervised,bo_exploitation,3.0,0.19,precision,0.8053
yolo11m,C_finetuned_supervised,grid_search,4.0,0.0,precision,0.8187
yolo11n,A_unfinetuned,baseline,0.0,0.0,precision,0.0004
yolo11n,A_unfinetuned,bo_exploration,3.0,0.42,precision,0.7868
yolo11n,A_unfinetuned,bo_exploitation,3.0,0.3,precision,0.799
yolo11n,A_unfinetuned,grid_search,4.0,0.5,precision,0.8328
yolo11n,B_finetuned_unsupervised,baseline,0.0,0.0,precision,0.0003
yolo11n,B_finetuned_unsupervised,bo_exploration,3.0,0.07,precision,0.7841
yolo11n,B_finetuned_unsupervised,bo_exploitation,3.0,0.38,precision,0.788
yolo11n,B_finetuned_unsupervised,grid_search,4.0,0.5,precision,0.8225
yolo11n,C_finetuned_supervised,bo_exploration,3.0,0.18,precision,0.7903
yolo11n,C_finetuned_supervised,bo_exploitation,3.0,0.17,precision,0.7885
yolo11n,C_finetuned_supervised,grid_search,4.0,0.0,precision,0.8247
yolo11m,A_unfinetuned,baseline,0.0,0.0,precision,0.0003
yolo11m,A_unfinetuned,bo_exploration,3.0,0.46,precision,0.8084
yolo11n,A_unfinetuned,baseline,0.0,0.0,precision,0.0
yolo11n,A_unfinetuned,bo_exploration,2.0,0.45,precision,0.6285
yolo11n,A_unfinetuned,bo_exploitation,4.0,0.44,precision,0.8234
yolo11n,A_unfinetuned,grid_search,4.0,0.5,precision,0.8106
yolo11n,B_finetuned_unsupervised,baseline,0.0,0.0,precision,0.0004
yolo11n,B_finetuned_unsupervised,bo_exploration,3.0,0.25,precision,0.7782
yolo11n,B_finetuned_unsupervised,bo_exploitation,3.0,0.39,precision,0.7765
yolo11n,B_finetuned_unsupervised,grid_search,4.0,0.5,precision,0.8001
yolo11n,C_finetuned_supervised,bo_exploration,3.0,0.13,precision,0.7951
yolo11n,C_finetuned_supervised,bo_exploitation,2.0,0.11,precision,0.6576
yolo11n,C_finetuned_supervised,grid_search,4.0,0.0,precision,0.8019
rtdetr-l,A_unfinetuned,baseline,0.0,0.0,precision,0.003
rtdetr-l,A_unfinetuned,bo_exploration,3.0,0.19,precision,0.7418
rtdetr-l,A_unfinetuned,bo_exploitation,3.0,0.49,precision,0.7551
rtdetr-l,A_unfinetuned,grid_search,4.0,0.5,precision,0.7847
rtdetr-l,B_finetuned_unsupervised,baseline,0.0,0.0,precision,0.0008
rtdetr-l,B_finetuned_unsupervised,bo_exploration,3.0,0.34,precision,0.7204
rtdetr-l,B_finetuned_unsupervised,bo_exploitation,3.0,0.38,precision,0.718
rtdetr-l,B_finetuned_unsupervised,grid_search,4.0,0.5,precision,0.7575
rtdetr-l,C_finetuned_supervised,bo_exploration,2.0,0.34,precision,0.5421
rtdetr-l,C_finetuned_supervised,bo_exploitation,2.0,0.16,precision,0.5382
rtdetr-l,C_finetuned_supervised,grid_search,4.0,0.0,precision,0.757
rtdetr-l,A_unfinetuned,baseline,0.0,0.0,precision,0.0015
rtdetr-l,A_unfinetuned,bo_exploration,2.0,0.16,precision,0.4283
rtdetr-l,A_unfinetuned,bo_exploitation,3.0,0.26,precision,0.6667
rtdetr-l,A_unfinetuned,grid_search,4.0,0.5,precision,0.7011
rtdetr-l,B_finetuned_unsupervised,baseline,0.0,0.0,precision,0.0008
rtdetr-l,B_finetuned_unsupervised,bo_exploration,3.0,0.43,precision,0.69
rtdetr-l,B_finetuned_unsupervised,bo_exploitation,3.0,0.47,precision,0.691
rtdetr-l,B_finetuned_unsupervised,grid_search,4.0,0.5,precision,0.7196
rtdetr-l,C_finetuned_supervised,bo_exploration,2.0,0.0,precision,0.5173
rtdetr-l,C_finetuned_supervised,bo_exploitation,3.0,0.08,precision,0.6915
rtdetr-l,C_finetuned_supervised,grid_search,4.0,0.0,precision,0.7198
rtdetr-l,A_unfinetuned,baseline,0.0,0.0,precision,0.0001
rtdetr-l,A_unfinetuned,bo_exploration,4.0,0.3,precision,0.7626
rtdetr-l,A_unfinetuned,bo_exploitation,2.0,0.23,precision,0.5131
rtdetr-l,A_unfinetuned,grid_search,4.0,0.5,precision,0.7542
rtdetr-l,B_finetuned_unsupervised,baseline,0.0,0.0,precision,0.0
rtdetr-l,B_finetuned_unsupervised,bo_exploration,2.0,0.26,precision,0.7349
rtdetr-l,B_finetuned_unsupervised,bo_exploitation,3.0,0.34,precision,0.8621
rtdetr-l,B_finetuned_unsupervised,grid_search,4.0,0.5,precision,0.8595
rtdetr-l,C_finetuned_supervised,bo_exploration,3.0,0.5,precision,0.8558
rtdetr-l,C_finetuned_supervised,bo_exploitation,3.0,0.28,precision,0.8559
rtdetr-l,C_finetuned_supervised,grid_search,4.0,0.0,precision,0.8588
rtdetr-l,A_unfinetuned,baseline,0.0,0.0,precision,0.0
rtdetr-l,A_unfinetuned,bo_exploration,3.0,0.2,precision,0.767
rtdetr-l,A_unfinetuned,bo_exploitation,2.0,0.23,precision,0.5856
rtdetr-l,A_unfinetuned,grid_search,4.0,0.5,precision,0.8014
rtdetr-l,B_finetuned_unsupervised,baseline,0.0,0.0,precision,0.0006
rtdetr-l,B_finetuned_unsupervised,bo_exploration,3.0,0.02,precision,0.8165
rtdetr-l,B_finetuned_unsupervised,bo_exploitation,3.0,0.45,precision,0.8034
rtdetr-l,B_finetuned_unsupervised,grid_search,4.0,0.5,precision,0.8187
rtdetr-l,C_finetuned_supervised,bo_exploration,4.0,0.0,precision,0.8308
rtdetr-l,C_finetuned_supervised,bo_exploitation,4.0,0.04,precision,0.8342
rtdetr-l,C_finetuned_supervised,grid_search,4.0,0.5,precision,0.8187
rtdetr-l,A_unfinetuned,baseline,0.0,0.0,precision,0.0021
rtdetr-l,A_unfinetuned,bo_exploration,3.0,0.26,precision,0.6868
rtdetr-l,A_unfinetuned,bo_exploitation,2.0,0.3,precision,0.577
rtdetr-l,A_unfinetuned,grid_search,4.0,0.5,precision,0.7278
rtdetr-l,B_finetuned_unsupervised,baseline,0.0,0.0,precision,0.0
rtdetr-l,B_finetuned_unsupervised,bo_exploration,3.0,0.05,precision,0.7589
rtdetr-l,B_finetuned_unsupervised,bo_exploitation,3.0,0.47,precision,0.7684
rtdetr-l,B_finetuned_unsupervised,grid_search,4.0,0.5,precision,0.7843
rtdetr-l,C_finetuned_supervised,bo_exploration,4.0,0.0,precision,0.7722
rtdetr-l,C_finetuned_supervised,bo_exploitation,3.0,0.02,precision,0.7595
rtdetr-l,C_finetuned_supervised,grid_search,4.0,0.0,precision,0.7722
rtdetr-l,A_unfinetuned,baseline,0.0,0.0,precision,0.0138
rtdetr-l,A_unfinetuned,bo_exploration,3.0,0.29,precision,0.6819
rtdetr-l,A_unfinetuned,bo_exploitation,3.0,0.22,precision,0.686
rtdetr-l,A_unfinetuned,grid_search,4.0,0.5,precision,0.6899
rtdetr-l,B_finetuned_unsupervised,baseline,0.0,0.0,precision,0.0081
rtdetr-l,B_finetuned_unsupervised,bo_exploration,4.0,0.0,precision,0.6294
rtdetr-l,B_finetuned_unsupervised,bo_exploitation,2.0,0.31,precision,0.4043
rtdetr-l,B_finetuned_unsupervised,grid_search,4.0,0.5,precision,0.5921
rtdetr-l,C_finetuned_supervised,bo_exploration,3.0,0.01,precision,0.5559
rtdetr-l,C_finetuned_supervised,bo_exploitation,2.0,0.1,precision,0.4318
rtdetr-l,C_finetuned_supervised,grid_search,4.0,0.25,precision,0.6167
rtdetr-l,A_unfinetuned,baseline,0.0,0.0,precision,0.0
rtdetr-l,A_unfinetuned,bo_exploration,4.0,0.5,precision,0.7963
rtdetr-l,A_unfinetuned,bo_exploitation,3.0,0.47,precision,0.7436
rtdetr-l,A_unfinetuned,grid_search,4.0,0.5,precision,0.7963
rtdetr-l,B_finetuned_unsupervised,baseline,0.0,0.0,precision,0.0005
rtdetr-l,B_finetuned_unsupervised,bo_exploration,2.0,0.4,precision,0.5612
rtdetr-l,B_finetuned_unsupervised,bo_exploitation,3.0,0.43,precision,0.7369
rtdetr-l,B_finetuned_unsupervised,grid_search,4.0,0.5,precision,0.7688
rtdetr-l,C_finetuned_supervised,bo_exploration,3.0,0.0,precision,0.732
rtdetr-l,C_finetuned_supervised,bo_exploitation,3.0,0.19,precision,0.7337
rtdetr-l,C_finetuned_supervised,grid_search,4.0,0.0,precision,0.7677
rtdetr-l,A_unfinetuned,baseline,0.0,0.0,precision,0.0033
rtdetr-l,A_unfinetuned,bo_exploration,3.0,0.26,precision,0.6792
rtdetr-l,A_unfinetuned,bo_exploitation,3.0,0.07,precision,0.6862
rtdetr-l,A_unfinetuned,grid_search,4.0,0.5,precision,0.7123
rtdetr-l,B_finetuned_unsupervised,baseline,0.0,0.0,precision,0.0267
rtdetr-l,B_finetuned_unsupervised,bo_exploration,3.0,0.32,precision,0.6488
rtdetr-l,B_finetuned_unsupervised,bo_exploitation,3.0,0.09,precision,0.6569
rtdetr-l,B_finetuned_unsupervised,grid_search,4.0,0.5,precision,0.6818
rtdetr-l,C_finetuned_supervised,bo_exploration,3.0,0.22,precision,0.6602
rtdetr-l,C_finetuned_supervised,bo_exploitation,3.0,0.1,precision,0.6531
rtdetr-l,C_finetuned_supervised,grid_search,4.0,0.0,precision,0.722
rtdetr-l,A_unfinetuned,baseline,0.0,0.0,precision,0.0016
rtdetr-l,A_unfinetuned,bo_exploration,2.0,0.29,precision,0.6228
rtdetr-l,A_unfinetuned,bo_exploitation,3.0,0.37,precision,0.7517
rtdetr-l,A_unfinetuned,grid_search,4.0,0.5,precision,0.7642
yolo11n,B_finetuned_unsupervised,baseline,0.0,0.0,precision,0.0006
yolo11n,B_finetuned_unsupervised,bo_exploration,3.0,0.46,precision,0.7476
yolo11n,B_finetuned_unsupervised,bo_exploitation,3.0,0.36,precision,0.7584
yolo11n,B_finetuned_unsupervised,grid_search,4.0,0.5,precision,0.7901
yolo11n,C_finetuned_supervised,bo_exploration,2.0,0.21,precision,0.6314
yolo11n,C_finetuned_supervised,bo_exploitation,3.0,0.13,precision,0.779
yolo11n,C_finetuned_supervised,grid_search,4.0,0.0,precision,0.7962
yolo11m,A_unfinetuned,baseline,0.0,0.0,precision,0.0005
yolo11m,A_unfinetuned,bo_exploration,2.0,0.47,precision,0.6212
yolo11m,A_unfinetuned,bo_exploitation,3.0,0.41,precision,0.7498
yolo11m,A_unfinetuned,grid_search,4.0,0.5,precision,0.7688
yolo11m,B_finetuned_unsupervised,baseline,0.0,0.0,precision,0.0005
yolo11m,B_finetuned_unsupervised,bo_exploration,3.0,0.42,precision,0.7951
yolo11m,B_finetuned_unsupervised,bo_exploitation,3.0,0.13,precision,0.7949
yolo11m,B_finetuned_unsupervised,grid_search,4.0,0.5,precision,0.8076
yolo11m,C_finetuned_supervised,bo_exploration,4.0,0.0,precision,0.8035
yolo11m,C_finetuned_supervised,bo_exploitation,4.0,0.5,precision,0.8076
yolo11m,C_finetuned_supervised,grid_search,4.0,0.0,precision,0.8035
yolo11n,A_unfinetuned,baseline,0.0,0.0,precision,0.0
yolo11n,A_unfinetuned,bo_exploration,3.0,0.02,precision,0.8071
yolo11n,A_unfinetuned,bo_exploitation,3.0,0.18,precision,0.8109
yolo11n,A_unfinetuned,grid_search,4.0,0.5,precision,0.8386
yolo11n,B_finetuned_unsupervised,baseline,0.0,0.0,precision,0.0014
yolo11n,B_finetuned_unsupervised,bo_exploration,4.0,0.5,precision,0.8375
yolo11n,B_finetuned_unsupervised,bo_exploitation,2.0,0.04,precision,0.7227
yolo11n,B_finetuned_unsupervised,grid_search,4.0,0.5,precision,0.8375
yolo11n,C_finetuned_supervised,bo_exploration,4.0,0.0,precision,0.8402
yolo11n,C_finetuned_supervised,bo_exploitation,3.0,0.0,precision,0.7834
yolo11n,C_finetuned_supervised,grid_search,4.0,0.0,precision,0.8402
yolo11m,A_unfinetuned,baseline,0.0,0.0,precision,0.0032
yolo11m,A_unfinetuned,bo_exploration,3.0,0.28,precision,0.7648
yolo11m,A_unfinetuned,bo_exploitation,3.0,0.06,precision,0.7856
yolo11m,A_unfinetuned,grid_search,4.0,0.5,precision,0.768
yolo11m,B_finetuned_unsupervised,baseline,0.0,0.0,precision,0.0011
yolo11m,B_finetuned_unsupervised,bo_exploration,3.0,0.48,precision,0.8076
yolo11m,B_finetuned_unsupervised,bo_exploitation,3.0,0.5,precision,0.8173
yolo11m,B_finetuned_unsupervised,grid_search,4.0,0.5,precision,0.8184
yolo11m,C_finetuned_supervised,bo_exploration,3.0,0.32,precision,0.8258
yolo11m,C_finetuned_supervised,bo_exploitation,3.0,0.11,precision,0.8113
yolo11m,C_finetuned_supervised,grid_search,4.0,0.0,precision,0.8185
yolo11n,A_unfinetuned,baseline,0.0,0.0,precision,0.0005
yolo11n,A_unfinetuned,bo_exploration,3.0,0.38,precision,0.8016
yolo11n,A_unfinetuned,bo_exploitation,2.0,0.02,precision,0.6693
yolo11n,A_unfinetuned,grid_search,4.0,0.5,precision,0.7974
yolo11n,B_finetuned_unsupervised,baseline,0.0,0.0,precision,0.0014
yolo11n,B_finetuned_unsupervised,bo_exploration,2.0,0.25,precision,0.7227
yolo11n,B_finetuned_unsupervised,bo_exploitation,3.0,0.42,precision,0.8024
yolo11n,B_finetuned_unsupervised,grid_search,4.0,0.5,precision,0.8375
yolo11n,C_finetuned_supervised,bo_exploration,2.0,0.14,precision,0.7239
yolo11n,C_finetuned_supervised,bo_exploitation,3.0,0.48,precision,0.8065
yolo11n,C_finetuned_supervised,grid_search,4.0,0.0,precision,0.8402
yolo11m,A_unfinetuned,baseline,0.0,0.0,precision,0.0023
yolo11m,A_unfinetuned,bo_exploration,3.0,0.32,precision,0.7566
yolo11m,A_unfinetuned,bo_exploitation,3.0,0.18,precision,0.7734
yolo11m,A_unfinetuned,grid_search,4.0,0.5,precision,0.7576
yolo11m,B_finetuned_unsupervised,baseline,0.0,0.0,precision,0.0011
yolo11m,B_finetuned_unsupervised,bo_exploration,3.0,0.47,precision,0.8101
yolo11m,B_finetuned_unsupervised,bo_exploitation,3.0,0.02,precision,0.8117
yolo11m,B_finetuned_unsupervised,grid_search,4.0,0.5,precision,0.8184
yolo11m,C_finetuned_supervised,bo_exploration,3.0,0.0,precision,0.8021
yolo11m,C_finetuned_supervised,bo_exploitation,2.0,0.33,precision,0.7548
yolo11m,C_finetuned_supervised,grid_search,4.0,0.0,precision,0.8185
yolo11n,A_unfinetuned,baseline,0.0,0.0,precision,0.0
yolo11n,A_unfinetuned,bo_exploration,2.0,0.42,precision,0.5102
yolo11n,A_unfinetuned,bo_exploitation,3.0,0.35,precision,0.7224
yolo11n,A_unfinetuned,grid_search,4.0,0.5,precision,0.7826
yolo11n,B_finetuned_unsupervised,baseline,0.0,0.0,precision,0.0
yolo11n,B_finetuned_unsupervised,bo_exploration,4.0,0.0,precision,0.8419
yolo11n,B_finetuned_unsupervised,bo_exploitation,3.0,0.46,precision,0.8181
yolo11n,B_finetuned_unsupervised,grid_search,4.0,0.5,precision,0.8307
yolo11n,C_finetuned_supervised,bo_exploration,4.0,0.5,precision,0.8307
yolo11n,C_finetuned_supervised,bo_exploitation,2.0,0.0,precision,0.7598
yolo11n,C_finetuned_supervised,grid_search,4.0,0.0,precision,0.8419
yolo11m,A_unfinetuned,baseline,0.0,0.0,precision,0.0011
yolo11m,A_unfinetuned,bo_exploration,4.0,0.0,precision,0.7736
yolo11m,A_unfinetuned,bo_exploitation,3.0,0.12,precision,0.7199
yolo11m,A_unfinetuned,grid_search,4.0,0.5,precision,0.7602
yolo11m,B_finetuned_unsupervised,baseline,0.0,0.0,precision,0.0012
yolo11m,B_finetuned_unsupervised,bo_exploration,3.0,0.34,precision,0.8186
yolo11m,B_finetuned_unsupervised,bo_exploitation,2.0,0.34,precision,0.7564
yolo11m,B_finetuned_unsupervised,grid_search,4.0,0.5,precision,0.8175
yolo11m,C_finetuned_supervised,bo_exploration,2.0,0.44,precision,0.7579
yolo11m,C_finetuned_supervised,bo_exploitation,3.0,0.17,precision,0.83
yolo11m,C_finetuned_supervised,grid_search,4.0,0.0,precision,0.8175
yolo11n,A_unfinetuned,baseline,0.0,0.0,precision,0.0
yolo11n,A_unfinetuned,bo_exploration,4.0,0.41,precision,0.8289
yolo11n,A_unfinetuned,bo_exploitation,2.0,0.37,precision,0.6263
yolo11n,A_unfinetuned,grid_search,4.0,0.5,precision,0.8263
yolo11n,B_finetuned_unsupervised,baseline,0.0,0.0,precision,0.0004
yolo11n,B_finetuned_unsupervised,bo_exploration,3.0,0.07,precision,0.7906
yolo11n,B_finetuned_unsupervised,bo_exploitation,2.0,0.22,precision,0.6312
yolo11n,B_finetuned_unsupervised,grid_search,4.0,0.5,precision,0.7991
yolo11n,C_finetuned_supervised,bo_exploration,2.0,0.3,precision,0.6655
yolo11n,C_finetuned_supervised,bo_exploitation,3.0,0.16,precision,0.7927
yolo11n,C_finetuned_supervised,grid_search,4.0,0.0,precision,0.8013
yolo11m,A_unfinetuned,baseline,0.0,0.0,precision,0.0
yolo11m,A_unfinetuned,bo_exploration,3.0,0.34,precision,0.8002
yolo11m,A_unfinetuned,bo_exploitation,3.0,0.06,precision,0.8226
yolo11m,A_unfinetuned,grid_search,4.0,0.5,precision,0.8371
yolo11m,B_finetuned_unsupervised,baseline,0.0,0.0,precision,0.0012
yolo11m,B_finetuned_unsupervised,bo_exploration,3.0,0.0,precision,0.8014
yolo11m,B_finetuned_unsupervised,bo_exploitation,3.0,0.39,precision,0.8182
yolo11m,B_finetuned_unsupervised,grid_search,4.0,0.5,precision,0.8178
yolo11m,C_finetuned_supervised,bo_exploration,3.0,0.12,precision,0.8325
yolo11m,C_finetuned_supervised,bo_exploitation,2.0,0.0,precision,0.7975
yolo11m,C_finetuned_supervised,grid_search,4.0,0.0,precision,0.8183
yolo11n,A_unfinetuned,baseline,0.0,0.0,precision,0.0025
yolo11n,A_unfinetuned,bo_exploration,3.0,0.36,precision,0.8134
yolo11n,A_unfinetuned,bo_exploitation,4.0,0.3,precision,0.8457
yolo11n,A_unfinetuned,grid_search,4.0,0.5,precision,0.8354
yolo11n,B_finetuned_unsupervised,baseline,0.0,0.0,precision,0.0014
yolo11n,B_finetuned_unsupervised,bo_exploration,3.0,0.5,precision,0.7929
yolo11n,B_finetuned_unsupervised,bo_exploitation,3.0,0.35,precision,0.7937
yolo11n,B_finetuned_unsupervised,grid_search,4.0,0.5,precision,0.8373
yolo11n,C_finetuned_supervised,bo_exploration,3.0,0.0,precision,0.7828
yolo11n,C_finetuned_supervised,bo_exploitation,4.0,0.23,precision,0.8266
yolo11n,C_finetuned_supervised,grid_search,4.0,0.0,precision,0.8398
yolo11m,A_unfinetuned,baseline,0.0,0.0,precision,0.0021
yolo11m,A_unfinetuned,bo_exploration,3.0,0.33,precision,0.761
yolo11m,A_unfinetuned,bo_exploitation,3.0,0.04,precision,0.7789
yolo11m,A_unfinetuned,grid_search,4.0,0.5,precision,0.7502
yolo11m,B_finetuned_unsupervised,baseline,0.0,0.0,precision,0.0011
yolo11m,B_finetuned_unsupervised,bo_exploration,2.0,0.42,precision,0.7422
yolo11m,B_finetuned_unsupervised,bo_exploitation,3.0,0.16,precision,0.8298
yolo11m,B_finetuned_unsupervised,grid_search,4.0,0.5,precision,0.8175
yolo11m,C_finetuned_supervised,bo_exploration,2.0,0.28,precision,0.7668
yolo11m,C_finetuned_supervised,bo_exploitation,3.0,0.01,precision,0.8008
yolo11m,C_finetuned_supervised,grid_search,4.0,0.0,precision,0.8179
yolo11n,A_unfinetuned,baseline,0.0,0.0,precision,0.0009
yolo11n,A_unfinetuned,bo_exploration,3.0,0.5,precision,0.788
yolo11n,A_unfinetuned,bo_exploitation,3.0,0.42,precision,0.7625
yolo11n,A_unfinetuned,grid_search,4.0,0.5,precision,0.8323
yolo11n,B_finetuned_unsupervised,baseline,0.0,0.0,precision,0.0003
yolo11n,B_finetuned_unsupervised,bo_exploration,3.0,0.5,precision,0.7829
yolo11n,B_finetuned_unsupervised,bo_exploitation,2.0,0.5,precision,0.6708
yolo11n,B_finetuned_unsupervised,grid_search,4.0,0.5,precision,0.8026
yolo11n,C_finetuned_supervised,bo_exploration,4.0,0.0,precision,0.8077
yolo11n,C_finetuned_supervised,bo_exploitation,3.0,0.23,precision,0.7774
yolo11n,C_finetuned_supervised,grid_search,4.0,0.0,precision,0.8077
yolo11m,A_unfinetuned,baseline,0.0,0.0,precision,0.0005
yolo11m,A_unfinetuned,bo_exploration,3.0,0.47,precision,0.7348
yolo11m,A_unfinetuned,bo_exploitation,3.0,0.31,precision,0.7525
yolo11m,A_unfinetuned,grid_search,4.0,0.5,precision,0.7488
yolo11m,B_finetuned_unsupervised,baseline,0.0,0.0,precision,0.0012
yolo11m,B_finetuned_unsupervised,bo_exploration,3.0,0.47,precision,0.8095
yolo11m,B_finetuned_unsupervised,bo_exploitation,3.0,0.45,precision,0.8008
yolo11m,B_finetuned_unsupervised,grid_search,4.0,0.5,precision,0.8182
yolo11m,C_finetuned_supervised,bo_exploration,3.0,0.0,precision,0.8015
yolo11m,C_finetuned_supervised,bo_exploitation,3.0,0.28,precision,0.8219
yolo11m,C_finetuned_supervised,grid_search,4.0,0.0,precision,0.8183
yolo11n,A_unfinetuned,baseline,0.0,0.0,precision,0.0016
yolo11n,A_unfinetuned,bo_exploration,4.0,0.49,precision,0.8123
yolo11n,A_unfinetuned,bo_exploitation,3.0,0.15,precision,0.7958
yolo11n,A_unfinetuned,grid_search,4.0,0.5,precision,0.8169
yolo11n,B_finetuned_unsupervised,baseline,0.0,0.0,precision,0.0004
yolo11n,B_finetuned_unsupervised,bo_exploration,2.0,0.18,precision,0.6392
yolo11n,B_finetuned_unsupervised,bo_exploitation,3.0,0.24,precision,0.7947
yolo11n,B_finetuned_unsupervised,grid_search,4.0,0.5,precision,0.7989
yolo11n,C_finetuned_supervised,bo_exploration,3.0,0.31,precision,0.7801
yolo11n,C_finetuned_supervised,bo_exploitation,3.0,0.09,precision,0.7904
yolo11n,C_finetuned_supervised,grid_search,4.0,0.0,precision,0.8006
yolo11m,A_unfinetuned,baseline,0.0,0.0,precision,0.0005
yolo11m,A_unfinetuned,bo_exploration,2.0,0.3,precision,0.6899
yolo11m,A_unfinetuned,bo_exploitation,3.0,0.32,precision,0.7751
yolo11m,A_unfinetuned,grid_search,4.0,0.5,precision,0.8153
yolo11m,B_finetuned_unsupervised,baseline,0.0,0.0,precision,0.0011
yolo11m,B_finetuned_unsupervised,bo_exploration,3.0,0.29,precision,0.8236
yolo11m,B_finetuned_unsupervised,bo_exploitation,3.0,0.44,precision,0.8155
yolo11m,B_finetuned_unsupervised,grid_search,4.0,0.5,precision,0.8181
yolo11m,C_finetuned_supervised,bo_exploration,3.0,0.0,precision,0.8017
yolo11m,C_finetuned_supervised,bo_exploitation,2.0,0.05,precision,0.786
yolo11m,C_finetuned_supervised,grid_search,4.0,0.0,precision,0.8179
yolo11n,A_unfinetuned,baseline,0.0,0.0,precision,0.0004
yolo11n,A_unfinetuned,bo_exploration,3.0,0.45,precision,0.7678
yolo11n,A_unfinetuned,bo_exploitation,3.0,0.42,precision,0.7673
yolo11n,A_unfinetuned,grid_search,4.0,0.5,precision,0.7991
yolo11n,B_finetuned_unsupervised,baseline,0.0,0.0,precision,0.0
yolo11n,B_finetuned_unsupervised,bo_exploration,3.0,0.11,precision,0.8075
yolo11n,B_finetuned_unsupervised,bo_exploitation,2.0,0.27,precision,0.7013
yolo11n,B_finetuned_unsupervised,grid_search,4.0,0.5,precision,0.8307
yolo11n,C_finetuned_supervised,bo_exploration,3.0,0.5,precision,0.8096
yolo11n,C_finetuned_supervised,bo_exploitation,3.0,0.09,precision,0.8203
yolo11n,C_finetuned_supervised,grid_search,4.0,0.0,precision,0.8419
yolo11n,A_unfinetuned,baseline,0.0,0.0,precision,0.0048
yolo11n,A_unfinetuned,bo_exploration,3.0,0.35,precision,0.8104
yolo11n,A_unfinetuned,bo_exploitation,3.0,0.07,precision,0.8239
yolo11n,A_unfinetuned,grid_search,4.0,0.5,precision,0.8542
yolo11n,B_finetuned_unsupervised,baseline,0.0,0.0,precision,0.0006
yolo11n,B_finetuned_unsupervised,bo_exploration,4.0,0.5,precision,0.7901
yolo11n,B_finetuned_unsupervised,bo_exploitation,2.0,0.34,precision,0.6351
yolo11n,B_finetuned_unsupervised,grid_search,4.0,0.5,precision,0.7901
yolo11n,C_finetuned_supervised,bo_exploration,3.0,0.14,precision,0.7793
yolo11n,C_finetuned_supervised,bo_exploitation,3.0,0.36,precision,0.7584
yolo11n,C_finetuned_supervised,grid_search,4.0,0.0,precision,0.7962
rtdetr-l,A_unfinetuned,baseline,0.0,0.0,precision,0.0047
rtdetr-l,A_unfinetuned,bo_exploration,2.0,0.31,precision,0.461
rtdetr-l,A_unfinetuned,bo_exploitation,2.0,0.45,precision,0.4636
rtdetr-l,A_unfinetuned,grid_search,4.0,0.5,precision,0.677
rtdetr-l,B_finetuned_unsupervised,baseline,0.0,0.0,precision,0.0
rtdetr-l,B_finetuned_unsupervised,bo_exploration,3.0,0.5,precision,0.8139
rtdetr-l,B_finetuned_unsupervised,bo_exploitation,3.0,0.16,precision,0.8274
rtdetr-l,B_finetuned_unsupervised,grid_search,4.0,0.5,precision,0.8432
rtdetr-l,C_finetuned_supervised,bo_exploration,3.0,0.03,precision,0.8374
rtdetr-l,C_finetuned_supervised,bo_exploitation,3.0,0.15,precision,0.8309
rtdetr-l,C_finetuned_supervised,grid_search,4.0,0.0,precision,0.8797
rtdetr-l,A_unfinetuned,baseline,0.0,0.0,precision,0.0
rtdetr-l,A_unfinetuned,bo_exploration,2.0,0.5,precision,0.6614
rtdetr-l,A_unfinetuned,bo_exploitation,3.0,0.17,precision,0.7792
rtdetr-l,A_unfinetuned,grid_search,4.0,0.5,precision,0.8079
rtdetr-l,B_finetuned_unsupervised,baseline,0.0,0.0,precision,0.0013
rtdetr-l,B_finetuned_unsupervised,bo_exploration,3.0,0.35,precision,0.6954
rtdetr-l,B_finetuned_unsupervised,bo_exploitation,2.0,0.17,precision,0.5686
rtdetr-l,B_finetuned_unsupervised,grid_search,4.0,0.5,precision,0.7197
rtdetr-l,C_finetuned_supervised,bo_exploration,3.0,0.18,precision,0.7126
rtdetr-l,C_finetuned_supervised,bo_exploitation,4.0,0.0,precision,0.7434
rtdetr-l,C_finetuned_supervised,grid_search,4.0,0.0,precision,0.7434
rtdetr-l,A_unfinetuned,baseline,0.0,0.0,precision,0.0
rtdetr-l,A_unfinetuned,bo_exploration,2.0,0.21,precision,0.5986
rtdetr-l,A_unfinetuned,bo_exploitation,3.0,0.11,precision,0.7476
rtdetr-l,A_unfinetuned,grid_search,4.0,0.5,precision,0.7988
rtdetr-l,B_finetuned_unsupervised,baseline,0.0,0.0,precision,0.0
rtdetr-l,B_finetuned_unsupervised,bo_exploration,3.0,0.21,precision,0.6972
rtdetr-l,B_finetuned_unsupervised,bo_exploitation,3.0,0.17,precision,0.7001
rtdetr-l,B_finetuned_unsupervised,grid_search,4.0,0.5,precision,0.7152
rtdetr-l,C_finetuned_supervised,bo_exploration,4.0,0.0,precision,0.7155
rtdetr-l,C_finetuned_supervised,bo_exploitation,3.0,0.32,precision,0.6908
rtdetr-l,C_finetuned_supervised,grid_search,4.0,0.0,precision,0.7155
rtdetr-l,A_unfinetuned,baseline,0.0,0.0,precision,0.0022
rtdetr-l,A_unfinetuned,bo_exploration,4.0,0.5,precision,0.8354
rtdetr-l,A_unfinetuned,bo_exploitation,3.0,0.01,precision,0.8067
rtdetr-l,A_unfinetuned,grid_search,4.0,0.5,precision,0.8354
rtdetr-l,B_finetuned_unsupervised,baseline,0.0,0.0,precision,0.0156
rtdetr-l,B_finetuned_unsupervised,bo_exploration,3.0,0.5,precision,0.6305
rtdetr-l,B_finetuned_unsupervised,bo_exploitation,4.0,0.07,precision,0.6757
rtdetr-l,B_finetuned_unsupervised,grid_search,4.0,0.5,precision,0.6464
rtdetr-l,C_finetuned_supervised,bo_exploration,2.0,0.05,precision,0.5162
rtdetr-l,C_finetuned_supervised,bo_exploitation,3.0,0.0,precision,0.6316
rtdetr-l,C_finetuned_supervised,grid_search,4.0,0.0,precision,0.6823
rtdetr-l,A_unfinetuned,baseline,0.0,0.0,precision,0.0004
rtdetr-l,A_unfinetuned,bo_exploration,4.0,0.28,precision,0.781
rtdetr-l,A_unfinetuned,bo_exploitation,3.0,0.13,precision,0.7435
rtdetr-l,A_unfinetuned,grid_search,4.0,0.5,precision,0.773
rtdetr-l,B_finetuned_unsupervised,baseline,0.0,0.0,precision,0.0006
rtdetr-l,B_finetuned_unsupervised,bo_exploration,3.0,0.04,precision,0.7355
rtdetr-l,B_finetuned_unsupervised,bo_exploitation,3.0,0.35,precision,0.7261
rtdetr-l,B_finetuned_unsupervised,grid_search,4.0,0.5,precision,0.7582
rtdetr-l,C_finetuned_supervised,bo_exploration,3.0,0.22,precision,0.7308
rtdetr-l,C_finetuned_supervised,bo_exploitation,3.0,0.12,precision,0.7337
rtdetr-l,C_finetuned_supervised,grid_search,4.0,0.25,precision,0.7493
rtdetr-l,A_unfinetuned,baseline,0.0,0.0,precision,0.0155
rtdetr-l,A_unfinetuned,bo_exploration,3.0,0.43,precision,0.6773
rtdetr-l,A_unfinetuned,bo_exploitation,2.0,0.11,precision,0.5341
rtdetr-l,A_unfinetuned,grid_search,4.0,0.5,precision,0.6998
rtdetr-l,B_finetuned_unsupervised,baseline,0.0,0.0,precision,0.0009
rtdetr-l,B_finetuned_unsupervised,bo_exploration,3.0,0.5,precision,0.7016
rtdetr-l,B_finetuned_unsupervised,bo_exploitation,3.0,0.46,precision,0.7578
rtdetr-l,B_finetuned_unsupervised,grid_search,4.0,0.5,precision,0.7887
rtdetr-l,C_finetuned_supervised,bo_exploration,3.0,0.2,precision,0.7283
rtdetr-l,C_finetuned_supervised,bo_exploitation,3.0,0.06,precision,0.7296
rtdetr-l,C_finetuned_supervised,grid_search,4.0,0.5,precision,0.7887
rtdetr-l,A_unfinetuned,baseline,0.0,0.0,precision,0.0002
rtdetr-l,A_unfinetuned,bo_exploration,3.0,0.18,precision,0.6335
rtdetr-l,A_unfinetuned,bo_exploitation,3.0,0.5,precision,0.6594
rtdetr-l,A_unfinetuned,grid_search,4.0,0.5,precision,0.6872
rtdetr-l,B_finetuned_unsupervised,baseline,0.0,0.0,precision,0.0113
rtdetr-l,B_finetuned_unsupervised,bo_exploration,3.0,0.5,precision,0.7314
rtdetr-l,B_finetuned_unsupervised,bo_exploitation,2.0,0.22,precision,0.6203
rtdetr-l,B_finetuned_unsupervised,grid_search,4.0,0.5,precision,0.7601
rtdetr-l,C_finetuned_supervised,bo_exploration,3.0,0.24,precision,0.7188
rtdetr-l,C_finetuned_supervised,bo_exploitation,4.0,0.37,precision,0.7807
rtdetr-l,C_finetuned_supervised,grid_search,4.0,0.0,precision,0.7753
rtdetr-l,A_unfinetuned,baseline,0.0,0.0,precision,0.0025
rtdetr-l,A_unfinetuned,bo_exploration,3.0,0.02,precision,0.7464
rtdetr-l,A_unfinetuned,bo_exploitation,3.0,0.42,precision,0.7381
rtdetr-l,A_unfinetuned,grid_search,4.0,0.5,precision,0.7603
rtdetr-l,B_finetuned_unsupervised,baseline,0.0,0.0,precision,0.0051
rtdetr-l,B_finetuned_unsupervised,bo_exploration,1.0,0.28,precision,0.0176
rtdetr-l,B_finetuned_unsupervised,bo_exploitation,4.0,0.44,precision,0.7053
rtdetr-l,B_finetuned_unsupervised,grid_search,4.0,0.5,precision,0.694
rtdetr-l,C_finetuned_supervised,bo_exploration,2.0,0.25,precision,0.5411
rtdetr-l,C_finetuned_supervised,bo_exploitation,3.0,0.0,precision,0.6667
rtdetr-l,C_finetuned_supervised,grid_search,4.0,0.0,precision,0.7002
rtdetr-l,A_unfinetuned,baseline,0.0,0.0,precision,0.0002
rtdetr-l,A_unfinetuned,bo_exploration,3.0,0.04,precision,0.6995
rtdetr-l,A_unfinetuned,bo_exploitation,3.0,0.24,precision,0.7018
rtdetr-l,A_unfinetuned,grid_search,4.0,0.5,precision,0.7491
yolo11n,B_finetuned_unsupervised,baseline,0.0,0.0,precision,0.0
yolo11n,B_finetuned_unsupervised,bo_exploration,2.0,0.18,precision,0.7131
yolo11n,B_finetuned_unsupervised,bo_exploitation,2.0,0.38,precision,0.6984
yolo11n,B_finetuned_unsupervised,grid_search,4.0,0.5,precision,0.8309
yolo11n,C_finetuned_supervised,bo_exploration,2.0,0.0,precision,0.7596
yolo11n,C_finetuned_supervised,bo_exploitation,3.0,0.0,precision,0.7999
yolo11n,C_finetuned_supervised,grid_search,4.0,0.0,precision,0.8419
yolo11m,A_unfinetuned,baseline,0.0,0.0,precision,0.0007
yolo11m,A_unfinetuned,bo_exploration,4.0,0.49,precision,0.7587
yolo11m,A_unfinetuned,bo_exploitation,3.0,0.15,precision,0.749
yolo11m,A_unfinetuned,grid_search,4.0,0.5,precision,0.7619
yolo11m,B_finetuned_unsupervised,baseline,0.0,0.0,precision,0.0012
yolo11m,B_finetuned_unsupervised,bo_exploration,3.0,0.12,precision,0.8322
yolo11m,B_finetuned_unsupervised,bo_exploitation,4.0,0.16,precision,0.8131
yolo11m,B_finetuned_unsupervised,grid_search,4.0,0.5,precision,0.8176
yolo11m,C_finetuned_supervised,bo_exploration,3.0,0.29,precision,0.8229
yolo11m,C_finetuned_supervised,bo_exploitation,3.0,0.46,precision,0.8062
yolo11m,C_finetuned_supervised,grid_search,4.0,0.0,precision,0.8178
yolo11n,A_unfinetuned,baseline,0.0,0.0,precision,0.0059
yolo11n,A_unfinetuned,bo_exploration,3.0,0.28,precision,0.8365
yolo11n,A_unfinetuned,bo_exploitation,3.0,0.14,precision,0.8448
yolo11n,A_unfinetuned,grid_search,4.0,0.5,precision,0.847
yolo11n,B_finetuned_unsupervised,baseline,0.0,0.0,precision,0.0003
yolo11n,B_finetuned_unsupervised,bo_exploration,3.0,0.5,precision,0.7687
yolo11n,B_finetuned_unsupervised,bo_exploitation,3.0,0.08,precision,0.7872
yolo11n,B_finetuned_unsupervised,grid_search,4.0,0.5,precision,0.8219
yolo11n,C_finetuned_supervised,bo_exploration,4.0,0.17,precision,0.8131
yolo11n,C_finetuned_supervised,bo_exploitation,2.0,0.2,precision,0.6649
yolo11n,C_finetuned_supervised,grid_search,4.0,0.0,precision,0.8239
yolo11m,A_unfinetuned,baseline,0.0,0.0,precision,0.0
yolo11m,A_unfinetuned,bo_exploration,3.0,0.29,precision,0.8041
yolo11m,A_unfinetuned,bo_exploitation,3.0,0.02,precision,0.8215
yolo11m,A_unfinetuned,grid_search,4.0,0.5,precision,0.849
yolo11m,B_finetuned_unsupervised,baseline,0.0,0.0,precision,0.0009
yolo11m,B_finetuned_unsupervised,bo_exploration,2.0,0.23,precision,0.75
yolo11m,B_finetuned_unsupervised,bo_exploitation,3.0,0.08,precision,0.8044
yolo11m,B_finetuned_unsupervised,grid_search,4.0,0.5,precision,0.8145
yolo11m,C_finetuned_supervised,bo_exploration,3.0,0.28,precision,0.8182
yolo11m,C_finetuned_supervised,bo_exploitation,3.0,0.0,precision,0.7959
yolo11m,C_finetuned_supervised,grid_search,4.0,0.0,precision,0.816
yolo11n,A_unfinetuned,baseline,0.0,0.0,precision,0.0009
yolo11n,A_unfinetuned,bo_exploration,4.0,0.5,precision,0.7965
yolo11n,A_unfinetuned,bo_exploitation,3.0,0.23,precision,0.7893
yolo11n,A_unfinetuned,grid_search,4.0,0.5,precision,0.7965
yolo11n,B_finetuned_unsupervised,baseline,0.0,0.0,precision,0.0014
yolo11n,B_finetuned_unsupervised,bo_exploration,3.0,0.45,precision,0.7981
yolo11n,B_finetuned_unsupervised,bo_exploitation,4.0,0.5,precision,0.8372
yolo11n,B_finetuned_unsupervised,grid_search,4.0,0.5,precision,0.8372
yolo11n,C_finetuned_supervised,bo_exploration,3.0,0.0,precision,0.7828
yolo11n,C_finetuned_supervised,bo_exploitation,4.0,0.5,precision,0.8372
yolo11n,C_finetuned_supervised,grid_search,4.0,0.0,precision,0.8398
yolo11m,A_unfinetuned,baseline,0.0,0.0,precision,0.0007
yolo11m,A_unfinetuned,bo_exploration,3.0,0.33,precision,0.813
yolo11m,A_unfinetuned,bo_exploitation,3.0,0.5,precision,0.8315
yolo11m,A_unfinetuned,grid_search,4.0,0.5,precision,0.8462
yolo11m,B_finetuned_unsupervised,baseline,0.0,0.0,precision,0.0011
yolo11m,B_finetuned_unsupervised,bo_exploration,3.0,0.45,precision,0.8006
yolo11m,B_finetuned_unsupervised,bo_exploitation,3.0,0.25,precision,0.8108
yolo11m,B_finetuned_unsupervised,grid_search,4.0,0.5,precision,0.8177
yolo11m,C_finetuned_supervised,bo_exploration,4.0,0.0,precision,0.818
yolo11m,C_finetuned_supervised,bo_exploitation,3.0,0.25,precision,0.8108
yolo11m,C_finetuned_supervised,grid_search,4.0,0.0,precision,0.818
yolo11n,A_unfinetuned,baseline,0.0,0.0,precision,0.002
yolo11n,A_unfinetuned,bo_exploration,3.0,0.29,precision,0.7827
yolo11n,A_unfinetuned,bo_exploitation,3.0,0.02,precision,0.7709
yolo11n,A_unfinetuned,grid_search,4.0,0.5,precision,0.8124
yolo11n,B_finetuned_unsupervised,baseline,0.0,0.0,precision,0.0004
yolo11n,B_finetuned_unsupervised,bo_exploration,2.0,0.37,precision,0.6259
yolo11n,B_finetuned_unsupervised,bo_exploitation,3.0,0.22,precision,0.7721
yolo11n,B_finetuned_unsupervised,grid_search,4.0,0.5,precision,0.7989
yolo11n,C_finetuned_supervised,bo_exploration,4.0,0.5,precision,0.7989
yolo11n,C_finetuned_supervised,bo_exploitation,3.0,0.22,precision,0.7721
yolo11n,C_finetuned_supervised,grid_search,4.0,0.0,precision,0.8006
yolo11m,A_unfinetuned,baseline,0.0,0.0,precision,0.0009
yolo11m,A_unfinetuned,bo_exploration,3.0,0.47,precision,0.7485
yolo11m,A_unfinetuned,bo_exploitation,3.0,0.24,precision,0.7486
yolo11m,A_unfinetuned,grid_search,4.0,0.5,precision,0.7736
yolo11m,B_finetuned_unsupervised,baseline,0.0,0.0,precision,0.0011
yolo11m,B_finetuned_unsupervised,bo_exploration,3.0,0.49,precision,0.8106
yolo11m,B_finetuned_unsupervised,bo_exploitation,2.0,0.48,precision,0.7317
yolo11m,B_finetuned_unsupervised,grid_search,4.0,0.5,precision,0.8181
yolo11m,C_finetuned_supervised,bo_exploration,3.0,0.0,precision,0.8017
yolo11m,C_finetuned_supervised,bo_exploitation,3.0,0.07,precision,0.809
yolo11m,C_finetuned_supervised,grid_search,4.0,0.0,precision,0.8179
yolo11n,A_unfinetuned,baseline,0.0,0.0,precision,0.0008
yolo11n,A_unfinetuned,bo_exploration,3.0,0.1,precision,0.7696
yolo11n,A_unfinetuned,bo_exploitation,3.0,0.05,precision,0.7651
yolo11n,A_unfinetuned,grid_search,4.0,0.5,precision,0.7832
yolo11n,B_finetuned_unsupervised,baseline,0.0,0.0,precision,0.0006
yolo11n,B_finetuned_unsupervised,bo_exploration,3.0,0.48,precision,0.7493
yolo11n,B_finetuned_unsupervised,bo_exploitation,3.0,0.44,precision,0.7563
yolo11n,B_finetuned_unsupervised,grid_search,4.0,0.5,precision,0.7905
yolo11n,C_finetuned_supervised,bo_exploration,4.0,0.0,precision,0.7964
yolo11n,C_finetuned_supervised,bo_exploitation,4.0,0.25,precision,0.787
yolo11n,C_finetuned_supervised,grid_search,4.0,0.0,precision,0.7964
yolo11m,A_unfinetuned,baseline,0.0,0.0,precision,0.0005
yolo11m,A_unfinetuned,bo_exploration,3.0,0.5,precision,0.7343
yolo11m,A_unfinetuned,bo_exploitation,2.0,0.23,precision,0.635
yolo11m,A_unfinetuned,grid_search,4.0,0.5,precision,0.7701
yolo11m,B_finetuned_unsupervised,baseline,0.0,0.0,precision,0.0011
yolo11m,B_finetuned_unsupervised,bo_exploration,4.0,0.5,precision,0.8178
yolo11m,B_finetuned_unsupervised,bo_exploitation,3.0,0.01,precision,0.8014
yolo11m,B_finetuned_unsupervised,grid_search,4.0,0.5,precision,0.8178
yolo11m,C_finetuned_supervised,bo_exploration,3.0,0.0,precision,0.8018
yolo11m,C_finetuned_supervised,bo_exploitation,3.0,0.5,precision,0.8167
yolo11m,C_finetuned_supervised,grid_search,4.0,0.0,precision,0.8182
yolo11n,A_unfinetuned,baseline,0.0,0.0,precision,0.0
yolo11n,A_unfinetuned,bo_exploration,3.0,0.4,precision,0.8294
yolo11n,A_unfinetuned,bo_exploitation,3.0,0.03,precision,0.8362
yolo11n,A_unfinetuned,grid_search,4.0,0.5,precision,0.8286
yolo11n,B_finetuned_unsupervised,baseline,0.0,0.0,precision,0.0
yolo11n,B_finetuned_unsupervised,bo_exploration,2.0,0.23,precision,0.7169
yolo11n,B_finetuned_unsupervised,bo_exploitation,3.0,0.31,precision,0.8136
yolo11n,B_finetuned_unsupervised,grid_search,4.0,0.5,precision,0.8316
yolo11n,C_finetuned_supervised,bo_exploration,3.0,0.11,precision,0.8084
yolo11n,C_finetuned_supervised,bo_exploitation,2.0,0.0,precision,0.7596
yolo11n,C_finetuned_supervised,grid_search,4.0,0.0,precision,0.8426
yolo11m,A_unfinetuned,baseline,0.0,0.0,precision,0.0005
yolo11m,A_unfinetuned,bo_exploration,3.0,0.44,precision,0.7382
yolo11m,A_unfinetuned,bo_exploitation,3.0,0.4,precision,0.7612
yolo11m,A_unfinetuned,grid_search,4.0,0.5,precision,0.7805
yolo11m,B_finetuned_unsupervised,baseline,0.0,0.0,precision,0.0002
yolo11m,B_finetuned_unsupervised,bo_exploration,4.0,0.5,precision,0.7923
yolo11m,B_finetuned_unsupervised,bo_exploitation,3.0,0.43,precision,0.7708
yolo11m,B_finetuned_unsupervised,grid_search,4.0,0.5,precision,0.7923
yolo11m,C_finetuned_supervised,bo_exploration,3.0,0.5,precision,0.7812
yolo11m,C_finetuned_supervised,bo_exploitation,2.0,0.06,precision,0.6882
yolo11m,C_finetuned_supervised,grid_search,4.0,0.0,precision,0.7873
yolo11n,A_unfinetuned,baseline,0.0,0.0,precision,0.0026
yolo11n,A_unfinetuned,bo_exploration,4.0,0.0,precision,0.8119
yolo11n,A_unfinetuned,bo_exploitation,4.0,0.19,precision,0.8009
yolo11n,A_unfinetuned,grid_search,4.0,0.5,precision,0.8098
yolo11n,B_finetuned_unsupervised,baseline,0.0,0.0,precision,0.0003
yolo11n,B_finetuned_unsupervised,bo_exploration,4.0,0.39,precision,0.802
yolo11n,B_finetuned_unsupervised,bo_exploitation,2.0,0.3,precision,0.6712
yolo11n,B_finetuned_unsupervised,grid_search,4.0,0.5,precision,0.8219
yolo11n,C_finetuned_supervised,bo_exploration,3.0,0.3,precision,0.7828
yolo11n,C_finetuned_supervised,bo_exploitation,3.0,0.28,precision,0.7756
yolo11n,C_finetuned_supervised,grid_search,4.0,0.0,precision,0.8239
yolo11m,A_unfinetuned,baseline,0.0,0.0,precision,0.0045
yolo11m,A_unfinetuned,bo_exploration,3.0,0.45,precision,0.7828
yolo11m,A_unfinetuned,bo_exploitation,3.0,0.44,precision,0.7912
yolo11m,A_unfinetuned,grid_search,4.0,0.5,precision,0.7948
yolo11m,B_finetuned_unsupervised,baseline,0.0,0.0,precision,0.0009
yolo11m,B_finetuned_unsupervised,bo_exploration,3.0,0.1,precision,0.8065
yolo11m,B_finetuned_unsupervised,bo_exploitation,3.0,0.49,precision,0.8029
yolo11m,B_finetuned_unsupervised,grid_search,4.0,0.5,precision,0.8145
yolo11m,C_finetuned_supervised,bo_exploration,3.0,0.0,precision,0.7959
yolo11m,C_finetuned_supervised,bo_exploitation,3.0,0.12,precision,0.827
yolo11m,C_finetuned_supervised,grid_search,4.0,0.0,precision,0.816
yolo11n,A_unfinetuned,baseline,0.0,0.0,precision,0.0
yolo11n,A_unfinetuned,bo_exploration,3.0,0.24,precision,0.8155
yolo11n,A_unfinetuned,bo_exploitation,3.0,0.21,precision,0.8153
yolo11n,A_unfinetuned,grid_search,4.0,0.5,precision,0.8183
yolo11n,B_finetuned_unsupervised,baseline,0.0,0.0,precision,0.0019
yolo11n,B_finetuned_unsupervised,bo_exploration,2.0,0.37,precision,0.6437
yolo11n,B_finetuned_unsupervised,bo_exploitation,3.0,0.05,precision,0.7832
yolo11n,B_finetuned_unsupervised,grid_search,4.0,0.5,precision,0.809
yolo11n,C_finetuned_supervised,bo_exploration,3.0,0.06,precision,0.7794
yolo11n,C_finetuned_supervised,bo_exploitation,3.0,0.27,precision,0.7902
yolo11n,C_finetuned_supervised,grid_search,4.0,0.0,precision,0.8109
yolo11m,A_unfinetuned,baseline,0.0,0.0,precision,0.0011
yolo11m,A_unfinetuned,bo_exploration,3.0,0.37,precision,0.678
yolo11m,A_unfinetuned,bo_exploitation,2.0,0.2,precision,0.6064
yolo11m,A_unfinetuned,grid_search,4.0,0.5,precision,0.7346
yolo11m,B_finetuned_unsupervised,baseline,0.0,0.0,precision,0.0012
yolo11m,B_finetuned_unsupervised,bo_exploration,2.0,0.28,precision,0.7674
yolo11m,B_finetuned_unsupervised,bo_exploitation,3.0,0.31,precision,0.8218
yolo11m,B_finetuned_unsupervised,grid_search,4.0,0.5,precision,0.8183
yolo11m,C_finetuned_supervised,bo_exploration,3.0,0.18,precision,0.8078
yolo11m,C_finetuned_supervised,bo_exploitation,2.0,0.0,precision,0.7981
yolo11m,C_finetuned_supervised,grid_search,4.0,0.0,precision,0.8184
yolo11n,A_unfinetuned,baseline,0.0,0.0,precision,0.0007
yolo11n,A_unfinetuned,bo_exploration,4.0,0.43,precision,0.8039
yolo11n,A_unfinetuned,bo_exploitation,3.0,0.27,precision,0.7871
yolo11n,A_unfinetuned,grid_search,4.0,0.5,precision,0.8399
yolo11n,A_unfinetuned,baseline,0.0,0.0,precision,0.0
yolo11n,A_unfinetuned,bo_exploration,3.0,0.08,precision,0.8028
yolo11n,A_unfinetuned,bo_exploitation,2.0,0.49,precision,0.609
yolo11n,A_unfinetuned,grid_search,4.0,0.5,precision,0.8439
yolo11n,B_finetuned_unsupervised,baseline,0.0,0.0,precision,0.0
yolo11n,B_finetuned_unsupervised,bo_exploration,3.0,0.05,precision,0.8076
yolo11n,B_finetuned_unsupervised,bo_exploitation,3.0,0.42,precision,0.7918
yolo11n,B_finetuned_unsupervised,grid_search,4.0,0.5,precision,0.8309
yolo11n,C_finetuned_supervised,bo_exploration,3.0,0.23,precision,0.8269
yolo11n,C_finetuned_supervised,bo_exploitation,3.0,0.0,precision,0.7999
yolo11n,C_finetuned_supervised,grid_search,4.0,0.0,precision,0.8419
rtdetr-l,A_unfinetuned,baseline,0.0,0.0,precision,0.0
rtdetr-l,A_unfinetuned,bo_exploration,4.0,0.5,precision,0.8025
rtdetr-l,A_unfinetuned,bo_exploitation,3.0,0.42,precision,0.7852
rtdetr-l,A_unfinetuned,grid_search,4.0,0.5,precision,0.8025
rtdetr-l,B_finetuned_unsupervised,baseline,0.0,0.0,precision,0.0009
rtdetr-l,B_finetuned_unsupervised,bo_exploration,3.0,0.41,precision,0.7179
rtdetr-l,B_finetuned_unsupervised,bo_exploitation,3.0,0.29,precision,0.7098
rtdetr-l,B_finetuned_unsupervised,grid_search,4.0,0.5,precision,0.7524
rtdetr-l,C_finetuned_supervised,bo_exploration,2.0,0.0,precision,0.5477
rtdetr-l,C_finetuned_supervised,bo_exploitation,3.0,0.07,precision,0.715
rtdetr-l,C_finetuned_supervised,grid_search,4.0,0.0,precision,0.7516
rtdetr-l,A_unfinetuned,baseline,0.0,0.0,precision,0.0056
rtdetr-l,A_unfinetuned,bo_exploration,3.0,0.27,precision,0.8613
rtdetr-l,A_unfinetuned,bo_exploitation,3.0,0.33,precision,0.8616
rtdetr-l,A_unfinetuned,grid_search,4.0,0.5,precision,0.8533
rtdetr-l,B_finetuned_unsupervised,baseline,0.0,0.0,precision,0.0064
rtdetr-l,B_finetuned_unsupervised,bo_exploration,3.0,0.3,precision,0.6827
rtdetr-l,B_finetuned_unsupervised,bo_exploitation,3.0,0.1,precision,0.6756
rtdetr-l,B_finetuned_unsupervised,grid_search,4.0,0.5,precision,0.7166
rtdetr-l,C_finetuned_supervised,bo_exploration,3.0,0.08,precision,0.676
rtdetr-l,C_finetuned_supervised,bo_exploitation,3.0,0.03,precision,0.6778
rtdetr-l,C_finetuned_supervised,grid_search,4.0,0.0,precision,0.7007
rtdetr-l,A_unfinetuned,baseline,0.0,0.0,precision,0.0008
rtdetr-l,A_unfinetuned,bo_exploration,2.0,0.5,precision,0.4608
rtdetr-l,A_unfinetuned,bo_exploitation,2.0,0.27,precision,0.4544
rtdetr-l,A_unfinetuned,grid_search,4.0,0.5,precision,0.6829
rtdetr-l,B_finetuned_unsupervised,baseline,0.0,0.0,precision,0.0007
rtdetr-l,B_finetuned_unsupervised,bo_exploration,4.0,0.0,precision,0.8347
rtdetr-l,B_finetuned_unsupervised,bo_exploitation,3.0,0.04,precision,0.7986
rtdetr-l,B_finetuned_unsupervised,grid_search,4.0,0.5,precision,0.8298
rtdetr-l,C_finetuned_supervised,bo_exploration,3.0,0.0,precision,0.7915
rtdetr-l,C_finetuned_supervised,bo_exploitation,4.0,0.5,precision,0.8298
rtdetr-l,C_finetuned_supervised,grid_search,4.0,0.0,precision,0.8347
rtdetr-l,A_unfinetuned,baseline,0.0,0.0,precision,0.003
rtdetr-l,A_unfinetuned,bo_exploration,3.0,0.17,precision,0.6632
rtdetr-l,A_unfinetuned,bo_exploitation,3.0,0.26,precision,0.6753
rtdetr-l,A_unfinetuned,grid_search,4.0,0.5,precision,0.692
rtdetr-l,B_finetuned_unsupervised,baseline,0.0,0.0,precision,0.0004
rtdetr-l,B_finetuned_unsupervised,bo_exploration,4.0,0.0,precision,0.7597
rtdetr-l,B_finetuned_unsupervised,bo_exploitation,2.0,0.29,precision,0.53
rtdetr-l,B_finetuned_unsupervised,grid_search,4.0,0.5,precision,0.7635
rtdetr-l,C_finetuned_supervised,bo_exploration,3.0,0.01,precision,0.7219
rtdetr-l,C_finetuned_supervised,bo_exploitation,2.0,0.05,precision,0.5486
rtdetr-l,C_finetuned_supervised,grid_search,4.0,0.0,precision,0.7597
rtdetr-l,A_unfinetuned,baseline,0.0,0.0,precision,0.0
rtdetr-l,A_unfinetuned,bo_exploration,3.0,0.3,precision,0.7852
rtdetr-l,A_unfinetuned,bo_exploitation,2.0,0.46,precision,0.5815
rtdetr-l,A_unfinetuned,grid_search,4.0,0.5,precision,0.7933
rtdetr-l,B_finetuned_unsupervised,baseline,0.0,0.0,precision,0.0023
rtdetr-l,B_finetuned_unsupervised,bo_exploration,4.0,0.0,precision,0.7194
rtdetr-l,B_finetuned_unsupervised,bo_exploitation,3.0,0.48,precision,0.6787
rtdetr-l,B_finetuned_unsupervised,grid_search,4.0,0.5,precision,0.7129
rtdetr-l,C_finetuned_supervised,bo_exploration,3.0,0.05,precision,0.6938
rtdetr-l,C_finetuned_supervised,bo_exploitation,3.0,0.08,precision,0.6898
rtdetr-l,C_finetuned_supervised,grid_search,4.0,0.0,precision,0.7194
rtdetr-l,A_unfinetuned,baseline,0.0,0.0,precision,0.0083
rtdetr-l,A_unfinetuned,bo_exploration,3.0,0.17,precision,0.8123
rtdetr-l,A_unfinetuned,bo_exploitation,3.0,0.46,precision,0.8071
rtdetr-l,A_unfinetuned,grid_search,4.0,0.5,precision,0.8455
rtdetr-l,B_finetuned_unsupervised,baseline,0.0,0.0,precision,0.0345
rtdetr-l,B_finetuned_unsupervised,bo_exploration,3.0,0.5,precision,0.6578
rtdetr-l,B_finetuned_unsupervised,bo_exploitation,3.0,0.5,precision,0.6578
rtdetr-l,B_finetuned_unsupervised,grid_search,4.0,0.5,precision,0.7229
rtdetr-l,C_finetuned_supervised,bo_exploration,4.0,0.5,precision,0.7229
rtdetr-l,C_finetuned_supervised,bo_exploitation,3.0,0.11,precision,0.6709
rtdetr-l,C_finetuned_supervised,grid_search,4.0,0.0,precision,0.7285
rtdetr-l,A_unfinetuned,baseline,0.0,0.0,precision,0.0094
rtdetr-l,A_unfinetuned,bo_exploration,4.0,0.0,precision,0.7052
rtdetr-l,A_unfinetuned,bo_exploitation,2.0,0.46,precision,0.4965
rtdetr-l,A_unfinetuned,grid_search,4.0,0.5,precision,0.6957
rtdetr-l,B_finetuned_unsupervised,baseline,0.0,0.0,precision,0.0003
rtdetr-l,B_finetuned_unsupervised,bo_exploration,4.0,0.0,precision,0.7598
rtdetr-l,B_finetuned_unsupervised,bo_exploitation,3.0,0.13,precision,0.7222
rtdetr-l,B_finetuned_unsupervised,grid_search,4.0,0.5,precision,0.7635
rtdetr-l,C_finetuned_supervised,bo_exploration,3.0,0.05,precision,0.7244
rtdetr-l,C_finetuned_supervised,bo_exploitation,2.0,0.34,precision,0.5404
rtdetr-l,C_finetuned_supervised,grid_search,4.0,0.0,precision,0.7598
rtdetr-l,A_unfinetuned,baseline,0.0,0.0,precision,0.0001
rtdetr-l,A_unfinetuned,bo_exploration,3.0,0.13,precision,0.7065
rtdetr-l,A_unfinetuned,bo_exploitation,3.0,0.05,precision,0.6878
rtdetr-l,A_unfinetuned,grid_search,4.0,0.5,precision,0.732
rtdetr-l,B_finetuned_unsupervised,baseline,0.0,0.0,precision,0.0024
rtdetr-l,B_finetuned_unsupervised,bo_exploration,3.0,0.2,precision,0.7829
rtdetr-l,B_finetuned_unsupervised,bo_exploitation,3.0,0.49,precision,0.7922
rtdetr-l,B_finetuned_unsupervised,grid_search,4.0,0.5,precision,0.8256
rtdetr-l,C_finetuned_supervised,bo_exploration,2.0,0.39,precision,0.6602
rtdetr-l,C_finetuned_supervised,bo_exploitation,3.0,0.0,precision,0.7817
rtdetr-l,C_finetuned_supervised,grid_search,4.0,0.0,precision,0.8312
rtdetr-l,A_unfinetuned,baseline,0.0,0.0,precision,0.0003
rtdetr-l,A_unfinetuned,bo_exploration,2.0,0.31,precision,0.6291
rtdetr-l,A_unfinetuned,bo_exploitation,2.0,0.32,precision,0.6296
rtdetr-l,A_unfinetuned,grid_search,4.0,0.5,precision,0.7845
yolo11n,B_finetuned_unsupervised,baseline,0.0,0.0,precision,0.0019
yolo11n,B_finetuned_unsupervised,bo_exploration,3.0,0.5,precision,0.7871
yolo11n,B_finetuned_unsupervised,bo_exploitation,3.0,0.44,precision,0.7817
yolo11n,B_finetuned_unsupervised,grid_search,4.0,0.5,precision,0.8087
yolo11n,C_finetuned_supervised,bo_exploration,4.0,0.0,precision,0.8105
yolo11n,C_finetuned_supervised,bo_exploitation,3.0,0.47,precision,0.7763
yolo11n,C_finetuned_supervised,grid_search,4.0,0.0,precision,0.8105
yolo11m,A_unfinetuned,baseline,0.0,0.0,precision,0.0
yolo11m,A_unfinetuned,bo_exploration,3.0,0.36,precision,0.7519
yolo11m,A_unfinetuned,bo_exploitation,3.0,0.35,precision,0.7578
yolo11m,A_unfinetuned,grid_search,4.0,0.5,precision,0.7919
yolo11m,B_finetuned_unsupervised,baseline,0.0,0.0,precision,0.0009
yolo11m,B_finetuned_unsupervised,bo_exploration,4.0,0.14,precision,0.8088
yolo11m,B_finetuned_unsupervised,bo_exploitation,3.0,0.29,precision,0.8183
yolo11m,B_finetuned_unsupervised,grid_search,4.0,0.5,precision,0.815
yolo11m,C_finetuned_supervised,bo_exploration,3.0,0.21,precision,0.8245
yolo11m,C_finetuned_supervised,bo_exploitation,4.0,0.45,precision,0.8341
yolo11m,C_finetuned_supervised,grid_search,4.0,0.0,precision,0.8167
yolo11n,A_unfinetuned,baseline,0.0,0.0,precision,0.0006
yolo11n,A_unfinetuned,bo_exploration,3.0,0.5,precision,0.7985
yolo11n,A_unfinetuned,bo_exploitation,3.0,0.41,precision,0.8048
yolo11n,A_unfinetuned,grid_search,4.0,0.5,precision,0.8218
yolo11n,B_finetuned_unsupervised,baseline,0.0,0.0,precision,0.0004
yolo11n,B_finetuned_unsupervised,bo_exploration,3.0,0.5,precision,0.7791
yolo11n,B_finetuned_unsupervised,bo_exploitation,2.0,0.35,precision,0.6638
yolo11n,B_finetuned_unsupervised,grid_search,4.0,0.5,precision,0.7991
yolo11n,C_finetuned_supervised,bo_exploration,4.0,0.5,precision,0.7991
yolo11n,C_finetuned_supervised,bo_exploitation,2.0,0.05,precision,0.6664
yolo11n,C_finetuned_supervised,grid_search,4.0,0.0,precision,0.8013
yolo11m,A_unfinetuned,baseline,0.0,0.0,precision,0.0004
yolo11m,A_unfinetuned,bo_exploration,2.0,0.33,precision,0.6782
yolo11m,A_unfinetuned,bo_exploitation,3.0,0.33,precision,0.7826
yolo11m,A_unfinetuned,grid_search,4.0,0.5,precision,0.7961
yolo11m,B_finetuned_unsupervised,baseline,0.0,0.0,precision,0.0012
yolo11m,B_finetuned_unsupervised,bo_exploration,3.0,0.11,precision,0.8105
yolo11m,B_finetuned_unsupervised,bo_exploitation,2.0,0.27,precision,0.7573
yolo11m,B_finetuned_unsupervised,grid_search,4.0,0.5,precision,0.8178
yolo11m,C_finetuned_supervised,bo_exploration,2.0,0.1,precision,0.7861
yolo11m,C_finetuned_supervised,bo_exploitation,3.0,0.5,precision,0.8165
yolo11m,C_finetuned_supervised,grid_search,4.0,0.0,precision,0.8183
yolo11n,A_unfinetuned,baseline,0.0,0.0,precision,0.0005
yolo11n,A_unfinetuned,bo_exploration,4.0,0.5,precision,0.7386
yolo11n,A_unfinetuned,bo_exploitation,3.0,0.42,precision,0.6811
yolo11n,A_unfinetuned,grid_search,4.0,0.5,precision,0.7386
yolo11n,B_finetuned_unsupervised,baseline,0.0,0.0,precision,0.0019
yolo11n,B_finetuned_unsupervised,bo_exploration,2.0,0.46,precision,0.6228
yolo11n,B_finetuned_unsupervised,bo_exploitation,3.0,0.13,precision,0.8029
yolo11n,B_finetuned_unsupervised,grid_search,4.0,0.5,precision,0.809
yolo11n,C_finetuned_supervised,bo_exploration,2.0,0.07,precision,0.6663
yolo11n,C_finetuned_supervised,bo_exploitation,4.0,0.3,precision,0.8196
yolo11n,C_finetuned_supervised,grid_search,4.0,0.0,precision,0.8109
yolo11m,A_unfinetuned,baseline,0.0,0.0,precision,0.0
yolo11m,A_unfinetuned,bo_exploration,3.0,0.46,precision,0.7466
yolo11m,A_unfinetuned,bo_exploitation,2.0,0.24,precision,0.6725
yolo11m,A_unfinetuned,grid_search,4.0,0.5,precision,0.7861
yolo11m,B_finetuned_unsupervised,baseline,0.0,0.0,precision,0.0012
yolo11m,B_finetuned_unsupervised,bo_exploration,3.0,0.5,precision,0.8169
yolo11m,B_finetuned_unsupervised,bo_exploitation,3.0,0.48,precision,0.807
yolo11m,B_finetuned_unsupervised,grid_search,4.0,0.5,precision,0.8183
yolo11m,C_finetuned_supervised,bo_exploration,4.0,0.0,precision,0.8184
yolo11m,C_finetuned_supervised,bo_exploitation,2.0,0.0,precision,0.7981
yolo11m,C_finetuned_supervised,grid_search,4.0,0.0,precision,0.8184
yolo11n,A_unfinetuned,baseline,0.0,0.0,precision,0.0005
yolo11n,A_unfinetuned,bo_exploration,3.0,0.13,precision,0.8164
yolo11n,A_unfinetuned,bo_exploitation,3.0,0.46,precision,0.8047
yolo11n,A_unfinetuned,grid_search,4.0,0.5,precision,0.846
yolo11n,B_finetuned_unsupervised,baseline,0.0,0.0,precision,0.0
yolo11n,B_finetuned_unsupervised,bo_exploration,3.0,0.06,precision,0.8044
yolo11n,B_finetuned_unsupervised,bo_exploitation,3.0,0.41,precision,0.7913
yolo11n,B_finetuned_unsupervised,grid_search,4.0,0.5,precision,0.8316
yolo11n,C_finetuned_supervised,bo_exploration,3.0,0.02,precision,0.8035
yolo11n,C_finetuned_supervised,bo_exploitation,3.0,0.3,precision,0.8222
yolo11n,C_finetuned_supervised,grid_search,4.0,0.0,precision,0.8427
yolo11m,A_unfinetuned,baseline,0.0,0.0,precision,0.0003
yolo11m,A_unfinetuned,bo_exploration,3.0,0.37,precision,0.738
yolo11m,A_unfinetuned,bo_exploitation,3.0,0.43,precision,0.7582
yolo11m,A_unfinetuned,grid_search,4.0,0.5,precision,0.7896
yolo11m,B_finetuned_unsupervised,baseline,0.0,0.0,precision,0.0012
yolo11m,B_finetuned_unsupervised,bo_exploration,3.0,0.5,precision,0.817
yolo11m,B_finetuned_unsupervised,bo_exploitation,2.0,0.1,precision,0.7868
yolo11m,B_finetuned_unsupervised,grid_search,4.0,0.5,precision,0.8181
yolo11m,C_finetuned_supervised,bo_exploration,3.0,0.38,precision,0.8146
yolo11m,C_finetuned_supervised,bo_exploitation,2.0,0.08,precision,0.775
yolo11m,C_finetuned_supervised,grid_search,4.0,0.0,precision,0.8184
yolo11n,A_unfinetuned,baseline,0.0,0.0,precision,0.0012
yolo11n,A_unfinetuned,bo_exploration,3.0,0.5,precision,0.7841
yolo11n,A_unfinetuned,bo_exploitation,3.0,0.48,precision,0.7693
yolo11n,A_unfinetuned,grid_search,4.0,0.5,precision,0.815
yolo11n,B_finetuned_unsupervised,baseline,0.0,0.0,precision,0.0019
yolo11n,B_finetuned_unsupervised,bo_exploration,3.0,0.46,precision,0.7739
yolo11n,B_finetuned_unsupervised,bo_exploitation,3.0,0.33,precision,0.7929
yolo11n,B_finetuned_unsupervised,grid_search,4.0,0.5,precision,0.8093
yolo11n,C_finetuned_supervised,bo_exploration,3.0,0.1,precision,0.7851
yolo11n,C_finetuned_supervised,bo_exploitation,2.0,0.0,precision,0.7028
yolo11n,C_finetuned_supervised,grid_search,4.0,0.0,precision,0.8112
yolo11m,A_unfinetuned,baseline,0.0,0.0,precision,0.0021
yolo11m,A_unfinetuned,bo_exploration,2.0,0.5,precision,0.6346
yolo11m,A_unfinetuned,bo_exploitation,3.0,0.09,precision,0.7425
yolo11m,A_unfinetuned,grid_search,4.0,0.5,precision,0.753
yolo11m,B_finetuned_unsupervised,baseline,0.0,0.0,precision,0.0012
yolo11m,B_finetuned_unsupervised,bo_exploration,3.0,0.5,precision,0.8175
yolo11m,B_finetuned_unsupervised,bo_exploitation,3.0,0.5,precision,0.8175
yolo11m,B_finetuned_unsupervised,grid_search,4.0,0.5,precision,0.8187
yolo11m,C_finetuned_supervised,bo_exploration,3.0,0.32,precision,0.8259
yolo11m,C_finetuned_supervised,bo_exploitation,3.0,0.17,precision,0.8074
yolo11m,C_finetuned_supervised,grid_search,4.0,0.0,precision,0.819
yolo11n,A_unfinetuned,baseline,0.0,0.0,precision,0.0013
yolo11n,A_unfinetuned,bo_exploration,3.0,0.34,precision,0.821
yolo11n,A_unfinetuned,bo_exploitation,2.0,0.23,precision,0.7227
yolo11n,A_unfinetuned,grid_search,4.0,0.5,precision,0.8371
yolo11n,B_finetuned_unsupervised,baseline,0.0,0.0,precision,0.0
yolo11n,B_finetuned_unsupervised,bo_exploration,2.0,0.36,precision,0.6977
yolo11n,B_finetuned_unsupervised,bo_exploitation,2.0,0.44,precision,0.7089
yolo11n,B_finetuned_unsupervised,grid_search,4.0,0.5,precision,0.8309
yolo11n,C_finetuned_supervised,bo_exploration,3.0,0.08,precision,0.8257
yolo11n,C_finetuned_supervised,bo_exploitation,2.0,0.15,precision,0.7432
yolo11n,C_finetuned_supervised,grid_search,4.0,0.0,precision,0.8419
yolo11m,A_unfinetuned,baseline,0.0,0.0,precision,0.0
yolo11m,A_unfinetuned,bo_exploration,2.0,0.42,precision,0.6681
yolo11m,A_unfinetuned,bo_exploitation,3.0,0.3,precision,0.8139
yolo11m,A_unfinetuned,grid_search,4.0,0.5,precision,0.8323
yolo11m,B_finetuned_unsupervised,baseline,0.0,0.0,precision,0.0012
yolo11m,B_finetuned_unsupervised,bo_exploration,3.0,0.5,precision,0.8164
yolo11m,B_finetuned_unsupervised,bo_exploitation,3.0,0.35,precision,0.8228
yolo11m,B_finetuned_unsupervised,grid_search,4.0,0.5,precision,0.8176
yolo11m,C_finetuned_supervised,bo_exploration,2.0,0.36,precision,0.7531
yolo11m,C_finetuned_supervised,bo_exploitation,3.0,0.08,precision,0.8107
yolo11m,C_finetuned_supervised,grid_search,4.0,0.0,precision,0.8178
yolo11n,A_unfinetuned,baseline,0.0,0.0,precision,0.0005
yolo11n,A_unfinetuned,bo_exploration,3.0,0.22,precision,0.8085
yolo11n,A_unfinetuned,bo_exploitation,3.0,0.28,precision,0.8168
yolo11n,A_unfinetuned,grid_search,4.0,0.5,precision,0.8363
yolo11n,B_finetuned_unsupervised,baseline,0.0,0.0,precision,0.0
yolo11n,B_finetuned_unsupervised,bo_exploration,3.0,0.5,precision,0.8056
yolo11n,B_finetuned_unsupervised,bo_exploitation,3.0,0.45,precision,0.8138
yolo11n,B_finetuned_unsupervised,grid_search,4.0,0.5,precision,0.8208
yolo11n,C_finetuned_supervised,bo_exploration,3.0,0.24,precision,0.8017
yolo11n,C_finetuned_supervised,bo_exploitation,3.0,0.0,precision,0.8013
yolo11n,C_finetuned_supervised,grid_search,4.0,0.0,precision,0.8294
yolo11m,A_unfinetuned,baseline,0.0,0.0,precision,0.0008
yolo11m,A_unfinetuned,bo_exploration,2.0,0.12,precision,0.546
yolo11m,A_unfinetuned,bo_exploitation,3.0,0.36,precision,0.6218
yolo11m,A_unfinetuned,grid_search,4.0,0.5,precision,0.703
yolo11m,B_finetuned_unsupervised,baseline,0.0,0.0,precision,0.0012
yolo11m,B_finetuned_unsupervised,bo_exploration,2.0,0.36,precision,0.7532
yolo11m,B_finetuned_unsupervised,bo_exploitation,3.0,0.47,precision,0.8092
yolo11m,B_finetuned_unsupervised,grid_search,4.0,0.5,precision,0.8179
yolo11m,C_finetuned_supervised,bo_exploration,3.0,0.17,precision,0.8301
yolo11m,C_finetuned_supervised,bo_exploitation,2.0,0.5,precision,0.7747
yolo11m,C_finetuned_supervised,grid_search,4.0,0.0,precision,0.8184
yolo11n,A_unfinetuned,baseline,0.0,0.0,precision,0.0
yolo11n,A_unfinetuned,bo_exploration,3.0,0.1,precision,0.8417
yolo11n,A_unfinetuned,bo_exploitation,3.0,0.28,precision,0.839
yolo11n,A_unfinetuned,grid_search,4.0,0.5,precision,0.8421
yolo11n,B_finetuned_unsupervised,baseline,0.0,0.0,precision,0.0
yolo11n,B_finetuned_unsupervised,bo_exploration,3.0,0.5,precision,0.8114
yolo11n,B_finetuned_unsupervised,bo_exploitation,2.0,0.33,precision,0.7045
yolo11n,B_finetuned_unsupervised,grid_search,4.0,0.5,precision,0.833
yolo11n,C_finetuned_supervised,bo_exploration,3.0,0.23,precision,0.8286
yolo11n,C_finetuned_supervised,bo_exploitation,3.0,0.39,precision,0.809
yolo11n,C_finetuned_supervised,grid_search,4.0,0.0,precision,0.8438
yolo11m,A_unfinetuned,baseline,0.0,0.0,precision,0.0017
yolo11m,A_unfinetuned,bo_exploration,3.0,0.38,precision,0.7674
yolo11m,A_unfinetuned,bo_exploitation,3.0,0.39,precision,0.7734
yolo11m,A_unfinetuned,grid_search,4.0,0.5,precision,0.7924
yolo11m,B_finetuned_unsupervised,baseline,0.0,0.0,precision,0.0
yolo11m,B_finetuned_unsupervised,bo_exploration,3.0,0.35,precision,0.8732
yolo11m,B_finetuned_unsupervised,bo_exploitation,3.0,0.5,precision,0.8702
yolo11m,B_finetuned_unsupervised,grid_search,4.0,0.5,precision,0.8698
yolo11m,C_finetuned_supervised,bo_exploration,3.0,0.2,precision,0.871
yolo11m,C_finetuned_supervised,bo_exploitation,3.0,0.31,precision,0.8537
yolo11m,C_finetuned_supervised,grid_search,4.0,0.0,precision,0.8747
yolo11n,A_unfinetuned,baseline,0.0,0.0,precision,0.0012
yolo11n,A_unfinetuned,bo_exploration,3.0,0.0,precision,0.7946
yolo11n,A_unfinetuned,bo_exploitation,4.0,0.0,precision,0.8325
yolo11n,A_unfinetuned,grid_search,4.0,0.5,precision,0.8319
yolo11n,B_finetuned_unsupervised,baseline,0.0,0.0,precision,0.0
yolo11n,B_finetuned_unsupervised,bo_exploration,4.0,0.0,precision,0.8439
yolo11n,B_finetuned_unsupervised,bo_exploitation,3.0,0.44,precision,0.8033
yolo11n,B_finetuned_unsupervised,grid_search,4.0,0.5,precision,0.8329
yolo11n,C_finetuned_supervised,bo_exploration,3.0,0.13,precision,0.8263
yolo11n,C_finetuned_supervised,bo_exploitation,2.0,0.38,precision,0.6991
yolo11n,C_finetuned_supervised,grid_search,4.0,0.0,precision,0.8439
yolo11n,A_unfinetuned,baseline,0.0,0.0,precision,0.0006
yolo11n,A_unfinetuned,bo_exploration,4.0,0.0,precision,0.8231
yolo11n,A_unfinetuned,bo_exploitation,3.0,0.04,precision,0.7732
yolo11n,A_unfinetuned,grid_search,4.0,0.5,precision,0.7851
yolo11n,B_finetuned_unsupervised,baseline,0.0,0.0,precision,0.0019
yolo11n,B_finetuned_unsupervised,bo_exploration,3.0,0.48,precision,0.7761
yolo11n,B_finetuned_unsupervised,bo_exploitation,3.0,0.16,precision,0.7787
yolo11n,B_finetuned_unsupervised,grid_search,4.0,0.5,precision,0.8087
yolo11n,C_finetuned_supervised,bo_exploration,3.0,0.48,precision,0.7761
yolo11n,C_finetuned_supervised,bo_exploitation,3.0,0.1,precision,0.7841
yolo11n,C_finetuned_supervised,grid_search,4.0,0.0,precision,0.8105
rtdetr-l,A_unfinetuned,baseline,0.0,0.0,precision,0.0
rtdetr-l,A_unfinetuned,bo_exploration,2.0,0.32,precision,0.5795
rtdetr-l,A_unfinetuned,bo_exploitation,3.0,0.13,precision,0.7489
rtdetr-l,A_unfinetuned,grid_search,4.0,0.5,precision,0.804
rtdetr-l,B_finetuned_unsupervised,baseline,0.0,0.0,precision,0.0015
rtdetr-l,B_finetuned_unsupervised,bo_exploration,2.0,0.17,precision,0.6576
rtdetr-l,B_finetuned_unsupervised,bo_exploitation,3.0,0.19,precision,0.7692
rtdetr-l,B_finetuned_unsupervised,grid_search,4.0,0.5,precision,0.7694
rtdetr-l,C_finetuned_supervised,bo_exploration,3.0,0.23,precision,0.7699
rtdetr-l,C_finetuned_supervised,bo_exploitation,4.0,0.5,precision,0.7694
rtdetr-l,C_finetuned_supervised,grid_search,4.0,0.0,precision,0.7784
rtdetr-l,A_unfinetuned,baseline,0.0,0.0,precision,0.002
rtdetr-l,A_unfinetuned,bo_exploration,3.0,0.34,precision,0.7994
rtdetr-l,A_unfinetuned,bo_exploitation,2.0,0.18,precision,0.6971
rtdetr-l,A_unfinetuned,grid_search,4.0,0.5,precision,0.8397
rtdetr-l,B_finetuned_unsupervised,baseline,0.0,0.0,precision,0.0012
rtdetr-l,B_finetuned_unsupervised,bo_exploration,3.0,0.01,precision,0.6801
rtdetr-l,B_finetuned_unsupervised,bo_exploitation,3.0,0.17,precision,0.6865
rtdetr-l,B_finetuned_unsupervised,grid_search,4.0,0.5,precision,0.7311
rtdetr-l,C_finetuned_supervised,bo_exploration,3.0,0.01,precision,0.6801
rtdetr-l,C_finetuned_supervised,bo_exploitation,4.0,0.24,precision,0.7294
rtdetr-l,C_finetuned_supervised,grid_search,4.0,0.0,precision,0.7139
rtdetr-l,A_unfinetuned,baseline,0.0,0.0,precision,0.0004
rtdetr-l,A_unfinetuned,bo_exploration,3.0,0.37,precision,0.6551
rtdetr-l,A_unfinetuned,bo_exploitation,3.0,0.43,precision,0.6514
rtdetr-l,A_unfinetuned,grid_search,4.0,0.5,precision,0.6893
rtdetr-l,B_finetuned_unsupervised,baseline,0.0,0.0,precision,0.0021
rtdetr-l,B_finetuned_unsupervised,bo_exploration,3.0,0.43,precision,0.7701
rtdetr-l,B_finetuned_unsupervised,bo_exploitation,3.0,0.46,precision,0.772
rtdetr-l,B_finetuned_unsupervised,grid_search,4.0,0.5,precision,0.7837
rtdetr-l,C_finetuned_supervised,bo_exploration,2.0,0.07,precision,0.6723
rtdetr-l,C_finetuned_supervised,bo_exploitation,3.0,0.0,precision,0.7508
rtdetr-l,C_finetuned_supervised,grid_search,4.0,0.0,precision,0.7836
rtdetr-l,A_unfinetuned,baseline,0.0,0.0,precision,0.0
rtdetr-l,A_unfinetuned,bo_exploration,3.0,0.36,precision,0.7212
rtdetr-l,A_unfinetuned,bo_exploitation,3.0,0.48,precision,0.7372
rtdetr-l,A_unfinetuned,grid_search,4.0,0.5,precision,0.7605
rtdetr-l,B_finetuned_unsupervised,baseline,0.0,0.0,precision,0.0055
rtdetr-l,B_finetuned_unsupervised,bo_exploration,4.0,0.5,precision,0.7495
rtdetr-l,B_finetuned_unsupervised,bo_exploitation,3.0,0.48,precision,0.7383
rtdetr-l,B_finetuned_unsupervised,grid_search,4.0,0.5,precision,0.7495
rtdetr-l,C_finetuned_supervised,bo_exploration,3.0,0.18,precision,0.7369
rtdetr-l,C_finetuned_supervised,bo_exploitation,4.0,0.0,precision,0.7374
rtdetr-l,C_finetuned_supervised,grid_search,4.0,0.5,precision,0.7495
rtdetr-l,A_unfinetuned,baseline,0.0,0.0,precision,0.0043
rtdetr-l,A_unfinetuned,bo_exploration,4.0,0.5,precision,0.6934
rtdetr-l,A_unfinetuned,bo_exploitation,3.0,0.34,precision,0.646
rtdetr-l,A_unfinetuned,grid_search,4.0,0.5,precision,0.6934
rtdetr-l,B_finetuned_unsupervised,baseline,0.0,0.0,precision,0.0002
rtdetr-l,B_finetuned_unsupervised,bo_exploration,3.0,0.21,precision,0.717
rtdetr-l,B_finetuned_unsupervised,bo_exploitation,3.0,0.36,precision,0.705
rtdetr-l,B_finetuned_unsupervised,grid_search,4.0,0.5,precision,0.7342
rtdetr-l,C_finetuned_supervised,bo_exploration,3.0,0.31,precision,0.7115
rtdetr-l,C_finetuned_supervised,bo_exploitation,2.0,0.0,precision,0.5596
rtdetr-l,C_finetuned_supervised,grid_search,4.0,0.0,precision,0.7356
rtdetr-l,A_unfinetuned,baseline,0.0,0.0,precision,0.0
rtdetr-l,A_unfinetuned,bo_exploration,2.0,0.22,precision,0.5575
rtdetr-l,A_unfinetuned,bo_exploitation,3.0,0.35,precision,0.7551
rtdetr-l,A_unfinetuned,grid_search,4.0,0.5,precision,0.8224
rtdetr-l,B_finetuned_unsupervised,baseline,0.0,0.0,precision,0.0003
rtdetr-l,B_finetuned_unsupervised,bo_exploration,3.0,0.27,precision,0.7315
rtdetr-l,B_finetuned_unsupervised,bo_exploitation,2.0,0.49,precision,0.5658
rtdetr-l,B_finetuned_unsupervised,grid_search,4.0,0.5,precision,0.7722
rtdetr-l,C_finetuned_supervised,bo_exploration,3.0,0.14,precision,0.7429
rtdetr-l,C_finetuned_supervised,bo_exploitation,4.0,0.0,precision,0.7593
rtdetr-l,C_finetuned_supervised,grid_search,4.0,0.25,precision,0.7523
rtdetr-l,A_unfinetuned,baseline,0.0,0.0,precision,0.0026
rtdetr-l,A_unfinetuned,bo_exploration,3.0,0.28,precision,0.7015
rtdetr-l,A_unfinetuned,bo_exploitation,2.0,0.49,precision,0.5693
rtdetr-l,A_unfinetuned,grid_search,4.0,0.5,precision,0.7597
rtdetr-l,B_finetuned_unsupervised,baseline,0.0,0.0,precision,0.0011
rtdetr-l,B_finetuned_unsupervised,bo_exploration,2.0,0.46,precision,0.5982
rtdetr-l,B_finetuned_unsupervised,bo_exploitation,4.0,0.0,precision,0.7723
rtdetr-l,B_finetuned_unsupervised,grid_search,4.0,0.5,precision,0.7897
rtdetr-l,C_finetuned_supervised,bo_exploration,3.0,0.31,precision,0.7308
rtdetr-l,C_finetuned_supervised,bo_exploitation,3.0,0.0,precision,0.7313
rtdetr-l,C_finetuned_supervised,grid_search,4.0,0.0,precision,0.7723
rtdetr-l,A_unfinetuned,baseline,0.0,0.0,precision,0.0013
rtdetr-l,A_unfinetuned,bo_exploration,3.0,0.29,precision,0.6794
rtdetr-l,A_unfinetuned,bo_exploitation,3.0,0.5,precision,0.6676
rtdetr-l,A_unfinetuned,grid_search,4.0,0.5,precision,0.7017
yolo11n,B_finetuned_unsupervised,baseline,0.0,0.0,precision,0.0004
yolo11n,B_finetuned_unsupervised,bo_exploration,3.0,0.42,precision,0.7629
yolo11n,B_finetuned_unsupervised,bo_exploitation,3.0,0.09,precision,0.7912
yolo11n,B_finetuned_unsupervised,grid_search,4.0,0.5,precision,0.7997
yolo11n,C_finetuned_supervised,bo_exploration,2.0,0.18,precision,0.6403
yolo11n,C_finetuned_supervised,bo_exploitation,3.0,0.43,precision,0.7647
yolo11n,C_finetuned_supervised,grid_search,4.0,0.0,precision,0.8018
yolo11m,A_unfinetuned,baseline,0.0,0.0,precision,0.0009
yolo11m,A_unfinetuned,bo_exploration,3.0,0.27,precision,0.7475
yolo11m,A_unfinetuned,bo_exploitation,3.0,0.28,precision,0.7488
yolo11m,A_unfinetuned,grid_search,4.0,0.5,precision,0.7577
yolo11m,B_finetuned_unsupervised,baseline,0.0,0.0,precision,0.0
yolo11m,B_finetuned_unsupervised,bo_exploration,2.0,0.48,precision,0.8255
yolo11m,B_finetuned_unsupervised,bo_exploitation,3.0,0.4,precision,0.866
yolo11m,B_finetuned_unsupervised,grid_search,4.0,0.5,precision,0.8689
yolo11m,C_finetuned_supervised,bo_exploration,3.0,0.06,precision,0.8668
yolo11m,C_finetuned_supervised,bo_exploitation,4.0,0.0,precision,0.8741
yolo11m,C_finetuned_supervised,grid_search,4.0,0.25,precision,0.8938
yolo11n,A_unfinetuned,baseline,0.0,0.0,precision,0.0007
yolo11n,A_unfinetuned,bo_exploration,3.0,0.44,precision,0.7519
yolo11n,A_unfinetuned,bo_exploitation,2.0,0.21,precision,0.5826
yolo11n,A_unfinetuned,grid_search,4.0,0.5,precision,0.7939
yolo11n,B_finetuned_unsupervised,baseline,0.0,0.0,precision,0.0
yolo11n,B_finetuned_unsupervised,bo_exploration,2.0,0.27,precision,0.702
yolo11n,B_finetuned_unsupervised,bo_exploitation,4.0,0.5,precision,0.8318
yolo11n,B_finetuned_unsupervised,grid_search,4.0,0.5,precision,0.8318
yolo11n,C_finetuned_supervised,bo_exploration,3.0,0.2,precision,0.8127
yolo11n,C_finetuned_supervised,bo_exploitation,3.0,0.0,precision,0.8006
yolo11n,C_finetuned_supervised,grid_search,4.0,0.0,precision,0.8428
yolo11m,A_unfinetuned,baseline,0.0,0.0,precision,0.001
yolo11m,A_unfinetuned,bo_exploration,2.0,0.11,precision,0.5861
yolo11m,A_unfinetuned,bo_exploitation,3.0,0.42,precision,0.6887
yolo11m,A_unfinetuned,grid_search,4.0,0.5,precision,0.7134
yolo11m,B_finetuned_unsupervised,baseline,0.0,0.0,precision,0.0008
yolo11m,B_finetuned_unsupervised,bo_exploration,3.0,0.35,precision,0.8236
yolo11m,B_finetuned_unsupervised,bo_exploitation,2.0,0.15,precision,0.7883
yolo11m,B_finetuned_unsupervised,grid_search,4.0,0.5,precision,0.8185
yolo11m,C_finetuned_supervised,bo_exploration,4.0,0.0,precision,0.8187
yolo11m,C_finetuned_supervised,bo_exploitation,4.0,0.5,precision,0.8185
yolo11m,C_finetuned_supervised,grid_search,4.0,0.0,precision,0.8187
yolo11n,A_unfinetuned,baseline,0.0,0.0,precision,0.0003
yolo11n,A_unfinetuned,bo_exploration,3.0,0.17,precision,0.8092
yolo11n,A_unfinetuned,bo_exploitation,3.0,0.37,precision,0.7843
yolo11n,A_unfinetuned,grid_search,4.0,0.5,precision,0.8107
yolo11n,B_finetuned_unsupervised,baseline,0.0,0.0,precision,0.0
yolo11n,B_finetuned_unsupervised,bo_exploration,4.0,0.5,precision,0.8319
yolo11n,B_finetuned_unsupervised,bo_exploitation,3.0,0.27,precision,0.8147
yolo11n,B_finetuned_unsupervised,grid_search,4.0,0.5,precision,0.8319
yolo11n,C_finetuned_supervised,bo_exploration,3.0,0.19,precision,0.8266
yolo11n,C_finetuned_supervised,bo_exploitation,3.0,0.38,precision,0.8038
yolo11n,C_finetuned_supervised,grid_search,4.0,0.0,precision,0.8428
yolo11m,A_unfinetuned,baseline,0.0,0.0,precision,0.0002
yolo11m,A_unfinetuned,bo_exploration,3.0,0.3,precision,0.7693
yolo11m,A_unfinetuned,bo_exploitation,2.0,0.5,precision,0.6597
yolo11m,A_unfinetuned,grid_search,4.0,0.5,precision,0.7831
yolo11m,B_finetuned_unsupervised,baseline,0.0,0.0,precision,0.0
yolo11m,B_finetuned_unsupervised,bo_exploration,4.0,0.0,precision,0.8744
yolo11m,B_finetuned_unsupervised,bo_exploitation,3.0,0.5,precision,0.8701
yolo11m,B_finetuned_unsupervised,grid_search,4.0,0.5,precision,0.8692
yolo11m,C_finetuned_supervised,bo_exploration,3.0,0.5,precision,0.8701
yolo11m,C_finetuned_supervised,bo_exploitation,3.0,0.16,precision,0.8642
yolo11m,C_finetuned_supervised,grid_search,4.0,0.0,precision,0.8744
yolo11n,A_unfinetuned,baseline,0.0,0.0,precision,0.0
yolo11n,A_unfinetuned,bo_exploration,3.0,0.37,precision,0.7771
yolo11n,A_unfinetuned,bo_exploitation,3.0,0.32,precision,0.7893
yolo11n,A_unfinetuned,grid_search,4.0,0.5,precision,0.8256
yolo11n,B_finetuned_unsupervised,baseline,0.0,0.0,precision,0.0007
yolo11n,B_finetuned_unsupervised,bo_exploration,4.0,0.0,precision,0.8194
yolo11n,B_finetuned_unsupervised,bo_exploitation,2.0,0.21,precision,0.6426
yolo11n,B_finetuned_unsupervised,grid_search,4.0,0.5,precision,0.8091
yolo11n,C_finetuned_supervised,bo_exploration,3.0,0.0,precision,0.7947
yolo11n,C_finetuned_supervised,bo_exploitation,3.0,0.19,precision,0.7932
yolo11n,C_finetuned_supervised,grid_search,4.0,0.0,precision,0.8194
yolo11m,A_unfinetuned,baseline,0.0,0.0,precision,0.0012
yolo11m,A_unfinetuned,bo_exploration,3.0,0.49,precision,0.7169
yolo11m,A_unfinetuned,bo_exploitation,3.0,0.48,precision,0.7421
yolo11m,A_unfinetuned,grid_search,4.0,0.5,precision,0.7554
yolo11m,B_finetuned_unsupervised,baseline,0.0,0.0,precision,0.0006
yolo11m,B_finetuned_unsupervised,bo_exploration,3.0,0.41,precision,0.7927
yolo11m,B_finetuned_unsupervised,bo_exploitation,3.0,0.35,precision,0.7843
yolo11m,B_finetuned_unsupervised,grid_search,4.0,0.5,precision,0.8107
yolo11m,C_finetuned_supervised,bo_exploration,3.0,0.5,precision,0.8017
yolo11m,C_finetuned_supervised,bo_exploitation,3.0,0.11,precision,0.7957
yolo11m,C_finetuned_supervised,grid_search,4.0,0.0,precision,0.8128
yolo11n,A_unfinetuned,baseline,0.0,0.0,precision,0.0
yolo11n,A_unfinetuned,bo_exploration,2.0,0.11,precision,0.6441
yolo11n,A_unfinetuned,bo_exploitation,3.0,0.3,precision,0.8174
yolo11n,A_unfinetuned,grid_search,4.0,0.5,precision,0.8317
yolo11n,B_finetuned_unsupervised,baseline,0.0,0.0,precision,0.0019
yolo11n,B_finetuned_unsupervised,bo_exploration,3.0,0.28,precision,0.7928
yolo11n,B_finetuned_unsupervised,bo_exploitation,3.0,0.5,precision,0.7873
yolo11n,B_finetuned_unsupervised,grid_search,4.0,0.5,precision,0.8092
yolo11n,C_finetuned_supervised,bo_exploration,2.0,0.28,precision,0.663
yolo11n,C_finetuned_supervised,bo_exploitation,3.0,0.23,precision,0.7793
yolo11n,C_finetuned_supervised,grid_search,4.0,0.0,precision,0.8109
yolo11m,A_unfinetuned,baseline,0.0,0.0,precision,0.0013
yolo11m,A_unfinetuned,bo_exploration,2.0,0.38,precision,0.6309
yolo11m,A_unfinetuned,bo_exploitation,3.0,0.12,precision,0.7155
yolo11m,A_unfinetuned,grid_search,4.0,0.5,precision,0.7278
rtdetr-l,A_unfinetuned,baseline,0.0,0.0,precision,0.0008
rtdetr-l,A_unfinetuned,bo_exploration,2.0,0.48,precision,0.5711
rtdetr-l,A_unfinetuned,bo_exploitation,3.0,0.42,precision,0.7443
rtdetr-l,A_unfinetuned,grid_search,4.0,0.5,precision,0.7596
rtdetr-l,B_finetuned_unsupervised,baseline,0.0,0.0,precision,0.0006
rtdetr-l,B_finetuned_unsupervised,bo_exploration,4.0,0.5,precision,0.7882
rtdetr-l,B_finetuned_unsupervised,bo_exploitation,3.0,0.41,precision,0.7467
rtdetr-l,B_finetuned_unsupervised,grid_search,4.0,0.5,precision,0.7882
rtdetr-l,C_finetuned_supervised,bo_exploration,2.0,0.01,precision,0.6299
rtdetr-l,C_finetuned_supervised,bo_exploitation,2.0,0.21,precision,0.634
rtdetr-l,C_finetuned_supervised,grid_search,4.0,0.0,precision,0.7643
rtdetr-l,A_unfinetuned,baseline,0.0,0.0,precision,0.0028
rtdetr-l,A_unfinetuned,bo_exploration,4.0,0.25,precision,0.7754
rtdetr-l,A_unfinetuned,bo_exploitation,2.0,0.47,precision,0.6294
rtdetr-l,A_unfinetuned,grid_search,4.0,0.5,precision,0.7714
rtdetr-l,B_finetuned_unsupervised,baseline,0.0,0.0,precision,0.0008
rtdetr-l,B_finetuned_unsupervised,bo_exploration,4.0,0.5,precision,0.7781
rtdetr-l,B_finetuned_unsupervised,bo_exploitation,3.0,0.38,precision,0.7509
rtdetr-l,B_finetuned_unsupervised,grid_search,4.0,0.5,precision,0.7781
rtdetr-l,C_finetuned_supervised,bo_exploration,3.0,0.37,precision,0.7508
rtdetr-l,C_finetuned_supervised,bo_exploitation,3.0,0.5,precision,0.7489
rtdetr-l,C_finetuned_supervised,grid_search,4.0,0.25,precision,0.7807
rtdetr-l,A_unfinetuned,baseline,0.0,0.0,precision,0.0091
rtdetr-l,A_unfinetuned,bo_exploration,3.0,0.41,precision,0.672
rtdetr-l,A_unfinetuned,bo_exploitation,4.0,0.5,precision,0.6832
rtdetr-l,A_unfinetuned,grid_search,4.0,0.5,precision,0.6832
rtdetr-l,B_finetuned_unsupervised,baseline,0.0,0.0,precision,0.0014
rtdetr-l,B_finetuned_unsupervised,bo_exploration,4.0,0.5,precision,0.8284
rtdetr-l,B_finetuned_unsupervised,bo_exploitation,3.0,0.5,precision,0.8109
rtdetr-l,B_finetuned_unsupervised,grid_search,4.0,0.5,precision,0.8284
rtdetr-l,C_finetuned_supervised,bo_exploration,3.0,0.19,precision,0.8232
rtdetr-l,C_finetuned_supervised,bo_exploitation,3.0,0.09,precision,0.8246
rtdetr-l,C_finetuned_supervised,grid_search,4.0,0.0,precision,0.8298
rtdetr-l,A_unfinetuned,baseline,0.0,0.0,precision,0.0
rtdetr-l,A_unfinetuned,bo_exploration,2.0,0.21,precision,0.5618
rtdetr-l,A_unfinetuned,bo_exploitation,3.0,0.37,precision,0.7633
rtdetr-l,A_unfinetuned,grid_search,4.0,0.5,precision,0.7877
rtdetr-l,B_finetuned_unsupervised,baseline,0.0,0.0,precision,0.0005
rtdetr-l,B_finetuned_unsupervised,bo_exploration,3.0,0.5,precision,0.692
rtdetr-l,B_finetuned_unsupervised,bo_exploitation,3.0,0.29,precision,0.7011
rtdetr-l,B_finetuned_unsupervised,grid_search,4.0,0.5,precision,0.7396
rtdetr-l,C_finetuned_supervised,bo_exploration,3.0,0.07,precision,0.6974
rtdetr-l,C_finetuned_supervised,bo_exploitation,3.0,0.32,precision,0.6874
rtdetr-l,C_finetuned_supervised,grid_search,4.0,0.0,precision,0.7408
rtdetr-l,A_unfinetuned,baseline,0.0,0.0,precision,0.0001
rtdetr-l,A_unfinetuned,bo_exploration,3.0,0.49,precision,0.6863
rtdetr-l,A_unfinetuned,bo_exploitation,3.0,0.46,precision,0.6837
rtdetr-l,A_unfinetuned,grid_search,4.0,0.5,precision,0.718
rtdetr-l,B_finetuned_unsupervised,baseline,0.0,0.0,precision,0.0011
rtdetr-l,B_finetuned_unsupervised,bo_exploration,3.0,0.5,precision,0.7787
rtdetr-l,B_finetuned_unsupervised,bo_exploitation,3.0,0.36,precision,0.7564
rtdetr-l,B_finetuned_unsupervised,grid_search,4.0,0.5,precision,0.7928
rtdetr-l,C_finetuned_supervised,bo_exploration,3.0,0.08,precision,0.7762
rtdetr-l,C_finetuned_supervised,bo_exploitation,4.0,0.0,precision,0.7986
rtdetr-l,C_finetuned_supervised,grid_search,4.0,0.0,precision,0.7986
rtdetr-l,A_unfinetuned,baseline,0.0,0.0,precision,0.0003
rtdetr-l,A_unfinetuned,bo_exploration,3.0,0.39,precision,0.7918
rtdetr-l,A_unfinetuned,bo_exploitation,3.0,0.31,precision,0.7977
rtdetr-l,A_unfinetuned,grid_search,4.0,0.5,precision,0.8149
rtdetr-l,B_finetuned_unsupervised,baseline,0.0,0.0,precision,0.012
rtdetr-l,B_finetuned_unsupervised,bo_exploration,4.0,0.5,precision,0.7013
rtdetr-l,B_finetuned_unsupervised,bo_exploitation,3.0,0.43,precision,0.6789
rtdetr-l,B_finetuned_unsupervised,grid_search,4.0,0.5,precision,0.7013
rtdetr-l,C_finetuned_supervised,bo_exploration,4.0,0.5,precision,0.7013
rtdetr-l,C_finetuned_supervised,bo_exploitation,3.0,0.31,precision,0.6898
rtdetr-l,C_finetuned_supervised,grid_search,4.0,0.0,precision,0.7222
rtdetr-l,A_unfinetuned,baseline,0.0,0.0,precision,0.0
rtdetr-l,A_unfinetuned,bo_exploration,2.0,0.33,precision,0.5707
rtdetr-l,A_unfinetuned,bo_exploitation,3.0,0.43,precision,0.7471
rtdetr-l,A_unfinetuned,grid_search,4.0,0.5,precision,0.7995
rtdetr-l,B_finetuned_unsupervised,baseline,0.0,0.0,precision,0.0005
rtdetr-l,B_finetuned_unsupervised,bo_exploration,3.0,0.5,precision,0.7812
rtdetr-l,B_finetuned_unsupervised,bo_exploitation,2.0,0.2,precision,0.6545
rtdetr-l,B_finetuned_unsupervised,grid_search,4.0,0.5,precision,0.7972
rtdetr-l,C_finetuned_supervised,bo_exploration,4.0,0.5,precision,0.7972
rtdetr-l,C_finetuned_supervised,bo_exploitation,3.0,0.2,precision,0.7554
rtdetr-l,C_finetuned_supervised,grid_search,4.0,0.0,precision,0.8094
rtdetr-l,A_unfinetuned,baseline,0.0,0.0,precision,0.0006
rtdetr-l,A_unfinetuned,bo_exploration,3.0,0.42,precision,0.7051
rtdetr-l,A_unfinetuned,bo_exploitation,2.0,0.0,precision,0.5527
rtdetr-l,A_unfinetuned,grid_search,4.0,0.5,precision,0.7436
rtdetr-l,B_finetuned_unsupervised,baseline,0.0,0.0,precision,0.0
rtdetr-l,B_finetuned_unsupervised,bo_exploration,3.0,0.32,precision,0.8229
rtdetr-l,B_finetuned_unsupervised,bo_exploitation,3.0,0.44,precision,0.8086
rtdetr-l,B_finetuned_unsupervised,grid_search,4.0,0.5,precision,0.8379
rtdetr-l,C_finetuned_supervised,bo_exploration,3.0,0.29,precision,0.8219
rtdetr-l,C_finetuned_supervised,bo_exploitation,3.0,0.21,precision,0.8139
rtdetr-l,C_finetuned_supervised,grid_search,4.0,0.0,precision,0.8309
yolo11n,B_finetuned_unsupervised,baseline,0.0,0.0,precision,0.0019
yolo11n,B_finetuned_unsupervised,bo_exploration,3.0,0.27,precision,0.7902
yolo11n,B_finetuned_unsupervised,bo_exploitation,2.0,0.32,precision,0.6488
yolo11n,B_finetuned_unsupervised,grid_search,4.0,0.5,precision,0.809
yolo11n,C_finetuned_supervised,bo_exploration,4.0,0.0,precision,0.811
yolo11n,C_finetuned_supervised,bo_exploitation,2.0,0.0,precision,0.702
yolo11n,C_finetuned_supervised,grid_search,4.0,0.0,precision,0.811
yolo11m,A_unfinetuned,baseline,0.0,0.0,precision,0.0012
yolo11m,A_unfinetuned,bo_exploration,3.0,0.09,precision,0.7595
yolo11m,A_unfinetuned,bo_exploitation,3.0,0.05,precision,0.7649
yolo11m,A_unfinetuned,grid_search,4.0,0.5,precision,0.7868
yolo11m,B_finetuned_unsupervised,baseline,0.0,0.0,precision,0.0009
yolo11m,B_finetuned_unsupervised,bo_exploration,3.0,0.35,precision,0.8174
yolo11m,B_finetuned_unsupervised,bo_exploitation,2.0,0.41,precision,0.7342
yolo11m,B_finetuned_unsupervised,grid_search,4.0,0.5,precision,0.8154
yolo11m,C_finetuned_supervised,bo_exploration,3.0,0.31,precision,0.8165
yolo11m,C_finetuned_supervised,bo_exploitation,4.0,0.0,precision,0.8171
yolo11m,C_finetuned_supervised,grid_search,4.0,0.0,precision,0.8171
yolo11n,A_unfinetuned,baseline,0.0,0.0,precision,0.004
yolo11n,A_unfinetuned,bo_exploration,3.0,0.31,precision,0.7727
yolo11n,A_unfinetuned,bo_exploitation,3.0,0.47,precision,0.7593
yolo11n,A_unfinetuned,grid_search,4.0,0.5,precision,0.7622
yolo11n,B_finetuned_unsupervised,baseline,0.0,0.0,precision,0.0
yolo11n,B_finetuned_unsupervised,bo_exploration,3.0,0.39,precision,0.8065
yolo11n,B_finetuned_unsupervised,bo_exploitation,3.0,0.26,precision,0.8137
yolo11n,B_finetuned_unsupervised,grid_search,4.0,0.5,precision,0.8307
yolo11n,C_finetuned_supervised,bo_exploration,3.0,0.23,precision,0.8268
yolo11n,C_finetuned_supervised,bo_exploitation,2.0,0.04,precision,0.7312
yolo11n,C_finetuned_supervised,grid_search,4.0,0.0,precision,0.8419
yolo11m,A_unfinetuned,baseline,0.0,0.0,precision,0.0003
yolo11m,A_unfinetuned,bo_exploration,4.0,0.5,precision,0.7374
yolo11m,A_unfinetuned,bo_exploitation,3.0,0.35,precision,0.7022
yolo11m,A_unfinetuned,grid_search,4.0,0.5,precision,0.7374
yolo11m,B_finetuned_unsupervised,baseline,0.0,0.0,precision,0.0012
yolo11m,B_finetuned_unsupervised,bo_exploration,3.0,0.46,precision,0.8065
yolo11m,B_finetuned_unsupervised,bo_exploitation,2.0,0.3,precision,0.7807
yolo11m,B_finetuned_unsupervised,grid_search,4.0,0.5,precision,0.8175
yolo11m,C_finetuned_supervised,bo_exploration,3.0,0.07,precision,0.8084
yolo11m,C_finetuned_supervised,bo_exploitation,2.0,0.16,precision,0.7769
yolo11m,C_finetuned_supervised,grid_search,4.0,0.0,precision,0.8175
yolo11n,A_unfinetuned,baseline,0.0,0.0,precision,0.0
yolo11n,A_unfinetuned,bo_exploration,3.0,0.5,precision,0.8416
yolo11n,A_unfinetuned,bo_exploitation,3.0,0.26,precision,0.8261
yolo11n,A_unfinetuned,grid_search,4.0,0.5,precision,0.8604
yolo11n,B_finetuned_unsupervised,baseline,0.0,0.0,precision,0.0
yolo11n,B_finetuned_unsupervised,bo_exploration,3.0,0.04,precision,0.8007
yolo11n,B_finetuned_unsupervised,bo_exploitation,3.0,0.22,precision,0.8286
yolo11n,B_finetuned_unsupervised,grid_search,4.0,0.5,precision,0.832
yolo11n,C_finetuned_supervised,bo_exploration,3.0,0.02,precision,0.8037
yolo11n,C_finetuned_supervised,bo_exploitation,3.0,0.5,precision,0.8105
yolo11n,C_finetuned_supervised,grid_search,4.0,0.0,precision,0.8429
yolo11m,A_unfinetuned,baseline,0.0,0.0,precision,0.0002
yolo11m,A_unfinetuned,bo_exploration,4.0,0.36,precision,0.791
yolo11m,A_unfinetuned,bo_exploitation,3.0,0.41,precision,0.7663
yolo11m,A_unfinetuned,grid_search,4.0,0.5,precision,0.78
yolo11m,B_finetuned_unsupervised,baseline,0.0,0.0,precision,0.0012
yolo11m,B_finetuned_unsupervised,bo_exploration,3.0,0.44,precision,0.8162
yolo11m,B_finetuned_unsupervised,bo_exploitation,3.0,0.28,precision,0.8227
yolo11m,B_finetuned_unsupervised,grid_search,4.0,0.5,precision,0.8185
yolo11m,C_finetuned_supervised,bo_exploration,4.0,0.5,precision,0.8185
yolo11m,C_finetuned_supervised,bo_exploitation,3.0,0.5,precision,0.8172
yolo11m,C_finetuned_supervised,grid_search,4.0,0.0,precision,0.8189
yolo11n,A_unfinetuned,baseline,0.0,0.0,precision,0.0
yolo11n,A_unfinetuned,bo_exploration,4.0,0.0,precision,0.8525
yolo11n,A_unfinetuned,bo_exploitation,3.0,0.0,precision,0.7982
yolo11n,A_unfinetuned,grid_search,4.0,0.5,precision,0.8307
yolo11n,B_finetuned_unsupervised,baseline,0.0,0.0,precision,0.0014
yolo11n,B_finetuned_unsupervised,bo_exploration,3.0,0.27,precision,0.7975
yolo11n,B_finetuned_unsupervised,bo_exploitation,2.0,0.32,precision,0.6901
yolo11n,B_finetuned_unsupervised,grid_search,4.0,0.5,precision,0.8378
yolo11n,C_finetuned_supervised,bo_exploration,2.0,0.03,precision,0.7135
yolo11n,C_finetuned_supervised,bo_exploitation,3.0,0.05,precision,0.8134
yolo11n,C_finetuned_supervised,grid_search,4.0,0.0,precision,0.8403
yolo11m,A_unfinetuned,baseline,0.0,0.0,precision,0.0015
yolo11m,A_unfinetuned,bo_exploration,3.0,0.25,precision,0.7744
yolo11m,A_unfinetuned,bo_exploitation,2.0,0.21,precision,0.6656
yolo11m,A_unfinetuned,grid_search,4.0,0.5,precision,0.8014
yolo11m,B_finetuned_unsupervised,baseline,0.0,0.0,precision,0.0
yolo11m,B_finetuned_unsupervised,bo_exploration,3.0,0.39,precision,0.8496
yolo11m,B_finetuned_unsupervised,bo_exploitation,4.0,0.5,precision,0.8692
yolo11m,B_finetuned_unsupervised,grid_search,4.0,0.5,precision,0.8692
yolo11m,C_finetuned_supervised,bo_exploration,3.0,0.46,precision,0.8584
yolo11m,C_finetuned_supervised,bo_exploitation,4.0,0.5,precision,0.8692
yolo11m,C_finetuned_supervised,grid_search,4.0,0.0,precision,0.8742
yolo11n,A_unfinetuned,baseline,0.0,0.0,precision,0.0
yolo11n,A_unfinetuned,bo_exploration,2.0,0.48,precision,0.6419
yolo11n,A_unfinetuned,bo_exploitation,2.0,0.35,precision,0.7092
yolo11n,A_unfinetuned,grid_search,4.0,0.5,precision,0.8598
yolo11n,B_finetuned_unsupervised,baseline,0.0,0.0,precision,0.0
yolo11n,B_finetuned_unsupervised,bo_exploration,3.0,0.5,precision,0.8102
yolo11n,B_finetuned_unsupervised,bo_exploitation,3.0,0.45,precision,0.8165
yolo11n,B_finetuned_unsupervised,grid_search,4.0,0.5,precision,0.8316
yolo11n,C_finetuned_supervised,bo_exploration,3.0,0.0,precision,0.8004
yolo11n,C_finetuned_supervised,bo_exploitation,3.0,0.25,precision,0.8109
yolo11n,C_finetuned_supervised,grid_search,4.0,0.0,precision,0.8427
yolo11m,A_unfinetuned,baseline,0.0,0.0,precision,0.0027
yolo11m,A_unfinetuned,bo_exploration,3.0,0.44,precision,0.7501
yolo11m,A_unfinetuned,bo_exploitation,3.0,0.47,precision,0.7427
yolo11m,A_unfinetuned,grid_search,4.0,0.5,precision,0.7353
yolo11m,B_finetuned_unsupervised,baseline,0.0,0.0,precision,0.0012
yolo11m,B_finetuned_unsupervised,bo_exploration,3.0,0.48,precision,0.8073
yolo11m,B_finetuned_unsupervised,bo_exploitation,3.0,0.09,precision,0.8069
yolo11m,B_finetuned_unsupervised,grid_search,4.0,0.5,precision,0.8181
yolo11m,C_finetuned_supervised,bo_exploration,2.0,0.0,precision,0.7981
yolo11m,C_finetuned_supervised,bo_exploitation,3.0,0.05,precision,0.8139
yolo11m,C_finetuned_supervised,grid_search,4.0,0.0,precision,0.8184
yolo11n,A_unfinetuned,baseline,0.0,0.0,precision,0.0
yolo11n,A_unfinetuned,bo_exploration,4.0,0.5,precision,0.8313
yolo11n,A_unfinetuned,bo_exploitation,3.0,0.48,precision,0.7837
yolo11n,A_unfinetuned,grid_search,4.0,0.5,precision,0.8313
yolo11n,B_finetuned_unsupervised,baseline,0.0,0.0,precision,0.0014
yolo11n,B_finetuned_unsupervised,bo_exploration,4.0,0.06,precision,0.8339
yolo11n,B_finetuned_unsupervised,bo_exploitation,3.0,0.5,precision,0.7927
yolo11n,B_finetuned_unsupervised,grid_search,4.0,0.5,precision,0.8372
yolo11n,C_finetuned_supervised,bo_exploration,4.0,0.0,precision,0.8396
yolo11n,C_finetuned_supervised,bo_exploitation,3.0,0.1,precision,0.815
yolo11n,C_finetuned_supervised,grid_search,4.0,0.0,precision,0.8396
yolo11m,A_unfinetuned,baseline,0.0,0.0,precision,0.0008
yolo11m,A_unfinetuned,bo_exploration,3.0,0.5,precision,0.6836
yolo11m,A_unfinetuned,bo_exploitation,3.0,0.05,precision,0.7204
yolo11m,A_unfinetuned,grid_search,4.0,0.5,precision,0.6984
yolo11m,B_finetuned_unsupervised,baseline,0.0,0.0,precision,0.0012
yolo11m,B_finetuned_unsupervised,bo_exploration,3.0,0.32,precision,0.8251
yolo11m,B_finetuned_unsupervised,bo_exploitation,3.0,0.11,precision,0.8106
yolo11m,B_finetuned_unsupervised,grid_search,4.0,0.5,precision,0.8177
yolo11m,C_finetuned_supervised,bo_exploration,3.0,0.0,precision,0.8015
yolo11m,C_finetuned_supervised,bo_exploitation,3.0,0.16,precision,0.8301
yolo11m,C_finetuned_supervised,grid_search,4.0,0.0,precision,0.8177
yolo11n,A_unfinetuned,baseline,0.0,0.0,precision,0.0
yolo11n,A_unfinetuned,bo_exploration,3.0,0.38,precision,0.8299
yolo11n,A_unfinetuned,bo_exploitation,3.0,0.01,precision,0.8235
yolo11n,A_unfinetuned,grid_search,4.0,0.5,precision,0.8487
yolo11n,B_finetuned_unsupervised,baseline,0.0,0.0,precision,0.0019
yolo11n,B_finetuned_unsupervised,bo_exploration,3.0,0.5,precision,0.7871
yolo11n,B_finetuned_unsupervised,bo_exploitation,3.0,0.31,precision,0.79
yolo11n,B_finetuned_unsupervised,grid_search,4.0,0.5,precision,0.8087
yolo11n,C_finetuned_supervised,bo_exploration,4.0,0.0,precision,0.8105
yolo11n,C_finetuned_supervised,bo_exploitation,3.0,0.14,precision,0.7783
yolo11n,C_finetuned_supervised,grid_search,4.0,0.0,precision,0.8105
yolo11m,A_unfinetuned,baseline,0.0,0.0,precision,0.0018
yolo11m,A_unfinetuned,bo_exploration,2.0,0.47,precision,0.5827
yolo11m,A_unfinetuned,bo_exploitation,3.0,0.08,precision,0.701
yolo11m,A_unfinetuned,grid_search,4.0,0.5,precision,0.6865
yolo11m,B_finetuned_unsupervised,baseline,0.0,0.0,precision,0.0009
yolo11m,B_finetuned_unsupervised,bo_exploration,3.0,0.15,precision,0.8301
yolo11m,B_finetuned_unsupervised,bo_exploitation,2.0,0.02,precision,0.7598
yolo11m,B_finetuned_unsupervised,grid_search,4.0,0.5,precision,0.815
yolo11m,C_finetuned_supervised,bo_exploration,4.0,0.5,precision,0.815
yolo11m,C_finetuned_supervised,bo_exploitation,2.0,0.15,precision,0.7739
yolo11m,C_finetuned_supervised,grid_search,4.0,0.0,precision,0.8167
yolo11n,A_unfinetuned,baseline,0.0,0.0,precision,0.0006
yolo11n,A_unfinetuned,bo_exploration,3.0,0.4,precision,0.8163
yolo11n,A_unfinetuned,bo_exploitation,3.0,0.34,precision,0.8168
yolo11n,A_unfinetuned,grid_search,4.0,0.5,precision,0.8386
yolo11n,B_finetuned_unsupervised,baseline,0.0,0.0,precision,0.0003
yolo11n,B_finetuned_unsupervised,bo_exploration,2.0,0.47,precision,0.6103
yolo11n,B_finetuned_unsupervised,bo_exploitation,3.0,0.18,precision,0.7896
yolo11n,B_finetuned_unsupervised,grid_search,4.0,0.5,precision,0.8219
yolo11n,C_finetuned_supervised,bo_exploration,3.0,0.27,precision,0.7732
yolo11n,C_finetuned_supervised,bo_exploitation,4.0,0.0,precision,0.8239
yolo11n,C_finetuned_supervised,grid_search,4.0,0.0,precision,0.8239
yolo11m,A_unfinetuned,baseline,0.0,0.0,precision,0.0002
yolo11m,A_unfinetuned,bo_exploration,3.0,0.5,precision,0.7023
yolo11m,A_unfinetuned,bo_exploitation,3.0,0.27,precision,0.7094
yolo11m,A_unfinetuned,grid_search,4.0,0.5,precision,0.7365
yolo11m,B_finetuned_unsupervised,baseline,0.0,0.0,precision,0.0009
yolo11m,B_finetuned_unsupervised,bo_exploration,4.0,0.5,precision,0.8145
yolo11m,B_finetuned_unsupervised,bo_exploitation,3.0,0.19,precision,0.8248
yolo11m,B_finetuned_unsupervised,grid_search,4.0,0.5,precision,0.8145
yolo11m,C_finetuned_supervised,bo_exploration,3.0,0.07,precision,0.8026
yolo11m,C_finetuned_supervised,bo_exploitation,3.0,0.29,precision,0.8178
yolo11m,C_finetuned_supervised,grid_search,4.0,0.0,precision,0.816
yolo11n,A_unfinetuned,baseline,0.0,0.0,precision,0.0
yolo11n,A_unfinetuned,bo_exploration,4.0,0.5,precision,0.8313
yolo11n,A_unfinetuned,bo_exploitation,3.0,0.42,precision,0.7836
yolo11n,A_unfinetuned,grid_search,4.0,0.5,precision,0.8313
yolo11n,B_finetuned_unsupervised,baseline,0.0,0.0,precision,0.0
yolo11n,B_finetuned_unsupervised,bo_exploration,4.0,0.5,precision,0.8329
yolo11n,B_finetuned_unsupervised,bo_exploitation,3.0,0.14,precision,0.8246
yolo11n,B_finetuned_unsupervised,grid_search,4.0,0.5,precision,0.8329
yolo11n,C_finetuned_supervised,bo_exploration,2.0,0.29,precision,0.7094
yolo11n,C_finetuned_supervised,bo_exploitation,3.0,0.41,precision,0.7927
yolo11n,C_finetuned_supervised,grid_search,4.0,0.0,precision,0.8439
yolo11n,A_unfinetuned,baseline,0.0,0.0,precision,0.0005
yolo11n,A_unfinetuned,bo_exploration,2.0,0.4,precision,0.6587
yolo11n,A_unfinetuned,bo_exploitation,3.0,0.15,precision,0.7658
yolo11n,A_unfinetuned,grid_search,4.0,0.5,precision,0.77
yolo11n,B_finetuned_unsupervised,baseline,0.0,0.0,precision,0.0019
yolo11n,B_finetuned_unsupervised,bo_exploration,3.0,0.43,precision,0.7735
yolo11n,B_finetuned_unsupervised,bo_exploitation,2.0,0.08,precision,0.664
yolo11n,B_finetuned_unsupervised,grid_search,4.0,0.5,precision,0.809
yolo11n,C_finetuned_supervised,bo_exploration,4.0,0.5,precision,0.809
yolo11n,C_finetuned_supervised,bo_exploitation,4.0,0.29,precision,0.8201
yolo11n,C_finetuned_supervised,grid_search,4.0,0.0,precision,0.811
rtdetr-l,A_unfinetuned,baseline,0.0,0.0,precision,0.0018
rtdetr-l,A_unfinetuned,bo_exploration,2.0,0.49,precision,0.7191
rtdetr-l,A_unfinetuned,bo_exploitation,3.0,0.08,precision,0.8408
rtdetr-l,A_unfinetuned,grid_search,4.0,0.5,precision,0.8615
rtdetr-l,B_finetuned_unsupervised,baseline,0.0,0.0,precision,0.0
rtdetr-l,B_finetuned_unsupervised,bo_exploration,3.0,0.1,precision,0.757
rtdetr-l,B_finetuned_unsupervised,bo_exploitation,4.0,0.36,precision,0.7794
rtdetr-l,B_finetuned_unsupervised,grid_search,4.0,0.5,precision,0.7684
rtdetr-l,C_finetuned_supervised,bo_exploration,2.0,0.21,precision,0.5605
rtdetr-l,C_finetuned_supervised,bo_exploitation,4.0,0.5,precision,0.7684
rtdetr-l,C_finetuned_supervised,grid_search,4.0,0.0,precision,0.7798
rtdetr-l,A_unfinetuned,baseline,0.0,0.0,precision,0.0007
rtdetr-l,A_unfinetuned,bo_exploration,2.0,0.27,precision,0.4549
rtdetr-l,A_unfinetuned,bo_exploitation,2.0,0.48,precision,0.4324
rtdetr-l,A_unfinetuned,grid_search,4.0,0.5,precision,0.731
rtdetr-l,B_finetuned_unsupervised,baseline,0.0,0.0,precision,0.0027
rtdetr-l,B_finetuned_unsupervised,bo_exploration,3.0,0.41,precision,0.6674
rtdetr-l,B_finetuned_unsupervised,bo_exploitation,3.0,0.43,precision,0.668
rtdetr-l,B_finetuned_unsupervised,grid_search,4.0,0.5,precision,0.7087
rtdetr-l,C_finetuned_supervised,bo_exploration,3.0,0.03,precision,0.6754
rtdetr-l,C_finetuned_supervised,bo_exploitation,3.0,0.0,precision,0.6727
rtdetr-l,C_finetuned_supervised,grid_search,4.0,0.0,precision,0.7161
rtdetr-l,A_unfinetuned,baseline,0.0,0.0,precision,0.0042
rtdetr-l,A_unfinetuned,bo_exploration,4.0,0.5,precision,0.7047
rtdetr-l,A_unfinetuned,bo_exploitation,2.0,0.23,precision,0.4093
rtdetr-l,A_unfinetuned,grid_search,4.0,0.5,precision,0.7047
rtdetr-l,B_finetuned_unsupervised,baseline,0.0,0.0,precision,0.0012
rtdetr-l,B_finetuned_unsupervised,bo_exploration,4.0,0.49,precision,0.7402
rtdetr-l,B_finetuned_unsupervised,bo_exploitation,3.0,0.24,precision,0.6836
rtdetr-l,B_finetuned_unsupervised,grid_search,4.0,0.5,precision,0.7401
rtdetr-l,C_finetuned_supervised,bo_exploration,3.0,0.16,precision,0.6895
rtdetr-l,C_finetuned_supervised,bo_exploitation,2.0,0.22,precision,0.4816
rtdetr-l,C_finetuned_supervised,grid_search,4.0,0.0,precision,0.7242
rtdetr-l,A_unfinetuned,baseline,0.0,0.0,precision,0.0007
rtdetr-l,A_unfinetuned,bo_exploration,3.0,0.47,precision,0.7541
rtdetr-l,A_unfinetuned,bo_exploitation,2.0,0.43,precision,0.5269
rtdetr-l,A_unfinetuned,grid_search,4.0,0.5,precision,0.7853
rtdetr-l,B_finetuned_unsupervised,baseline,0.0,0.0,precision,0.0009
rtdetr-l,B_finetuned_unsupervised,bo_exploration,2.0,0.46,precision,0.4404
rtdetr-l,B_finetuned_unsupervised,bo_exploitation,3.0,0.45,precision,0.6581
rtdetr-l,B_finetuned_unsupervised,grid_search,4.0,0.5,precision,0.7121
rtdetr-l,C_finetuned_supervised,bo_exploration,4.0,0.0,precision,0.7011
rtdetr-l,C_finetuned_supervised,bo_exploitation,3.0,0.16,precision,0.6446
rtdetr-l,C_finetuned_supervised,grid_search,4.0,0.0,precision,0.7011
rtdetr-l,A_unfinetuned,baseline,0.0,0.0,precision,0.0
rtdetr-l,A_unfinetuned,bo_exploration,3.0,0.48,precision,0.7361
rtdetr-l,A_unfinetuned,bo_exploitation,3.0,0.29,precision,0.7379
rtdetr-l,A_unfinetuned,grid_search,4.0,0.5,precision,0.7849
rtdetr-l,B_finetuned_unsupervised,baseline,0.0,0.0,precision,0.0003
rtdetr-l,B_finetuned_unsupervised,bo_exploration,3.0,0.5,precision,0.7274
rtdetr-l,B_finetuned_unsupervised,bo_exploitation,3.0,0.39,precision,0.7342
rtdetr-l,B_finetuned_unsupervised,grid_search,4.0,0.5,precision,0.7564
rtdetr-l,C_finetuned_supervised,bo_exploration,4.0,0.0,precision,0.7424
rtdetr-l,C_finetuned_supervised,bo_exploitation,4.0,0.5,precision,0.7564
rtdetr-l,C_finetuned_supervised,grid_search,4.0,0.5,precision,0.7564
rtdetr-l,A_unfinetuned,baseline,0.0,0.0,precision,0.0
rtdetr-l,A_unfinetuned,bo_exploration,2.0,0.36,precision,0.6119
rtdetr-l,A_unfinetuned,bo_exploitation,2.0,0.3,precision,0.641
rtdetr-l,A_unfinetuned,grid_search,4.0,0.5,precision,0.8296
rtdetr-l,B_finetuned_unsupervised,baseline,0.0,0.0,precision,0.0148
rtdetr-l,B_finetuned_unsupervised,bo_exploration,3.0,0.31,precision,0.7885
rtdetr-l,B_finetuned_unsupervised,bo_exploitation,3.0,0.41,precision,0.7913
rtdetr-l,B_finetuned_unsupervised,grid_search,4.0,0.5,precision,0.7866
rtdetr-l,C_finetuned_supervised,bo_exploration,2.0,0.35,precision,0.7213
rtdetr-l,C_finetuned_supervised,bo_exploitation,2.0,0.23,precision,0.7173
rtdetr-l,C_finetuned_supervised,grid_search,4.0,0.0,precision,0.796
rtdetr-l,A_unfinetuned,baseline,0.0,0.0,precision,0.0004
rtdetr-l,A_unfinetuned,bo_exploration,2.0,0.14,precision,0.6137
rtdetr-l,A_unfinetuned,bo_exploitation,3.0,0.15,precision,0.7159
rtdetr-l,A_unfinetuned,grid_search,4.0,0.5,precision,0.789
rtdetr-l,B_finetuned_unsupervised,baseline,0.0,0.0,precision,0.0
rtdetr-l,B_finetuned_unsupervised,bo_exploration,3.0,0.5,precision,0.8298
rtdetr-l,B_finetuned_unsupervised,bo_exploitation,3.0,0.14,precision,0.8495
rtdetr-l,B_finetuned_unsupervised,grid_search,4.0,0.5,precision,0.8384
rtdetr-l,C_finetuned_supervised,bo_exploration,4.0,0.0,precision,0.8591
rtdetr-l,C_finetuned_supervised,bo_exploitation,2.0,0.1,precision,0.7614
rtdetr-l,C_finetuned_supervised,grid_search,4.0,0.0,precision,0.8591
rtdetr-l,A_unfinetuned,baseline,0.0,0.0,precision,0.0006
rtdetr-l,A_unfinetuned,bo_exploration,2.0,0.42,precision,0.5745
rtdetr-l,A_unfinetuned,bo_exploitation,3.0,0.28,precision,0.7061
rtdetr-l,A_unfinetuned,grid_search,4.0,0.5,precision,0.7816
rtdetr-l,B_finetuned_unsupervised,baseline,0.0,0.0,precision,0.0007
rtdetr-l,B_finetuned_unsupervised,bo_exploration,3.0,0.44,precision,0.7312
rtdetr-l,B_finetuned_unsupervised,bo_exploitation,1.0,0.28,precision,0.0046
rtdetr-l,B_finetuned_unsupervised,grid_search,4.0,0.5,precision,0.7519
rtdetr-l,C_finetuned_supervised,bo_exploration,4.0,0.0,precision,0.7627
rtdetr-l,C_finetuned_supervised,bo_exploitation,3.0,0.04,precision,0.7187
rtdetr-l,C_finetuned_supervised,grid_search,4.0,0.0,precision,0.7627
yolo11n,B_finetuned_unsupervised,baseline,0.0,0.0,precision,0.0
yolo11n,B_finetuned_unsupervised,bo_exploration,3.0,0.5,precision,0.781
yolo11n,B_finetuned_unsupervised,bo_exploitation,3.0,0.37,precision,0.778
yolo11n,B_finetuned_unsupervised,grid_search,4.0,0.5,precision,0.8405
yolo11n,C_finetuned_supervised,bo_exploration,4.0,0.0,precision,0.8445
yolo11n,C_finetuned_supervised,bo_exploitation,4.0,0.0,precision,0.8445
yolo11n,C_finetuned_supervised,grid_search,4.0,0.0,precision,0.8445
yolo11m,A_unfinetuned,baseline,0.0,0.0,precision,0.0013
yolo11m,A_unfinetuned,bo_exploration,3.0,0.5,precision,0.6856
yolo11m,A_unfinetuned,bo_exploitation,2.0,0.42,precision,0.576
yolo11m,A_unfinetuned,grid_search,4.0,0.5,precision,0.7076
yolo11m,B_finetuned_unsupervised,baseline,0.0,0.0,precision,0.0011
yolo11m,B_finetuned_unsupervised,bo_exploration,3.0,0.02,precision,0.8121
yolo11m,B_finetuned_unsupervised,bo_exploitation,4.0,0.0,precision,0.8187
yolo11m,B_finetuned_unsupervised,grid_search,4.0,0.5,precision,0.8188
yolo11m,C_finetuned_supervised,bo_exploration,3.0,0.5,precision,0.8175
yolo11m,C_finetuned_supervised,bo_exploitation,3.0,0.23,precision,0.8064
yolo11m,C_finetuned_supervised,grid_search,4.0,0.0,precision,0.8187
yolo11n,A_unfinetuned,baseline,0.0,0.0,precision,0.001
yolo11n,A_unfinetuned,bo_exploration,4.0,0.0,precision,0.8229
yolo11n,A_unfinetuned,bo_exploitation,3.0,0.02,precision,0.8018
yolo11n,A_unfinetuned,grid_search,4.0,0.5,precision,0.8159
yolo11n,B_finetuned_unsupervised,baseline,0.0,0.0,precision,0.0014
yolo11n,B_finetuned_unsupervised,bo_exploration,4.0,0.5,precision,0.8373
yolo11n,B_finetuned_unsupervised,bo_exploitation,3.0,0.48,precision,0.8062
yolo11n,B_finetuned_unsupervised,grid_search,4.0,0.5,precision,0.8373
yolo11n,C_finetuned_supervised,bo_exploration,3.0,0.21,precision,0.8089
yolo11n,C_finetuned_supervised,bo_exploitation,4.0,0.0,precision,0.8398
yolo11n,C_finetuned_supervised,grid_search,4.0,0.0,precision,0.8398
yolo11m,A_unfinetuned,baseline,0.0,0.0,precision,0.0005
yolo11m,A_unfinetuned,bo_exploration,3.0,0.12,precision,0.718
yolo11m,A_unfinetuned,bo_exploitation,3.0,0.15,precision,0.7196
yolo11m,A_unfinetuned,grid_search,4.0,0.5,precision,0.7567
yolo11m,B_finetuned_unsupervised,baseline,0.0,0.0,precision,0.0011
yolo11m,B_finetuned_unsupervised,bo_exploration,4.0,0.0,precision,0.8179
yolo11m,B_finetuned_unsupervised,bo_exploitation,3.0,0.16,precision,0.8298
yolo11m,B_finetuned_unsupervised,grid_search,4.0,0.5,precision,0.8175
yolo11m,C_finetuned_supervised,bo_exploration,4.0,0.5,precision,0.8175
yolo11m,C_finetuned_supervised,bo_exploitation,3.0,0.21,precision,0.8275
yolo11m,C_finetuned_supervised,grid_search,4.0,0.0,precision,0.8179
yolo11n,A_unfinetuned,baseline,0.0,0.0,precision,0.0
yolo11n,A_unfinetuned,bo_exploration,3.0,0.5,precision,0.8366
yolo11n,A_unfinetuned,bo_exploitation,3.0,0.44,precision,0.8275
yolo11n,A_unfinetuned,grid_search,4.0,0.5,precision,0.862
yolo11n,B_finetuned_unsupervised,baseline,0.0,0.0,precision,0.0004
yolo11n,B_finetuned_unsupervised,bo_exploration,3.0,0.43,precision,0.7649
yolo11n,B_finetuned_unsupervised,bo_exploitation,2.0,0.4,precision,0.6635
yolo11n,B_finetuned_unsupervised,grid_search,4.0,0.5,precision,0.8001
yolo11n,C_finetuned_supervised,bo_exploration,3.0,0.06,precision,0.7708
yolo11n,C_finetuned_supervised,bo_exploitation,3.0,0.13,precision,0.7951
yolo11n,C_finetuned_supervised,grid_search,4.0,0.0,precision,0.8022
yolo11m,A_unfinetuned,baseline,0.0,0.0,precision,0.0006
yolo11m,A_unfinetuned,bo_exploration,4.0,0.0,precision,0.6823
yolo11m,A_unfinetuned,bo_exploitation,3.0,0.33,precision,0.67
yolo11m,A_unfinetuned,grid_search,4.0,0.5,precision,0.6816
yolo11m,B_finetuned_unsupervised,baseline,0.0,0.0,precision,0.0012
yolo11m,B_finetuned_unsupervised,bo_exploration,4.0,0.0,precision,0.8188
yolo11m,B_finetuned_unsupervised,bo_exploitation,3.0,0.36,precision,0.8183
yolo11m,B_finetuned_unsupervised,grid_search,4.0,0.5,precision,0.8187
yolo11m,C_finetuned_supervised,bo_exploration,2.0,0.16,precision,0.7771
yolo11m,C_finetuned_supervised,bo_exploitation,4.0,0.5,precision,0.8187
yolo11m,C_finetuned_supervised,grid_search,4.0,0.0,precision,0.8188
yolo11n,A_unfinetuned,baseline,0.0,0.0,precision,0.0004
yolo11n,A_unfinetuned,bo_exploration,3.0,0.04,precision,0.7912
yolo11n,A_unfinetuned,bo_exploitation,3.0,0.34,precision,0.7898
yolo11n,A_unfinetuned,grid_search,4.0,0.5,precision,0.8228
yolo11n,B_finetuned_unsupervised,baseline,0.0,0.0,precision,0.0014
yolo11n,B_finetuned_unsupervised,bo_exploration,2.0,0.43,precision,0.687
yolo11n,B_finetuned_unsupervised,bo_exploitation,4.0,0.24,precision,0.8269
yolo11n,B_finetuned_unsupervised,grid_search,4.0,0.5,precision,0.8373
yolo11n,C_finetuned_supervised,bo_exploration,4.0,0.5,precision,0.8373
yolo11n,C_finetuned_supervised,bo_exploitation,4.0,0.0,precision,0.8398
yolo11n,C_finetuned_supervised,grid_search,4.0,0.0,precision,0.8398
yolo11m,A_unfinetuned,baseline,0.0,0.0,precision,0.0007
yolo11m,A_unfinetuned,bo_exploration,3.0,0.5,precision,0.7148
yolo11m,A_unfinetuned,bo_exploitation,3.0,0.28,precision,0.7223
yolo11m,A_unfinetuned,grid_search,4.0,0.5,precision,0.7302
yolo11m,B_finetuned_unsupervised,baseline,0.0,0.0,precision,0.0011
yolo11m,B_finetuned_unsupervised,bo_exploration,3.0,0.0,precision,0.8011
yolo11m,B_finetuned_unsupervised,bo_exploitation,3.0,0.32,precision,0.8251
yolo11m,B_finetuned_unsupervised,grid_search,4.0,0.5,precision,0.8175
yolo11m,C_finetuned_supervised,bo_exploration,4.0,0.5,precision,0.8175
yolo11m,C_finetuned_supervised,bo_exploitation,3.0,0.05,precision,0.8133
yolo11m,C_finetuned_supervised,grid_search,4.0,0.0,precision,0.8179
yolo11n,A_unfinetuned,baseline,0.0,0.0,precision,0.0045
yolo11n,A_unfinetuned,bo_exploration,3.0,0.42,precision,0.7902
yolo11n,A_unfinetuned,bo_exploitation,3.0,0.44,precision,0.7972
yolo11n,A_unfinetuned,grid_search,4.0,0.5,precision,0.8145
yolo11n,B_finetuned_unsupervised,baseline,0.0,0.0,precision,0.0
yolo11n,B_finetuned_unsupervised,bo_exploration,3.0,0.5,precision,0.8103
yolo11n,B_finetuned_unsupervised,bo_exploitation,3.0,0.26,precision,0.8143
yolo11n,B_finetuned_unsupervised,grid_search,4.0,0.5,precision,0.8316
yolo11n,C_finetuned_supervised,bo_exploration,3.0,0.11,precision,0.8084
yolo11n,C_finetuned_supervised,bo_exploitation,3.0,0.1,precision,0.8095
yolo11n,C_finetuned_supervised,grid_search,4.0,0.0,precision,0.8426
yolo11m,A_unfinetuned,baseline,0.0,0.0,precision,0.0008
yolo11m,A_unfinetuned,bo_exploration,3.0,0.5,precision,0.6969
yolo11m,A_unfinetuned,bo_exploitation,3.0,0.12,precision,0.7166
yolo11m,A_unfinetuned,grid_search,4.0,0.5,precision,0.7239
yolo11m,B_finetuned_unsupervised,baseline,0.0,0.0,precision,0.0002
yolo11m,B_finetuned_unsupervised,bo_exploration,3.0,0.15,precision,0.7686
yolo11m,B_finetuned_unsupervised,bo_exploitation,3.0,0.17,precision,0.7668
yolo11m,B_finetuned_unsupervised,grid_search,4.0,0.5,precision,0.7923
yolo11m,C_finetuned_supervised,bo_exploration,4.0,0.0,precision,0.7873
yolo11m,C_finetuned_supervised,bo_exploitation,2.0,0.16,precision,0.6805
yolo11m,C_finetuned_supervised,grid_search,4.0,0.0,precision,0.7873
yolo11n,A_unfinetuned,baseline,0.0,0.0,precision,0.0023
yolo11n,A_unfinetuned,bo_exploration,3.0,0.5,precision,0.7608
yolo11n,A_unfinetuned,bo_exploitation,3.0,0.37,precision,0.7586
yolo11n,A_unfinetuned,grid_search,4.0,0.5,precision,0.7924
yolo11n,B_finetuned_unsupervised,baseline,0.0,0.0,precision,0.0014
yolo11n,B_finetuned_unsupervised,bo_exploration,3.0,0.38,precision,0.8116
yolo11n,B_finetuned_unsupervised,bo_exploitation,4.0,0.38,precision,0.8462
yolo11n,B_finetuned_unsupervised,grid_search,4.0,0.5,precision,0.8378
yolo11n,C_finetuned_supervised,bo_exploration,3.0,0.16,precision,0.8106
yolo11n,C_finetuned_supervised,bo_exploitation,2.0,0.0,precision,0.7511
yolo11n,C_finetuned_supervised,grid_search,4.0,0.0,precision,0.8403
yolo11m,A_unfinetuned,baseline,0.0,0.0,precision,0.0023
yolo11m,A_unfinetuned,bo_exploration,3.0,0.38,precision,0.8297
yolo11m,A_unfinetuned,bo_exploitation,3.0,0.5,precision,0.8354
yolo11m,A_unfinetuned,grid_search,4.0,0.5,precision,0.8387
yolo11m,B_finetuned_unsupervised,baseline,0.0,0.0,precision,0.0
yolo11m,B_finetuned_unsupervised,bo_exploration,3.0,0.47,precision,0.8618
yolo11m,B_finetuned_unsupervised,bo_exploitation,2.0,0.47,precision,0.8262
yolo11m,B_finetuned_unsupervised,grid_search,4.0,0.5,precision,0.8692
yolo11m,C_finetuned_supervised,bo_exploration,4.0,0.5,precision,0.8692
yolo11m,C_finetuned_supervised,bo_exploitation,3.0,0.06,precision,0.867
yolo11m,C_finetuned_supervised,grid_search,4.0,0.0,precision,0.8742
yolo11n,A_unfinetuned,baseline,0.0,0.0,precision,0.0
yolo11n,A_unfinetuned,bo_exploration,3.0,0.29,precision,0.7778
yolo11n,A_unfinetuned,bo_exploitation,2.0,0.49,precision,0.6148
yolo11n,A_unfinetuned,grid_search,4.0,0.5,precision,0.8272
yolo11n,B_finetuned_unsupervised,baseline,0.0,0.0,precision,0.0
yolo11n,B_finetuned_unsupervised,bo_exploration,3.0,0.28,precision,0.816
yolo11n,B_finetuned_unsupervised,bo_exploitation,2.0,0.46,precision,0.6764
yolo11n,B_finetuned_unsupervised,grid_search,4.0,0.5,precision,0.832
yolo11n,C_finetuned_supervised,bo_exploration,3.0,0.0,precision,0.8008
yolo11n,C_finetuned_supervised,bo_exploitation,2.0,0.0,precision,0.7606
yolo11n,C_finetuned_supervised,grid_search,4.0,0.0,precision,0.8429
yolo11m,A_unfinetuned,baseline,0.0,0.0,precision,0.0004
yolo11m,A_unfinetuned,bo_exploration,3.0,0.44,precision,0.707
yolo11m,A_unfinetuned,bo_exploitation,2.0,0.42,precision,0.5632
yolo11m,A_unfinetuned,grid_search,4.0,0.5,precision,0.7713
yolo11m,B_finetuned_unsupervised,baseline,0.0,0.0,precision,0.0012
yolo11m,B_finetuned_unsupervised,bo_exploration,2.0,0.41,precision,0.7507
yolo11m,B_finetuned_unsupervised,bo_exploitation,3.0,0.5,precision,0.8172
yolo11m,B_finetuned_unsupervised,grid_search,4.0,0.5,precision,0.8185
yolo11m,C_finetuned_supervised,bo_exploration,3.0,0.24,precision,0.8071
yolo11m,C_finetuned_supervised,bo_exploitation,3.0,0.15,precision,0.8111
yolo11m,C_finetuned_supervised,grid_search,4.0,0.0,precision,0.8189
yolo11n,A_unfinetuned,baseline,0.0,0.0,precision,0.0
yolo11n,A_unfinetuned,bo_exploration,2.0,0.31,precision,0.7021
yolo11n,A_unfinetuned,bo_exploitation,3.0,0.17,precision,0.8243
yolo11n,A_unfinetuned,grid_search,4.0,0.5,precision,0.8186
yolo11n,B_finetuned_unsupervised,baseline,0.0,0.0,precision,0.0014
yolo11n,B_finetuned_unsupervised,bo_exploration,4.0,0.06,precision,0.8339
yolo11n,B_finetuned_unsupervised,bo_exploitation,2.0,0.42,precision,0.6821
yolo11n,B_finetuned_unsupervised,grid_search,4.0,0.5,precision,0.8372
yolo11n,C_finetuned_supervised,bo_exploration,3.0,0.0,precision,0.7829
yolo11n,C_finetuned_supervised,bo_exploitation,3.0,0.44,precision,0.8107
yolo11n,C_finetuned_supervised,grid_search,4.0,0.0,precision,0.8396
yolo11m,A_unfinetuned,baseline,0.0,0.0,precision,0.0022
yolo11m,A_unfinetuned,bo_exploration,3.0,0.16,precision,0.741
yolo11m,A_unfinetuned,bo_exploitation,3.0,0.41,precision,0.713
yolo11m,A_unfinetuned,grid_search,4.0,0.5,precision,0.7393
yolo11m,B_finetuned_unsupervised,baseline,0.0,0.0,precision,0.0012
yolo11m,B_finetuned_unsupervised,bo_exploration,2.0,0.18,precision,0.7675
yolo11m,B_finetuned_unsupervised,bo_exploitation,3.0,0.3,precision,0.8082
yolo11m,B_finetuned_unsupervised,grid_search,4.0,0.5,precision,0.8177
yolo11m,C_finetuned_supervised,bo_exploration,3.0,0.5,precision,0.8166
yolo11m,C_finetuned_supervised,bo_exploitation,3.0,0.5,precision,0.8166
yolo11m,C_finetuned_supervised,grid_search,4.0,0.0,precision,0.8177
yolo11n,A_unfinetuned,baseline,0.0,0.0,precision,0.0024
yolo11n,A_unfinetuned,bo_exploration,3.0,0.26,precision,0.778
yolo11n,A_unfinetuned,bo_exploitation,3.0,0.41,precision,0.7808
yolo11n,A_unfinetuned,grid_search,4.0,0.5,precision,0.825
yolo11n,B_finetuned_unsupervised,baseline,0.0,0.0,precision,0.0004
yolo11n,B_finetuned_unsupervised,bo_exploration,4.0,0.5,precision,0.7996
yolo11n,B_finetuned_unsupervised,bo_exploitation,3.0,0.42,precision,0.7624
yolo11n,B_finetuned_unsupervised,grid_search,4.0,0.5,precision,0.7996
yolo11n,C_finetuned_supervised,bo_exploration,2.0,0.29,precision,0.6381
yolo11n,C_finetuned_supervised,bo_exploitation,4.0,0.2,precision,0.8188
yolo11n,C_finetuned_supervised,grid_search,4.0,0.0,precision,0.8013
yolo11n,A_unfinetuned,baseline,0.0,0.0,precision,0.0
yolo11n,A_unfinetuned,bo_exploration,3.0,0.15,precision,0.7838
yolo11n,A_unfinetuned,bo_exploitation,3.0,0.45,precision,0.7671
yolo11n,A_unfinetuned,grid_search,4.0,0.5,precision,0.7916
yolo11n,B_finetuned_unsupervised,baseline,0.0,0.0,precision,0.0
yolo11n,B_finetuned_unsupervised,bo_exploration,2.0,0.37,precision,0.6053
yolo11n,B_finetuned_unsupervised,bo_exploitation,4.0,0.4,precision,0.8219
yolo11n,B_finetuned_unsupervised,grid_search,4.0,0.5,precision,0.8405
yolo11n,C_finetuned_supervised,bo_exploration,3.0,0.15,precision,0.8089
yolo11n,C_finetuned_supervised,bo_exploitation,2.0,0.19,precision,0.6242
yolo11n,C_finetuned_supervised,grid_search,4.0,0.0,precision,0.8445
rtdetr-l,A_unfinetuned,baseline,0.0,0.0,precision,0.0
rtdetr-l,A_unfinetuned,bo_exploration,3.0,0.5,precision,0.6495
rtdetr-l,A_unfinetuned,bo_exploitation,3.0,0.32,precision,0.6605
rtdetr-l,A_unfinetuned,grid_search,4.0,0.5,precision,0.7119
rtdetr-l,B_finetuned_unsupervised,baseline,0.0,0.0,precision,0.0
rtdetr-l,B_finetuned_unsupervised,bo_exploration,3.0,0.46,precision,0.7709
rtdetr-l,B_finetuned_unsupervised,bo_exploitation,2.0,0.43,precision,0.6407
rtdetr-l,B_finetuned_unsupervised,grid_search,4.0,0.5,precision,0.8073
rtdetr-l,C_finetuned_supervised,bo_exploration,3.0,0.12,precision,0.7608
rtdetr-l,C_finetuned_supervised,bo_exploitation,4.0,0.5,precision,0.8073
rtdetr-l,C_finetuned_supervised,grid_search,4.0,0.0,precision,0.7967
rtdetr-l,A_unfinetuned,baseline,0.0,0.0,precision,0.0004
rtdetr-l,A_unfinetuned,bo_exploration,3.0,0.31,precision,0.7729
rtdetr-l,A_unfinetuned,bo_exploitation,3.0,0.11,precision,0.7881
rtdetr-l,A_unfinetuned,grid_search,4.0,0.5,precision,0.7892
rtdetr-l,B_finetuned_unsupervised,baseline,0.0,0.0,precision,0.0017
rtdetr-l,B_finetuned_unsupervised,bo_exploration,3.0,0.5,precision,0.7981
rtdetr-l,B_finetuned_unsupervised,bo_exploitation,3.0,0.14,precision,0.815
rtdetr-l,B_finetuned_unsupervised,grid_search,4.0,0.5,precision,0.8213
rtdetr-l,C_finetuned_supervised,bo_exploration,4.0,0.5,precision,0.8213
rtdetr-l,C_finetuned_supervised,bo_exploitation,2.0,0.0,precision,0.7027
rtdetr-l,C_finetuned_supervised,grid_search,4.0,0.0,precision,0.8281
rtdetr-l,A_unfinetuned,baseline,0.0,0.0,precision,0.0014
rtdetr-l,A_unfinetuned,bo_exploration,3.0,0.48,precision,0.7672
rtdetr-l,A_unfinetuned,bo_exploitation,2.0,0.19,precision,0.6697
rtdetr-l,A_unfinetuned,grid_search,4.0,0.5,precision,0.7729
rtdetr-l,B_finetuned_unsupervised,baseline,0.0,0.0,precision,0.0014
rtdetr-l,B_finetuned_unsupervised,bo_exploration,3.0,0.13,precision,0.7348
rtdetr-l,B_finetuned_unsupervised,bo_exploitation,3.0,0.12,precision,0.7369
rtdetr-l,B_finetuned_unsupervised,grid_search,4.0,0.5,precision,0.7768
rtdetr-l,C_finetuned_supervised,bo_exploration,3.0,0.25,precision,0.7384
rtdetr-l,C_finetuned_supervised,bo_exploitation,3.0,0.0,precision,0.7358
rtdetr-l,C_finetuned_supervised,grid_search,4.0,0.0,precision,0.7701
rtdetr-l,A_unfinetuned,baseline,0.0,0.0,precision,0.0
rtdetr-l,A_unfinetuned,bo_exploration,3.0,0.36,precision,0.8067
rtdetr-l,A_unfinetuned,bo_exploitation,2.0,0.38,precision,0.7219
rtdetr-l,A_unfinetuned,grid_search,4.0,0.5,precision,0.8372
rtdetr-l,B_finetuned_unsupervised,baseline,0.0,0.0,precision,0.0004
rtdetr-l,B_finetuned_unsupervised,bo_exploration,3.0,0.33,precision,0.7323
rtdetr-l,B_finetuned_unsupervised,bo_exploitation,4.0,0.16,precision,0.7621
rtdetr-l,B_finetuned_unsupervised,grid_search,4.0,0.5,precision,0.7595
rtdetr-l,C_finetuned_supervised,bo_exploration,3.0,0.01,precision,0.7085
rtdetr-l,C_finetuned_supervised,bo_exploitation,3.0,0.0,precision,0.6994
rtdetr-l,C_finetuned_supervised,grid_search,4.0,0.0,precision,0.7498
rtdetr-l,A_unfinetuned,baseline,0.0,0.0,precision,0.0
rtdetr-l,A_unfinetuned,bo_exploration,2.0,0.28,precision,0.5146
rtdetr-l,A_unfinetuned,bo_exploitation,3.0,0.17,precision,0.7501
rtdetr-l,A_unfinetuned,grid_search,4.0,0.5,precision,0.7704
rtdetr-l,B_finetuned_unsupervised,baseline,0.0,0.0,precision,0.0026
rtdetr-l,B_finetuned_unsupervised,bo_exploration,4.0,0.5,precision,0.7375
rtdetr-l,B_finetuned_unsupervised,bo_exploitation,4.0,0.5,precision,0.7375
rtdetr-l,B_finetuned_unsupervised,grid_search,4.0,0.5,precision,0.7375
rtdetr-l,C_finetuned_supervised,bo_exploration,4.0,0.5,precision,0.7375
rtdetr-l,C_finetuned_supervised,bo_exploitation,3.0,0.23,precision,0.7011
rtdetr-l,C_finetuned_supervised,grid_search,4.0,0.0,precision,0.7661
rtdetr-l,A_unfinetuned,baseline,0.0,0.0,precision,0.0
rtdetr-l,A_unfinetuned,bo_exploration,2.0,0.22,precision,0.5333
rtdetr-l,A_unfinetuned,bo_exploitation,3.0,0.47,precision,0.7582
rtdetr-l,A_unfinetuned,grid_search,4.0,0.5,precision,0.7913
rtdetr-l,B_finetuned_unsupervised,baseline,0.0,0.0,precision,0.0003
rtdetr-l,B_finetuned_unsupervised,bo_exploration,3.0,0.5,precision,0.6845
rtdetr-l,B_finetuned_unsupervised,bo_exploitation,3.0,0.44,precision,0.6858
rtdetr-l,B_finetuned_unsupervised,grid_search,4.0,0.5,precision,0.7206
rtdetr-l,C_finetuned_supervised,bo_exploration,3.0,0.0,precision,0.6674
rtdetr-l,C_finetuned_supervised,bo_exploitation,4.0,0.5,precision,0.7206
rtdetr-l,C_finetuned_supervised,grid_search,4.0,0.0,precision,0.7262
rtdetr-l,A_unfinetuned,baseline,0.0,0.0,precision,0.0039
rtdetr-l,A_unfinetuned,bo_exploration,4.0,0.0,precision,0.696
rtdetr-l,A_unfinetuned,bo_exploitation,2.0,0.4,precision,0.4967
rtdetr-l,A_unfinetuned,grid_search,4.0,0.5,precision,0.7151
rtdetr-l,B_finetuned_unsupervised,baseline,0.0,0.0,precision,0.0009
rtdetr-l,B_finetuned_unsupervised,bo_exploration,3.0,0.46,precision,0.66
rtdetr-l,B_finetuned_unsupervised,bo_exploitation,3.0,0.35,precision,0.6524
rtdetr-l,B_finetuned_unsupervised,grid_search,4.0,0.5,precision,0.705
rtdetr-l,C_finetuned_supervised,bo_exploration,4.0,0.0,precision,0.6878
rtdetr-l,C_finetuned_supervised,bo_exploitation,3.0,0.38,precision,0.6661
rtdetr-l,C_finetuned_supervised,grid_search,4.0,0.0,precision,0.6878
rtdetr-l,A_unfinetuned,baseline,0.0,0.0,precision,0.0002
rtdetr-l,A_unfinetuned,bo_exploration,3.0,0.5,precision,0.7675
rtdetr-l,A_unfinetuned,bo_exploitation,3.0,0.49,precision,0.7699
rtdetr-l,A_unfinetuned,grid_search,4.0,0.5,precision,0.7858
rtdetr-l,B_finetuned_unsupervised,baseline,0.0,0.0,precision,0.0043
rtdetr-l,B_finetuned_unsupervised,bo_exploration,2.0,0.37,precision,0.5331
rtdetr-l,B_finetuned_unsupervised,bo_exploitation,3.0,0.18,precision,0.6754
rtdetr-l,B_finetuned_unsupervised,grid_search,4.0,0.5,precision,0.7106
rtdetr-l,C_finetuned_supervised,bo_exploration,3.0,0.01,precision,0.6684
rtdetr-l,C_finetuned_supervised,bo_exploitation,2.0,0.14,precision,0.5394
rtdetr-l,C_finetuned_supervised,grid_search,4.0,0.0,precision,0.7159
yolo11n,B_finetuned_unsupervised,baseline,0.0,0.0,precision,0.0008
yolo11n,B_finetuned_unsupervised,bo_exploration,3.0,0.34,precision,0.7681
yolo11n,B_finetuned_unsupervised,bo_exploitation,3.0,0.42,precision,0.7782
yolo11n,B_finetuned_unsupervised,grid_search,4.0,0.5,precision,0.81
yolo11n,C_finetuned_supervised,bo_exploration,3.0,0.29,precision,0.7806
yolo11n,C_finetuned_supervised,bo_exploitation,2.0,0.0,precision,0.7068
yolo11n,C_finetuned_supervised,grid_search,4.0,0.0,precision,0.8202
yolo11m,A_unfinetuned,baseline,0.0,0.0,precision,0.0003
yolo11m,A_unfinetuned,bo_exploration,3.0,0.5,precision,0.7684
yolo11m,A_unfinetuned,bo_exploitation,4.0,0.5,precision,0.7779
yolo11m,A_unfinetuned,grid_search,4.0,0.5,precision,0.7779
yolo11m,B_finetuned_unsupervised,baseline,0.0,0.0,precision,0.0
yolo11m,B_finetuned_unsupervised,bo_exploration,3.0,0.29,precision,0.8548
yolo11m,B_finetuned_unsupervised,bo_exploitation,3.0,0.48,precision,0.86
yolo11m,B_finetuned_unsupervised,grid_search,4.0,0.5,precision,0.8692
yolo11m,C_finetuned_supervised,bo_exploration,4.0,0.0,precision,0.8743
yolo11m,C_finetuned_supervised,bo_exploitation,3.0,0.17,precision,0.8653
yolo11m,C_finetuned_supervised,grid_search,4.0,0.0,precision,0.8743
yolo11n,A_unfinetuned,baseline,0.0,0.0,precision,0.0015
yolo11n,A_unfinetuned,bo_exploration,3.0,0.2,precision,0.7499
yolo11n,A_unfinetuned,bo_exploitation,3.0,0.04,precision,0.7662
yolo11n,A_unfinetuned,grid_search,4.0,0.5,precision,0.7859
yolo11n,B_finetuned_unsupervised,baseline,0.0,0.0,precision,0.0019
yolo11n,B_finetuned_unsupervised,bo_exploration,2.0,0.39,precision,0.6482
yolo11n,B_finetuned_unsupervised,bo_exploitation,2.0,0.17,precision,0.6445
yolo11n,B_finetuned_unsupervised,grid_search,4.0,0.5,precision,0.8092
yolo11n,C_finetuned_supervised,bo_exploration,3.0,0.0,precision,0.7769
yolo11n,C_finetuned_supervised,bo_exploitation,3.0,0.0,precision,0.7769
yolo11n,C_finetuned_supervised,grid_search,4.0,0.0,precision,0.8109
yolo11m,A_unfinetuned,baseline,0.0,0.0,precision,0.0
yolo11m,A_unfinetuned,bo_exploration,3.0,0.5,precision,0.8167
yolo11m,A_unfinetuned,bo_exploitation,3.0,0.19,precision,0.8086
yolo11m,A_unfinetuned,grid_search,4.0,0.5,precision,0.8323
yolo11m,B_finetuned_unsupervised,baseline,0.0,0.0,precision,0.0009
yolo11m,B_finetuned_unsupervised,bo_exploration,3.0,0.28,precision,0.819
yolo11m,B_finetuned_unsupervised,bo_exploitation,2.0,0.43,precision,0.7299
yolo11m,B_finetuned_unsupervised,grid_search,4.0,0.5,precision,0.8156
yolo11m,C_finetuned_supervised,bo_exploration,2.0,0.29,precision,0.747
yolo11m,C_finetuned_supervised,bo_exploitation,3.0,0.29,precision,0.8187
yolo11m,C_finetuned_supervised,grid_search,4.0,0.0,precision,0.8172
yolo11n,A_unfinetuned,baseline,0.0,0.0,precision,0.0014
yolo11n,A_unfinetuned,bo_exploration,3.0,0.11,precision,0.8329
yolo11n,A_unfinetuned,bo_exploitation,3.0,0.28,precision,0.8186
yolo11n,A_unfinetuned,grid_search,4.0,0.5,precision,0.8478
yolo11n,B_finetuned_unsupervised,baseline,0.0,0.0,precision,0.0
yolo11n,B_finetuned_unsupervised,bo_exploration,3.0,0.5,precision,0.8108
yolo11n,B_finetuned_unsupervised,bo_exploitation,3.0,0.35,precision,0.8119
yolo11n,B_finetuned_unsupervised,grid_search,4.0,0.5,precision,0.8325
yolo11n,C_finetuned_supervised,bo_exploration,3.0,0.14,precision,0.8241
yolo11n,C_finetuned_supervised,bo_exploitation,3.0,0.32,precision,0.8173
yolo11n,C_finetuned_supervised,grid_search,4.0,0.0,precision,0.8431
yolo11m,A_unfinetuned,baseline,0.0,0.0,precision,0.0002
yolo11m,A_unfinetuned,bo_exploration,3.0,0.33,precision,0.7054
yolo11m,A_unfinetuned,bo_exploitation,3.0,0.5,precision,0.6988
yolo11m,A_unfinetuned,grid_search,4.0,0.5,precision,0.7313
yolo11m,B_finetuned_unsupervised,baseline,0.0,0.0,precision,0.0012
yolo11m,B_finetuned_unsupervised,bo_exploration,3.0,0.03,precision,0.8143
yolo11m,B_finetuned_unsupervised,bo_exploitation,3.0,0.34,precision,0.8203
yolo11m,B_finetuned_unsupervised,grid_search,4.0,0.5,precision,0.8193
yolo11m,C_finetuned_supervised,bo_exploration,4.0,0.5,precision,0.8193
yolo11m,C_finetuned_supervised,bo_exploitation,4.0,0.5,precision,0.8193
yolo11m,C_finetuned_supervised,grid_search,4.0,0.0,precision,0.8194
yolo11n,A_unfinetuned,baseline,0.0,0.0,precision,0.0023
yolo11n,A_unfinetuned,bo_exploration,3.0,0.13,precision,0.7935
yolo11n,A_unfinetuned,bo_exploitation,4.0,0.32,precision,0.8219
yolo11n,A_unfinetuned,grid_search,4.0,0.5,precision,0.8101
yolo11n,B_finetuned_unsupervised,baseline,0.0,0.0,precision,0.0
yolo11n,B_finetuned_unsupervised,bo_exploration,2.0,0.07,precision,0.7264
yolo11n,B_finetuned_unsupervised,bo_exploitation,4.0,0.5,precision,0.8208
yolo11n,B_finetuned_unsupervised,grid_search,4.0,0.5,precision,0.8208
yolo11n,C_finetuned_supervised,bo_exploration,3.0,0.3,precision,0.7966
yolo11n,C_finetuned_supervised,bo_exploitation,3.0,0.17,precision,0.8025
yolo11n,C_finetuned_supervised,grid_search,4.0,0.0,precision,0.8294
yolo11m,A_unfinetuned,baseline,0.0,0.0,precision,0.0005
yolo11m,A_unfinetuned,bo_exploration,4.0,0.5,precision,0.7671
yolo11m,A_unfinetuned,bo_exploitation,3.0,0.01,precision,0.7327
yolo11m,A_unfinetuned,grid_search,4.0,0.5,precision,0.7671
yolo11m,B_finetuned_unsupervised,baseline,0.0,0.0,precision,0.0012
yolo11m,B_finetuned_unsupervised,bo_exploration,2.0,0.47,precision,0.7316
yolo11m,B_finetuned_unsupervised,bo_exploitation,2.0,0.35,precision,0.7788
yolo11m,B_finetuned_unsupervised,grid_search,4.0,0.5,precision,0.8179
yolo11m,C_finetuned_supervised,bo_exploration,2.0,0.13,precision,0.7748
yolo11m,C_finetuned_supervised,bo_exploitation,4.0,0.0,precision,0.8184
yolo11m,C_finetuned_supervised,grid_search,4.0,0.0,precision,0.8184
yolo11n,A_unfinetuned,baseline,0.0,0.0,precision,0.0
yolo11n,A_unfinetuned,bo_exploration,3.0,0.42,precision,0.8116
yolo11n,A_unfinetuned,bo_exploitation,3.0,0.19,precision,0.8068
yolo11n,A_unfinetuned,grid_search,4.0,0.5,precision,0.8057
yolo11n,B_finetuned_unsupervised,baseline,0.0,0.0,precision,0.0003
yolo11n,B_finetuned_unsupervised,bo_exploration,3.0,0.5,precision,0.7837
yolo11n,B_finetuned_unsupervised,bo_exploitation,3.0,0.44,precision,0.7741
yolo11n,B_finetuned_unsupervised,grid_search,4.0,0.5,precision,0.8034
yolo11n,C_finetuned_supervised,bo_exploration,3.0,0.01,precision,0.7629
yolo11n,C_finetuned_supervised,bo_exploitation,3.0,0.25,precision,0.7837
yolo11n,C_finetuned_supervised,grid_search,4.0,0.0,precision,0.8085
yolo11m,A_unfinetuned,baseline,0.0,0.0,precision,0.001
yolo11m,A_unfinetuned,bo_exploration,4.0,0.5,precision,0.7442
yolo11m,A_unfinetuned,bo_exploitation,3.0,0.03,precision,0.7618
yolo11m,A_unfinetuned,grid_search,4.0,0.5,precision,0.7442
yolo11m,B_finetuned_unsupervised,baseline,0.0,0.0,precision,0.0008
yolo11m,B_finetuned_unsupervised,bo_exploration,4.0,0.5,precision,0.8193
yolo11m,B_finetuned_unsupervised,bo_exploitation,3.0,0.2,precision,0.8138
yolo11m,B_finetuned_unsupervised,grid_search,4.0,0.5,precision,0.8193
yolo11m,C_finetuned_supervised,bo_exploration,4.0,0.5,precision,0.8193
yolo11m,C_finetuned_supervised,bo_exploitation,3.0,0.16,precision,0.8314
yolo11m,C_finetuned_supervised,grid_search,4.0,0.0,precision,0.8193
yolo11n,A_unfinetuned,baseline,0.0,0.0,precision,0.0
yolo11n,A_unfinetuned,bo_exploration,2.0,0.49,precision,0.6485
yolo11n,A_unfinetuned,bo_exploitation,3.0,0.34,precision,0.7946
yolo11n,A_unfinetuned,grid_search,4.0,0.5,precision,0.8401
yolo11n,B_finetuned_unsupervised,baseline,0.0,0.0,precision,0.0004
yolo11n,B_finetuned_unsupervised,bo_exploration,3.0,0.45,precision,0.7853
yolo11n,B_finetuned_unsupervised,bo_exploitation,3.0,0.19,precision,0.7937
yolo11n,B_finetuned_unsupervised,grid_search,4.0,0.5,precision,0.7989
yolo11n,C_finetuned_supervised,bo_exploration,4.0,0.0,precision,0.8006
yolo11n,C_finetuned_supervised,bo_exploitation,3.0,0.0,precision,0.7685
yolo11n,C_finetuned_supervised,grid_search,4.0,0.0,precision,0.8006
yolo11m,A_unfinetuned,baseline,0.0,0.0,precision,0.0005
yolo11m,A_unfinetuned,bo_exploration,3.0,0.45,precision,0.8
yolo11m,A_unfinetuned,bo_exploitation,3.0,0.13,precision,0.8079
yolo11m,A_unfinetuned,grid_search,4.0,0.5,precision,0.8078
yolo11m,B_finetuned_unsupervised,baseline,0.0,0.0,precision,0.0011
yolo11m,B_finetuned_unsupervised,bo_exploration,4.0,0.5,precision,0.8181
yolo11m,B_finetuned_unsupervised,bo_exploitation,4.0,0.49,precision,0.8184
yolo11m,B_finetuned_unsupervised,grid_search,4.0,0.5,precision,0.8181
yolo11m,C_finetuned_supervised,bo_exploration,3.0,0.5,precision,0.8168
yolo11m,C_finetuned_supervised,bo_exploitation,3.0,0.16,precision,0.8303
yolo11m,C_finetuned_supervised,grid_search,4.0,0.0,precision,0.8179
yolo11n,A_unfinetuned,baseline,0.0,0.0,precision,0.0
yolo11n,A_unfinetuned,bo_exploration,3.0,0.03,precision,0.8329
yolo11n,A_unfinetuned,bo_exploitation,3.0,0.48,precision,0.8269
yolo11n,A_unfinetuned,grid_search,4.0,0.5,precision,0.845
yolo11n,B_finetuned_unsupervised,baseline,0.0,0.0,precision,0.0006
yolo11n,B_finetuned_unsupervised,bo_exploration,3.0,0.5,precision,0.7617
yolo11n,B_finetuned_unsupervised,bo_exploitation,2.0,0.31,precision,0.6324
yolo11n,B_finetuned_unsupervised,grid_search,4.0,0.5,precision,0.7905
yolo11n,C_finetuned_supervised,bo_exploration,4.0,0.5,precision,0.7905
yolo11n,C_finetuned_supervised,bo_exploitation,4.0,0.08,precision,0.7877
yolo11n,C_finetuned_supervised,grid_search,4.0,0.0,precision,0.7964
yolo11m,A_unfinetuned,baseline,0.0,0.0,precision,0.0005
yolo11m,A_unfinetuned,bo_exploration,3.0,0.17,precision,0.7846
yolo11m,A_unfinetuned,bo_exploitation,3.0,0.11,precision,0.7926
yolo11m,A_unfinetuned,grid_search,4.0,0.5,precision,0.8419
yolo11m,B_finetuned_unsupervised,baseline,0.0,0.0,precision,0.0011
yolo11m,B_finetuned_unsupervised,bo_exploration,3.0,0.41,precision,0.8083
yolo11m,B_finetuned_unsupervised,bo_exploitation,3.0,0.33,precision,0.8248
yolo11m,B_finetuned_unsupervised,grid_search,4.0,0.5,precision,0.8178
yolo11m,C_finetuned_supervised,bo_exploration,3.0,0.13,precision,0.8311
yolo11m,C_finetuned_supervised,bo_exploitation,2.0,0.0,precision,0.7978
yolo11m,C_finetuned_supervised,grid_search,4.0,0.0,precision,0.8182
yolo11n,A_unfinetuned,baseline,0.0,0.0,precision,0.0
yolo11n,A_unfinetuned,bo_exploration,1.0,0.08,precision,0.0262
yolo11n,A_unfinetuned,bo_exploitation,3.0,0.44,precision,0.8038
yolo11n,A_unfinetuned,grid_search,4.0,0.5,precision,0.8267
yolo11n,B_finetuned_unsupervised,baseline,0.0,0.0,precision,0.0003
yolo11n,B_finetuned_unsupervised,bo_exploration,3.0,0.18,precision,0.7896
yolo11n,B_finetuned_unsupervised,bo_exploitation,3.0,0.44,precision,0.787
yolo11n,B_finetuned_unsupervised,grid_search,4.0,0.5,precision,0.8219
yolo11n,C_finetuned_supervised,bo_exploration,4.0,0.5,precision,0.8219
yolo11n,C_finetuned_supervised,bo_exploitation,2.0,0.23,precision,0.6502
yolo11n,C_finetuned_supervised,grid_search,4.0,0.0,precision,0.8239
yolo11m,A_unfinetuned,baseline,0.0,0.0,precision,0.0007
yolo11m,A_unfinetuned,bo_exploration,3.0,0.45,precision,0.7261
yolo11m,A_unfinetuned,bo_exploitation,3.0,0.0,precision,0.7411
yolo11m,A_unfinetuned,grid_search,4.0,0.5,precision,0.7453
yolo11m,B_finetuned_unsupervised,baseline,0.0,0.0,precision,0.0009
yolo11m,B_finetuned_unsupervised,bo_exploration,3.0,0.49,precision,0.8029
yolo11m,B_finetuned_unsupervised,bo_exploitation,3.0,0.4,precision,0.803
yolo11m,B_finetuned_unsupervised,grid_search,4.0,0.5,precision,0.8145
yolo11m,C_finetuned_supervised,bo_exploration,2.0,0.5,precision,0.7595
yolo11m,C_finetuned_supervised,bo_exploitation,2.0,0.2,precision,0.7655
yolo11m,C_finetuned_supervised,grid_search,4.0,0.0,precision,0.816
yolo11n,A_unfinetuned,baseline,0.0,0.0,precision,0.0
yolo11n,A_unfinetuned,bo_exploration,3.0,0.32,precision,0.7932
yolo11n,A_unfinetuned,bo_exploitation,4.0,0.1,precision,0.8215
yolo11n,A_unfinetuned,grid_search,4.0,0.5,precision,0.8235
yolo11n,B_finetuned_unsupervised,baseline,0.0,0.0,precision,0.0011
yolo11n,B_finetuned_unsupervised,bo_exploration,3.0,0.5,precision,0.794
yolo11n,B_finetuned_unsupervised,bo_exploitation,2.0,0.31,precision,0.6932
yolo11n,B_finetuned_unsupervised,grid_search,4.0,0.5,precision,0.8385
yolo11n,C_finetuned_supervised,bo_exploration,3.0,0.18,precision,0.8147
yolo11n,C_finetuned_supervised,bo_exploitation,3.0,0.19,precision,0.811
yolo11n,C_finetuned_supervised,grid_search,4.0,0.0,precision,0.8411
yolo11n,A_unfinetuned,baseline,0.0,0.0,precision,0.0034
yolo11n,A_unfinetuned,bo_exploration,4.0,0.5,precision,0.8438
yolo11n,A_unfinetuned,bo_exploitation,2.0,0.1,precision,0.7334
yolo11n,A_unfinetuned,grid_search,4.0,0.5,precision,0.8438
yolo11n,B_finetuned_unsupervised,baseline,0.0,0.0,precision,0.0008
yolo11n,B_finetuned_unsupervised,bo_exploration,3.0,0.5,precision,0.7761
yolo11n,B_finetuned_unsupervised,bo_exploitation,2.0,0.01,precision,0.6755
yolo11n,B_finetuned_unsupervised,grid_search,4.0,0.5,precision,0.81
yolo11n,C_finetuned_supervised,bo_exploration,4.0,0.01,precision,0.8269
yolo11n,C_finetuned_supervised,bo_exploitation,3.0,0.1,precision,0.7994
yolo11n,C_finetuned_supervised,grid_search,4.0,0.0,precision,0.8202
rtdetr-l,A_unfinetuned,baseline,0.0,0.0,precision,0.0
rtdetr-l,A_unfinetuned,bo_exploration,4.0,0.0,precision,0.7489
rtdetr-l,A_unfinetuned,bo_exploitation,2.0,0.39,precision,0.4874
rtdetr-l,A_unfinetuned,grid_search,4.0,0.5,precision,0.7502
rtdetr-l,B_finetuned_unsupervised,baseline,0.0,0.0,precision,0.001
rtdetr-l,B_finetuned_unsupervised,bo_exploration,3.0,0.36,precision,0.7553
rtdetr-l,B_finetuned_unsupervised,bo_exploitation,3.0,0.22,precision,0.7348
rtdetr-l,B_finetuned_unsupervised,grid_search,4.0,0.5,precision,0.7788
rtdetr-l,C_finetuned_supervised,bo_exploration,2.0,0.44,precision,0.6307
rtdetr-l,C_finetuned_supervised,bo_exploitation,3.0,0.04,precision,0.7355
rtdetr-l,C_finetuned_supervised,grid_search,4.0,0.0,precision,0.7628
rtdetr-l,A_unfinetuned,baseline,0.0,0.0,precision,0.0008
rtdetr-l,A_unfinetuned,bo_exploration,2.0,0.12,precision,0.4732
rtdetr-l,A_unfinetuned,bo_exploitation,2.0,0.03,precision,0.4753
rtdetr-l,A_unfinetuned,grid_search,4.0,0.5,precision,0.6976
rtdetr-l,B_finetuned_unsupervised,baseline,0.0,0.0,precision,0.0053
rtdetr-l,B_finetuned_unsupervised,bo_exploration,4.0,0.5,precision,0.7701
rtdetr-l,B_finetuned_unsupervised,bo_exploitation,3.0,0.24,precision,0.7288
rtdetr-l,B_finetuned_unsupervised,grid_search,4.0,0.5,precision,0.7701
rtdetr-l,C_finetuned_supervised,bo_exploration,3.0,0.07,precision,0.7256
rtdetr-l,C_finetuned_supervised,bo_exploitation,4.0,0.5,precision,0.7701
rtdetr-l,C_finetuned_supervised,grid_search,4.0,0.0,precision,0.7798
rtdetr-l,A_unfinetuned,baseline,0.0,0.0,precision,0.0005
rtdetr-l,A_unfinetuned,bo_exploration,3.0,0.39,precision,0.7306
rtdetr-l,A_unfinetuned,bo_exploitation,3.0,0.43,precision,0.7369
rtdetr-l,A_unfinetuned,grid_search,4.0,0.5,precision,0.7777
rtdetr-l,B_finetuned_unsupervised,baseline,0.0,0.0,precision,0.001
rtdetr-l,B_finetuned_unsupervised,bo_exploration,3.0,0.49,precision,0.8387
rtdetr-l,B_finetuned_unsupervised,bo_exploitation,3.0,0.42,precision,0.8357
rtdetr-l,B_finetuned_unsupervised,grid_search,4.0,0.5,precision,0.849
rtdetr-l,C_finetuned_supervised,bo_exploration,3.0,0.02,precision,0.8421
rtdetr-l,C_finetuned_supervised,bo_exploitation,3.0,0.04,precision,0.8385
rtdetr-l,C_finetuned_supervised,grid_search,4.0,0.0,precision,0.8577
rtdetr-l,A_unfinetuned,baseline,0.0,0.0,precision,0.0
rtdetr-l,A_unfinetuned,bo_exploration,1.0,0.44,precision,0.0007
rtdetr-l,A_unfinetuned,bo_exploitation,2.0,0.22,precision,0.5905
rtdetr-l,A_unfinetuned,grid_search,4.0,0.5,precision,0.8425
rtdetr-l,B_finetuned_unsupervised,baseline,0.0,0.0,precision,0.0008
rtdetr-l,B_finetuned_unsupervised,bo_exploration,3.0,0.02,precision,0.752
rtdetr-l,B_finetuned_unsupervised,bo_exploitation,2.0,0.24,precision,0.5936
rtdetr-l,B_finetuned_unsupervised,grid_search,4.0,0.5,precision,0.765
rtdetr-l,C_finetuned_supervised,bo_exploration,4.0,0.5,precision,0.765
rtdetr-l,C_finetuned_supervised,bo_exploitation,3.0,0.02,precision,0.752
rtdetr-l,C_finetuned_supervised,grid_search,4.0,0.0,precision,0.7718
rtdetr-l,A_unfinetuned,baseline,0.0,0.0,precision,0.0004
rtdetr-l,A_unfinetuned,bo_exploration,3.0,0.01,precision,0.7236
rtdetr-l,A_unfinetuned,bo_exploitation,3.0,0.3,precision,0.7437
rtdetr-l,A_unfinetuned,grid_search,4.0,0.5,precision,0.7637
rtdetr-l,B_finetuned_unsupervised,baseline,0.0,0.0,precision,0.0012
rtdetr-l,B_finetuned_unsupervised,bo_exploration,3.0,0.47,precision,0.7061
rtdetr-l,B_finetuned_unsupervised,bo_exploitation,2.0,0.18,precision,0.5234
rtdetr-l,B_finetuned_unsupervised,grid_search,4.0,0.5,precision,0.7403
rtdetr-l,C_finetuned_supervised,bo_exploration,3.0,0.49,precision,0.6918
rtdetr-l,C_finetuned_supervised,bo_exploitation,4.0,0.5,precision,0.7403
rtdetr-l,C_finetuned_supervised,grid_search,4.0,0.0,precision,0.7391
rtdetr-l,A_unfinetuned,baseline,0.0,0.0,precision,0.0007
rtdetr-l,A_unfinetuned,bo_exploration,3.0,0.03,precision,0.7986
rtdetr-l,A_unfinetuned,bo_exploitation,3.0,0.08,precision,0.7978
rtdetr-l,A_unfinetuned,grid_search,4.0,0.5,precision,0.8222
rtdetr-l,B_finetuned_unsupervised,baseline,0.0,0.0,precision,0.0053
rtdetr-l,B_finetuned_unsupervised,bo_exploration,3.0,0.5,precision,0.6722
rtdetr-l,B_finetuned_unsupervised,bo_exploitation,3.0,0.34,precision,0.6712
rtdetr-l,B_finetuned_unsupervised,grid_search,4.0,0.5,precision,0.6827
rtdetr-l,C_finetuned_supervised,bo_exploration,4.0,0.0,precision,0.6979
rtdetr-l,C_finetuned_supervised,bo_exploitation,3.0,0.18,precision,0.6594
rtdetr-l,C_finetuned_supervised,grid_search,4.0,0.0,precision,0.6979
rtdetr-l,A_unfinetuned,baseline,0.0,0.0,precision,0.0035
rtdetr-l,A_unfinetuned,bo_exploration,3.0,0.37,precision,0.6812
rtdetr-l,A_unfinetuned,bo_exploitation,4.0,0.5,precision,0.6794
rtdetr-l,A_unfinetuned,grid_search,4.0,0.5,precision,0.6794
rtdetr-l,B_finetuned_unsupervised,baseline,0.0,0.0,precision,0.0011
rtdetr-l,B_finetuned_unsupervised,bo_exploration,3.0,0.43,precision,0.7147
rtdetr-l,B_finetuned_unsupervised,bo_exploitation,2.0,0.18,precision,0.5072
rtdetr-l,B_finetuned_unsupervised,grid_search,4.0,0.5,precision,0.7498
rtdetr-l,C_finetuned_supervised,bo_exploration,3.0,0.5,precision,0.7155
rtdetr-l,C_finetuned_supervised,bo_exploitation,3.0,0.24,precision,0.7142
rtdetr-l,C_finetuned_supervised,grid_search,4.0,0.0,precision,0.7521
rtdetr-l,A_unfinetuned,baseline,0.0,0.0,precision,0.0126
rtdetr-l,A_unfinetuned,bo_exploration,3.0,0.02,precision,0.7159
rtdetr-l,A_unfinetuned,bo_exploitation,3.0,0.45,precision,0.7197
rtdetr-l,A_unfinetuned,grid_search,4.0,0.5,precision,0.7364
yolo11n,B_finetuned_unsupervised,baseline,0.0,0.0,precision,0.0019
yolo11n,B_finetuned_unsupervised,bo_exploration,3.0,0.5,precision,0.7877
yolo11n,B_finetuned_unsupervised,bo_exploitation,3.0,0.45,precision,0.7944
yolo11n,B_finetuned_unsupervised,grid_search,4.0,0.5,precision,0.8093
yolo11n,C_finetuned_supervised,bo_exploration,3.0,0.0,precision,0.7769
yolo11n,C_finetuned_supervised,bo_exploitation,2.0,0.15,precision,0.6843
yolo11n,C_finetuned_supervised,grid_search,4.0,0.0,precision,0.8112
yolo11m,A_unfinetuned,baseline,0.0,0.0,precision,0.0007
yolo11m,A_unfinetuned,bo_exploration,3.0,0.2,precision,0.7185
yolo11m,A_unfinetuned,bo_exploitation,3.0,0.13,precision,0.7141
yolo11m,A_unfinetuned,grid_search,4.0,0.5,precision,0.7366
yolo11m,B_finetuned_unsupervised,baseline,0.0,0.0,precision,0.0012
yolo11m,B_finetuned_unsupervised,bo_exploration,2.0,0.23,precision,0.769
yolo11m,B_finetuned_unsupervised,bo_exploitation,3.0,0.41,precision,0.809
yolo11m,B_finetuned_unsupervised,grid_search,4.0,0.5,precision,0.8187
yolo11m,C_finetuned_supervised,bo_exploration,3.0,0.16,precision,0.8308
yolo11m,C_finetuned_supervised,bo_exploitation,3.0,0.22,precision,0.8053
yolo11m,C_finetuned_supervised,grid_search,4.0,0.0,precision,0.819
yolo11n,A_unfinetuned,baseline,0.0,0.0,precision,0.0026
yolo11n,A_unfinetuned,bo_exploration,4.0,0.0,precision,0.8399
yolo11n,A_unfinetuned,bo_exploitation,3.0,0.48,precision,0.819
yolo11n,A_unfinetuned,grid_search,4.0,0.5,precision,0.8471
yolo11n,B_finetuned_unsupervised,baseline,0.0,0.0,precision,0.0
yolo11n,B_finetuned_unsupervised,bo_exploration,2.0,0.46,precision,0.676
yolo11n,B_finetuned_unsupervised,bo_exploitation,3.0,0.25,precision,0.8119
yolo11n,B_finetuned_unsupervised,grid_search,4.0,0.5,precision,0.8324
yolo11n,C_finetuned_supervised,bo_exploration,3.0,0.31,precision,0.8143
yolo11n,C_finetuned_supervised,bo_exploitation,4.0,0.41,precision,0.8339
yolo11n,C_finetuned_supervised,grid_search,4.0,0.0,precision,0.8433
yolo11m,A_unfinetuned,baseline,0.0,0.0,precision,0.0
yolo11m,A_unfinetuned,bo_exploration,1.0,0.13,precision,0.0234
yolo11m,A_unfinetuned,bo_exploitation,2.0,0.14,precision,0.7135
yolo11m,A_unfinetuned,grid_search,4.0,0.5,precision,0.7976
yolo11m,B_finetuned_unsupervised,baseline,0.0,0.0,precision,0.0
yolo11m,B_finetuned_unsupervised,bo_exploration,2.0,0.06,precision,0.8667
yolo11m,B_finetuned_unsupervised,bo_exploitation,3.0,0.28,precision,0.8566
yolo11m,B_finetuned_unsupervised,grid_search,4.0,0.5,precision,0.8693
yolo11m,C_finetuned_supervised,bo_exploration,3.0,0.0,precision,0.8574
yolo11m,C_finetuned_supervised,bo_exploitation,3.0,0.0,precision,0.8574
yolo11m,C_finetuned_supervised,grid_search,4.0,0.0,precision,0.8745
yolo11n,A_unfinetuned,baseline,0.0,0.0,precision,0.0005
yolo11n,A_unfinetuned,bo_exploration,3.0,0.15,precision,0.8083
yolo11n,A_unfinetuned,bo_exploitation,3.0,0.44,precision,0.7936
yolo11n,A_unfinetuned,grid_search,4.0,0.5,precision,0.8231
yolo11n,B_finetuned_unsupervised,baseline,0.0,0.0,precision,0.0004
yolo11n,B_finetuned_unsupervised,bo_exploration,4.0,0.5,precision,0.8001
yolo11n,B_finetuned_unsupervised,bo_exploitation,3.0,0.31,precision,0.7816
yolo11n,B_finetuned_unsupervised,grid_search,4.0,0.5,precision,0.8001
yolo11n,C_finetuned_supervised,bo_exploration,3.0,0.19,precision,0.7951
yolo11n,C_finetuned_supervised,bo_exploitation,3.0,0.48,precision,0.7678
yolo11n,C_finetuned_supervised,grid_search,4.0,0.0,precision,0.8019
yolo11m,A_unfinetuned,baseline,0.0,0.0,precision,0.0007
yolo11m,A_unfinetuned,bo_exploration,4.0,0.5,precision,0.7168
yolo11m,A_unfinetuned,bo_exploitation,4.0,0.28,precision,0.7272
yolo11m,A_unfinetuned,grid_search,4.0,0.5,precision,0.7168
yolo11m,B_finetuned_unsupervised,baseline,0.0,0.0,precision,0.0
yolo11m,B_finetuned_unsupervised,bo_exploration,3.0,0.5,precision,0.8697
yolo11m,B_finetuned_unsupervised,bo_exploitation,3.0,0.48,precision,0.8597
yolo11m,B_finetuned_unsupervised,grid_search,4.0,0.5,precision,0.8688
yolo11m,C_finetuned_supervised,bo_exploration,4.0,0.0,precision,0.8739
yolo11m,C_finetuned_supervised,bo_exploitation,3.0,0.11,precision,0.8678
yolo11m,C_finetuned_supervised,grid_search,4.0,0.0,precision,0.8739
yolo11n,A_unfinetuned,baseline,0.0,0.0,precision,0.0008
yolo11n,A_unfinetuned,bo_exploration,4.0,0.5,precision,0.7968
yolo11n,A_unfinetuned,bo_exploitation,3.0,0.37,precision,0.7743
yolo11n,A_unfinetuned,grid_search,4.0,0.5,precision,0.7968
yolo11n,B_finetuned_unsupervised,baseline,0.0,0.0,precision,0.0003
yolo11n,B_finetuned_unsupervised,bo_exploration,3.0,0.11,precision,0.789
yolo11n,B_finetuned_unsupervised,bo_exploitation,3.0,0.04,precision,0.7853
yolo11n,B_finetuned_unsupervised,grid_search,4.0,0.5,precision,0.8219
yolo11n,C_finetuned_supervised,bo_exploration,3.0,0.0,precision,0.7827
yolo11n,C_finetuned_supervised,bo_exploitation,3.0,0.15,precision,0.7896
yolo11n,C_finetuned_supervised,grid_search,4.0,0.0,precision,0.8239
yolo11m,A_unfinetuned,baseline,0.0,0.0,precision,0.0012
yolo11m,A_unfinetuned,bo_exploration,4.0,0.5,precision,0.7214
yolo11m,A_unfinetuned,bo_exploitation,3.0,0.23,precision,0.6761
yolo11m,A_unfinetuned,grid_search,4.0,0.5,precision,0.7214
yolo11m,B_finetuned_unsupervised,baseline,0.0,0.0,precision,0.0009
yolo11m,B_finetuned_unsupervised,bo_exploration,3.0,0.18,precision,0.8268
yolo11m,B_finetuned_unsupervised,bo_exploitation,3.0,0.34,precision,0.8139
yolo11m,B_finetuned_unsupervised,grid_search,4.0,0.5,precision,0.8145
yolo11m,C_finetuned_supervised,bo_exploration,3.0,0.5,precision,0.8099
yolo11m,C_finetuned_supervised,bo_exploitation,2.0,0.08,precision,0.7585
yolo11m,C_finetuned_supervised,grid_search,4.0,0.0,precision,0.816
yolo11n,A_unfinetuned,baseline,0.0,0.0,precision,0.0044
yolo11n,A_unfinetuned,bo_exploration,3.0,0.09,precision,0.7933
yolo11n,A_unfinetuned,bo_exploitation,4.0,0.3,precision,0.7871
yolo11n,A_unfinetuned,grid_search,4.0,0.5,precision,0.8127
yolo11n,B_finetuned_unsupervised,baseline,0.0,0.0,precision,0.0004
yolo11n,B_finetuned_unsupervised,bo_exploration,3.0,0.39,precision,0.762
yolo11n,B_finetuned_unsupervised,bo_exploitation,3.0,0.04,precision,0.7782
yolo11n,B_finetuned_unsupervised,grid_search,4.0,0.5,precision,0.7919
yolo11n,C_finetuned_supervised,bo_exploration,4.0,0.5,precision,0.7919
yolo11n,C_finetuned_supervised,bo_exploitation,3.0,0.11,precision,0.7605
yolo11n,C_finetuned_supervised,grid_search,4.0,0.0,precision,0.7978
yolo11m,A_unfinetuned,baseline,0.0,0.0,precision,0.0011
yolo11m,A_unfinetuned,bo_exploration,4.0,0.48,precision,0.7658
yolo11m,A_unfinetuned,bo_exploitation,3.0,0.5,precision,0.7556
yolo11m,A_unfinetuned,grid_search,4.0,0.5,precision,0.7877
yolo11m,B_finetuned_unsupervised,baseline,0.0,0.0,precision,0.0012
yolo11m,B_finetuned_unsupervised,bo_exploration,3.0,0.35,precision,0.8241
yolo11m,B_finetuned_unsupervised,bo_exploitation,3.0,0.22,precision,0.8059
yolo11m,B_finetuned_unsupervised,grid_search,4.0,0.5,precision,0.819
yolo11m,C_finetuned_supervised,bo_exploration,3.0,0.17,precision,0.8078
yolo11m,C_finetuned_supervised,bo_exploitation,3.0,0.31,precision,0.8228
yolo11m,C_finetuned_supervised,grid_search,4.0,0.0,precision,0.8195
yolo11n,A_unfinetuned,baseline,0.0,0.0,precision,0.0018
yolo11n,A_unfinetuned,bo_exploration,3.0,0.29,precision,0.7757
yolo11n,A_unfinetuned,bo_exploitation,2.0,0.42,precision,0.6378
yolo11n,A_unfinetuned,grid_search,4.0,0.5,precision,0.7948
yolo11n,B_finetuned_unsupervised,baseline,0.0,0.0,precision,0.0014
yolo11n,B_finetuned_unsupervised,bo_exploration,2.0,0.04,precision,0.7225
yolo11n,B_finetuned_unsupervised,bo_exploitation,2.0,0.08,precision,0.7144
yolo11n,B_finetuned_unsupervised,grid_search,4.0,0.5,precision,0.837
yolo11n,C_finetuned_supervised,bo_exploration,3.0,0.01,precision,0.7966
yolo11n,C_finetuned_supervised,bo_exploitation,4.0,0.08,precision,0.832
yolo11n,C_finetuned_supervised,grid_search,4.0,0.0,precision,0.8396
yolo11m,A_unfinetuned,baseline,0.0,0.0,precision,0.0028
yolo11m,A_unfinetuned,bo_exploration,3.0,0.5,precision,0.7603
yolo11m,A_unfinetuned,bo_exploitation,3.0,0.43,precision,0.7515
yolo11m,A_unfinetuned,grid_search,4.0,0.5,precision,0.7646
yolo11m,B_finetuned_unsupervised,baseline,0.0,0.0,precision,0.0012
yolo11m,B_finetuned_unsupervised,bo_exploration,3.0,0.02,precision,0.8114
yolo11m,B_finetuned_unsupervised,bo_exploitation,3.0,0.26,precision,0.8218
yolo11m,B_finetuned_unsupervised,grid_search,4.0,0.5,precision,0.8179
yolo11m,C_finetuned_supervised,bo_exploration,3.0,0.5,precision,0.8167
yolo11m,C_finetuned_supervised,bo_exploitation,2.0,0.21,precision,0.7583
yolo11m,C_finetuned_supervised,grid_search,4.0,0.0,precision,0.818
yolo11n,A_unfinetuned,baseline,0.0,0.0,precision,0.0009
yolo11n,A_unfinetuned,bo_exploration,3.0,0.15,precision,0.8248
yolo11n,A_unfinetuned,bo_exploitation,3.0,0.21,precision,0.8181
yolo11n,A_unfinetuned,grid_search,4.0,0.5,precision,0.839
yolo11n,B_finetuned_unsupervised,baseline,0.0,0.0,precision,0.0014
yolo11n,B_finetuned_unsupervised,bo_exploration,3.0,0.13,precision,0.81
yolo11n,B_finetuned_unsupervised,bo_exploitation,2.0,0.31,precision,0.6926
yolo11n,B_finetuned_unsupervised,grid_search,4.0,0.5,precision,0.8375
yolo11n,C_finetuned_supervised,bo_exploration,4.0,0.22,precision,0.8267
yolo11n,C_finetuned_supervised,bo_exploitation,3.0,0.18,precision,0.8138
yolo11n,C_finetuned_supervised,grid_search,4.0,0.0,precision,0.8402
yolo11m,A_unfinetuned,baseline,0.0,0.0,precision,0.0
yolo11m,A_unfinetuned,bo_exploration,4.0,0.5,precision,0.8083
yolo11m,A_unfinetuned,bo_exploitation,3.0,0.01,precision,0.7905
yolo11m,A_unfinetuned,grid_search,4.0,0.5,precision,0.8083
yolo11m,B_finetuned_unsupervised,baseline,0.0,0.0,precision,0.0011
yolo11m,B_finetuned_unsupervised,bo_exploration,4.0,0.5,precision,0.8184
yolo11m,B_finetuned_unsupervised,bo_exploitation,4.0,0.23,precision,0.8351
yolo11m,B_finetuned_unsupervised,grid_search,4.0,0.5,precision,0.8184
yolo11m,C_finetuned_supervised,bo_exploration,3.0,0.15,precision,0.8109
yolo11m,C_finetuned_supervised,bo_exploitation,3.0,0.37,precision,0.8187
yolo11m,C_finetuned_supervised,grid_search,4.0,0.0,precision,0.8185
yolo11n,A_unfinetuned,baseline,0.0,0.0,precision,0.0007
yolo11n,A_unfinetuned,bo_exploration,4.0,0.47,precision,0.8119
yolo11n,A_unfinetuned,bo_exploitation,3.0,0.5,precision,0.8126
yolo11n,A_unfinetuned,grid_search,4.0,0.5,precision,0.8217
yolo11n,B_finetuned_unsupervised,baseline,0.0,0.0,precision,0.0014
yolo11n,B_finetuned_unsupervised,bo_exploration,4.0,0.5,precision,0.8375
yolo11n,B_finetuned_unsupervised,bo_exploitation,3.0,0.38,precision,0.8113
yolo11n,B_finetuned_unsupervised,grid_search,4.0,0.5,precision,0.8375
yolo11n,C_finetuned_supervised,bo_exploration,3.0,0.33,precision,0.8011
yolo11n,C_finetuned_supervised,bo_exploitation,4.0,0.23,precision,0.8267
yolo11n,C_finetuned_supervised,grid_search,4.0,0.0,precision,0.84
yolo11m,A_unfinetuned,baseline,0.0,0.0,precision,0.0002
yolo11m,A_unfinetuned,bo_exploration,3.0,0.4,precision,0.7819
yolo11m,A_unfinetuned,bo_exploitation,3.0,0.44,precision,0.7656
yolo11m,A_unfinetuned,grid_search,4.0,0.5,precision,0.7663
yolo11m,B_finetuned_unsupervised,baseline,0.0,0.0,precision,0.0011
yolo11m,B_finetuned_unsupervised,bo_exploration,3.0,0.38,precision,0.8152
yolo11m,B_finetuned_unsupervised,bo_exploitation,3.0,0.42,precision,0.8087
yolo11m,B_finetuned_unsupervised,grid_search,4.0,0.5,precision,0.8186
yolo11m,C_finetuned_supervised,bo_exploration,4.0,0.5,precision,0.8186
yolo11m,C_finetuned_supervised,bo_exploitation,3.0,0.05,precision,0.8144
yolo11m,C_finetuned_supervised,grid_search,4.0,0.0,precision,0.8188
yolo11n,A_unfinetuned,baseline,0.0,0.0,precision,0.0005
yolo11n,A_unfinetuned,bo_exploration,3.0,0.45,precision,0.8056
yolo11n,A_unfinetuned,bo_exploitation,3.0,0.09,precision,0.797
yolo11n,A_unfinetuned,grid_search,4.0,0.5,precision,0.8298
yolo11n,B_finetuned_unsupervised,baseline,0.0,0.0,precision,0.0
yolo11n,B_finetuned_unsupervised,bo_exploration,3.0,0.38,precision,0.771
yolo11n,B_finetuned_unsupervised,bo_exploitation,3.0,0.22,precision,0.7734
yolo11n,B_finetuned_unsupervised,grid_search,4.0,0.5,precision,0.8008
yolo11n,C_finetuned_supervised,bo_exploration,4.0,0.0,precision,0.8027
yolo11n,C_finetuned_supervised,bo_exploitation,3.0,0.08,precision,0.7733
yolo11n,C_finetuned_supervised,grid_search,4.0,0.0,precision,0.8027
yolo11n,A_unfinetuned,baseline,0.0,0.0,precision,0.0
yolo11n,A_unfinetuned,bo_exploration,4.0,0.5,precision,0.8667
yolo11n,A_unfinetuned,bo_exploitation,3.0,0.2,precision,0.8294
yolo11n,A_unfinetuned,grid_search,4.0,0.5,precision,0.8667
yolo11n,B_finetuned_unsupervised,baseline,0.0,0.0,precision,0.0019
yolo11n,B_finetuned_unsupervised,bo_exploration,3.0,0.5,precision,0.7877
yolo11n,B_finetuned_unsupervised,bo_exploitation,3.0,0.5,precision,0.7877
yolo11n,B_finetuned_unsupervised,grid_search,4.0,0.5,precision,0.8093
yolo11n,C_finetuned_supervised,bo_exploration,3.0,0.0,precision,0.7769
yolo11n,C_finetuned_supervised,bo_exploitation,2.0,0.24,precision,0.6575
yolo11n,C_finetuned_supervised,grid_search,4.0,0.0,precision,0.8112
rtdetr-l,A_unfinetuned,baseline,0.0,0.0,precision,0.0009
rtdetr-l,A_unfinetuned,bo_exploration,3.0,0.29,precision,0.7236
rtdetr-l,A_unfinetuned,bo_exploitation,3.0,0.31,precision,0.7209
rtdetr-l,A_unfinetuned,grid_search,4.0,0.5,precision,0.7734
rtdetr-l,B_finetuned_unsupervised,baseline,0.0,0.0,precision,0.005
rtdetr-l,B_finetuned_unsupervised,bo_exploration,3.0,0.48,precision,0.6676
rtdetr-l,B_finetuned_unsupervised,bo_exploitation,3.0,0.41,precision,0.6655
rtdetr-l,B_finetuned_unsupervised,grid_search,4.0,0.5,precision,0.7045
rtdetr-l,C_finetuned_supervised,bo_exploration,4.0,0.5,precision,0.7045
rtdetr-l,C_finetuned_supervised,bo_exploitation,3.0,0.21,precision,0.6781
rtdetr-l,C_finetuned_supervised,grid_search,4.0,0.0,precision,0.6907
rtdetr-l,A_unfinetuned,baseline,0.0,0.0,precision,0.0009
rtdetr-l,A_unfinetuned,bo_exploration,3.0,0.46,precision,0.7175
rtdetr-l,A_unfinetuned,bo_exploitation,2.0,0.39,precision,0.559
rtdetr-l,A_unfinetuned,grid_search,4.0,0.5,precision,0.7403
rtdetr-l,B_finetuned_unsupervised,baseline,0.0,0.0,precision,0.002
rtdetr-l,B_finetuned_unsupervised,bo_exploration,3.0,0.5,precision,0.6933
rtdetr-l,B_finetuned_unsupervised,bo_exploitation,2.0,0.26,precision,0.5353
rtdetr-l,B_finetuned_unsupervised,grid_search,4.0,0.5,precision,0.7373
rtdetr-l,C_finetuned_supervised,bo_exploration,3.0,0.12,precision,0.6881
rtdetr-l,C_finetuned_supervised,bo_exploitation,2.0,0.13,precision,0.5345
rtdetr-l,C_finetuned_supervised,grid_search,4.0,0.0,precision,0.7282
rtdetr-l,A_unfinetuned,baseline,0.0,0.0,precision,0.0
rtdetr-l,A_unfinetuned,bo_exploration,3.0,0.22,precision,0.7037
rtdetr-l,A_unfinetuned,bo_exploitation,3.0,0.25,precision,0.7043
rtdetr-l,A_unfinetuned,grid_search,4.0,0.5,precision,0.7332
rtdetr-l,B_finetuned_unsupervised,baseline,0.0,0.0,precision,0.0024
rtdetr-l,B_finetuned_unsupervised,bo_exploration,2.0,0.17,precision,0.6131
rtdetr-l,B_finetuned_unsupervised,bo_exploitation,3.0,0.08,precision,0.7299
rtdetr-l,B_finetuned_unsupervised,grid_search,4.0,0.5,precision,0.7577
rtdetr-l,C_finetuned_supervised,bo_exploration,3.0,0.11,precision,0.74
rtdetr-l,C_finetuned_supervised,bo_exploitation,2.0,0.5,precision,0.6123
rtdetr-l,C_finetuned_supervised,grid_search,4.0,0.0,precision,0.7548
rtdetr-l,A_unfinetuned,baseline,0.0,0.0,precision,0.0022
rtdetr-l,A_unfinetuned,bo_exploration,2.0,0.31,precision,0.5541
rtdetr-l,A_unfinetuned,bo_exploitation,3.0,0.1,precision,0.6757
rtdetr-l,A_unfinetuned,grid_search,4.0,0.5,precision,0.7445
rtdetr-l,B_finetuned_unsupervised,baseline,0.0,0.0,precision,0.0024
rtdetr-l,B_finetuned_unsupervised,bo_exploration,3.0,0.32,precision,0.7158
rtdetr-l,B_finetuned_unsupervised,bo_exploitation,2.0,0.09,precision,0.6297
rtdetr-l,B_finetuned_unsupervised,grid_search,4.0,0.5,precision,0.762
rtdetr-l,C_finetuned_supervised,bo_exploration,1.0,0.22,precision,0.016
rtdetr-l,C_finetuned_supervised,bo_exploitation,4.0,0.39,precision,0.7723
rtdetr-l,C_finetuned_supervised,grid_search,4.0,0.5,precision,0.762
rtdetr-l,A_unfinetuned,baseline,0.0,0.0,precision,0.0001
rtdetr-l,A_unfinetuned,bo_exploration,3.0,0.5,precision,0.6673
rtdetr-l,A_unfinetuned,bo_exploitation,3.0,0.49,precision,0.6798
rtdetr-l,A_unfinetuned,grid_search,4.0,0.5,precision,0.7305
rtdetr-l,B_finetuned_unsupervised,baseline,0.0,0.0,precision,0.0043
rtdetr-l,B_finetuned_unsupervised,bo_exploration,4.0,0.5,precision,0.7229
rtdetr-l,B_finetuned_unsupervised,bo_exploitation,2.0,0.34,precision,0.5128
rtdetr-l,B_finetuned_unsupervised,grid_search,4.0,0.5,precision,0.7229
rtdetr-l,C_finetuned_supervised,bo_exploration,3.0,0.03,precision,0.6825
rtdetr-l,C_finetuned_supervised,bo_exploitation,3.0,0.3,precision,0.6735
rtdetr-l,C_finetuned_supervised,grid_search,4.0,0.0,precision,0.713
rtdetr-l,A_unfinetuned,baseline,0.0,0.0,precision,0.0072
rtdetr-l,A_unfinetuned,bo_exploration,3.0,0.04,precision,0.7243
rtdetr-l,A_unfinetuned,bo_exploitation,3.0,0.32,precision,0.7185
rtdetr-l,A_unfinetuned,grid_search,4.0,0.5,precision,0.7342
rtdetr-l,B_finetuned_unsupervised,baseline,0.0,0.0,precision,0.0126
rtdetr-l,B_finetuned_unsupervised,bo_exploration,2.0,0.24,precision,0.559
rtdetr-l,B_finetuned_unsupervised,bo_exploitation,2.0,0.45,precision,0.5541
rtdetr-l,B_finetuned_unsupervised,grid_search,4.0,0.5,precision,0.7042
rtdetr-l,C_finetuned_supervised,bo_exploration,4.0,0.5,precision,0.7042
rtdetr-l,C_finetuned_supervised,bo_exploitation,3.0,0.46,precision,0.6791
rtdetr-l,C_finetuned_supervised,grid_search,4.0,0.5,precision,0.7042
rtdetr-l,A_unfinetuned,baseline,0.0,0.0,precision,0.0193
rtdetr-l,A_unfinetuned,bo_exploration,3.0,0.5,precision,0.7811
rtdetr-l,A_unfinetuned,bo_exploitation,3.0,0.5,precision,0.7811
rtdetr-l,A_unfinetuned,grid_search,4.0,0.5,precision,0.7877
rtdetr-l,B_finetuned_unsupervised,baseline,0.0,0.0,precision,0.001
rtdetr-l,B_finetuned_unsupervised,bo_exploration,1.0,0.12,precision,0.0117
rtdetr-l,B_finetuned_unsupervised,bo_exploitation,2.0,0.05,precision,0.64
rtdetr-l,B_finetuned_unsupervised,grid_search,4.0,0.5,precision,0.7537
rtdetr-l,C_finetuned_supervised,bo_exploration,3.0,0.45,precision,0.7362
rtdetr-l,C_finetuned_supervised,bo_exploitation,4.0,0.15,precision,0.751
rtdetr-l,C_finetuned_supervised,grid_search,4.0,0.5,precision,0.7537
rtdetr-l,A_unfinetuned,baseline,0.0,0.0,precision,0.0
rtdetr-l,A_unfinetuned,bo_exploration,4.0,0.5,precision,0.8082
rtdetr-l,A_unfinetuned,bo_exploitation,3.0,0.22,precision,0.7906
rtdetr-l,A_unfinetuned,grid_search,4.0,0.5,precision,0.8082
rtdetr-l,B_finetuned_unsupervised,baseline,0.0,0.0,precision,0.0027
rtdetr-l,B_finetuned_unsupervised,bo_exploration,3.0,0.47,precision,0.7373
rtdetr-l,B_finetuned_unsupervised,bo_exploitation,3.0,0.3,precision,0.7091
rtdetr-l,B_finetuned_unsupervised,grid_search,4.0,0.5,precision,0.7622
rtdetr-l,C_finetuned_supervised,bo_exploration,3.0,0.06,precision,0.7306
yolo11n,B_finetuned_unsupervised,baseline,0.0,0.0,recall,0.0001
yolo11n,B_finetuned_unsupervised,bo_exploration,3.0,0.49,recall,0.6535
yolo11n,B_finetuned_unsupervised,bo_exploitation,1.0,0.28,recall,0.0066
yolo11n,B_finetuned_unsupervised,grid_search,4.0,0.5,recall,0.6935
yolo11n,C_finetuned_supervised,bo_exploration,2.0,0.13,recall,0.4581
yolo11n,C_finetuned_supervised,bo_exploitation,2.0,0.0,recall,0.4567
yolo11n,C_finetuned_supervised,grid_search,4.0,0.0,recall,0.7087
yolo11m,A_unfinetuned,baseline,0.0,0.0,recall,0.0
yolo11m,A_unfinetuned,bo_exploration,3.0,0.46,recall,0.6449
yolo11m,A_unfinetuned,bo_exploitation,3.0,0.1,recall,0.6388
yolo11m,A_unfinetuned,grid_search,4.0,0.5,recall,0.663
yolo11m,B_finetuned_unsupervised,baseline,0.0,0.0,recall,0.0
yolo11m,B_finetuned_unsupervised,bo_exploration,3.0,0.32,recall,0.6758
yolo11m,B_finetuned_unsupervised,bo_exploitation,2.0,0.43,recall,0.5119
yolo11m,B_finetuned_unsupervised,grid_search,4.0,0.5,recall,0.7022
yolo11m,C_finetuned_supervised,bo_exploration,4.0,0.0,recall,0.7167
yolo11m,C_finetuned_supervised,bo_exploitation,2.0,0.0,recall,0.509
yolo11m,C_finetuned_supervised,grid_search,4.0,0.0,recall,0.7167
yolo11n,A_unfinetuned,baseline,0.0,0.0,recall,0.0
yolo11n,A_unfinetuned,bo_exploration,3.0,0.43,recall,0.6124
yolo11n,A_unfinetuned,bo_exploitation,2.0,0.29,recall,0.3181
yolo11n,A_unfinetuned,grid_search,4.0,0.5,recall,0.7141
yolo11n,B_finetuned_unsupervised,baseline,0.0,0.0,recall,0.0
yolo11n,B_finetuned_unsupervised,bo_exploration,2.0,0.18,recall,0.4647
yolo11n,B_finetuned_unsupervised,bo_exploitation,3.0,0.45,recall,0.6732
yolo11n,B_finetuned_unsupervised,grid_search,4.0,0.5,recall,0.7021
yolo11n,C_finetuned_supervised,bo_exploration,3.0,0.12,recall,0.6706
yolo11n,C_finetuned_supervised,bo_exploitation,4.0,0.45,recall,0.711
yolo11n,C_finetuned_supervised,grid_search,4.0,0.0,recall,0.7192
yolo11m,A_unfinetuned,baseline,0.0,0.0,recall,0.0
yolo11m,A_unfinetuned,bo_exploration,2.0,0.28,recall,0.4489
yolo11m,A_unfinetuned,bo_exploitation,2.0,0.37,recall,0.452
yolo11m,A_unfinetuned,grid_search,4.0,0.5,recall,0.6421
yolo11m,B_finetuned_unsupervised,baseline,0.0,0.0,recall,0.0
yolo11m,B_finetuned_unsupervised,bo_exploration,3.0,0.35,recall,0.6776
yolo11m,B_finetuned_unsupervised,bo_exploitation,3.0,0.45,recall,0.6915
yolo11m,B_finetuned_unsupervised,grid_search,4.0,0.5,recall,0.7036
yolo11m,C_finetuned_supervised,bo_exploration,3.0,0.15,recall,0.6886
yolo11m,C_finetuned_supervised,bo_exploitation,3.0,0.25,recall,0.6828
yolo11m,C_finetuned_supervised,grid_search,4.0,0.0,recall,0.7187
yolo11n,A_unfinetuned,baseline,0.0,0.0,recall,0.0
yolo11n,A_unfinetuned,bo_exploration,3.0,0.5,recall,0.6406
yolo11n,A_unfinetuned,bo_exploitation,2.0,0.38,recall,0.4405
yolo11n,A_unfinetuned,grid_search,4.0,0.5,recall,0.6733
yolo11n,B_finetuned_unsupervised,baseline,0.0,0.0,recall,0.0
yolo11n,B_finetuned_unsupervised,bo_exploration,2.0,0.29,recall,0.4486
yolo11n,B_finetuned_unsupervised,bo_exploitation,2.0,0.01,recall,0.4514
yolo11n,B_finetuned_unsupervised,grid_search,4.0,0.5,recall,0.6956
yolo11n,C_finetuned_supervised,bo_exploration,3.0,0.18,recall,0.6586
yolo11n,C_finetuned_supervised,bo_exploitation,3.0,0.12,recall,0.6618
yolo11n,C_finetuned_supervised,grid_search,4.0,0.0,recall,0.7133
yolo11m,A_unfinetuned,baseline,0.0,0.0,recall,0.0001
yolo11m,A_unfinetuned,bo_exploration,3.0,0.15,recall,0.6464
yolo11m,A_unfinetuned,bo_exploitation,3.0,0.41,recall,0.644
yolo11m,A_unfinetuned,grid_search,4.0,0.5,recall,0.6556
yolo11m,B_finetuned_unsupervised,baseline,0.0,0.0,recall,0.0
yolo11m,B_finetuned_unsupervised,bo_exploration,3.0,0.49,recall,0.6816
yolo11m,B_finetuned_unsupervised,bo_exploitation,3.0,0.45,recall,0.6921
yolo11m,B_finetuned_unsupervised,grid_search,4.0,0.5,recall,0.7047
yolo11m,C_finetuned_supervised,bo_exploration,3.0,0.29,recall,0.6778
yolo11m,C_finetuned_supervised,bo_exploitation,3.0,0.47,recall,0.6846
yolo11m,C_finetuned_supervised,grid_search,4.0,0.0,recall,0.7197
yolo11n,A_unfinetuned,baseline,0.0,0.0,recall,0.0001
yolo11n,A_unfinetuned,bo_exploration,3.0,0.5,recall,0.6697
yolo11n,A_unfinetuned,bo_exploitation,2.0,0.07,recall,0.4645
yolo11n,A_unfinetuned,grid_search,4.0,0.5,recall,0.6984
yolo11n,B_finetuned_unsupervised,baseline,0.0,0.0,recall,0.0
yolo11n,B_finetuned_unsupervised,bo_exploration,3.0,0.22,recall,0.6627
yolo11n,B_finetuned_unsupervised,bo_exploitation,2.0,0.17,recall,0.4497
yolo11n,B_finetuned_unsupervised,grid_search,4.0,0.5,recall,0.6977
yolo11n,C_finetuned_supervised,bo_exploration,3.0,0.23,recall,0.6617
yolo11n,C_finetuned_supervised,bo_exploitation,3.0,0.0,recall,0.6568
yolo11n,C_finetuned_supervised,grid_search,4.0,0.0,recall,0.7124
yolo11m,A_unfinetuned,baseline,0.0,0.0,recall,0.0
yolo11m,A_unfinetuned,bo_exploration,3.0,0.45,recall,0.6071
yolo11m,A_unfinetuned,bo_exploitation,3.0,0.17,recall,0.6039
yolo11m,A_unfinetuned,grid_search,4.0,0.5,recall,0.6342
yolo11m,B_finetuned_unsupervised,baseline,0.0,0.0,recall,0.0
yolo11m,B_finetuned_unsupervised,bo_exploration,2.0,0.29,recall,0.5187
yolo11m,B_finetuned_unsupervised,bo_exploitation,3.0,0.22,recall,0.6859
yolo11m,B_finetuned_unsupervised,grid_search,4.0,0.5,recall,0.7041
yolo11m,C_finetuned_supervised,bo_exploration,3.0,0.1,recall,0.6875
yolo11m,C_finetuned_supervised,bo_exploitation,3.0,0.1,recall,0.6875
yolo11m,C_finetuned_supervised,grid_search,4.0,0.0,recall,0.7189
yolo11n,A_unfinetuned,baseline,0.0,0.0,recall,0.0
yolo11n,A_unfinetuned,bo_exploration,3.0,0.44,recall,0.6868
yolo11n,A_unfinetuned,bo_exploitation,3.0,0.35,recall,0.6821
yolo11n,A_unfinetuned,grid_search,4.0,0.5,recall,0.706
yolo11n,B_finetuned_unsupervised,baseline,0.0,0.0,recall,0.0
yolo11n,B_finetuned_unsupervised,bo_exploration,2.0,0.45,recall,0.4578
yolo11n,B_finetuned_unsupervised,bo_exploitation,4.0,0.05,recall,0.6994
yolo11n,B_finetuned_unsupervised,grid_search,4.0,0.5,recall,0.6982
yolo11n,C_finetuned_supervised,bo_exploration,3.0,0.3,recall,0.6492
yolo11n,C_finetuned_supervised,bo_exploitation,2.0,0.0,recall,0.4518
yolo11n,C_finetuned_supervised,grid_search,4.0,0.0,recall,0.7132
yolo11m,A_unfinetuned,baseline,0.0,0.0,recall,0.0
yolo11m,A_unfinetuned,bo_exploration,3.0,0.2,recall,0.6525
yolo11m,A_unfinetuned,bo_exploitation,3.0,0.12,recall,0.6625
yolo11m,A_unfinetuned,grid_search,4.0,0.5,recall,0.6734
yolo11m,B_finetuned_unsupervised,baseline,0.0,0.0,recall,0.0
yolo11m,B_finetuned_unsupervised,bo_exploration,3.0,0.49,recall,0.7005
yolo11m,B_finetuned_unsupervised,bo_exploitation,3.0,0.2,recall,0.7016
yolo11m,B_finetuned_unsupervised,grid_search,4.0,0.5,recall,0.7402
yolo11m,C_finetuned_supervised,bo_exploration,3.0,0.36,recall,0.6964
yolo11m,C_finetuned_supervised,bo_exploitation,3.0,0.05,recall,0.7076
yolo11m,C_finetuned_supervised,grid_search,4.0,0.0,recall,0.7534
yolo11n,A_unfinetuned,baseline,0.0,0.0,recall,0.0
yolo11n,A_unfinetuned,bo_exploration,2.0,0.26,recall,0.4547
yolo11n,A_unfinetuned,bo_exploitation,2.0,0.19,recall,0.4561
yolo11n,A_unfinetuned,grid_search,4.0,0.5,recall,0.7163
yolo11n,B_finetuned_unsupervised,baseline,0.0,0.0,recall,0.0
yolo11n,B_finetuned_unsupervised,bo_exploration,3.0,0.27,recall,0.6541
yolo11n,B_finetuned_unsupervised,bo_exploitation,4.0,0.48,recall,0.675
yolo11n,B_finetuned_unsupervised,grid_search,4.0,0.5,recall,0.6982
yolo11n,C_finetuned_supervised,bo_exploration,3.0,0.26,recall,0.6537
yolo11n,C_finetuned_supervised,bo_exploitation,3.0,0.4,recall,0.6528
yolo11n,C_finetuned_supervised,grid_search,4.0,0.0,recall,0.7176
yolo11m,A_unfinetuned,baseline,0.0,0.0,recall,0.0001
yolo11m,A_unfinetuned,bo_exploration,3.0,0.26,recall,0.588
yolo11m,A_unfinetuned,bo_exploitation,3.0,0.5,recall,0.5901
yolo11m,A_unfinetuned,grid_search,4.0,0.5,recall,0.6202
yolo11m,B_finetuned_unsupervised,baseline,0.0,0.0,recall,0.0
yolo11m,B_finetuned_unsupervised,bo_exploration,3.0,0.16,recall,0.7084
yolo11m,B_finetuned_unsupervised,bo_exploitation,3.0,0.44,recall,0.7006
yolo11m,B_finetuned_unsupervised,grid_search,4.0,0.5,recall,0.7403
yolo11m,C_finetuned_supervised,bo_exploration,3.0,0.0,recall,0.6982
yolo11m,C_finetuned_supervised,bo_exploitation,3.0,0.38,recall,0.7001
yolo11m,C_finetuned_supervised,grid_search,4.0,0.0,recall,0.7535
yolo11n,A_unfinetuned,baseline,0.0,0.0,recall,0.0
yolo11n,A_unfinetuned,bo_exploration,2.0,0.33,recall,0.4683
yolo11n,A_unfinetuned,bo_exploitation,3.0,0.04,recall,0.6867
yolo11n,A_unfinetuned,grid_search,4.0,0.5,recall,0.7114
yolo11n,B_finetuned_unsupervised,baseline,0.0,0.0,recall,0.0
yolo11n,B_finetuned_unsupervised,bo_exploration,2.0,0.46,recall,0.4718
yolo11n,B_finetuned_unsupervised,bo_exploitation,2.0,0.48,recall,0.47
yolo11n,B_finetuned_unsupervised,grid_search,4.0,0.5,recall,0.7084
yolo11n,C_finetuned_supervised,bo_exploration,3.0,0.13,recall,0.6673
yolo11n,C_finetuned_supervised,bo_exploitation,3.0,0.07,recall,0.6668
yolo11n,C_finetuned_supervised,grid_search,4.0,0.0,recall,0.7282
yolo11m,A_unfinetuned,baseline,0.0,0.0,recall,0.0003
yolo11m,A_unfinetuned,bo_exploration,3.0,0.5,recall,0.6193
yolo11m,A_unfinetuned,bo_exploitation,3.0,0.43,recall,0.5977
yolo11m,A_unfinetuned,grid_search,4.0,0.5,recall,0.6316
yolo11m,B_finetuned_unsupervised,baseline,0.0,0.0,recall,0.0
yolo11m,B_finetuned_unsupervised,bo_exploration,2.0,0.33,recall,0.4849
yolo11m,B_finetuned_unsupervised,bo_exploitation,3.0,0.44,recall,0.7006
yolo11m,B_finetuned_unsupervised,grid_search,4.0,0.5,recall,0.7401
yolo11m,C_finetuned_supervised,bo_exploration,4.0,0.5,recall,0.7401
yolo11m,C_finetuned_supervised,bo_exploitation,3.0,0.08,recall,0.7074
yolo11m,C_finetuned_supervised,grid_search,4.0,0.0,recall,0.7532
yolo11n,A_unfinetuned,baseline,0.0,0.0,recall,0.0002
yolo11n,A_unfinetuned,bo_exploration,4.0,0.5,recall,0.6917
yolo11n,A_unfinetuned,bo_exploitation,3.0,0.41,recall,0.6491
yolo11n,A_unfinetuned,grid_search,4.0,0.5,recall,0.6917
yolo11n,B_finetuned_unsupervised,baseline,0.0,0.0,recall,0.0
yolo11n,B_finetuned_unsupervised,bo_exploration,3.0,0.45,recall,0.6694
yolo11n,B_finetuned_unsupervised,bo_exploitation,3.0,0.22,recall,0.6655
yolo11n,B_finetuned_unsupervised,grid_search,4.0,0.5,recall,0.7082
yolo11n,C_finetuned_supervised,bo_exploration,3.0,0.22,recall,0.6655
yolo11n,C_finetuned_supervised,bo_exploitation,3.0,0.15,recall,0.6656
yolo11n,C_finetuned_supervised,grid_search,4.0,0.0,recall,0.7279
yolo11m,A_unfinetuned,baseline,0.0,0.0,recall,0.0003
yolo11m,A_unfinetuned,bo_exploration,3.0,0.48,recall,0.5673
yolo11m,A_unfinetuned,bo_exploitation,3.0,0.27,recall,0.5554
yolo11m,A_unfinetuned,grid_search,4.0,0.5,recall,0.5821
yolo11m,B_finetuned_unsupervised,baseline,0.0,0.0,recall,0.0
yolo11m,B_finetuned_unsupervised,bo_exploration,4.0,0.0,recall,0.7532
yolo11m,B_finetuned_unsupervised,bo_exploitation,3.0,0.46,recall,0.7058
yolo11m,B_finetuned_unsupervised,grid_search,4.0,0.5,recall,0.7401
yolo11m,C_finetuned_supervised,bo_exploration,4.0,0.0,recall,0.7532
yolo11m,C_finetuned_supervised,bo_exploitation,4.0,0.0,recall,0.7532
yolo11m,C_finetuned_supervised,grid_search,4.0,0.0,recall,0.7532
yolo11n,A_unfinetuned,baseline,0.0,0.0,recall,0.0
yolo11n,A_unfinetuned,bo_exploration,4.0,0.5,recall,0.684
yolo11n,A_unfinetuned,bo_exploitation,4.0,0.46,recall,0.6844
yolo11n,A_unfinetuned,grid_search,4.0,0.5,recall,0.684
yolo11n,B_finetuned_unsupervised,baseline,0.0,0.0,recall,0.0
yolo11n,B_finetuned_unsupervised,bo_exploration,3.0,0.5,recall,0.6536
yolo11n,B_finetuned_unsupervised,bo_exploitation,3.0,0.4,recall,0.6641
yolo11n,B_finetuned_unsupervised,grid_search,4.0,0.5,recall,0.697
yolo11n,C_finetuned_supervised,bo_exploration,3.0,0.47,recall,0.6531
yolo11n,C_finetuned_supervised,bo_exploitation,3.0,0.28,recall,0.6503
yolo11n,C_finetuned_supervised,grid_search,4.0,0.0,recall,0.7123
yolo11n,A_unfinetuned,baseline,0.0,0.0,recall,0.0
yolo11n,A_unfinetuned,bo_exploration,4.0,0.5,recall,0.7203
yolo11n,A_unfinetuned,bo_exploitation,2.0,0.36,recall,0.4652
yolo11n,A_unfinetuned,grid_search,4.0,0.5,recall,0.7203
yolo11n,B_finetuned_unsupervised,baseline,0.0,0.0,recall,0.0001
yolo11n,B_finetuned_unsupervised,bo_exploration,2.0,0.04,recall,0.4569
yolo11n,B_finetuned_unsupervised,bo_exploitation,2.0,0.25,recall,0.46
yolo11n,B_finetuned_unsupervised,grid_search,4.0,0.5,recall,0.6935
yolo11n,C_finetuned_supervised,bo_exploration,4.0,0.5,recall,0.6935
yolo11n,C_finetuned_supervised,bo_exploitation,3.0,0.24,recall,0.6635
yolo11n,C_finetuned_supervised,grid_search,4.0,0.0,recall,0.7087
rtdetr-l,A_unfinetuned,baseline,0.0,0.0,recall,0.0004
rtdetr-l,A_unfinetuned,bo_exploration,3.0,0.5,recall,0.6212
rtdetr-l,A_unfinetuned,bo_exploitation,3.0,0.01,recall,0.6169
rtdetr-l,A_unfinetuned,grid_search,4.0,0.5,recall,0.6811
rtdetr-l,B_finetuned_unsupervised,baseline,0.0,0.0,recall,0.0
rtdetr-l,B_finetuned_unsupervised,bo_exploration,2.0,0.48,recall,0.4269
rtdetr-l,B_finetuned_unsupervised,bo_exploitation,2.0,0.04,recall,0.4219
rtdetr-l,B_finetuned_unsupervised,grid_search,4.0,0.5,recall,0.7015
rtdetr-l,C_finetuned_supervised,bo_exploration,3.0,0.0,recall,0.6731
rtdetr-l,C_finetuned_supervised,bo_exploitation,4.0,0.27,recall,0.6809
rtdetr-l,C_finetuned_supervised,grid_search,4.0,0.0,recall,0.6977
rtdetr-l,A_unfinetuned,baseline,0.0,0.0,recall,0.0005
rtdetr-l,A_unfinetuned,bo_exploration,3.0,0.42,recall,0.6087
rtdetr-l,A_unfinetuned,bo_exploitation,2.0,0.16,recall,0.4231
rtdetr-l,A_unfinetuned,grid_search,4.0,0.5,recall,0.6456
rtdetr-l,B_finetuned_unsupervised,baseline,0.0,0.0,recall,0.0006
rtdetr-l,B_finetuned_unsupervised,bo_exploration,2.0,0.28,recall,0.3839
rtdetr-l,B_finetuned_unsupervised,bo_exploitation,3.0,0.19,recall,0.6144
rtdetr-l,B_finetuned_unsupervised,grid_search,4.0,0.5,recall,0.6742
rtdetr-l,C_finetuned_supervised,bo_exploration,4.0,0.0,recall,0.6845
rtdetr-l,C_finetuned_supervised,bo_exploitation,2.0,0.26,recall,0.3881
rtdetr-l,C_finetuned_supervised,grid_search,4.0,0.0,recall,0.6845
rtdetr-l,A_unfinetuned,baseline,0.0,0.0,recall,0.0
rtdetr-l,A_unfinetuned,bo_exploration,2.0,0.34,recall,0.3506
rtdetr-l,A_unfinetuned,bo_exploitation,3.0,0.5,recall,0.6322
rtdetr-l,A_unfinetuned,grid_search,4.0,0.5,recall,0.6975
rtdetr-l,B_finetuned_unsupervised,baseline,0.0,0.0,recall,0.0001
rtdetr-l,B_finetuned_unsupervised,bo_exploration,3.0,0.49,recall,0.5808
rtdetr-l,B_finetuned_unsupervised,bo_exploitation,3.0,0.05,recall,0.5928
rtdetr-l,B_finetuned_unsupervised,grid_search,4.0,0.5,recall,0.6334
rtdetr-l,C_finetuned_supervised,bo_exploration,3.0,0.04,recall,0.5902
rtdetr-l,C_finetuned_supervised,bo_exploitation,3.0,0.11,recall,0.5862
rtdetr-l,C_finetuned_supervised,grid_search,4.0,0.0,recall,0.6345
rtdetr-l,A_unfinetuned,baseline,0.0,0.0,recall,0.0003
rtdetr-l,A_unfinetuned,bo_exploration,3.0,0.5,recall,0.5281
rtdetr-l,A_unfinetuned,bo_exploitation,3.0,0.18,recall,0.5132
rtdetr-l,A_unfinetuned,grid_search,4.0,0.5,recall,0.579
rtdetr-l,B_finetuned_unsupervised,baseline,0.0,0.0,recall,0.0001
rtdetr-l,B_finetuned_unsupervised,bo_exploration,4.0,0.5,recall,0.6369
rtdetr-l,B_finetuned_unsupervised,bo_exploitation,3.0,0.25,recall,0.5871
rtdetr-l,B_finetuned_unsupervised,grid_search,4.0,0.5,recall,0.6369
rtdetr-l,C_finetuned_supervised,bo_exploration,2.0,0.09,recall,0.3755
rtdetr-l,C_finetuned_supervised,bo_exploitation,3.0,0.09,recall,0.5905
rtdetr-l,C_finetuned_supervised,grid_search,4.0,0.0,recall,0.6304
rtdetr-l,A_unfinetuned,baseline,0.0,0.0,recall,0.0
rtdetr-l,A_unfinetuned,bo_exploration,3.0,0.05,recall,0.604
rtdetr-l,A_unfinetuned,bo_exploitation,3.0,0.0,recall,0.5941
rtdetr-l,A_unfinetuned,grid_search,4.0,0.5,recall,0.6298
rtdetr-l,B_finetuned_unsupervised,baseline,0.0,0.0,recall,0.0001
rtdetr-l,B_finetuned_unsupervised,bo_exploration,2.0,0.45,recall,0.39
rtdetr-l,B_finetuned_unsupervised,bo_exploitation,3.0,0.02,recall,0.6235
rtdetr-l,B_finetuned_unsupervised,grid_search,4.0,0.5,recall,0.6634
rtdetr-l,C_finetuned_supervised,bo_exploration,3.0,0.18,recall,0.6167
rtdetr-l,C_finetuned_supervised,bo_exploitation,4.0,0.0,recall,0.666
rtdetr-l,C_finetuned_supervised,grid_search,4.0,0.0,recall,0.666
rtdetr-l,A_unfinetuned,baseline,0.0,0.0,recall,0.0003
rtdetr-l,A_unfinetuned,bo_exploration,2.0,0.3,recall,0.4271
rtdetr-l,A_unfinetuned,bo_exploitation,2.0,0.38,recall,0.441
rtdetr-l,A_unfinetuned,grid_search,4.0,0.5,recall,0.6578
rtdetr-l,B_finetuned_unsupervised,baseline,0.0,0.0,recall,0.0
rtdetr-l,B_finetuned_unsupervised,bo_exploration,3.0,0.47,recall,0.6053
rtdetr-l,B_finetuned_unsupervised,bo_exploitation,3.0,0.37,recall,0.6022
rtdetr-l,B_finetuned_unsupervised,grid_search,4.0,0.5,recall,0.6483
rtdetr-l,C_finetuned_supervised,bo_exploration,3.0,0.18,recall,0.5931
rtdetr-l,C_finetuned_supervised,bo_exploitation,3.0,0.23,recall,0.5905
rtdetr-l,C_finetuned_supervised,grid_search,4.0,0.0,recall,0.6419
rtdetr-l,A_unfinetuned,baseline,0.0,0.0,recall,0.0
rtdetr-l,A_unfinetuned,bo_exploration,3.0,0.09,recall,0.6018
rtdetr-l,A_unfinetuned,bo_exploitation,3.0,0.27,recall,0.6021
rtdetr-l,A_unfinetuned,grid_search,4.0,0.5,recall,0.655
rtdetr-l,B_finetuned_unsupervised,baseline,0.0,0.0,recall,0.0011
rtdetr-l,B_finetuned_unsupervised,bo_exploration,3.0,0.16,recall,0.604
rtdetr-l,B_finetuned_unsupervised,bo_exploitation,3.0,0.5,recall,0.6091
rtdetr-l,B_finetuned_unsupervised,grid_search,4.0,0.5,recall,0.6516
rtdetr-l,C_finetuned_supervised,bo_exploration,4.0,0.23,recall,0.6407
rtdetr-l,C_finetuned_supervised,bo_exploitation,3.0,0.26,recall,0.6086
rtdetr-l,C_finetuned_supervised,grid_search,4.0,0.0,recall,0.6489
rtdetr-l,A_unfinetuned,baseline,0.0,0.0,recall,0.0
rtdetr-l,A_unfinetuned,bo_exploration,4.0,0.0,recall,0.6379
rtdetr-l,A_unfinetuned,bo_exploitation,4.0,0.32,recall,0.6204
rtdetr-l,A_unfinetuned,grid_search,4.0,0.5,recall,0.6323
yolo11n,B_finetuned_unsupervised,baseline,0.0,0.0,recall,0.0
yolo11n,B_finetuned_unsupervised,bo_exploration,4.0,0.5,recall,0.6987
yolo11n,B_finetuned_unsupervised,bo_exploitation,3.0,0.18,recall,0.6646
yolo11n,B_finetuned_unsupervised,grid_search,4.0,0.5,recall,0.6987
yolo11n,C_finetuned_supervised,bo_exploration,2.0,0.13,recall,0.4508
yolo11n,C_finetuned_supervised,bo_exploitation,2.0,0.5,recall,0.4597
yolo11n,C_finetuned_supervised,grid_search,4.0,0.0,recall,0.7138
yolo11m,A_unfinetuned,baseline,0.0,0.0,recall,0.0
yolo11m,A_unfinetuned,bo_exploration,4.0,0.11,recall,0.6794
yolo11m,A_unfinetuned,bo_exploitation,2.0,0.5,recall,0.5002
yolo11m,A_unfinetuned,grid_search,4.0,0.5,recall,0.7032
yolo11m,B_finetuned_unsupervised,baseline,0.0,0.0,recall,0.0
yolo11m,B_finetuned_unsupervised,bo_exploration,3.0,0.4,recall,0.7045
yolo11m,B_finetuned_unsupervised,bo_exploitation,3.0,0.45,recall,0.7107
yolo11m,B_finetuned_unsupervised,grid_search,4.0,0.5,recall,0.741
yolo11m,C_finetuned_supervised,bo_exploration,4.0,0.31,recall,0.7353
yolo11m,C_finetuned_supervised,bo_exploitation,3.0,0.36,recall,0.6973
yolo11m,C_finetuned_supervised,grid_search,4.0,0.0,recall,0.7539
yolo11n,A_unfinetuned,baseline,0.0,0.0,recall,0.0
yolo11n,A_unfinetuned,bo_exploration,3.0,0.34,recall,0.6429
yolo11n,A_unfinetuned,bo_exploitation,2.0,0.27,recall,0.4553
yolo11n,A_unfinetuned,grid_search,4.0,0.5,recall,0.701
yolo11n,B_finetuned_unsupervised,baseline,0.0,0.0,recall,0.0
yolo11n,B_finetuned_unsupervised,bo_exploration,3.0,0.5,recall,0.6559
yolo11n,B_finetuned_unsupervised,bo_exploitation,3.0,0.39,recall,0.6549
yolo11n,B_finetuned_unsupervised,grid_search,4.0,0.5,recall,0.6982
yolo11n,C_finetuned_supervised,bo_exploration,2.0,0.31,recall,0.4433
yolo11n,C_finetuned_supervised,bo_exploitation,3.0,0.13,recall,0.6538
yolo11n,C_finetuned_supervised,grid_search,4.0,0.0,recall,0.7176
yolo11m,A_unfinetuned,baseline,0.0,0.0,recall,0.0001
yolo11m,A_unfinetuned,bo_exploration,3.0,0.33,recall,0.6288
yolo11m,A_unfinetuned,bo_exploitation,2.0,0.24,recall,0.4766
yolo11m,A_unfinetuned,grid_search,4.0,0.5,recall,0.6395
yolo11m,B_finetuned_unsupervised,baseline,0.0,0.0,recall,0.0
yolo11m,B_finetuned_unsupervised,bo_exploration,2.0,0.18,recall,0.4778
yolo11m,B_finetuned_unsupervised,bo_exploitation,2.0,0.44,recall,0.4789
yolo11m,B_finetuned_unsupervised,grid_search,4.0,0.5,recall,0.7403
yolo11m,C_finetuned_supervised,bo_exploration,3.0,0.17,recall,0.707
yolo11m,C_finetuned_supervised,bo_exploitation,3.0,0.32,recall,0.7098
yolo11m,C_finetuned_supervised,grid_search,4.0,0.0,recall,0.7535
yolo11n,A_unfinetuned,baseline,0.0,0.0,recall,0.0
yolo11n,A_unfinetuned,bo_exploration,3.0,0.05,recall,0.6866
yolo11n,A_unfinetuned,bo_exploitation,3.0,0.02,recall,0.6868
yolo11n,A_unfinetuned,grid_search,4.0,0.5,recall,0.7023
yolo11n,B_finetuned_unsupervised,baseline,0.0,0.0,recall,0.0
yolo11n,B_finetuned_unsupervised,bo_exploration,4.0,0.08,recall,0.7088
yolo11n,B_finetuned_unsupervised,bo_exploitation,3.0,0.47,recall,0.6589
yolo11n,B_finetuned_unsupervised,grid_search,4.0,0.5,recall,0.7021
yolo11n,C_finetuned_supervised,bo_exploration,3.0,0.0,recall,0.6766
yolo11n,C_finetuned_supervised,bo_exploitation,3.0,0.0,recall,0.6766
yolo11n,C_finetuned_supervised,grid_search,4.0,0.0,recall,0.7192
yolo11m,A_unfinetuned,baseline,0.0,0.0,recall,0.0
yolo11m,A_unfinetuned,bo_exploration,3.0,0.5,recall,0.6589
yolo11m,A_unfinetuned,bo_exploitation,3.0,0.39,recall,0.6609
yolo11m,A_unfinetuned,grid_search,4.0,0.5,recall,0.6749
yolo11m,B_finetuned_unsupervised,baseline,0.0,0.0,recall,0.0
yolo11m,B_finetuned_unsupervised,bo_exploration,3.0,0.44,recall,0.6828
yolo11m,B_finetuned_unsupervised,bo_exploitation,3.0,0.4,recall,0.6856
yolo11m,B_finetuned_unsupervised,grid_search,4.0,0.5,recall,0.7036
yolo11m,C_finetuned_supervised,bo_exploration,4.0,0.5,recall,0.7036
yolo11m,C_finetuned_supervised,bo_exploitation,4.0,0.0,recall,0.7187
yolo11m,C_finetuned_supervised,grid_search,4.0,0.0,recall,0.7187
yolo11n,A_unfinetuned,baseline,0.0,0.0,recall,0.0001
yolo11n,A_unfinetuned,bo_exploration,3.0,0.36,recall,0.6736
yolo11n,A_unfinetuned,bo_exploitation,3.0,0.44,recall,0.6562
yolo11n,A_unfinetuned,grid_search,4.0,0.5,recall,0.7032
yolo11n,B_finetuned_unsupervised,baseline,0.0,0.0,recall,0.0
yolo11n,B_finetuned_unsupervised,bo_exploration,2.0,0.46,recall,0.4717
yolo11n,B_finetuned_unsupervised,bo_exploitation,4.0,0.49,recall,0.7076
yolo11n,B_finetuned_unsupervised,grid_search,4.0,0.5,recall,0.7082
yolo11n,C_finetuned_supervised,bo_exploration,2.0,0.05,recall,0.4724
yolo11n,C_finetuned_supervised,bo_exploitation,3.0,0.5,recall,0.673
yolo11n,C_finetuned_supervised,grid_search,4.0,0.0,recall,0.7279
yolo11m,A_unfinetuned,baseline,0.0,0.0,recall,0.0
yolo11m,A_unfinetuned,bo_exploration,3.0,0.44,recall,0.6175
yolo11m,A_unfinetuned,bo_exploitation,3.0,0.5,recall,0.6332
yolo11m,A_unfinetuned,grid_search,4.0,0.5,recall,0.6541
yolo11m,B_finetuned_unsupervised,baseline,0.0,0.0,recall,0.0
yolo11m,B_finetuned_unsupervised,bo_exploration,3.0,0.5,recall,0.6992
yolo11m,B_finetuned_unsupervised,bo_exploitation,3.0,0.21,recall,0.7068
yolo11m,B_finetuned_unsupervised,grid_search,4.0,0.5,recall,0.7401
yolo11m,C_finetuned_supervised,bo_exploration,3.0,0.44,recall,0.7006
yolo11m,C_finetuned_supervised,bo_exploitation,4.0,0.0,recall,0.7532
yolo11m,C_finetuned_supervised,grid_search,4.0,0.0,recall,0.7532
yolo11n,A_unfinetuned,baseline,0.0,0.0,recall,0.0
yolo11n,A_unfinetuned,bo_exploration,2.0,0.18,recall,0.4522
yolo11n,A_unfinetuned,bo_exploitation,4.0,0.44,recall,0.7164
yolo11n,A_unfinetuned,grid_search,4.0,0.5,recall,0.6981
yolo11n,B_finetuned_unsupervised,baseline,0.0,0.0,recall,0.0
yolo11n,B_finetuned_unsupervised,bo_exploration,3.0,0.28,recall,0.6685
yolo11n,B_finetuned_unsupervised,bo_exploitation,3.0,0.1,recall,0.678
yolo11n,B_finetuned_unsupervised,grid_search,4.0,0.5,recall,0.7072
yolo11n,C_finetuned_supervised,bo_exploration,3.0,0.18,recall,0.665
yolo11n,C_finetuned_supervised,bo_exploitation,3.0,0.39,recall,0.6716
yolo11n,C_finetuned_supervised,grid_search,4.0,0.0,recall,0.7268
yolo11m,A_unfinetuned,baseline,0.0,0.0,recall,0.0002
yolo11m,A_unfinetuned,bo_exploration,3.0,0.08,recall,0.5753
yolo11m,A_unfinetuned,bo_exploitation,2.0,0.03,recall,0.4323
yolo11m,A_unfinetuned,grid_search,4.0,0.5,recall,0.5959
yolo11m,B_finetuned_unsupervised,baseline,0.0,0.0,recall,0.0
yolo11m,B_finetuned_unsupervised,bo_exploration,3.0,0.09,recall,0.7097
yolo11m,B_finetuned_unsupervised,bo_exploitation,2.0,0.1,recall,0.4665
yolo11m,B_finetuned_unsupervised,grid_search,4.0,0.5,recall,0.7398
yolo11m,C_finetuned_supervised,bo_exploration,2.0,0.03,recall,0.4774
yolo11m,C_finetuned_supervised,bo_exploitation,3.0,0.24,recall,0.7046
yolo11m,C_finetuned_supervised,grid_search,4.0,0.0,recall,0.7528
yolo11n,A_unfinetuned,baseline,0.0,0.0,recall,0.0
yolo11n,A_unfinetuned,bo_exploration,3.0,0.39,recall,0.648
yolo11n,A_unfinetuned,bo_exploitation,3.0,0.5,recall,0.646
yolo11n,A_unfinetuned,grid_search,4.0,0.5,recall,0.6943
yolo11n,B_finetuned_unsupervised,baseline,0.0,0.0,recall,0.0
yolo11n,B_finetuned_unsupervised,bo_exploration,3.0,0.33,recall,0.6534
yolo11n,B_finetuned_unsupervised,bo_exploitation,3.0,0.03,recall,0.6512
yolo11n,B_finetuned_unsupervised,grid_search,4.0,0.5,recall,0.698
yolo11n,C_finetuned_supervised,bo_exploration,3.0,0.46,recall,0.6398
yolo11n,C_finetuned_supervised,bo_exploitation,2.0,0.0,recall,0.4493
yolo11n,C_finetuned_supervised,grid_search,4.0,0.25,recall,0.706
yolo11m,A_unfinetuned,baseline,0.0,0.0,recall,0.0001
yolo11m,A_unfinetuned,bo_exploration,3.0,0.46,recall,0.6504
yolo11m,A_unfinetuned,bo_exploitation,3.0,0.44,recall,0.6421
yolo11m,A_unfinetuned,grid_search,4.0,0.5,recall,0.6727
yolo11m,B_finetuned_unsupervised,baseline,0.0,0.0,recall,0.0
yolo11m,B_finetuned_unsupervised,bo_exploration,3.0,0.49,recall,0.7002
yolo11m,B_finetuned_unsupervised,bo_exploitation,3.0,0.01,recall,0.7095
yolo11m,B_finetuned_unsupervised,grid_search,4.0,0.5,recall,0.7401
yolo11m,C_finetuned_supervised,bo_exploration,2.0,0.05,recall,0.4672
yolo11m,C_finetuned_supervised,bo_exploitation,3.0,0.16,recall,0.7081
yolo11m,C_finetuned_supervised,grid_search,4.0,0.25,recall,0.7225
yolo11n,A_unfinetuned,baseline,0.0,0.0,recall,0.0
yolo11n,A_unfinetuned,bo_exploration,2.0,0.14,recall,0.4697
yolo11n,A_unfinetuned,bo_exploitation,3.0,0.35,recall,0.6628
yolo11n,A_unfinetuned,grid_search,4.0,0.5,recall,0.6959
yolo11n,B_finetuned_unsupervised,baseline,0.0,0.0,recall,0.0001
yolo11n,B_finetuned_unsupervised,bo_exploration,3.0,0.34,recall,0.6502
yolo11n,B_finetuned_unsupervised,bo_exploitation,2.0,0.29,recall,0.4636
yolo11n,B_finetuned_unsupervised,grid_search,4.0,0.5,recall,0.6941
yolo11n,C_finetuned_supervised,bo_exploration,3.0,0.24,recall,0.664
yolo11n,C_finetuned_supervised,bo_exploitation,4.0,0.0,recall,0.7095
yolo11n,C_finetuned_supervised,grid_search,4.0,0.0,recall,0.7095
yolo11m,A_unfinetuned,baseline,0.0,0.0,recall,0.0
yolo11m,A_unfinetuned,bo_exploration,4.0,0.5,recall,0.7083
yolo11m,A_unfinetuned,bo_exploitation,4.0,0.36,recall,0.6996
yolo11m,A_unfinetuned,grid_search,4.0,0.5,recall,0.7083
yolo11m,B_finetuned_unsupervised,baseline,0.0,0.0,recall,0.0
yolo11m,B_finetuned_unsupervised,bo_exploration,2.0,0.12,recall,0.5146
yolo11m,B_finetuned_unsupervised,bo_exploitation,3.0,0.5,recall,0.679
yolo11m,B_finetuned_unsupervised,grid_search,4.0,0.5,recall,0.7029
yolo11m,C_finetuned_supervised,bo_exploration,3.0,0.06,recall,0.6725
yolo11m,C_finetuned_supervised,bo_exploitation,3.0,0.01,recall,0.6743
yolo11m,C_finetuned_supervised,grid_search,4.0,0.0,recall,0.7174
yolo11n,A_unfinetuned,baseline,0.0,0.0,recall,0.0
yolo11n,A_unfinetuned,bo_exploration,3.0,0.5,recall,0.658
yolo11n,A_unfinetuned,bo_exploitation,3.0,0.34,recall,0.6557
yolo11n,A_unfinetuned,grid_search,4.0,0.5,recall,0.7027
yolo11n,B_finetuned_unsupervised,baseline,0.0,0.0,recall,0.0
yolo11n,B_finetuned_unsupervised,bo_exploration,4.0,0.0,recall,0.7135
yolo11n,B_finetuned_unsupervised,bo_exploitation,2.0,0.43,recall,0.4504
yolo11n,B_finetuned_unsupervised,grid_search,4.0,0.5,recall,0.6985
yolo11n,C_finetuned_supervised,bo_exploration,4.0,0.0,recall,0.7135
yolo11n,C_finetuned_supervised,bo_exploitation,3.0,0.15,recall,0.6494
yolo11n,C_finetuned_supervised,grid_search,4.0,0.0,recall,0.7135
yolo11m,A_unfinetuned,baseline,0.0,0.0,recall,0.0002
yolo11m,A_unfinetuned,bo_exploration,3.0,0.0,recall,0.5817
yolo11m,A_unfinetuned,bo_exploitation,3.0,0.38,recall,0.5909
yolo11m,A_unfinetuned,grid_search,4.0,0.5,recall,0.6147
yolo11m,B_finetuned_unsupervised,baseline,0.0,0.0,recall,0.0
yolo11m,B_finetuned_unsupervised,bo_exploration,2.0,0.21,recall,0.5196
yolo11m,B_finetuned_unsupervised,bo_exploitation,3.0,0.44,recall,0.6829
yolo11m,B_finetuned_unsupervised,grid_search,4.0,0.5,recall,0.7038
yolo11m,C_finetuned_supervised,bo_exploration,4.0,0.0,recall,0.7189
yolo11m,C_finetuned_supervised,bo_exploitation,3.0,0.19,recall,0.6889
yolo11m,C_finetuned_supervised,grid_search,4.0,0.0,recall,0.7189
yolo11n,A_unfinetuned,baseline,0.0,0.0,recall,0.0
yolo11n,A_unfinetuned,bo_exploration,3.0,0.42,recall,0.6633
yolo11n,A_unfinetuned,bo_exploitation,3.0,0.3,recall,0.6762
yolo11n,A_unfinetuned,grid_search,4.0,0.5,recall,0.6917
yolo11n,B_finetuned_unsupervised,baseline,0.0,0.0,recall,0.0
yolo11n,B_finetuned_unsupervised,bo_exploration,3.0,0.07,recall,0.6599
yolo11n,B_finetuned_unsupervised,bo_exploitation,3.0,0.38,recall,0.6466
yolo11n,B_finetuned_unsupervised,grid_search,4.0,0.5,recall,0.6871
yolo11n,C_finetuned_supervised,bo_exploration,3.0,0.18,recall,0.6581
yolo11n,C_finetuned_supervised,bo_exploitation,3.0,0.17,recall,0.6587
yolo11n,C_finetuned_supervised,grid_search,4.0,0.0,recall,0.7039
yolo11m,A_unfinetuned,baseline,0.0,0.0,recall,0.0
yolo11m,A_unfinetuned,bo_exploration,3.0,0.46,recall,0.6687
yolo11n,A_unfinetuned,baseline,0.0,0.0,recall,0.0
yolo11n,A_unfinetuned,bo_exploration,2.0,0.45,recall,0.459
yolo11n,A_unfinetuned,bo_exploitation,4.0,0.44,recall,0.6946
yolo11n,A_unfinetuned,grid_search,4.0,0.5,recall,0.7002
yolo11n,B_finetuned_unsupervised,baseline,0.0,0.0,recall,0.0
yolo11n,B_finetuned_unsupervised,bo_exploration,3.0,0.25,recall,0.6627
yolo11n,B_finetuned_unsupervised,bo_exploitation,3.0,0.39,recall,0.6537
yolo11n,B_finetuned_unsupervised,grid_search,4.0,0.5,recall,0.6987
yolo11n,C_finetuned_supervised,bo_exploration,3.0,0.13,recall,0.6502
yolo11n,C_finetuned_supervised,bo_exploitation,2.0,0.11,recall,0.454
yolo11n,C_finetuned_supervised,grid_search,4.0,0.0,recall,0.7138
rtdetr-l,A_unfinetuned,baseline,0.0,0.0,recall,0.0002
rtdetr-l,A_unfinetuned,bo_exploration,3.0,0.19,recall,0.5529
rtdetr-l,A_unfinetuned,bo_exploitation,3.0,0.49,recall,0.5798
rtdetr-l,A_unfinetuned,grid_search,4.0,0.5,recall,0.6393
rtdetr-l,B_finetuned_unsupervised,baseline,0.0,0.0,recall,0.0001
rtdetr-l,B_finetuned_unsupervised,bo_exploration,3.0,0.34,recall,0.595
rtdetr-l,B_finetuned_unsupervised,bo_exploitation,3.0,0.38,recall,0.5979
rtdetr-l,B_finetuned_unsupervised,grid_search,4.0,0.5,recall,0.6401
rtdetr-l,C_finetuned_supervised,bo_exploration,2.0,0.34,recall,0.3767
rtdetr-l,C_finetuned_supervised,bo_exploitation,2.0,0.16,recall,0.3704
rtdetr-l,C_finetuned_supervised,grid_search,4.0,0.0,recall,0.6317
rtdetr-l,A_unfinetuned,baseline,0.0,0.0,recall,0.0002
rtdetr-l,A_unfinetuned,bo_exploration,2.0,0.16,recall,0.2788
rtdetr-l,A_unfinetuned,bo_exploitation,3.0,0.26,recall,0.5157
rtdetr-l,A_unfinetuned,grid_search,4.0,0.5,recall,0.6039
rtdetr-l,B_finetuned_unsupervised,baseline,0.0,0.0,recall,0.0001
rtdetr-l,B_finetuned_unsupervised,bo_exploration,3.0,0.43,recall,0.5615
rtdetr-l,B_finetuned_unsupervised,bo_exploitation,3.0,0.47,recall,0.5577
rtdetr-l,B_finetuned_unsupervised,grid_search,4.0,0.5,recall,0.6192
rtdetr-l,C_finetuned_supervised,bo_exploration,2.0,0.0,recall,0.338
rtdetr-l,C_finetuned_supervised,bo_exploitation,3.0,0.08,recall,0.5563
rtdetr-l,C_finetuned_supervised,grid_search,4.0,0.0,recall,0.6134
rtdetr-l,A_unfinetuned,baseline,0.0,0.0,recall,0.0
rtdetr-l,A_unfinetuned,bo_exploration,4.0,0.3,recall,0.6248
rtdetr-l,A_unfinetuned,bo_exploitation,2.0,0.23,recall,0.3257
rtdetr-l,A_unfinetuned,grid_search,4.0,0.5,recall,0.6416
rtdetr-l,B_finetuned_unsupervised,baseline,0.0,0.0,recall,0.0
rtdetr-l,B_finetuned_unsupervised,bo_exploration,2.0,0.26,recall,0.4677
rtdetr-l,B_finetuned_unsupervised,bo_exploitation,3.0,0.34,recall,0.679
rtdetr-l,B_finetuned_unsupervised,grid_search,4.0,0.5,recall,0.7284
rtdetr-l,C_finetuned_supervised,bo_exploration,3.0,0.5,recall,0.6833
rtdetr-l,C_finetuned_supervised,bo_exploitation,3.0,0.28,recall,0.6821
rtdetr-l,C_finetuned_supervised,grid_search,4.0,0.0,recall,0.7253
rtdetr-l,A_unfinetuned,baseline,0.0,0.0,recall,0.0
rtdetr-l,A_unfinetuned,bo_exploration,3.0,0.2,recall,0.6159
rtdetr-l,A_unfinetuned,bo_exploitation,2.0,0.23,recall,0.3907
rtdetr-l,A_unfinetuned,grid_search,4.0,0.5,recall,0.6736
rtdetr-l,B_finetuned_unsupervised,baseline,0.0,0.0,recall,0.0
rtdetr-l,B_finetuned_unsupervised,bo_exploration,3.0,0.02,recall,0.6223
rtdetr-l,B_finetuned_unsupervised,bo_exploitation,3.0,0.45,recall,0.6276
rtdetr-l,B_finetuned_unsupervised,grid_search,4.0,0.5,recall,0.6817
rtdetr-l,C_finetuned_supervised,bo_exploration,4.0,0.0,recall,0.6821
rtdetr-l,C_finetuned_supervised,bo_exploitation,4.0,0.04,recall,0.6699
rtdetr-l,C_finetuned_supervised,grid_search,4.0,0.5,recall,0.6817
rtdetr-l,A_unfinetuned,baseline,0.0,0.0,recall,0.0003
rtdetr-l,A_unfinetuned,bo_exploration,3.0,0.26,recall,0.567
rtdetr-l,A_unfinetuned,bo_exploitation,2.0,0.3,recall,0.3799
rtdetr-l,A_unfinetuned,grid_search,4.0,0.5,recall,0.6215
rtdetr-l,B_finetuned_unsupervised,baseline,0.0,0.0,recall,0.0
rtdetr-l,B_finetuned_unsupervised,bo_exploration,3.0,0.05,recall,0.5993
rtdetr-l,B_finetuned_unsupervised,bo_exploitation,3.0,0.47,recall,0.6075
rtdetr-l,B_finetuned_unsupervised,grid_search,4.0,0.5,recall,0.646
rtdetr-l,C_finetuned_supervised,bo_exploration,4.0,0.0,recall,0.6409
rtdetr-l,C_finetuned_supervised,bo_exploitation,3.0,0.02,recall,0.6056
rtdetr-l,C_finetuned_supervised,grid_search,4.0,0.0,recall,0.6409
rtdetr-l,A_unfinetuned,baseline,0.0,0.0,recall,0.0019
rtdetr-l,A_unfinetuned,bo_exploration,3.0,0.29,recall,0.5796
rtdetr-l,A_unfinetuned,bo_exploitation,3.0,0.22,recall,0.567
rtdetr-l,A_unfinetuned,grid_search,4.0,0.5,recall,0.6224
rtdetr-l,B_finetuned_unsupervised,baseline,0.0,0.0,recall,0.0013
rtdetr-l,B_finetuned_unsupervised,bo_exploration,4.0,0.0,recall,0.5319
rtdetr-l,B_finetuned_unsupervised,bo_exploitation,2.0,0.31,recall,0.2715
rtdetr-l,B_finetuned_unsupervised,grid_search,4.0,0.5,recall,0.5252
rtdetr-l,C_finetuned_supervised,bo_exploration,3.0,0.01,recall,0.4683
rtdetr-l,C_finetuned_supervised,bo_exploitation,2.0,0.1,recall,0.2718
rtdetr-l,C_finetuned_supervised,grid_search,4.0,0.25,recall,0.5176
rtdetr-l,A_unfinetuned,baseline,0.0,0.0,recall,0.0
rtdetr-l,A_unfinetuned,bo_exploration,4.0,0.5,recall,0.6406
rtdetr-l,A_unfinetuned,bo_exploitation,3.0,0.47,recall,0.5558
rtdetr-l,A_unfinetuned,grid_search,4.0,0.5,recall,0.6406
rtdetr-l,B_finetuned_unsupervised,baseline,0.0,0.0,recall,0.0
rtdetr-l,B_finetuned_unsupervised,bo_exploration,2.0,0.4,recall,0.3649
rtdetr-l,B_finetuned_unsupervised,bo_exploitation,3.0,0.43,recall,0.6005
rtdetr-l,B_finetuned_unsupervised,grid_search,4.0,0.5,recall,0.6572
rtdetr-l,C_finetuned_supervised,bo_exploration,3.0,0.0,recall,0.5951
rtdetr-l,C_finetuned_supervised,bo_exploitation,3.0,0.19,recall,0.6031
rtdetr-l,C_finetuned_supervised,grid_search,4.0,0.0,recall,0.6639
rtdetr-l,A_unfinetuned,baseline,0.0,0.0,recall,0.0005
rtdetr-l,A_unfinetuned,bo_exploration,3.0,0.26,recall,0.5658
rtdetr-l,A_unfinetuned,bo_exploitation,3.0,0.07,recall,0.5677
rtdetr-l,A_unfinetuned,grid_search,4.0,0.5,recall,0.608
rtdetr-l,B_finetuned_unsupervised,baseline,0.0,0.0,recall,0.0022
rtdetr-l,B_finetuned_unsupervised,bo_exploration,3.0,0.32,recall,0.5097
rtdetr-l,B_finetuned_unsupervised,bo_exploitation,3.0,0.09,recall,0.5159
rtdetr-l,B_finetuned_unsupervised,grid_search,4.0,0.5,recall,0.5918
rtdetr-l,C_finetuned_supervised,bo_exploration,3.0,0.22,recall,0.5087
rtdetr-l,C_finetuned_supervised,bo_exploitation,3.0,0.1,recall,0.522
rtdetr-l,C_finetuned_supervised,grid_search,4.0,0.0,recall,0.5956
rtdetr-l,A_unfinetuned,baseline,0.0,0.0,recall,0.0001
rtdetr-l,A_unfinetuned,bo_exploration,2.0,0.29,recall,0.4265
rtdetr-l,A_unfinetuned,bo_exploitation,3.0,0.37,recall,0.5991
rtdetr-l,A_unfinetuned,grid_search,4.0,0.5,recall,0.6419
yolo11n,B_finetuned_unsupervised,baseline,0.0,0.0,recall,0.0
yolo11n,B_finetuned_unsupervised,bo_exploration,3.0,0.46,recall,0.6446
yolo11n,B_finetuned_unsupervised,bo_exploitation,3.0,0.36,recall,0.6393
yolo11n,B_finetuned_unsupervised,grid_search,4.0,0.5,recall,0.6834
yolo11n,C_finetuned_supervised,bo_exploration,2.0,0.21,recall,0.4614
yolo11n,C_finetuned_supervised,bo_exploitation,3.0,0.13,recall,0.6366
yolo11n,C_finetuned_supervised,grid_search,4.0,0.0,recall,0.7
yolo11m,A_unfinetuned,baseline,0.0,0.0,recall,0.0
yolo11m,A_unfinetuned,bo_exploration,2.0,0.47,recall,0.4755
yolo11m,A_unfinetuned,bo_exploitation,3.0,0.41,recall,0.6214
yolo11m,A_unfinetuned,grid_search,4.0,0.5,recall,0.6424
yolo11m,B_finetuned_unsupervised,baseline,0.0,0.0,recall,0.0
yolo11m,B_finetuned_unsupervised,bo_exploration,3.0,0.42,recall,0.6672
yolo11m,B_finetuned_unsupervised,bo_exploitation,3.0,0.13,recall,0.6706
yolo11m,B_finetuned_unsupervised,grid_search,4.0,0.5,recall,0.6907
yolo11m,C_finetuned_supervised,bo_exploration,4.0,0.0,recall,0.7
yolo11m,C_finetuned_supervised,bo_exploitation,4.0,0.5,recall,0.6907
yolo11m,C_finetuned_supervised,grid_search,4.0,0.0,recall,0.7
yolo11n,A_unfinetuned,baseline,0.0,0.0,recall,0.0
yolo11n,A_unfinetuned,bo_exploration,3.0,0.02,recall,0.6821
yolo11n,A_unfinetuned,bo_exploitation,3.0,0.18,recall,0.679
yolo11n,A_unfinetuned,grid_search,4.0,0.5,recall,0.715
yolo11n,B_finetuned_unsupervised,baseline,0.0,0.0,recall,0.0
yolo11n,B_finetuned_unsupervised,bo_exploration,4.0,0.5,recall,0.7029
yolo11n,B_finetuned_unsupervised,bo_exploitation,2.0,0.04,recall,0.4643
yolo11n,B_finetuned_unsupervised,grid_search,4.0,0.5,recall,0.7029
yolo11n,C_finetuned_supervised,bo_exploration,4.0,0.0,recall,0.72
yolo11n,C_finetuned_supervised,bo_exploitation,3.0,0.0,recall,0.6776
yolo11n,C_finetuned_supervised,grid_search,4.0,0.0,recall,0.72
yolo11m,A_unfinetuned,baseline,0.0,0.0,recall,0.0001
yolo11m,A_unfinetuned,bo_exploration,3.0,0.28,recall,0.6546
yolo11m,A_unfinetuned,bo_exploitation,3.0,0.06,recall,0.6465
yolo11m,A_unfinetuned,grid_search,4.0,0.5,recall,0.6731
yolo11m,B_finetuned_unsupervised,baseline,0.0,0.0,recall,0.0
yolo11m,B_finetuned_unsupervised,bo_exploration,3.0,0.48,recall,0.6858
yolo11m,B_finetuned_unsupervised,bo_exploitation,3.0,0.5,recall,0.6793
yolo11m,B_finetuned_unsupervised,grid_search,4.0,0.5,recall,0.7042
yolo11m,C_finetuned_supervised,bo_exploration,3.0,0.32,recall,0.6771
yolo11m,C_finetuned_supervised,bo_exploitation,3.0,0.11,recall,0.6881
yolo11m,C_finetuned_supervised,grid_search,4.0,0.0,recall,0.7191
yolo11n,A_unfinetuned,baseline,0.0,0.0,recall,0.0
yolo11n,A_unfinetuned,bo_exploration,3.0,0.38,recall,0.6393
yolo11n,A_unfinetuned,bo_exploitation,2.0,0.02,recall,0.4756
yolo11n,A_unfinetuned,grid_search,4.0,0.5,recall,0.6954
yolo11n,B_finetuned_unsupervised,baseline,0.0,0.0,recall,0.0
yolo11n,B_finetuned_unsupervised,bo_exploration,2.0,0.25,recall,0.462
yolo11n,B_finetuned_unsupervised,bo_exploitation,3.0,0.42,recall,0.6633
yolo11n,B_finetuned_unsupervised,grid_search,4.0,0.5,recall,0.7029
yolo11n,C_finetuned_supervised,bo_exploration,2.0,0.14,recall,0.464
yolo11n,C_finetuned_supervised,bo_exploitation,3.0,0.48,recall,0.6622
yolo11n,C_finetuned_supervised,grid_search,4.0,0.0,recall,0.72
yolo11m,A_unfinetuned,baseline,0.0,0.0,recall,0.0001
yolo11m,A_unfinetuned,bo_exploration,3.0,0.32,recall,0.6498
yolo11m,A_unfinetuned,bo_exploitation,3.0,0.18,recall,0.6458
yolo11m,A_unfinetuned,grid_search,4.0,0.5,recall,0.679
yolo11m,B_finetuned_unsupervised,baseline,0.0,0.0,recall,0.0
yolo11m,B_finetuned_unsupervised,bo_exploration,3.0,0.47,recall,0.6843
yolo11m,B_finetuned_unsupervised,bo_exploitation,3.0,0.02,recall,0.6906
yolo11m,B_finetuned_unsupervised,grid_search,4.0,0.5,recall,0.7042
yolo11m,C_finetuned_supervised,bo_exploration,3.0,0.0,recall,0.6784
yolo11m,C_finetuned_supervised,bo_exploitation,2.0,0.33,recall,0.5184
yolo11m,C_finetuned_supervised,grid_search,4.0,0.0,recall,0.7191
yolo11n,A_unfinetuned,baseline,0.0,0.0,recall,0.0
yolo11n,A_unfinetuned,bo_exploration,2.0,0.42,recall,0.3681
yolo11n,A_unfinetuned,bo_exploitation,3.0,0.35,recall,0.5818
yolo11n,A_unfinetuned,grid_search,4.0,0.5,recall,0.6418
yolo11n,B_finetuned_unsupervised,baseline,0.0,0.0,recall,0.0
yolo11n,B_finetuned_unsupervised,bo_exploration,4.0,0.0,recall,0.7269
yolo11n,B_finetuned_unsupervised,bo_exploitation,3.0,0.46,recall,0.6572
yolo11n,B_finetuned_unsupervised,grid_search,4.0,0.5,recall,0.7071
yolo11n,C_finetuned_supervised,bo_exploration,4.0,0.5,recall,0.7071
yolo11n,C_finetuned_supervised,bo_exploitation,2.0,0.0,recall,0.4747
yolo11n,C_finetuned_supervised,grid_search,4.0,0.0,recall,0.7269
yolo11m,A_unfinetuned,baseline,0.0,0.0,recall,0.0001
yolo11m,A_unfinetuned,bo_exploration,4.0,0.0,recall,0.6473
yolo11m,A_unfinetuned,bo_exploitation,3.0,0.12,recall,0.5839
yolo11m,A_unfinetuned,grid_search,4.0,0.5,recall,0.6261
yolo11m,B_finetuned_unsupervised,baseline,0.0,0.0,recall,0.0
yolo11m,B_finetuned_unsupervised,bo_exploration,3.0,0.34,recall,0.6799
yolo11m,B_finetuned_unsupervised,bo_exploitation,2.0,0.34,recall,0.52
yolo11m,B_finetuned_unsupervised,grid_search,4.0,0.5,recall,0.7038
yolo11m,C_finetuned_supervised,bo_exploration,2.0,0.44,recall,0.516
yolo11m,C_finetuned_supervised,bo_exploitation,3.0,0.17,recall,0.6725
yolo11m,C_finetuned_supervised,grid_search,4.0,0.0,recall,0.7189
yolo11n,A_unfinetuned,baseline,0.0,0.0,recall,0.0
yolo11n,A_unfinetuned,bo_exploration,4.0,0.41,recall,0.7133
yolo11n,A_unfinetuned,bo_exploitation,2.0,0.37,recall,0.4159
yolo11n,A_unfinetuned,grid_search,4.0,0.5,recall,0.7154
yolo11n,B_finetuned_unsupervised,baseline,0.0,0.0,recall,0.0
yolo11n,B_finetuned_unsupervised,bo_exploration,3.0,0.07,recall,0.6488
yolo11n,B_finetuned_unsupervised,bo_exploitation,2.0,0.22,recall,0.4477
yolo11n,B_finetuned_unsupervised,grid_search,4.0,0.5,recall,0.6971
yolo11n,C_finetuned_supervised,bo_exploration,2.0,0.3,recall,0.452
yolo11n,C_finetuned_supervised,bo_exploitation,3.0,0.16,recall,0.649
yolo11n,C_finetuned_supervised,grid_search,4.0,0.0,recall,0.7124
yolo11m,A_unfinetuned,baseline,0.0,0.0,recall,0.0
yolo11m,A_unfinetuned,bo_exploration,3.0,0.34,recall,0.6656
yolo11m,A_unfinetuned,bo_exploitation,3.0,0.06,recall,0.6557
yolo11m,A_unfinetuned,grid_search,4.0,0.5,recall,0.6735
yolo11m,B_finetuned_unsupervised,baseline,0.0,0.0,recall,0.0
yolo11m,B_finetuned_unsupervised,bo_exploration,3.0,0.0,recall,0.6783
yolo11m,B_finetuned_unsupervised,bo_exploitation,3.0,0.39,recall,0.6786
yolo11m,B_finetuned_unsupervised,grid_search,4.0,0.5,recall,0.7039
yolo11m,C_finetuned_supervised,bo_exploration,3.0,0.12,recall,0.6754
yolo11m,C_finetuned_supervised,bo_exploitation,2.0,0.0,recall,0.5067
yolo11m,C_finetuned_supervised,grid_search,4.0,0.0,recall,0.719
yolo11n,A_unfinetuned,baseline,0.0,0.0,recall,0.0001
yolo11n,A_unfinetuned,bo_exploration,3.0,0.36,recall,0.6753
yolo11n,A_unfinetuned,bo_exploitation,4.0,0.3,recall,0.6962
yolo11n,A_unfinetuned,grid_search,4.0,0.5,recall,0.7053
yolo11n,B_finetuned_unsupervised,baseline,0.0,0.0,recall,0.0
yolo11n,B_finetuned_unsupervised,bo_exploration,3.0,0.5,recall,0.6766
yolo11n,B_finetuned_unsupervised,bo_exploitation,3.0,0.35,recall,0.6736
yolo11n,B_finetuned_unsupervised,grid_search,4.0,0.5,recall,0.7028
yolo11n,C_finetuned_supervised,bo_exploration,3.0,0.0,recall,0.6772
yolo11n,C_finetuned_supervised,bo_exploitation,4.0,0.23,recall,0.7135
yolo11n,C_finetuned_supervised,grid_search,4.0,0.0,recall,0.7198
yolo11m,A_unfinetuned,baseline,0.0,0.0,recall,0.0001
yolo11m,A_unfinetuned,bo_exploration,3.0,0.33,recall,0.6704
yolo11m,A_unfinetuned,bo_exploitation,3.0,0.04,recall,0.6716
yolo11m,A_unfinetuned,grid_search,4.0,0.5,recall,0.6923
yolo11m,B_finetuned_unsupervised,baseline,0.0,0.0,recall,0.0
yolo11m,B_finetuned_unsupervised,bo_exploration,2.0,0.42,recall,0.5159
yolo11m,B_finetuned_unsupervised,bo_exploitation,3.0,0.16,recall,0.6745
yolo11m,B_finetuned_unsupervised,grid_search,4.0,0.5,recall,0.7038
yolo11m,C_finetuned_supervised,bo_exploration,2.0,0.28,recall,0.5155
yolo11m,C_finetuned_supervised,bo_exploitation,3.0,0.01,recall,0.6917
yolo11m,C_finetuned_supervised,grid_search,4.0,0.0,recall,0.7188
yolo11n,A_unfinetuned,baseline,0.0,0.0,recall,0.0
yolo11n,A_unfinetuned,bo_exploration,3.0,0.5,recall,0.6367
yolo11n,A_unfinetuned,bo_exploitation,3.0,0.42,recall,0.6286
yolo11n,A_unfinetuned,grid_search,4.0,0.5,recall,0.6943
yolo11n,B_finetuned_unsupervised,baseline,0.0,0.0,recall,0.0
yolo11n,B_finetuned_unsupervised,bo_exploration,3.0,0.5,recall,0.6486
yolo11n,B_finetuned_unsupervised,bo_exploitation,2.0,0.5,recall,0.4569
yolo11n,B_finetuned_unsupervised,grid_search,4.0,0.5,recall,0.6953
yolo11n,C_finetuned_supervised,bo_exploration,4.0,0.0,recall,0.7131
yolo11n,C_finetuned_supervised,bo_exploitation,3.0,0.23,recall,0.6578
yolo11n,C_finetuned_supervised,grid_search,4.0,0.0,recall,0.7131
yolo11m,A_unfinetuned,baseline,0.0,0.0,recall,0.0
yolo11m,A_unfinetuned,bo_exploration,3.0,0.47,recall,0.6283
yolo11m,A_unfinetuned,bo_exploitation,3.0,0.31,recall,0.6193
yolo11m,A_unfinetuned,grid_search,4.0,0.5,recall,0.661
yolo11m,B_finetuned_unsupervised,baseline,0.0,0.0,recall,0.0
yolo11m,B_finetuned_unsupervised,bo_exploration,3.0,0.47,recall,0.6849
yolo11m,B_finetuned_unsupervised,bo_exploitation,3.0,0.45,recall,0.6923
yolo11m,B_finetuned_unsupervised,grid_search,4.0,0.5,recall,0.7043
yolo11m,C_finetuned_supervised,bo_exploration,3.0,0.0,recall,0.6789
yolo11m,C_finetuned_supervised,bo_exploitation,3.0,0.28,recall,0.6779
yolo11m,C_finetuned_supervised,grid_search,4.0,0.0,recall,0.7193
yolo11n,A_unfinetuned,baseline,0.0,0.0,recall,0.0001
yolo11n,A_unfinetuned,bo_exploration,4.0,0.49,recall,0.701
yolo11n,A_unfinetuned,bo_exploitation,3.0,0.15,recall,0.6816
yolo11n,A_unfinetuned,grid_search,4.0,0.5,recall,0.7012
yolo11n,B_finetuned_unsupervised,baseline,0.0,0.0,recall,0.0
yolo11n,B_finetuned_unsupervised,bo_exploration,2.0,0.18,recall,0.447
yolo11n,B_finetuned_unsupervised,bo_exploitation,3.0,0.24,recall,0.6481
yolo11n,B_finetuned_unsupervised,grid_search,4.0,0.5,recall,0.6977
yolo11n,C_finetuned_supervised,bo_exploration,3.0,0.31,recall,0.6515
yolo11n,C_finetuned_supervised,bo_exploitation,3.0,0.09,recall,0.6487
yolo11n,C_finetuned_supervised,grid_search,4.0,0.0,recall,0.7124
yolo11m,A_unfinetuned,baseline,0.0,0.0,recall,0.0
yolo11m,A_unfinetuned,bo_exploration,2.0,0.3,recall,0.497
yolo11m,A_unfinetuned,bo_exploitation,3.0,0.32,recall,0.6616
yolo11m,A_unfinetuned,grid_search,4.0,0.5,recall,0.6578
yolo11m,B_finetuned_unsupervised,baseline,0.0,0.0,recall,0.0
yolo11m,B_finetuned_unsupervised,bo_exploration,3.0,0.29,recall,0.6773
yolo11m,B_finetuned_unsupervised,bo_exploitation,3.0,0.44,recall,0.683
yolo11m,B_finetuned_unsupervised,grid_search,4.0,0.5,recall,0.7041
yolo11m,C_finetuned_supervised,bo_exploration,3.0,0.0,recall,0.6782
yolo11m,C_finetuned_supervised,bo_exploitation,2.0,0.05,recall,0.5101
yolo11m,C_finetuned_supervised,grid_search,4.0,0.0,recall,0.7189
yolo11n,A_unfinetuned,baseline,0.0,0.0,recall,0.0
yolo11n,A_unfinetuned,bo_exploration,3.0,0.45,recall,0.642
yolo11n,A_unfinetuned,bo_exploitation,3.0,0.42,recall,0.6288
yolo11n,A_unfinetuned,grid_search,4.0,0.5,recall,0.6767
yolo11n,B_finetuned_unsupervised,baseline,0.0,0.0,recall,0.0
yolo11n,B_finetuned_unsupervised,bo_exploration,3.0,0.11,recall,0.6776
yolo11n,B_finetuned_unsupervised,bo_exploitation,2.0,0.27,recall,0.4735
yolo11n,B_finetuned_unsupervised,grid_search,4.0,0.5,recall,0.7071
yolo11n,C_finetuned_supervised,bo_exploration,3.0,0.5,recall,0.6724
yolo11n,C_finetuned_supervised,bo_exploitation,3.0,0.09,recall,0.6657
yolo11n,C_finetuned_supervised,grid_search,4.0,0.0,recall,0.7269
yolo11n,A_unfinetuned,baseline,0.0,0.0,recall,0.0001
yolo11n,A_unfinetuned,bo_exploration,3.0,0.35,recall,0.6836
yolo11n,A_unfinetuned,bo_exploitation,3.0,0.07,recall,0.6843
yolo11n,A_unfinetuned,grid_search,4.0,0.5,recall,0.7048
yolo11n,B_finetuned_unsupervised,baseline,0.0,0.0,recall,0.0
yolo11n,B_finetuned_unsupervised,bo_exploration,4.0,0.5,recall,0.6834
yolo11n,B_finetuned_unsupervised,bo_exploitation,2.0,0.34,recall,0.4619
yolo11n,B_finetuned_unsupervised,grid_search,4.0,0.5,recall,0.6834
yolo11n,C_finetuned_supervised,bo_exploration,3.0,0.14,recall,0.6384
yolo11n,C_finetuned_supervised,bo_exploitation,3.0,0.36,recall,0.6393
yolo11n,C_finetuned_supervised,grid_search,4.0,0.0,recall,0.7
rtdetr-l,A_unfinetuned,baseline,0.0,0.0,recall,0.0008
rtdetr-l,A_unfinetuned,bo_exploration,2.0,0.31,recall,0.3857
rtdetr-l,A_unfinetuned,bo_exploitation,2.0,0.45,recall,0.3776
rtdetr-l,A_unfinetuned,grid_search,4.0,0.5,recall,0.5823
rtdetr-l,B_finetuned_unsupervised,baseline,0.0,0.0,recall,0.0
rtdetr-l,B_finetuned_unsupervised,bo_exploration,3.0,0.5,recall,0.5484
rtdetr-l,B_finetuned_unsupervised,bo_exploitation,3.0,0.16,recall,0.5411
rtdetr-l,B_finetuned_unsupervised,grid_search,4.0,0.5,recall,0.6501
rtdetr-l,C_finetuned_supervised,bo_exploration,3.0,0.03,recall,0.5436
rtdetr-l,C_finetuned_supervised,bo_exploitation,3.0,0.15,recall,0.5386
rtdetr-l,C_finetuned_supervised,grid_search,4.0,0.0,recall,0.6557
rtdetr-l,A_unfinetuned,baseline,0.0,0.0,recall,0.0
rtdetr-l,A_unfinetuned,bo_exploration,2.0,0.5,recall,0.4077
rtdetr-l,A_unfinetuned,bo_exploitation,3.0,0.17,recall,0.6328
rtdetr-l,A_unfinetuned,grid_search,4.0,0.5,recall,0.6702
rtdetr-l,B_finetuned_unsupervised,baseline,0.0,0.0,recall,0.0001
rtdetr-l,B_finetuned_unsupervised,bo_exploration,3.0,0.35,recall,0.5867
rtdetr-l,B_finetuned_unsupervised,bo_exploitation,2.0,0.17,recall,0.4019
rtdetr-l,B_finetuned_unsupervised,grid_search,4.0,0.5,recall,0.6443
rtdetr-l,C_finetuned_supervised,bo_exploration,3.0,0.18,recall,0.5703
rtdetr-l,C_finetuned_supervised,bo_exploitation,4.0,0.0,recall,0.6191
rtdetr-l,C_finetuned_supervised,grid_search,4.0,0.0,recall,0.6191
rtdetr-l,A_unfinetuned,baseline,0.0,0.0,recall,0.0
rtdetr-l,A_unfinetuned,bo_exploration,2.0,0.21,recall,0.3747
rtdetr-l,A_unfinetuned,bo_exploitation,3.0,0.11,recall,0.6334
rtdetr-l,A_unfinetuned,grid_search,4.0,0.5,recall,0.6587
rtdetr-l,B_finetuned_unsupervised,baseline,0.0,0.0,recall,0.0
rtdetr-l,B_finetuned_unsupervised,bo_exploration,3.0,0.21,recall,0.5503
rtdetr-l,B_finetuned_unsupervised,bo_exploitation,3.0,0.17,recall,0.55
rtdetr-l,B_finetuned_unsupervised,grid_search,4.0,0.5,recall,0.6162
rtdetr-l,C_finetuned_supervised,bo_exploration,4.0,0.0,recall,0.594
rtdetr-l,C_finetuned_supervised,bo_exploitation,3.0,0.32,recall,0.5626
rtdetr-l,C_finetuned_supervised,grid_search,4.0,0.0,recall,0.594
rtdetr-l,A_unfinetuned,baseline,0.0,0.0,recall,0.0
rtdetr-l,A_unfinetuned,bo_exploration,4.0,0.5,recall,0.6816
rtdetr-l,A_unfinetuned,bo_exploitation,3.0,0.01,recall,0.5882
rtdetr-l,A_unfinetuned,grid_search,4.0,0.5,recall,0.6816
rtdetr-l,B_finetuned_unsupervised,baseline,0.0,0.0,recall,0.0022
rtdetr-l,B_finetuned_unsupervised,bo_exploration,3.0,0.5,recall,0.5023
rtdetr-l,B_finetuned_unsupervised,bo_exploitation,4.0,0.07,recall,0.565
rtdetr-l,B_finetuned_unsupervised,grid_search,4.0,0.5,recall,0.5761
rtdetr-l,C_finetuned_supervised,bo_exploration,2.0,0.05,recall,0.3226
rtdetr-l,C_finetuned_supervised,bo_exploitation,3.0,0.0,recall,0.5098
rtdetr-l,C_finetuned_supervised,grid_search,4.0,0.0,recall,0.5708
rtdetr-l,A_unfinetuned,baseline,0.0,0.0,recall,0.0
rtdetr-l,A_unfinetuned,bo_exploration,4.0,0.28,recall,0.6113
rtdetr-l,A_unfinetuned,bo_exploitation,3.0,0.13,recall,0.5718
rtdetr-l,A_unfinetuned,grid_search,4.0,0.5,recall,0.641
rtdetr-l,B_finetuned_unsupervised,baseline,0.0,0.0,recall,0.0001
rtdetr-l,B_finetuned_unsupervised,bo_exploration,3.0,0.04,recall,0.5907
rtdetr-l,B_finetuned_unsupervised,bo_exploitation,3.0,0.35,recall,0.5923
rtdetr-l,B_finetuned_unsupervised,grid_search,4.0,0.5,recall,0.6362
rtdetr-l,C_finetuned_supervised,bo_exploration,3.0,0.22,recall,0.5728
rtdetr-l,C_finetuned_supervised,bo_exploitation,3.0,0.12,recall,0.586
rtdetr-l,C_finetuned_supervised,grid_search,4.0,0.25,recall,0.6179
rtdetr-l,A_unfinetuned,baseline,0.0,0.0,recall,0.0023
rtdetr-l,A_unfinetuned,bo_exploration,3.0,0.43,recall,0.5702
rtdetr-l,A_unfinetuned,bo_exploitation,2.0,0.11,recall,0.3959
rtdetr-l,A_unfinetuned,grid_search,4.0,0.5,recall,0.6034
rtdetr-l,B_finetuned_unsupervised,baseline,0.0,0.0,recall,0.0001
rtdetr-l,B_finetuned_unsupervised,bo_exploration,3.0,0.5,recall,0.6476
rtdetr-l,B_finetuned_unsupervised,bo_exploitation,3.0,0.46,recall,0.6269
rtdetr-l,B_finetuned_unsupervised,grid_search,4.0,0.5,recall,0.6613
rtdetr-l,C_finetuned_supervised,bo_exploration,3.0,0.2,recall,0.6215
rtdetr-l,C_finetuned_supervised,bo_exploitation,3.0,0.06,recall,0.6392
rtdetr-l,C_finetuned_supervised,grid_search,4.0,0.5,recall,0.6613
rtdetr-l,A_unfinetuned,baseline,0.0,0.0,recall,0.0
rtdetr-l,A_unfinetuned,bo_exploration,3.0,0.18,recall,0.5653
rtdetr-l,A_unfinetuned,bo_exploitation,3.0,0.5,recall,0.5516
rtdetr-l,A_unfinetuned,grid_search,4.0,0.5,recall,0.6205
rtdetr-l,B_finetuned_unsupervised,baseline,0.0,0.0,recall,0.0009
rtdetr-l,B_finetuned_unsupervised,bo_exploration,3.0,0.5,recall,0.58
rtdetr-l,B_finetuned_unsupervised,bo_exploitation,2.0,0.22,recall,0.397
rtdetr-l,B_finetuned_unsupervised,grid_search,4.0,0.5,recall,0.6385
rtdetr-l,C_finetuned_supervised,bo_exploration,3.0,0.24,recall,0.5725
rtdetr-l,C_finetuned_supervised,bo_exploitation,4.0,0.37,recall,0.6285
rtdetr-l,C_finetuned_supervised,grid_search,4.0,0.0,recall,0.6314
rtdetr-l,A_unfinetuned,baseline,0.0,0.0,recall,0.0002
rtdetr-l,A_unfinetuned,bo_exploration,3.0,0.02,recall,0.6124
rtdetr-l,A_unfinetuned,bo_exploitation,3.0,0.42,recall,0.615
rtdetr-l,A_unfinetuned,grid_search,4.0,0.5,recall,0.6237
rtdetr-l,B_finetuned_unsupervised,baseline,0.0,0.0,recall,0.0007
rtdetr-l,B_finetuned_unsupervised,bo_exploration,1.0,0.28,recall,0.0043
rtdetr-l,B_finetuned_unsupervised,bo_exploitation,4.0,0.44,recall,0.6101
rtdetr-l,B_finetuned_unsupervised,grid_search,4.0,0.5,recall,0.6152
rtdetr-l,C_finetuned_supervised,bo_exploration,2.0,0.25,recall,0.3625
rtdetr-l,C_finetuned_supervised,bo_exploitation,3.0,0.0,recall,0.546
rtdetr-l,C_finetuned_supervised,grid_search,4.0,0.0,recall,0.6151
rtdetr-l,A_unfinetuned,baseline,0.0,0.0,recall,0.0
rtdetr-l,A_unfinetuned,bo_exploration,3.0,0.04,recall,0.609
rtdetr-l,A_unfinetuned,bo_exploitation,3.0,0.24,recall,0.6035
rtdetr-l,A_unfinetuned,grid_search,4.0,0.5,recall,0.6568
yolo11n,B_finetuned_unsupervised,baseline,0.0,0.0,recall,0.0
yolo11n,B_finetuned_unsupervised,bo_exploration,2.0,0.18,recall,0.4722
yolo11n,B_finetuned_unsupervised,bo_exploitation,2.0,0.38,recall,0.4745
yolo11n,B_finetuned_unsupervised,grid_search,4.0,0.5,recall,0.7068
yolo11n,C_finetuned_supervised,bo_exploration,2.0,0.0,recall,0.4732
yolo11n,C_finetuned_supervised,bo_exploitation,3.0,0.0,recall,0.672
yolo11n,C_finetuned_supervised,grid_search,4.0,0.0,recall,0.7266
yolo11m,A_unfinetuned,baseline,0.0,0.0,recall,0.0
yolo11m,A_unfinetuned,bo_exploration,4.0,0.49,recall,0.6412
yolo11m,A_unfinetuned,bo_exploitation,3.0,0.15,recall,0.6181
yolo11m,A_unfinetuned,grid_search,4.0,0.5,recall,0.6426
yolo11m,B_finetuned_unsupervised,baseline,0.0,0.0,recall,0.0
yolo11m,B_finetuned_unsupervised,bo_exploration,3.0,0.12,recall,0.6745
yolo11m,B_finetuned_unsupervised,bo_exploitation,4.0,0.16,recall,0.7081
yolo11m,B_finetuned_unsupervised,grid_search,4.0,0.5,recall,0.7033
yolo11m,C_finetuned_supervised,bo_exploration,3.0,0.29,recall,0.6766
yolo11m,C_finetuned_supervised,bo_exploitation,3.0,0.46,recall,0.6878
yolo11m,C_finetuned_supervised,grid_search,4.0,0.0,recall,0.7183
yolo11n,A_unfinetuned,baseline,0.0,0.0,recall,0.0002
yolo11n,A_unfinetuned,bo_exploration,3.0,0.28,recall,0.6926
yolo11n,A_unfinetuned,bo_exploitation,3.0,0.14,recall,0.69
yolo11n,A_unfinetuned,grid_search,4.0,0.5,recall,0.7204
yolo11n,B_finetuned_unsupervised,baseline,0.0,0.0,recall,0.0
yolo11n,B_finetuned_unsupervised,bo_exploration,3.0,0.5,recall,0.6638
yolo11n,B_finetuned_unsupervised,bo_exploitation,3.0,0.08,recall,0.6568
yolo11n,B_finetuned_unsupervised,grid_search,4.0,0.5,recall,0.6861
yolo11n,C_finetuned_supervised,bo_exploration,4.0,0.17,recall,0.6967
yolo11n,C_finetuned_supervised,bo_exploitation,2.0,0.2,recall,0.4456
yolo11n,C_finetuned_supervised,grid_search,4.0,0.0,recall,0.7029
yolo11m,A_unfinetuned,baseline,0.0,0.0,recall,0.0
yolo11m,A_unfinetuned,bo_exploration,3.0,0.29,recall,0.6843
yolo11m,A_unfinetuned,bo_exploitation,3.0,0.02,recall,0.6837
yolo11m,A_unfinetuned,grid_search,4.0,0.5,recall,0.6997
yolo11m,B_finetuned_unsupervised,baseline,0.0,0.0,recall,0.0
yolo11m,B_finetuned_unsupervised,bo_exploration,2.0,0.23,recall,0.5116
yolo11m,B_finetuned_unsupervised,bo_exploitation,3.0,0.08,recall,0.6887
yolo11m,B_finetuned_unsupervised,grid_search,4.0,0.5,recall,0.7018
yolo11m,C_finetuned_supervised,bo_exploration,3.0,0.28,recall,0.6768
yolo11m,C_finetuned_supervised,bo_exploitation,3.0,0.0,recall,0.6782
yolo11m,C_finetuned_supervised,grid_search,4.0,0.0,recall,0.7164
yolo11n,A_unfinetuned,baseline,0.0,0.0,recall,0.0
yolo11n,A_unfinetuned,bo_exploration,4.0,0.5,recall,0.6963
yolo11n,A_unfinetuned,bo_exploitation,3.0,0.23,recall,0.6522
yolo11n,A_unfinetuned,grid_search,4.0,0.5,recall,0.6963
yolo11n,B_finetuned_unsupervised,baseline,0.0,0.0,recall,0.0
yolo11n,B_finetuned_unsupervised,bo_exploration,3.0,0.45,recall,0.6736
yolo11n,B_finetuned_unsupervised,bo_exploitation,4.0,0.5,recall,0.7026
yolo11n,B_finetuned_unsupervised,grid_search,4.0,0.5,recall,0.7026
yolo11n,C_finetuned_supervised,bo_exploration,3.0,0.0,recall,0.677
yolo11n,C_finetuned_supervised,bo_exploitation,4.0,0.5,recall,0.7026
yolo11n,C_finetuned_supervised,grid_search,4.0,0.0,recall,0.7195
yolo11m,A_unfinetuned,baseline,0.0,0.0,recall,0.0
yolo11m,A_unfinetuned,bo_exploration,3.0,0.33,recall,0.6979
yolo11m,A_unfinetuned,bo_exploitation,3.0,0.5,recall,0.683
yolo11m,A_unfinetuned,grid_search,4.0,0.5,recall,0.7059
yolo11m,B_finetuned_unsupervised,baseline,0.0,0.0,recall,0.0
yolo11m,B_finetuned_unsupervised,bo_exploration,3.0,0.45,recall,0.6916
yolo11m,B_finetuned_unsupervised,bo_exploitation,3.0,0.25,recall,0.6829
yolo11m,B_finetuned_unsupervised,grid_search,4.0,0.5,recall,0.7037
yolo11m,C_finetuned_supervised,bo_exploration,4.0,0.0,recall,0.7188
yolo11m,C_finetuned_supervised,bo_exploitation,3.0,0.25,recall,0.6829
yolo11m,C_finetuned_supervised,grid_search,4.0,0.0,recall,0.7188
yolo11n,A_unfinetuned,baseline,0.0,0.0,recall,0.0001
yolo11n,A_unfinetuned,bo_exploration,3.0,0.29,recall,0.648
yolo11n,A_unfinetuned,bo_exploitation,3.0,0.02,recall,0.6656
yolo11n,A_unfinetuned,grid_search,4.0,0.5,recall,0.6771
yolo11n,B_finetuned_unsupervised,baseline,0.0,0.0,recall,0.0
yolo11n,B_finetuned_unsupervised,bo_exploration,2.0,0.37,recall,0.4507
yolo11n,B_finetuned_unsupervised,bo_exploitation,3.0,0.22,recall,0.6627
yolo11n,B_finetuned_unsupervised,grid_search,4.0,0.5,recall,0.6977
yolo11n,C_finetuned_supervised,bo_exploration,4.0,0.5,recall,0.6977
yolo11n,C_finetuned_supervised,bo_exploitation,3.0,0.22,recall,0.6627
yolo11n,C_finetuned_supervised,grid_search,4.0,0.0,recall,0.7124
yolo11m,A_unfinetuned,baseline,0.0,0.0,recall,0.0001
yolo11m,A_unfinetuned,bo_exploration,3.0,0.47,recall,0.6129
yolo11m,A_unfinetuned,bo_exploitation,3.0,0.24,recall,0.6198
yolo11m,A_unfinetuned,grid_search,4.0,0.5,recall,0.6567
yolo11m,B_finetuned_unsupervised,baseline,0.0,0.0,recall,0.0
yolo11m,B_finetuned_unsupervised,bo_exploration,3.0,0.49,recall,0.6812
yolo11m,B_finetuned_unsupervised,bo_exploitation,2.0,0.48,recall,0.5181
yolo11m,B_finetuned_unsupervised,grid_search,4.0,0.5,recall,0.7041
yolo11m,C_finetuned_supervised,bo_exploration,3.0,0.0,recall,0.6782
yolo11m,C_finetuned_supervised,bo_exploitation,3.0,0.07,recall,0.6936
yolo11m,C_finetuned_supervised,grid_search,4.0,0.0,recall,0.7189
yolo11n,A_unfinetuned,baseline,0.0,0.0,recall,0.0
yolo11n,A_unfinetuned,bo_exploration,3.0,0.1,recall,0.6519
yolo11n,A_unfinetuned,bo_exploitation,3.0,0.05,recall,0.6508
yolo11n,A_unfinetuned,grid_search,4.0,0.5,recall,0.7038
yolo11n,B_finetuned_unsupervised,baseline,0.0,0.0,recall,0.0
yolo11n,B_finetuned_unsupervised,bo_exploration,3.0,0.48,recall,0.6446
yolo11n,B_finetuned_unsupervised,bo_exploitation,3.0,0.44,recall,0.6438
yolo11n,B_finetuned_unsupervised,grid_search,4.0,0.5,recall,0.6838
yolo11n,C_finetuned_supervised,bo_exploration,4.0,0.0,recall,0.7002
yolo11n,C_finetuned_supervised,bo_exploitation,4.0,0.25,recall,0.6881
yolo11n,C_finetuned_supervised,grid_search,4.0,0.0,recall,0.7002
yolo11m,A_unfinetuned,baseline,0.0,0.0,recall,0.0
yolo11m,A_unfinetuned,bo_exploration,3.0,0.5,recall,0.6155
yolo11m,A_unfinetuned,bo_exploitation,2.0,0.23,recall,0.4555
yolo11m,A_unfinetuned,grid_search,4.0,0.5,recall,0.6455
yolo11m,B_finetuned_unsupervised,baseline,0.0,0.0,recall,0.0
yolo11m,B_finetuned_unsupervised,bo_exploration,4.0,0.5,recall,0.7039
yolo11m,B_finetuned_unsupervised,bo_exploitation,3.0,0.01,recall,0.6918
yolo11m,B_finetuned_unsupervised,grid_search,4.0,0.5,recall,0.7039
yolo11m,C_finetuned_supervised,bo_exploration,3.0,0.0,recall,0.678
yolo11m,C_finetuned_supervised,bo_exploitation,3.0,0.5,recall,0.6791
yolo11m,C_finetuned_supervised,grid_search,4.0,0.0,recall,0.719
yolo11n,A_unfinetuned,baseline,0.0,0.0,recall,0.0
yolo11n,A_unfinetuned,bo_exploration,3.0,0.4,recall,0.6942
yolo11n,A_unfinetuned,bo_exploitation,3.0,0.03,recall,0.6923
yolo11n,A_unfinetuned,grid_search,4.0,0.5,recall,0.7334
yolo11n,B_finetuned_unsupervised,baseline,0.0,0.0,recall,0.0
yolo11n,B_finetuned_unsupervised,bo_exploration,2.0,0.23,recall,0.4711
yolo11n,B_finetuned_unsupervised,bo_exploitation,3.0,0.31,recall,0.6688
yolo11n,B_finetuned_unsupervised,grid_search,4.0,0.5,recall,0.7075
yolo11n,C_finetuned_supervised,bo_exploration,3.0,0.11,recall,0.6776
yolo11n,C_finetuned_supervised,bo_exploitation,2.0,0.0,recall,0.4729
yolo11n,C_finetuned_supervised,grid_search,4.0,0.0,recall,0.7272
yolo11m,A_unfinetuned,baseline,0.0,0.0,recall,0.0
yolo11m,A_unfinetuned,bo_exploration,3.0,0.44,recall,0.6405
yolo11m,A_unfinetuned,bo_exploitation,3.0,0.4,recall,0.6266
yolo11m,A_unfinetuned,grid_search,4.0,0.5,recall,0.6495
yolo11m,B_finetuned_unsupervised,baseline,0.0,0.0,recall,0.0
yolo11m,B_finetuned_unsupervised,bo_exploration,4.0,0.5,recall,0.6683
yolo11m,B_finetuned_unsupervised,bo_exploitation,3.0,0.43,recall,0.6565
yolo11m,B_finetuned_unsupervised,grid_search,4.0,0.5,recall,0.6683
yolo11m,C_finetuned_supervised,bo_exploration,3.0,0.5,recall,0.6464
yolo11m,C_finetuned_supervised,bo_exploitation,2.0,0.06,recall,0.4984
yolo11m,C_finetuned_supervised,grid_search,4.0,0.0,recall,0.6783
yolo11n,A_unfinetuned,baseline,0.0,0.0,recall,0.0002
yolo11n,A_unfinetuned,bo_exploration,4.0,0.0,recall,0.689
yolo11n,A_unfinetuned,bo_exploitation,4.0,0.19,recall,0.6876
yolo11n,A_unfinetuned,grid_search,4.0,0.5,recall,0.6726
yolo11n,B_finetuned_unsupervised,baseline,0.0,0.0,recall,0.0
yolo11n,B_finetuned_unsupervised,bo_exploration,4.0,0.39,recall,0.6999
yolo11n,B_finetuned_unsupervised,bo_exploitation,2.0,0.3,recall,0.4478
yolo11n,B_finetuned_unsupervised,grid_search,4.0,0.5,recall,0.6861
yolo11n,C_finetuned_supervised,bo_exploration,3.0,0.3,recall,0.658
yolo11n,C_finetuned_supervised,bo_exploitation,3.0,0.28,recall,0.6597
yolo11n,C_finetuned_supervised,grid_search,4.0,0.0,recall,0.7029
yolo11m,A_unfinetuned,baseline,0.0,0.0,recall,0.0002
yolo11m,A_unfinetuned,bo_exploration,3.0,0.45,recall,0.6726
yolo11m,A_unfinetuned,bo_exploitation,3.0,0.44,recall,0.6605
yolo11m,A_unfinetuned,grid_search,4.0,0.5,recall,0.6948
yolo11m,B_finetuned_unsupervised,baseline,0.0,0.0,recall,0.0
yolo11m,B_finetuned_unsupervised,bo_exploration,3.0,0.1,recall,0.6866
yolo11m,B_finetuned_unsupervised,bo_exploitation,3.0,0.49,recall,0.6792
yolo11m,B_finetuned_unsupervised,grid_search,4.0,0.5,recall,0.7018
yolo11m,C_finetuned_supervised,bo_exploration,3.0,0.0,recall,0.6782
yolo11m,C_finetuned_supervised,bo_exploitation,3.0,0.12,recall,0.675
yolo11m,C_finetuned_supervised,grid_search,4.0,0.0,recall,0.7164
yolo11n,A_unfinetuned,baseline,0.0,0.0,recall,0.0
yolo11n,A_unfinetuned,bo_exploration,3.0,0.24,recall,0.6866
yolo11n,A_unfinetuned,bo_exploitation,3.0,0.21,recall,0.6866
yolo11n,A_unfinetuned,grid_search,4.0,0.5,recall,0.7246
yolo11n,B_finetuned_unsupervised,baseline,0.0,0.0,recall,0.0001
yolo11n,B_finetuned_unsupervised,bo_exploration,2.0,0.37,recall,0.4626
yolo11n,B_finetuned_unsupervised,bo_exploitation,3.0,0.05,recall,0.6639
yolo11n,B_finetuned_unsupervised,grid_search,4.0,0.5,recall,0.6942
yolo11n,C_finetuned_supervised,bo_exploration,3.0,0.06,recall,0.6653
yolo11n,C_finetuned_supervised,bo_exploitation,3.0,0.27,recall,0.6509
yolo11n,C_finetuned_supervised,grid_search,4.0,0.0,recall,0.7098
yolo11m,A_unfinetuned,baseline,0.0,0.0,recall,0.0001
yolo11m,A_unfinetuned,bo_exploration,3.0,0.37,recall,0.6162
yolo11m,A_unfinetuned,bo_exploitation,2.0,0.2,recall,0.4669
yolo11m,A_unfinetuned,grid_search,4.0,0.5,recall,0.6268
yolo11m,B_finetuned_unsupervised,baseline,0.0,0.0,recall,0.0
yolo11m,B_finetuned_unsupervised,bo_exploration,2.0,0.28,recall,0.5152
yolo11m,B_finetuned_unsupervised,bo_exploitation,3.0,0.31,recall,0.6785
yolo11m,B_finetuned_unsupervised,grid_search,4.0,0.5,recall,0.7042
yolo11m,C_finetuned_supervised,bo_exploration,3.0,0.18,recall,0.6869
yolo11m,C_finetuned_supervised,bo_exploitation,2.0,0.0,recall,0.5065
yolo11m,C_finetuned_supervised,grid_search,4.0,0.0,recall,0.7191
yolo11n,A_unfinetuned,baseline,0.0,0.0,recall,0.0
yolo11n,A_unfinetuned,bo_exploration,4.0,0.43,recall,0.7071
yolo11n,A_unfinetuned,bo_exploitation,3.0,0.27,recall,0.6707
yolo11n,A_unfinetuned,grid_search,4.0,0.5,recall,0.6844
yolo11n,A_unfinetuned,baseline,0.0,0.0,recall,0.0
yolo11n,A_unfinetuned,bo_exploration,3.0,0.08,recall,0.6579
yolo11n,A_unfinetuned,bo_exploitation,2.0,0.49,recall,0.4198
yolo11n,A_unfinetuned,grid_search,4.0,0.5,recall,0.6973
yolo11n,B_finetuned_unsupervised,baseline,0.0,0.0,recall,0.0
yolo11n,B_finetuned_unsupervised,bo_exploration,3.0,0.05,recall,0.6783
yolo11n,B_finetuned_unsupervised,bo_exploitation,3.0,0.42,recall,0.6706
yolo11n,B_finetuned_unsupervised,grid_search,4.0,0.5,recall,0.7068
yolo11n,C_finetuned_supervised,bo_exploration,3.0,0.23,recall,0.6634
yolo11n,C_finetuned_supervised,bo_exploitation,3.0,0.0,recall,0.672
yolo11n,C_finetuned_supervised,grid_search,4.0,0.0,recall,0.7266
rtdetr-l,A_unfinetuned,baseline,0.0,0.0,recall,0.0
rtdetr-l,A_unfinetuned,bo_exploration,4.0,0.5,recall,0.6895
rtdetr-l,A_unfinetuned,bo_exploitation,3.0,0.42,recall,0.6523
rtdetr-l,A_unfinetuned,grid_search,4.0,0.5,recall,0.6895
rtdetr-l,B_finetuned_unsupervised,baseline,0.0,0.0,recall,0.0001
rtdetr-l,B_finetuned_unsupervised,bo_exploration,3.0,0.41,recall,0.5647
rtdetr-l,B_finetuned_unsupervised,bo_exploitation,3.0,0.29,recall,0.5559
rtdetr-l,B_finetuned_unsupervised,grid_search,4.0,0.5,recall,0.6205
rtdetr-l,C_finetuned_supervised,bo_exploration,2.0,0.0,recall,0.3229
rtdetr-l,C_finetuned_supervised,bo_exploitation,3.0,0.07,recall,0.5522
rtdetr-l,C_finetuned_supervised,grid_search,4.0,0.0,recall,0.6109
rtdetr-l,A_unfinetuned,baseline,0.0,0.0,recall,0.0
rtdetr-l,A_unfinetuned,bo_exploration,3.0,0.27,recall,0.6478
rtdetr-l,A_unfinetuned,bo_exploitation,3.0,0.33,recall,0.6439
rtdetr-l,A_unfinetuned,grid_search,4.0,0.5,recall,0.71
rtdetr-l,B_finetuned_unsupervised,baseline,0.0,0.0,recall,0.0007
rtdetr-l,B_finetuned_unsupervised,bo_exploration,3.0,0.3,recall,0.5392
rtdetr-l,B_finetuned_unsupervised,bo_exploitation,3.0,0.1,recall,0.543
rtdetr-l,B_finetuned_unsupervised,grid_search,4.0,0.5,recall,0.6074
rtdetr-l,C_finetuned_supervised,bo_exploration,3.0,0.08,recall,0.5509
rtdetr-l,C_finetuned_supervised,bo_exploitation,3.0,0.03,recall,0.5499
rtdetr-l,C_finetuned_supervised,grid_search,4.0,0.0,recall,0.6042
rtdetr-l,A_unfinetuned,baseline,0.0,0.0,recall,0.0001
rtdetr-l,A_unfinetuned,bo_exploration,2.0,0.5,recall,0.3125
rtdetr-l,A_unfinetuned,bo_exploitation,2.0,0.27,recall,0.3112
rtdetr-l,A_unfinetuned,grid_search,4.0,0.5,recall,0.5815
rtdetr-l,B_finetuned_unsupervised,baseline,0.0,0.0,recall,0.0
rtdetr-l,B_finetuned_unsupervised,bo_exploration,4.0,0.0,recall,0.7109
rtdetr-l,B_finetuned_unsupervised,bo_exploitation,3.0,0.04,recall,0.6817
rtdetr-l,B_finetuned_unsupervised,grid_search,4.0,0.5,recall,0.7046
rtdetr-l,C_finetuned_supervised,bo_exploration,3.0,0.0,recall,0.6665
rtdetr-l,C_finetuned_supervised,bo_exploitation,4.0,0.5,recall,0.7046
rtdetr-l,C_finetuned_supervised,grid_search,4.0,0.0,recall,0.7109
rtdetr-l,A_unfinetuned,baseline,0.0,0.0,recall,0.0004
rtdetr-l,A_unfinetuned,bo_exploration,3.0,0.17,recall,0.5686
rtdetr-l,A_unfinetuned,bo_exploitation,3.0,0.26,recall,0.567
rtdetr-l,A_unfinetuned,grid_search,4.0,0.5,recall,0.6215
rtdetr-l,B_finetuned_unsupervised,baseline,0.0,0.0,recall,0.0
rtdetr-l,B_finetuned_unsupervised,bo_exploration,4.0,0.0,recall,0.6509
rtdetr-l,B_finetuned_unsupervised,bo_exploitation,2.0,0.29,recall,0.3507
rtdetr-l,B_finetuned_unsupervised,grid_search,4.0,0.5,recall,0.6457
rtdetr-l,C_finetuned_supervised,bo_exploration,3.0,0.01,recall,0.5814
rtdetr-l,C_finetuned_supervised,bo_exploitation,2.0,0.05,recall,0.3257
rtdetr-l,C_finetuned_supervised,grid_search,4.0,0.0,recall,0.6509
rtdetr-l,A_unfinetuned,baseline,0.0,0.0,recall,0.0
rtdetr-l,A_unfinetuned,bo_exploration,3.0,0.3,recall,0.6142
rtdetr-l,A_unfinetuned,bo_exploitation,2.0,0.46,recall,0.3807
rtdetr-l,A_unfinetuned,grid_search,4.0,0.5,recall,0.685
rtdetr-l,B_finetuned_unsupervised,baseline,0.0,0.0,recall,0.0003
rtdetr-l,B_finetuned_unsupervised,bo_exploration,4.0,0.0,recall,0.6103
rtdetr-l,B_finetuned_unsupervised,bo_exploitation,3.0,0.48,recall,0.5481
rtdetr-l,B_finetuned_unsupervised,grid_search,4.0,0.5,recall,0.5939
rtdetr-l,C_finetuned_supervised,bo_exploration,3.0,0.05,recall,0.5469
rtdetr-l,C_finetuned_supervised,bo_exploitation,3.0,0.08,recall,0.5466
rtdetr-l,C_finetuned_supervised,grid_search,4.0,0.0,recall,0.6103
rtdetr-l,A_unfinetuned,baseline,0.0,0.0,recall,0.0003
rtdetr-l,A_unfinetuned,bo_exploration,3.0,0.17,recall,0.6509
rtdetr-l,A_unfinetuned,bo_exploitation,3.0,0.46,recall,0.6588
rtdetr-l,A_unfinetuned,grid_search,4.0,0.5,recall,0.695
rtdetr-l,B_finetuned_unsupervised,baseline,0.0,0.0,recall,0.0032
rtdetr-l,B_finetuned_unsupervised,bo_exploration,3.0,0.5,recall,0.507
rtdetr-l,B_finetuned_unsupervised,bo_exploitation,3.0,0.5,recall,0.507
rtdetr-l,B_finetuned_unsupervised,grid_search,4.0,0.5,recall,0.5822
rtdetr-l,C_finetuned_supervised,bo_exploration,4.0,0.5,recall,0.5822
rtdetr-l,C_finetuned_supervised,bo_exploitation,3.0,0.11,recall,0.5083
rtdetr-l,C_finetuned_supervised,grid_search,4.0,0.0,recall,0.6003
rtdetr-l,A_unfinetuned,baseline,0.0,0.0,recall,0.0015
rtdetr-l,A_unfinetuned,bo_exploration,4.0,0.0,recall,0.5811
rtdetr-l,A_unfinetuned,bo_exploitation,2.0,0.46,recall,0.4147
rtdetr-l,A_unfinetuned,grid_search,4.0,0.5,recall,0.6159
rtdetr-l,B_finetuned_unsupervised,baseline,0.0,0.0,recall,0.0
rtdetr-l,B_finetuned_unsupervised,bo_exploration,4.0,0.0,recall,0.6396
rtdetr-l,B_finetuned_unsupervised,bo_exploitation,3.0,0.13,recall,0.5735
rtdetr-l,B_finetuned_unsupervised,grid_search,4.0,0.5,recall,0.6396
rtdetr-l,C_finetuned_supervised,bo_exploration,3.0,0.05,recall,0.5671
rtdetr-l,C_finetuned_supervised,bo_exploitation,2.0,0.34,recall,0.337
rtdetr-l,C_finetuned_supervised,grid_search,4.0,0.0,recall,0.6396
rtdetr-l,A_unfinetuned,baseline,0.0,0.0,recall,0.0
rtdetr-l,A_unfinetuned,bo_exploration,3.0,0.13,recall,0.5733
rtdetr-l,A_unfinetuned,bo_exploitation,3.0,0.05,recall,0.5849
rtdetr-l,A_unfinetuned,grid_search,4.0,0.5,recall,0.6282
rtdetr-l,B_finetuned_unsupervised,baseline,0.0,0.0,recall,0.0
rtdetr-l,B_finetuned_unsupervised,bo_exploration,3.0,0.2,recall,0.6318
rtdetr-l,B_finetuned_unsupervised,bo_exploitation,3.0,0.49,recall,0.6153
rtdetr-l,B_finetuned_unsupervised,grid_search,4.0,0.5,recall,0.6721
rtdetr-l,C_finetuned_supervised,bo_exploration,2.0,0.39,recall,0.4063
rtdetr-l,C_finetuned_supervised,bo_exploitation,3.0,0.0,recall,0.6346
rtdetr-l,C_finetuned_supervised,grid_search,4.0,0.0,recall,0.6943
rtdetr-l,A_unfinetuned,baseline,0.0,0.0,recall,0.0
rtdetr-l,A_unfinetuned,bo_exploration,2.0,0.31,recall,0.4282
rtdetr-l,A_unfinetuned,bo_exploitation,2.0,0.32,recall,0.4282
rtdetr-l,A_unfinetuned,grid_search,4.0,0.5,recall,0.6563
yolo11n,B_finetuned_unsupervised,baseline,0.0,0.0,recall,0.0001
yolo11n,B_finetuned_unsupervised,bo_exploration,3.0,0.5,recall,0.6541
yolo11n,B_finetuned_unsupervised,bo_exploitation,3.0,0.44,recall,0.6561
yolo11n,B_finetuned_unsupervised,grid_search,4.0,0.5,recall,0.6941
yolo11n,C_finetuned_supervised,bo_exploration,4.0,0.0,recall,0.7096
yolo11n,C_finetuned_supervised,bo_exploitation,3.0,0.47,recall,0.656
yolo11n,C_finetuned_supervised,grid_search,4.0,0.0,recall,0.7096
yolo11m,A_unfinetuned,baseline,0.0,0.0,recall,0.0
yolo11m,A_unfinetuned,bo_exploration,3.0,0.36,recall,0.6526
yolo11m,A_unfinetuned,bo_exploitation,3.0,0.35,recall,0.6519
yolo11m,A_unfinetuned,grid_search,4.0,0.5,recall,0.6763
yolo11m,B_finetuned_unsupervised,baseline,0.0,0.0,recall,0.0
yolo11m,B_finetuned_unsupervised,bo_exploration,4.0,0.14,recall,0.7087
yolo11m,B_finetuned_unsupervised,bo_exploitation,3.0,0.29,recall,0.6778
yolo11m,B_finetuned_unsupervised,grid_search,4.0,0.5,recall,0.7029
yolo11m,C_finetuned_supervised,bo_exploration,3.0,0.21,recall,0.6742
yolo11m,C_finetuned_supervised,bo_exploitation,4.0,0.45,recall,0.6885
yolo11m,C_finetuned_supervised,grid_search,4.0,0.0,recall,0.7175
yolo11n,A_unfinetuned,baseline,0.0,0.0,recall,0.0
yolo11n,A_unfinetuned,bo_exploration,3.0,0.5,recall,0.6817
yolo11n,A_unfinetuned,bo_exploitation,3.0,0.41,recall,0.6697
yolo11n,A_unfinetuned,grid_search,4.0,0.5,recall,0.7045
yolo11n,B_finetuned_unsupervised,baseline,0.0,0.0,recall,0.0
yolo11n,B_finetuned_unsupervised,bo_exploration,3.0,0.5,recall,0.6536
yolo11n,B_finetuned_unsupervised,bo_exploitation,2.0,0.35,recall,0.454
yolo11n,B_finetuned_unsupervised,grid_search,4.0,0.5,recall,0.6971
yolo11n,C_finetuned_supervised,bo_exploration,4.0,0.5,recall,0.6971
yolo11n,C_finetuned_supervised,bo_exploitation,2.0,0.05,recall,0.4501
yolo11n,C_finetuned_supervised,grid_search,4.0,0.0,recall,0.7124
yolo11m,A_unfinetuned,baseline,0.0,0.0,recall,0.0
yolo11m,A_unfinetuned,bo_exploration,2.0,0.33,recall,0.5067
yolo11m,A_unfinetuned,bo_exploitation,3.0,0.33,recall,0.6688
yolo11m,A_unfinetuned,grid_search,4.0,0.5,recall,0.6954
yolo11m,B_finetuned_unsupervised,baseline,0.0,0.0,recall,0.0
yolo11m,B_finetuned_unsupervised,bo_exploration,3.0,0.11,recall,0.688
yolo11m,B_finetuned_unsupervised,bo_exploitation,2.0,0.27,recall,0.5191
yolo11m,B_finetuned_unsupervised,grid_search,4.0,0.5,recall,0.7039
yolo11m,C_finetuned_supervised,bo_exploration,2.0,0.1,recall,0.5089
yolo11m,C_finetuned_supervised,bo_exploitation,3.0,0.5,recall,0.6792
yolo11m,C_finetuned_supervised,grid_search,4.0,0.0,recall,0.719
yolo11n,A_unfinetuned,baseline,0.0,0.0,recall,0.0
yolo11n,A_unfinetuned,bo_exploration,4.0,0.5,recall,0.615
yolo11n,A_unfinetuned,bo_exploitation,3.0,0.42,recall,0.5859
yolo11n,A_unfinetuned,grid_search,4.0,0.5,recall,0.615
yolo11n,B_finetuned_unsupervised,baseline,0.0,0.0,recall,0.0001
yolo11n,B_finetuned_unsupervised,bo_exploration,2.0,0.46,recall,0.4599
yolo11n,B_finetuned_unsupervised,bo_exploitation,3.0,0.13,recall,0.6473
yolo11n,B_finetuned_unsupervised,grid_search,4.0,0.5,recall,0.6942
yolo11n,C_finetuned_supervised,bo_exploration,2.0,0.07,recall,0.4591
yolo11n,C_finetuned_supervised,bo_exploitation,4.0,0.3,recall,0.6848
yolo11n,C_finetuned_supervised,grid_search,4.0,0.0,recall,0.7098
yolo11m,A_unfinetuned,baseline,0.0,0.0,recall,0.0
yolo11m,A_unfinetuned,bo_exploration,3.0,0.46,recall,0.6368
yolo11m,A_unfinetuned,bo_exploitation,2.0,0.24,recall,0.4589
yolo11m,A_unfinetuned,grid_search,4.0,0.5,recall,0.656
yolo11m,B_finetuned_unsupervised,baseline,0.0,0.0,recall,0.0
yolo11m,B_finetuned_unsupervised,bo_exploration,3.0,0.5,recall,0.6793
yolo11m,B_finetuned_unsupervised,bo_exploitation,3.0,0.48,recall,0.6856
yolo11m,B_finetuned_unsupervised,grid_search,4.0,0.5,recall,0.7042
yolo11m,C_finetuned_supervised,bo_exploration,4.0,0.0,recall,0.7191
yolo11m,C_finetuned_supervised,bo_exploitation,2.0,0.0,recall,0.5065
yolo11m,C_finetuned_supervised,grid_search,4.0,0.0,recall,0.7191
yolo11n,A_unfinetuned,baseline,0.0,0.0,recall,0.0
yolo11n,A_unfinetuned,bo_exploration,3.0,0.13,recall,0.6776
yolo11n,A_unfinetuned,bo_exploitation,3.0,0.46,recall,0.6667
yolo11n,A_unfinetuned,grid_search,4.0,0.5,recall,0.7016
yolo11n,B_finetuned_unsupervised,baseline,0.0,0.0,recall,0.0
yolo11n,B_finetuned_unsupervised,bo_exploration,3.0,0.06,recall,0.6801
yolo11n,B_finetuned_unsupervised,bo_exploitation,3.0,0.41,recall,0.6706
yolo11n,B_finetuned_unsupervised,grid_search,4.0,0.5,recall,0.7081
yolo11n,C_finetuned_supervised,bo_exploration,3.0,0.02,recall,0.6821
yolo11n,C_finetuned_supervised,bo_exploitation,3.0,0.3,recall,0.6663
yolo11n,C_finetuned_supervised,grid_search,4.0,0.0,recall,0.7279
yolo11m,A_unfinetuned,baseline,0.0,0.0,recall,0.0
yolo11m,A_unfinetuned,bo_exploration,3.0,0.37,recall,0.6406
yolo11m,A_unfinetuned,bo_exploitation,3.0,0.43,recall,0.6262
yolo11m,A_unfinetuned,grid_search,4.0,0.5,recall,0.6623
yolo11m,B_finetuned_unsupervised,baseline,0.0,0.0,recall,0.0
yolo11m,B_finetuned_unsupervised,bo_exploration,3.0,0.5,recall,0.6795
yolo11m,B_finetuned_unsupervised,bo_exploitation,2.0,0.1,recall,0.509
yolo11m,B_finetuned_unsupervised,grid_search,4.0,0.5,recall,0.7044
yolo11m,C_finetuned_supervised,bo_exploration,3.0,0.38,recall,0.6818
yolo11m,C_finetuned_supervised,bo_exploitation,2.0,0.08,recall,0.5149
yolo11m,C_finetuned_supervised,grid_search,4.0,0.0,recall,0.7195
yolo11n,A_unfinetuned,baseline,0.0,0.0,recall,0.0001
yolo11n,A_unfinetuned,bo_exploration,3.0,0.5,recall,0.6411
yolo11n,A_unfinetuned,bo_exploitation,3.0,0.48,recall,0.6442
yolo11n,A_unfinetuned,grid_search,4.0,0.5,recall,0.6802
yolo11n,B_finetuned_unsupervised,baseline,0.0,0.0,recall,0.0001
yolo11n,B_finetuned_unsupervised,bo_exploration,3.0,0.46,recall,0.6577
yolo11n,B_finetuned_unsupervised,bo_exploitation,3.0,0.33,recall,0.6491
yolo11n,B_finetuned_unsupervised,grid_search,4.0,0.5,recall,0.6945
yolo11n,C_finetuned_supervised,bo_exploration,3.0,0.1,recall,0.6649
yolo11n,C_finetuned_supervised,bo_exploitation,2.0,0.0,recall,0.4576
yolo11n,C_finetuned_supervised,grid_search,4.0,0.0,recall,0.7098
yolo11m,A_unfinetuned,baseline,0.0,0.0,recall,0.0002
yolo11m,A_unfinetuned,bo_exploration,2.0,0.5,recall,0.482
yolo11m,A_unfinetuned,bo_exploitation,3.0,0.09,recall,0.619
yolo11m,A_unfinetuned,grid_search,4.0,0.5,recall,0.6459
yolo11m,B_finetuned_unsupervised,baseline,0.0,0.0,recall,0.0
yolo11m,B_finetuned_unsupervised,bo_exploration,3.0,0.5,recall,0.6799
yolo11m,B_finetuned_unsupervised,bo_exploitation,3.0,0.5,recall,0.6799
yolo11m,B_finetuned_unsupervised,grid_search,4.0,0.5,recall,0.7045
yolo11m,C_finetuned_supervised,bo_exploration,3.0,0.32,recall,0.6775
yolo11m,C_finetuned_supervised,bo_exploitation,3.0,0.17,recall,0.6893
yolo11m,C_finetuned_supervised,grid_search,4.0,0.0,recall,0.7196
yolo11n,A_unfinetuned,baseline,0.0,0.0,recall,0.0
yolo11n,A_unfinetuned,bo_exploration,3.0,0.34,recall,0.6732
yolo11n,A_unfinetuned,bo_exploitation,2.0,0.23,recall,0.4605
yolo11n,A_unfinetuned,grid_search,4.0,0.5,recall,0.7174
yolo11n,B_finetuned_unsupervised,baseline,0.0,0.0,recall,0.0
yolo11n,B_finetuned_unsupervised,bo_exploration,2.0,0.36,recall,0.4728
yolo11n,B_finetuned_unsupervised,bo_exploitation,2.0,0.44,recall,0.4738
yolo11n,B_finetuned_unsupervised,grid_search,4.0,0.5,recall,0.7065
yolo11n,C_finetuned_supervised,bo_exploration,3.0,0.08,recall,0.664
yolo11n,C_finetuned_supervised,bo_exploitation,2.0,0.15,recall,0.4709
yolo11n,C_finetuned_supervised,grid_search,4.0,0.0,recall,0.7263
yolo11m,A_unfinetuned,baseline,0.0,0.0,recall,0.0
yolo11m,A_unfinetuned,bo_exploration,2.0,0.42,recall,0.4961
yolo11m,A_unfinetuned,bo_exploitation,3.0,0.3,recall,0.6802
yolo11m,A_unfinetuned,grid_search,4.0,0.5,recall,0.7116
yolo11m,B_finetuned_unsupervised,baseline,0.0,0.0,recall,0.0
yolo11m,B_finetuned_unsupervised,bo_exploration,3.0,0.5,recall,0.6782
yolo11m,B_finetuned_unsupervised,bo_exploitation,3.0,0.35,recall,0.6768
yolo11m,B_finetuned_unsupervised,grid_search,4.0,0.5,recall,0.7031
yolo11m,C_finetuned_supervised,bo_exploration,2.0,0.36,recall,0.5185
yolo11m,C_finetuned_supervised,bo_exploitation,3.0,0.08,recall,0.6892
yolo11m,C_finetuned_supervised,grid_search,4.0,0.0,recall,0.7182
yolo11n,A_unfinetuned,baseline,0.0,0.0,recall,0.0
yolo11n,A_unfinetuned,bo_exploration,3.0,0.22,recall,0.6805
yolo11n,A_unfinetuned,bo_exploitation,3.0,0.28,recall,0.6692
yolo11n,A_unfinetuned,grid_search,4.0,0.5,recall,0.7084
yolo11n,B_finetuned_unsupervised,baseline,0.0,0.0,recall,0.0
yolo11n,B_finetuned_unsupervised,bo_exploration,3.0,0.5,recall,0.6635
yolo11n,B_finetuned_unsupervised,bo_exploitation,3.0,0.45,recall,0.6601
yolo11n,B_finetuned_unsupervised,grid_search,4.0,0.5,recall,0.7156
yolo11n,C_finetuned_supervised,bo_exploration,3.0,0.24,recall,0.6758
yolo11n,C_finetuned_supervised,bo_exploitation,3.0,0.0,recall,0.6682
yolo11n,C_finetuned_supervised,grid_search,4.0,0.0,recall,0.7365
yolo11m,A_unfinetuned,baseline,0.0,0.0,recall,0.0001
yolo11m,A_unfinetuned,bo_exploration,2.0,0.12,recall,0.4394
yolo11m,A_unfinetuned,bo_exploitation,3.0,0.36,recall,0.5835
yolo11m,A_unfinetuned,grid_search,4.0,0.5,recall,0.5996
yolo11m,B_finetuned_unsupervised,baseline,0.0,0.0,recall,0.0
yolo11m,B_finetuned_unsupervised,bo_exploration,2.0,0.36,recall,0.5196
yolo11m,B_finetuned_unsupervised,bo_exploitation,3.0,0.47,recall,0.6842
yolo11m,B_finetuned_unsupervised,grid_search,4.0,0.5,recall,0.7041
yolo11m,C_finetuned_supervised,bo_exploration,3.0,0.17,recall,0.6725
yolo11m,C_finetuned_supervised,bo_exploitation,2.0,0.5,recall,0.5177
yolo11m,C_finetuned_supervised,grid_search,4.0,0.0,recall,0.7192
yolo11n,A_unfinetuned,baseline,0.0,0.0,recall,0.0
yolo11n,A_unfinetuned,bo_exploration,3.0,0.1,recall,0.694
yolo11n,A_unfinetuned,bo_exploitation,3.0,0.28,recall,0.6782
yolo11n,A_unfinetuned,grid_search,4.0,0.5,recall,0.7347
yolo11n,B_finetuned_unsupervised,baseline,0.0,0.0,recall,0.0
yolo11n,B_finetuned_unsupervised,bo_exploration,3.0,0.5,recall,0.6733
yolo11n,B_finetuned_unsupervised,bo_exploitation,2.0,0.33,recall,0.4755
yolo11n,B_finetuned_unsupervised,grid_search,4.0,0.5,recall,0.7084
yolo11n,C_finetuned_supervised,bo_exploration,3.0,0.23,recall,0.6652
yolo11n,C_finetuned_supervised,bo_exploitation,3.0,0.39,recall,0.6729
yolo11n,C_finetuned_supervised,grid_search,4.0,0.0,recall,0.7283
yolo11m,A_unfinetuned,baseline,0.0,0.0,recall,0.0001
yolo11m,A_unfinetuned,bo_exploration,3.0,0.38,recall,0.6465
yolo11m,A_unfinetuned,bo_exploitation,3.0,0.39,recall,0.6426
yolo11m,A_unfinetuned,grid_search,4.0,0.5,recall,0.6632
yolo11m,B_finetuned_unsupervised,baseline,0.0,0.0,recall,0.0
yolo11m,B_finetuned_unsupervised,bo_exploration,3.0,0.35,recall,0.6972
yolo11m,B_finetuned_unsupervised,bo_exploitation,3.0,0.5,recall,0.6997
yolo11m,B_finetuned_unsupervised,grid_search,4.0,0.5,recall,0.7404
yolo11m,C_finetuned_supervised,bo_exploration,3.0,0.2,recall,0.7019
yolo11m,C_finetuned_supervised,bo_exploitation,3.0,0.31,recall,0.7119
yolo11m,C_finetuned_supervised,grid_search,4.0,0.0,recall,0.7534
yolo11n,A_unfinetuned,baseline,0.0,0.0,recall,0.0
yolo11n,A_unfinetuned,bo_exploration,3.0,0.0,recall,0.6787
yolo11n,A_unfinetuned,bo_exploitation,4.0,0.0,recall,0.721
yolo11n,A_unfinetuned,grid_search,4.0,0.5,recall,0.6954
yolo11n,B_finetuned_unsupervised,baseline,0.0,0.0,recall,0.0
yolo11n,B_finetuned_unsupervised,bo_exploration,4.0,0.0,recall,0.7282
yolo11n,B_finetuned_unsupervised,bo_exploitation,3.0,0.44,recall,0.6729
yolo11n,B_finetuned_unsupervised,grid_search,4.0,0.5,recall,0.7084
yolo11n,C_finetuned_supervised,bo_exploration,3.0,0.13,recall,0.6673
yolo11n,C_finetuned_supervised,bo_exploitation,2.0,0.38,recall,0.4744
yolo11n,C_finetuned_supervised,grid_search,4.0,0.0,recall,0.7282
yolo11n,A_unfinetuned,baseline,0.0,0.0,recall,0.0
yolo11n,A_unfinetuned,bo_exploration,4.0,0.0,recall,0.685
yolo11n,A_unfinetuned,bo_exploitation,3.0,0.04,recall,0.67
yolo11n,A_unfinetuned,grid_search,4.0,0.5,recall,0.6982
yolo11n,B_finetuned_unsupervised,baseline,0.0,0.0,recall,0.0001
yolo11n,B_finetuned_unsupervised,bo_exploration,3.0,0.48,recall,0.6575
yolo11n,B_finetuned_unsupervised,bo_exploitation,3.0,0.16,recall,0.6666
yolo11n,B_finetuned_unsupervised,grid_search,4.0,0.5,recall,0.6941
yolo11n,C_finetuned_supervised,bo_exploration,3.0,0.48,recall,0.6575
yolo11n,C_finetuned_supervised,bo_exploitation,3.0,0.1,recall,0.6649
yolo11n,C_finetuned_supervised,grid_search,4.0,0.0,recall,0.7096
rtdetr-l,A_unfinetuned,baseline,0.0,0.0,recall,0.0
rtdetr-l,A_unfinetuned,bo_exploration,2.0,0.32,recall,0.3573
rtdetr-l,A_unfinetuned,bo_exploitation,3.0,0.13,recall,0.5827
rtdetr-l,A_unfinetuned,grid_search,4.0,0.5,recall,0.6552
rtdetr-l,B_finetuned_unsupervised,baseline,0.0,0.0,recall,0.0001
rtdetr-l,B_finetuned_unsupervised,bo_exploration,2.0,0.17,recall,0.4684
rtdetr-l,B_finetuned_unsupervised,bo_exploitation,3.0,0.19,recall,0.6231
rtdetr-l,B_finetuned_unsupervised,grid_search,4.0,0.5,recall,0.6676
rtdetr-l,C_finetuned_supervised,bo_exploration,3.0,0.23,recall,0.6171
rtdetr-l,C_finetuned_supervised,bo_exploitation,4.0,0.5,recall,0.6676
rtdetr-l,C_finetuned_supervised,grid_search,4.0,0.0,recall,0.6683
rtdetr-l,A_unfinetuned,baseline,0.0,0.0,recall,0.0001
rtdetr-l,A_unfinetuned,bo_exploration,3.0,0.34,recall,0.6228
rtdetr-l,A_unfinetuned,bo_exploitation,2.0,0.18,recall,0.4469
rtdetr-l,A_unfinetuned,grid_search,4.0,0.5,recall,0.6777
rtdetr-l,B_finetuned_unsupervised,baseline,0.0,0.0,recall,0.0002
rtdetr-l,B_finetuned_unsupervised,bo_exploration,3.0,0.01,recall,0.5857
rtdetr-l,B_finetuned_unsupervised,bo_exploitation,3.0,0.17,recall,0.5781
rtdetr-l,B_finetuned_unsupervised,grid_search,4.0,0.5,recall,0.618
rtdetr-l,C_finetuned_supervised,bo_exploration,3.0,0.01,recall,0.5857
rtdetr-l,C_finetuned_supervised,bo_exploitation,4.0,0.24,recall,0.608
rtdetr-l,C_finetuned_supervised,grid_search,4.0,0.0,recall,0.6213
rtdetr-l,A_unfinetuned,baseline,0.0,0.0,recall,0.0001
rtdetr-l,A_unfinetuned,bo_exploration,3.0,0.37,recall,0.5409
rtdetr-l,A_unfinetuned,bo_exploitation,3.0,0.43,recall,0.5554
rtdetr-l,A_unfinetuned,grid_search,4.0,0.5,recall,0.5904
rtdetr-l,B_finetuned_unsupervised,baseline,0.0,0.0,recall,0.0001
rtdetr-l,B_finetuned_unsupervised,bo_exploration,3.0,0.43,recall,0.6242
rtdetr-l,B_finetuned_unsupervised,bo_exploitation,3.0,0.46,recall,0.6272
rtdetr-l,B_finetuned_unsupervised,grid_search,4.0,0.5,recall,0.6727
rtdetr-l,C_finetuned_supervised,bo_exploration,2.0,0.07,recall,0.4402
rtdetr-l,C_finetuned_supervised,bo_exploitation,3.0,0.0,recall,0.6166
rtdetr-l,C_finetuned_supervised,grid_search,4.0,0.0,recall,0.6738
rtdetr-l,A_unfinetuned,baseline,0.0,0.0,recall,0.0
rtdetr-l,A_unfinetuned,bo_exploration,3.0,0.36,recall,0.5899
rtdetr-l,A_unfinetuned,bo_exploitation,3.0,0.48,recall,0.5898
rtdetr-l,A_unfinetuned,grid_search,4.0,0.5,recall,0.6549
rtdetr-l,B_finetuned_unsupervised,baseline,0.0,0.0,recall,0.0006
rtdetr-l,B_finetuned_unsupervised,bo_exploration,4.0,0.5,recall,0.6394
rtdetr-l,B_finetuned_unsupervised,bo_exploitation,3.0,0.48,recall,0.6142
rtdetr-l,B_finetuned_unsupervised,grid_search,4.0,0.5,recall,0.6394
rtdetr-l,C_finetuned_supervised,bo_exploration,3.0,0.18,recall,0.5976
rtdetr-l,C_finetuned_supervised,bo_exploitation,4.0,0.0,recall,0.6434
rtdetr-l,C_finetuned_supervised,grid_search,4.0,0.5,recall,0.6394
rtdetr-l,A_unfinetuned,baseline,0.0,0.0,recall,0.0007
rtdetr-l,A_unfinetuned,bo_exploration,4.0,0.5,recall,0.5753
rtdetr-l,A_unfinetuned,bo_exploitation,3.0,0.34,recall,0.5138
rtdetr-l,A_unfinetuned,grid_search,4.0,0.5,recall,0.5753
rtdetr-l,B_finetuned_unsupervised,baseline,0.0,0.0,recall,0.0
rtdetr-l,B_finetuned_unsupervised,bo_exploration,3.0,0.21,recall,0.566
rtdetr-l,B_finetuned_unsupervised,bo_exploitation,3.0,0.36,recall,0.5832
rtdetr-l,B_finetuned_unsupervised,grid_search,4.0,0.5,recall,0.6227
rtdetr-l,C_finetuned_supervised,bo_exploration,3.0,0.31,recall,0.5801
rtdetr-l,C_finetuned_supervised,bo_exploitation,2.0,0.0,recall,0.3608
rtdetr-l,C_finetuned_supervised,grid_search,4.0,0.0,recall,0.6113
rtdetr-l,A_unfinetuned,baseline,0.0,0.0,recall,0.0
rtdetr-l,A_unfinetuned,bo_exploration,2.0,0.22,recall,0.2777
rtdetr-l,A_unfinetuned,bo_exploitation,3.0,0.35,recall,0.5861
rtdetr-l,A_unfinetuned,grid_search,4.0,0.5,recall,0.6694
rtdetr-l,B_finetuned_unsupervised,baseline,0.0,0.0,recall,0.0
rtdetr-l,B_finetuned_unsupervised,bo_exploration,3.0,0.27,recall,0.5931
rtdetr-l,B_finetuned_unsupervised,bo_exploitation,2.0,0.49,recall,0.366
rtdetr-l,B_finetuned_unsupervised,grid_search,4.0,0.5,recall,0.6589
rtdetr-l,C_finetuned_supervised,bo_exploration,3.0,0.14,recall,0.5911
rtdetr-l,C_finetuned_supervised,bo_exploitation,4.0,0.0,recall,0.6538
rtdetr-l,C_finetuned_supervised,grid_search,4.0,0.25,recall,0.6461
rtdetr-l,A_unfinetuned,baseline,0.0,0.0,recall,0.0002
rtdetr-l,A_unfinetuned,bo_exploration,3.0,0.28,recall,0.6011
rtdetr-l,A_unfinetuned,bo_exploitation,2.0,0.49,recall,0.4151
rtdetr-l,A_unfinetuned,grid_search,4.0,0.5,recall,0.6395
rtdetr-l,B_finetuned_unsupervised,baseline,0.0,0.0,recall,0.0001
rtdetr-l,B_finetuned_unsupervised,bo_exploration,2.0,0.46,recall,0.3962
rtdetr-l,B_finetuned_unsupervised,bo_exploitation,4.0,0.0,recall,0.6457
rtdetr-l,B_finetuned_unsupervised,grid_search,4.0,0.5,recall,0.6293
rtdetr-l,C_finetuned_supervised,bo_exploration,3.0,0.31,recall,0.594
rtdetr-l,C_finetuned_supervised,bo_exploitation,3.0,0.0,recall,0.5825
rtdetr-l,C_finetuned_supervised,grid_search,4.0,0.0,recall,0.6457
rtdetr-l,A_unfinetuned,baseline,0.0,0.0,recall,0.0001
rtdetr-l,A_unfinetuned,bo_exploration,3.0,0.29,recall,0.4855
rtdetr-l,A_unfinetuned,bo_exploitation,3.0,0.5,recall,0.4926
rtdetr-l,A_unfinetuned,grid_search,4.0,0.5,recall,0.5674
yolo11n,B_finetuned_unsupervised,baseline,0.0,0.0,recall,0.0
yolo11n,B_finetuned_unsupervised,bo_exploration,3.0,0.42,recall,0.6552
yolo11n,B_finetuned_unsupervised,bo_exploitation,3.0,0.09,recall,0.6489
yolo11n,B_finetuned_unsupervised,grid_search,4.0,0.5,recall,0.6977
yolo11n,C_finetuned_supervised,bo_exploration,2.0,0.18,recall,0.4469
yolo11n,C_finetuned_supervised,bo_exploitation,3.0,0.43,recall,0.6557
yolo11n,C_finetuned_supervised,grid_search,4.0,0.0,recall,0.7128
yolo11m,A_unfinetuned,baseline,0.0,0.0,recall,0.0001
yolo11m,A_unfinetuned,bo_exploration,3.0,0.27,recall,0.6295
yolo11m,A_unfinetuned,bo_exploitation,3.0,0.28,recall,0.6293
yolo11m,A_unfinetuned,grid_search,4.0,0.5,recall,0.6487
yolo11m,B_finetuned_unsupervised,baseline,0.0,0.0,recall,0.0
yolo11m,B_finetuned_unsupervised,bo_exploration,2.0,0.48,recall,0.4862
yolo11m,B_finetuned_unsupervised,bo_exploitation,3.0,0.4,recall,0.7036
yolo11m,B_finetuned_unsupervised,grid_search,4.0,0.5,recall,0.7401
yolo11m,C_finetuned_supervised,bo_exploration,3.0,0.06,recall,0.708
yolo11m,C_finetuned_supervised,bo_exploitation,4.0,0.0,recall,0.7533
yolo11m,C_finetuned_supervised,grid_search,4.0,0.25,recall,0.7225
yolo11n,A_unfinetuned,baseline,0.0,0.0,recall,0.0
yolo11n,A_unfinetuned,bo_exploration,3.0,0.44,recall,0.6267
yolo11n,A_unfinetuned,bo_exploitation,2.0,0.21,recall,0.4176
yolo11n,A_unfinetuned,grid_search,4.0,0.5,recall,0.6712
yolo11n,B_finetuned_unsupervised,baseline,0.0,0.0,recall,0.0
yolo11n,B_finetuned_unsupervised,bo_exploration,2.0,0.27,recall,0.4732
yolo11n,B_finetuned_unsupervised,bo_exploitation,4.0,0.5,recall,0.7086
yolo11n,B_finetuned_unsupervised,grid_search,4.0,0.5,recall,0.7086
yolo11n,C_finetuned_supervised,bo_exploration,3.0,0.2,recall,0.6768
yolo11n,C_finetuned_supervised,bo_exploitation,3.0,0.0,recall,0.6742
yolo11n,C_finetuned_supervised,grid_search,4.0,0.0,recall,0.7283
yolo11m,A_unfinetuned,baseline,0.0,0.0,recall,0.0001
yolo11m,A_unfinetuned,bo_exploration,2.0,0.11,recall,0.4167
yolo11m,A_unfinetuned,bo_exploitation,3.0,0.42,recall,0.5939
yolo11m,A_unfinetuned,grid_search,4.0,0.5,recall,0.6122
yolo11m,B_finetuned_unsupervised,baseline,0.0,0.0,recall,0.0
yolo11m,B_finetuned_unsupervised,bo_exploration,3.0,0.35,recall,0.6789
yolo11m,B_finetuned_unsupervised,bo_exploitation,2.0,0.15,recall,0.5086
yolo11m,B_finetuned_unsupervised,grid_search,4.0,0.5,recall,0.7047
yolo11m,C_finetuned_supervised,bo_exploration,4.0,0.0,recall,0.7197
yolo11m,C_finetuned_supervised,bo_exploitation,4.0,0.5,recall,0.7047
yolo11m,C_finetuned_supervised,grid_search,4.0,0.0,recall,0.7197
yolo11n,A_unfinetuned,baseline,0.0,0.0,recall,0.0
yolo11n,A_unfinetuned,bo_exploration,3.0,0.17,recall,0.6667
yolo11n,A_unfinetuned,bo_exploitation,3.0,0.37,recall,0.6642
yolo11n,A_unfinetuned,grid_search,4.0,0.5,recall,0.7182
yolo11n,B_finetuned_unsupervised,baseline,0.0,0.0,recall,0.0
yolo11n,B_finetuned_unsupervised,bo_exploration,4.0,0.5,recall,0.7075
yolo11n,B_finetuned_unsupervised,bo_exploitation,3.0,0.27,recall,0.6687
yolo11n,B_finetuned_unsupervised,grid_search,4.0,0.5,recall,0.7075
yolo11n,C_finetuned_supervised,bo_exploration,3.0,0.19,recall,0.6669
yolo11n,C_finetuned_supervised,bo_exploitation,3.0,0.38,recall,0.6714
yolo11n,C_finetuned_supervised,grid_search,4.0,0.0,recall,0.7272
yolo11m,A_unfinetuned,baseline,0.0,0.0,recall,0.0
yolo11m,A_unfinetuned,bo_exploration,3.0,0.3,recall,0.6422
yolo11m,A_unfinetuned,bo_exploitation,2.0,0.5,recall,0.4684
yolo11m,A_unfinetuned,grid_search,4.0,0.5,recall,0.6792
yolo11m,B_finetuned_unsupervised,baseline,0.0,0.0,recall,0.0
yolo11m,B_finetuned_unsupervised,bo_exploration,4.0,0.0,recall,0.753
yolo11m,B_finetuned_unsupervised,bo_exploitation,3.0,0.5,recall,0.6989
yolo11m,B_finetuned_unsupervised,grid_search,4.0,0.5,recall,0.74
yolo11m,C_finetuned_supervised,bo_exploration,3.0,0.5,recall,0.6989
yolo11m,C_finetuned_supervised,bo_exploitation,3.0,0.16,recall,0.708
yolo11m,C_finetuned_supervised,grid_search,4.0,0.0,recall,0.753
yolo11n,A_unfinetuned,baseline,0.0,0.0,recall,0.0
yolo11n,A_unfinetuned,bo_exploration,3.0,0.37,recall,0.6418
yolo11n,A_unfinetuned,bo_exploitation,3.0,0.32,recall,0.6438
yolo11n,A_unfinetuned,grid_search,4.0,0.5,recall,0.687
yolo11n,B_finetuned_unsupervised,baseline,0.0,0.0,recall,0.0
yolo11n,B_finetuned_unsupervised,bo_exploration,4.0,0.0,recall,0.7168
yolo11n,B_finetuned_unsupervised,bo_exploitation,2.0,0.21,recall,0.4437
yolo11n,B_finetuned_unsupervised,grid_search,4.0,0.5,recall,0.6975
yolo11n,C_finetuned_supervised,bo_exploration,3.0,0.0,recall,0.645
yolo11n,C_finetuned_supervised,bo_exploitation,3.0,0.19,recall,0.6528
yolo11n,C_finetuned_supervised,grid_search,4.0,0.0,recall,0.7168
yolo11m,A_unfinetuned,baseline,0.0,0.0,recall,0.0001
yolo11m,A_unfinetuned,bo_exploration,3.0,0.49,recall,0.6356
yolo11m,A_unfinetuned,bo_exploitation,3.0,0.48,recall,0.6195
yolo11m,A_unfinetuned,grid_search,4.0,0.5,recall,0.6456
yolo11m,B_finetuned_unsupervised,baseline,0.0,0.0,recall,0.0
yolo11m,B_finetuned_unsupervised,bo_exploration,3.0,0.41,recall,0.6651
yolo11m,B_finetuned_unsupervised,bo_exploitation,3.0,0.35,recall,0.6724
yolo11m,B_finetuned_unsupervised,grid_search,4.0,0.5,recall,0.6795
yolo11m,C_finetuned_supervised,bo_exploration,3.0,0.5,recall,0.6589
yolo11m,C_finetuned_supervised,bo_exploitation,3.0,0.11,recall,0.6654
yolo11m,C_finetuned_supervised,grid_search,4.0,0.0,recall,0.6896
yolo11n,A_unfinetuned,baseline,0.0,0.0,recall,0.0
yolo11n,A_unfinetuned,bo_exploration,2.0,0.11,recall,0.4442
yolo11n,A_unfinetuned,bo_exploitation,3.0,0.3,recall,0.6543
yolo11n,A_unfinetuned,grid_search,4.0,0.5,recall,0.6989
yolo11n,B_finetuned_unsupervised,baseline,0.0,0.0,recall,0.0001
yolo11n,B_finetuned_unsupervised,bo_exploration,3.0,0.28,recall,0.6499
yolo11n,B_finetuned_unsupervised,bo_exploitation,3.0,0.5,recall,0.6528
yolo11n,B_finetuned_unsupervised,grid_search,4.0,0.5,recall,0.6935
yolo11n,C_finetuned_supervised,bo_exploration,2.0,0.28,recall,0.4581
yolo11n,C_finetuned_supervised,bo_exploitation,3.0,0.23,recall,0.6619
yolo11n,C_finetuned_supervised,grid_search,4.0,0.0,recall,0.7087
yolo11m,A_unfinetuned,baseline,0.0,0.0,recall,0.0001
yolo11m,A_unfinetuned,bo_exploration,2.0,0.38,recall,0.484
yolo11m,A_unfinetuned,bo_exploitation,3.0,0.12,recall,0.6248
yolo11m,A_unfinetuned,grid_search,4.0,0.5,recall,0.6392
rtdetr-l,A_unfinetuned,baseline,0.0,0.0,recall,0.0001
rtdetr-l,A_unfinetuned,bo_exploration,2.0,0.48,recall,0.3948
rtdetr-l,A_unfinetuned,bo_exploitation,3.0,0.42,recall,0.611
rtdetr-l,A_unfinetuned,grid_search,4.0,0.5,recall,0.6611
rtdetr-l,B_finetuned_unsupervised,baseline,0.0,0.0,recall,0.0
rtdetr-l,B_finetuned_unsupervised,bo_exploration,4.0,0.5,recall,0.6459
rtdetr-l,B_finetuned_unsupervised,bo_exploitation,3.0,0.41,recall,0.6256
rtdetr-l,B_finetuned_unsupervised,grid_search,4.0,0.5,recall,0.6459
rtdetr-l,C_finetuned_supervised,bo_exploration,2.0,0.01,recall,0.4166
rtdetr-l,C_finetuned_supervised,bo_exploitation,2.0,0.21,recall,0.4212
rtdetr-l,C_finetuned_supervised,grid_search,4.0,0.0,recall,0.6581
rtdetr-l,A_unfinetuned,baseline,0.0,0.0,recall,0.0002
rtdetr-l,A_unfinetuned,bo_exploration,4.0,0.25,recall,0.6556
rtdetr-l,A_unfinetuned,bo_exploitation,2.0,0.47,recall,0.4344
rtdetr-l,A_unfinetuned,grid_search,4.0,0.5,recall,0.6655
rtdetr-l,B_finetuned_unsupervised,baseline,0.0,0.0,recall,0.0001
rtdetr-l,B_finetuned_unsupervised,bo_exploration,4.0,0.5,recall,0.641
rtdetr-l,B_finetuned_unsupervised,bo_exploitation,3.0,0.38,recall,0.5885
rtdetr-l,B_finetuned_unsupervised,grid_search,4.0,0.5,recall,0.641
rtdetr-l,C_finetuned_supervised,bo_exploration,3.0,0.37,recall,0.5831
rtdetr-l,C_finetuned_supervised,bo_exploitation,3.0,0.5,recall,0.5826
rtdetr-l,C_finetuned_supervised,grid_search,4.0,0.25,recall,0.6149
rtdetr-l,A_unfinetuned,baseline,0.0,0.0,recall,0.0015
rtdetr-l,A_unfinetuned,bo_exploration,3.0,0.41,recall,0.553
rtdetr-l,A_unfinetuned,bo_exploitation,4.0,0.5,recall,0.608
rtdetr-l,A_unfinetuned,grid_search,4.0,0.5,recall,0.608
rtdetr-l,B_finetuned_unsupervised,baseline,0.0,0.0,recall,0.0001
rtdetr-l,B_finetuned_unsupervised,bo_exploration,4.0,0.5,recall,0.6825
rtdetr-l,B_finetuned_unsupervised,bo_exploitation,3.0,0.5,recall,0.631
rtdetr-l,B_finetuned_unsupervised,grid_search,4.0,0.5,recall,0.6825
rtdetr-l,C_finetuned_supervised,bo_exploration,3.0,0.19,recall,0.6209
rtdetr-l,C_finetuned_supervised,bo_exploitation,3.0,0.09,recall,0.6245
rtdetr-l,C_finetuned_supervised,grid_search,4.0,0.0,recall,0.6795
rtdetr-l,A_unfinetuned,baseline,0.0,0.0,recall,0.0
rtdetr-l,A_unfinetuned,bo_exploration,2.0,0.21,recall,0.3325
rtdetr-l,A_unfinetuned,bo_exploitation,3.0,0.37,recall,0.574
rtdetr-l,A_unfinetuned,grid_search,4.0,0.5,recall,0.6584
rtdetr-l,B_finetuned_unsupervised,baseline,0.0,0.0,recall,0.0001
rtdetr-l,B_finetuned_unsupervised,bo_exploration,3.0,0.5,recall,0.575
rtdetr-l,B_finetuned_unsupervised,bo_exploitation,3.0,0.29,recall,0.5627
rtdetr-l,B_finetuned_unsupervised,grid_search,4.0,0.5,recall,0.6234
rtdetr-l,C_finetuned_supervised,bo_exploration,3.0,0.07,recall,0.5758
rtdetr-l,C_finetuned_supervised,bo_exploitation,3.0,0.32,recall,0.5716
rtdetr-l,C_finetuned_supervised,grid_search,4.0,0.0,recall,0.625
rtdetr-l,A_unfinetuned,baseline,0.0,0.0,recall,0.0
rtdetr-l,A_unfinetuned,bo_exploration,3.0,0.49,recall,0.5635
rtdetr-l,A_unfinetuned,bo_exploitation,3.0,0.46,recall,0.5703
rtdetr-l,A_unfinetuned,grid_search,4.0,0.5,recall,0.6337
rtdetr-l,B_finetuned_unsupervised,baseline,0.0,0.0,recall,0.0001
rtdetr-l,B_finetuned_unsupervised,bo_exploration,3.0,0.5,recall,0.6108
rtdetr-l,B_finetuned_unsupervised,bo_exploitation,3.0,0.36,recall,0.6233
rtdetr-l,B_finetuned_unsupervised,grid_search,4.0,0.5,recall,0.677
rtdetr-l,C_finetuned_supervised,bo_exploration,3.0,0.08,recall,0.6102
rtdetr-l,C_finetuned_supervised,bo_exploitation,4.0,0.0,recall,0.6724
rtdetr-l,C_finetuned_supervised,grid_search,4.0,0.0,recall,0.6724
rtdetr-l,A_unfinetuned,baseline,0.0,0.0,recall,0.0
rtdetr-l,A_unfinetuned,bo_exploration,3.0,0.39,recall,0.6243
rtdetr-l,A_unfinetuned,bo_exploitation,3.0,0.31,recall,0.6221
rtdetr-l,A_unfinetuned,grid_search,4.0,0.5,recall,0.6848
rtdetr-l,B_finetuned_unsupervised,baseline,0.0,0.0,recall,0.0016
rtdetr-l,B_finetuned_unsupervised,bo_exploration,4.0,0.5,recall,0.6281
rtdetr-l,B_finetuned_unsupervised,bo_exploitation,3.0,0.43,recall,0.5749
rtdetr-l,B_finetuned_unsupervised,grid_search,4.0,0.5,recall,0.6281
rtdetr-l,C_finetuned_supervised,bo_exploration,4.0,0.5,recall,0.6281
rtdetr-l,C_finetuned_supervised,bo_exploitation,3.0,0.31,recall,0.5552
rtdetr-l,C_finetuned_supervised,grid_search,4.0,0.0,recall,0.5915
rtdetr-l,A_unfinetuned,baseline,0.0,0.0,recall,0.0
rtdetr-l,A_unfinetuned,bo_exploration,2.0,0.33,recall,0.3315
rtdetr-l,A_unfinetuned,bo_exploitation,3.0,0.43,recall,0.6239
rtdetr-l,A_unfinetuned,grid_search,4.0,0.5,recall,0.6709
rtdetr-l,B_finetuned_unsupervised,baseline,0.0,0.0,recall,0.0
rtdetr-l,B_finetuned_unsupervised,bo_exploration,3.0,0.5,recall,0.6279
rtdetr-l,B_finetuned_unsupervised,bo_exploitation,2.0,0.2,recall,0.4063
rtdetr-l,B_finetuned_unsupervised,grid_search,4.0,0.5,recall,0.6755
rtdetr-l,C_finetuned_supervised,bo_exploration,4.0,0.5,recall,0.6755
rtdetr-l,C_finetuned_supervised,bo_exploitation,3.0,0.2,recall,0.6304
rtdetr-l,C_finetuned_supervised,grid_search,4.0,0.0,recall,0.6639
rtdetr-l,A_unfinetuned,baseline,0.0,0.0,recall,0.0001
rtdetr-l,A_unfinetuned,bo_exploration,3.0,0.42,recall,0.5698
rtdetr-l,A_unfinetuned,bo_exploitation,2.0,0.0,recall,0.3571
rtdetr-l,A_unfinetuned,grid_search,4.0,0.5,recall,0.6256
rtdetr-l,B_finetuned_unsupervised,baseline,0.0,0.0,recall,0.0
rtdetr-l,B_finetuned_unsupervised,bo_exploration,3.0,0.32,recall,0.6399
rtdetr-l,B_finetuned_unsupervised,bo_exploitation,3.0,0.44,recall,0.653
rtdetr-l,B_finetuned_unsupervised,grid_search,4.0,0.5,recall,0.6853
rtdetr-l,C_finetuned_supervised,bo_exploration,3.0,0.29,recall,0.6395
rtdetr-l,C_finetuned_supervised,bo_exploitation,3.0,0.21,recall,0.6444
rtdetr-l,C_finetuned_supervised,grid_search,4.0,0.0,recall,0.687
yolo11n,B_finetuned_unsupervised,baseline,0.0,0.0,recall,0.0001
yolo11n,B_finetuned_unsupervised,bo_exploration,3.0,0.27,recall,0.6506
yolo11n,B_finetuned_unsupervised,bo_exploitation,2.0,0.32,recall,0.463
yolo11n,B_finetuned_unsupervised,grid_search,4.0,0.5,recall,0.6941
yolo11n,C_finetuned_supervised,bo_exploration,4.0,0.0,recall,0.7095
yolo11n,C_finetuned_supervised,bo_exploitation,2.0,0.0,recall,0.4578
yolo11n,C_finetuned_supervised,grid_search,4.0,0.0,recall,0.7095
yolo11m,A_unfinetuned,baseline,0.0,0.0,recall,0.0
yolo11m,A_unfinetuned,bo_exploration,3.0,0.09,recall,0.6565
yolo11m,A_unfinetuned,bo_exploitation,3.0,0.05,recall,0.6408
yolo11m,A_unfinetuned,grid_search,4.0,0.5,recall,0.6366
yolo11m,B_finetuned_unsupervised,baseline,0.0,0.0,recall,0.0
yolo11m,B_finetuned_unsupervised,bo_exploration,3.0,0.35,recall,0.6772
yolo11m,B_finetuned_unsupervised,bo_exploitation,2.0,0.41,recall,0.5148
yolo11m,B_finetuned_unsupervised,grid_search,4.0,0.5,recall,0.7029
yolo11m,C_finetuned_supervised,bo_exploration,3.0,0.31,recall,0.6779
yolo11m,C_finetuned_supervised,bo_exploitation,4.0,0.0,recall,0.7174
yolo11m,C_finetuned_supervised,grid_search,4.0,0.0,recall,0.7174
yolo11n,A_unfinetuned,baseline,0.0,0.0,recall,0.0003
yolo11n,A_unfinetuned,bo_exploration,3.0,0.31,recall,0.6435
yolo11n,A_unfinetuned,bo_exploitation,3.0,0.47,recall,0.6465
yolo11n,A_unfinetuned,grid_search,4.0,0.5,recall,0.6904
yolo11n,B_finetuned_unsupervised,baseline,0.0,0.0,recall,0.0
yolo11n,B_finetuned_unsupervised,bo_exploration,3.0,0.39,recall,0.6717
yolo11n,B_finetuned_unsupervised,bo_exploitation,3.0,0.26,recall,0.6676
yolo11n,B_finetuned_unsupervised,grid_search,4.0,0.5,recall,0.7071
yolo11n,C_finetuned_supervised,bo_exploration,3.0,0.23,recall,0.6644
yolo11n,C_finetuned_supervised,bo_exploitation,2.0,0.04,recall,0.4748
yolo11n,C_finetuned_supervised,grid_search,4.0,0.0,recall,0.7269
yolo11m,A_unfinetuned,baseline,0.0,0.0,recall,0.0
yolo11m,A_unfinetuned,bo_exploration,4.0,0.5,recall,0.6322
yolo11m,A_unfinetuned,bo_exploitation,3.0,0.35,recall,0.6286
yolo11m,A_unfinetuned,grid_search,4.0,0.5,recall,0.6322
yolo11m,B_finetuned_unsupervised,baseline,0.0,0.0,recall,0.0
yolo11m,B_finetuned_unsupervised,bo_exploration,3.0,0.46,recall,0.6887
yolo11m,B_finetuned_unsupervised,bo_exploitation,2.0,0.3,recall,0.5124
yolo11m,B_finetuned_unsupervised,grid_search,4.0,0.5,recall,0.7038
yolo11m,C_finetuned_supervised,bo_exploration,3.0,0.07,recall,0.6935
yolo11m,C_finetuned_supervised,bo_exploitation,2.0,0.16,recall,0.5154
yolo11m,C_finetuned_supervised,grid_search,4.0,0.0,recall,0.7189
yolo11n,A_unfinetuned,baseline,0.0,0.0,recall,0.0
yolo11n,A_unfinetuned,bo_exploration,3.0,0.5,recall,0.6727
yolo11n,A_unfinetuned,bo_exploitation,3.0,0.26,recall,0.6849
yolo11n,A_unfinetuned,grid_search,4.0,0.5,recall,0.7161
yolo11n,B_finetuned_unsupervised,baseline,0.0,0.0,recall,0.0
yolo11n,B_finetuned_unsupervised,bo_exploration,3.0,0.04,recall,0.6827
yolo11n,B_finetuned_unsupervised,bo_exploitation,3.0,0.22,recall,0.6655
yolo11n,B_finetuned_unsupervised,grid_search,4.0,0.5,recall,0.7085
yolo11n,C_finetuned_supervised,bo_exploration,3.0,0.02,recall,0.6824
yolo11n,C_finetuned_supervised,bo_exploitation,3.0,0.5,recall,0.6732
yolo11n,C_finetuned_supervised,grid_search,4.0,0.0,recall,0.7282
yolo11m,A_unfinetuned,baseline,0.0,0.0,recall,0.0
yolo11m,A_unfinetuned,bo_exploration,4.0,0.36,recall,0.6672
yolo11m,A_unfinetuned,bo_exploitation,3.0,0.41,recall,0.6405
yolo11m,A_unfinetuned,grid_search,4.0,0.5,recall,0.673
yolo11m,B_finetuned_unsupervised,baseline,0.0,0.0,recall,0.0
yolo11m,B_finetuned_unsupervised,bo_exploration,3.0,0.44,recall,0.6834
yolo11m,B_finetuned_unsupervised,bo_exploitation,3.0,0.28,recall,0.6774
yolo11m,B_finetuned_unsupervised,grid_search,4.0,0.5,recall,0.7044
yolo11m,C_finetuned_supervised,bo_exploration,4.0,0.5,recall,0.7044
yolo11m,C_finetuned_supervised,bo_exploitation,3.0,0.5,recall,0.6797
yolo11m,C_finetuned_supervised,grid_search,4.0,0.0,recall,0.7194
yolo11n,A_unfinetuned,baseline,0.0,0.0,recall,0.0
yolo11n,A_unfinetuned,bo_exploration,4.0,0.0,recall,0.7491
yolo11n,A_unfinetuned,bo_exploitation,3.0,0.0,recall,0.6611
yolo11n,A_unfinetuned,grid_search,4.0,0.5,recall,0.7197
yolo11n,B_finetuned_unsupervised,baseline,0.0,0.0,recall,0.0
yolo11n,B_finetuned_unsupervised,bo_exploration,3.0,0.27,recall,0.6743
yolo11n,B_finetuned_unsupervised,bo_exploitation,2.0,0.32,recall,0.4649
yolo11n,B_finetuned_unsupervised,grid_search,4.0,0.5,recall,0.7027
yolo11n,C_finetuned_supervised,bo_exploration,2.0,0.03,recall,0.4654
yolo11n,C_finetuned_supervised,bo_exploitation,3.0,0.05,recall,0.6697
yolo11n,C_finetuned_supervised,grid_search,4.0,0.0,recall,0.7197
yolo11m,A_unfinetuned,baseline,0.0,0.0,recall,0.0001
yolo11m,A_unfinetuned,bo_exploration,3.0,0.25,recall,0.6403
yolo11m,A_unfinetuned,bo_exploitation,2.0,0.21,recall,0.4997
yolo11m,A_unfinetuned,grid_search,4.0,0.5,recall,0.6679
yolo11m,B_finetuned_unsupervised,baseline,0.0,0.0,recall,0.0
yolo11m,B_finetuned_unsupervised,bo_exploration,3.0,0.39,recall,0.7108
yolo11m,B_finetuned_unsupervised,bo_exploitation,4.0,0.5,recall,0.7401
yolo11m,B_finetuned_unsupervised,grid_search,4.0,0.5,recall,0.7401
yolo11m,C_finetuned_supervised,bo_exploration,3.0,0.46,recall,0.7056
yolo11m,C_finetuned_supervised,bo_exploitation,4.0,0.5,recall,0.7401
yolo11m,C_finetuned_supervised,grid_search,4.0,0.0,recall,0.7532
yolo11n,A_unfinetuned,baseline,0.0,0.0,recall,0.0
yolo11n,A_unfinetuned,bo_exploration,2.0,0.48,recall,0.4489
yolo11n,A_unfinetuned,bo_exploitation,2.0,0.35,recall,0.463
yolo11n,A_unfinetuned,grid_search,4.0,0.5,recall,0.7194
yolo11n,B_finetuned_unsupervised,baseline,0.0,0.0,recall,0.0
yolo11n,B_finetuned_unsupervised,bo_exploration,3.0,0.5,recall,0.6728
yolo11n,B_finetuned_unsupervised,bo_exploitation,3.0,0.45,recall,0.6694
yolo11n,B_finetuned_unsupervised,grid_search,4.0,0.5,recall,0.7081
yolo11n,C_finetuned_supervised,bo_exploration,3.0,0.0,recall,0.6734
yolo11n,C_finetuned_supervised,bo_exploitation,3.0,0.25,recall,0.6772
yolo11n,C_finetuned_supervised,grid_search,4.0,0.0,recall,0.7279
yolo11m,A_unfinetuned,baseline,0.0,0.0,recall,0.0003
yolo11m,A_unfinetuned,bo_exploration,3.0,0.44,recall,0.6347
yolo11m,A_unfinetuned,bo_exploitation,3.0,0.47,recall,0.6341
yolo11m,A_unfinetuned,grid_search,4.0,0.5,recall,0.6592
yolo11m,B_finetuned_unsupervised,baseline,0.0,0.0,recall,0.0
yolo11m,B_finetuned_unsupervised,bo_exploration,3.0,0.48,recall,0.6861
yolo11m,B_finetuned_unsupervised,bo_exploitation,3.0,0.09,recall,0.693
yolo11m,B_finetuned_unsupervised,grid_search,4.0,0.5,recall,0.7044
yolo11m,C_finetuned_supervised,bo_exploration,2.0,0.0,recall,0.5069
yolo11m,C_finetuned_supervised,bo_exploitation,3.0,0.05,recall,0.688
yolo11m,C_finetuned_supervised,grid_search,4.0,0.0,recall,0.7195
yolo11n,A_unfinetuned,baseline,0.0,0.0,recall,0.0
yolo11n,A_unfinetuned,bo_exploration,4.0,0.5,recall,0.7027
yolo11n,A_unfinetuned,bo_exploitation,3.0,0.48,recall,0.6514
yolo11n,A_unfinetuned,grid_search,4.0,0.5,recall,0.7027
yolo11n,B_finetuned_unsupervised,baseline,0.0,0.0,recall,0.0
yolo11n,B_finetuned_unsupervised,bo_exploration,4.0,0.06,recall,0.7075
yolo11n,B_finetuned_unsupervised,bo_exploitation,3.0,0.5,recall,0.6764
yolo11n,B_finetuned_unsupervised,grid_search,4.0,0.5,recall,0.7027
yolo11n,C_finetuned_supervised,bo_exploration,4.0,0.0,recall,0.7198
yolo11n,C_finetuned_supervised,bo_exploitation,3.0,0.1,recall,0.6694
yolo11n,C_finetuned_supervised,grid_search,4.0,0.0,recall,0.7198
yolo11m,A_unfinetuned,baseline,0.0,0.0,recall,0.0001
yolo11m,A_unfinetuned,bo_exploration,3.0,0.5,recall,0.5954
yolo11m,A_unfinetuned,bo_exploitation,3.0,0.05,recall,0.5898
yolo11m,A_unfinetuned,grid_search,4.0,0.5,recall,0.6425
yolo11m,B_finetuned_unsupervised,baseline,0.0,0.0,recall,0.0
yolo11m,B_finetuned_unsupervised,bo_exploration,3.0,0.32,recall,0.6775
yolo11m,B_finetuned_unsupervised,bo_exploitation,3.0,0.11,recall,0.6884
yolo11m,B_finetuned_unsupervised,grid_search,4.0,0.5,recall,0.7044
yolo11m,C_finetuned_supervised,bo_exploration,3.0,0.0,recall,0.6786
yolo11m,C_finetuned_supervised,bo_exploitation,3.0,0.16,recall,0.675
yolo11m,C_finetuned_supervised,grid_search,4.0,0.0,recall,0.7193
yolo11n,A_unfinetuned,baseline,0.0,0.0,recall,0.0
yolo11n,A_unfinetuned,bo_exploration,3.0,0.38,recall,0.6583
yolo11n,A_unfinetuned,bo_exploitation,3.0,0.01,recall,0.6721
yolo11n,A_unfinetuned,grid_search,4.0,0.5,recall,0.7104
yolo11n,B_finetuned_unsupervised,baseline,0.0,0.0,recall,0.0001
yolo11n,B_finetuned_unsupervised,bo_exploration,3.0,0.5,recall,0.6541
yolo11n,B_finetuned_unsupervised,bo_exploitation,3.0,0.31,recall,0.6515
yolo11n,B_finetuned_unsupervised,grid_search,4.0,0.5,recall,0.6941
yolo11n,C_finetuned_supervised,bo_exploration,4.0,0.0,recall,0.7096
yolo11n,C_finetuned_supervised,bo_exploitation,3.0,0.14,recall,0.6665
yolo11n,C_finetuned_supervised,grid_search,4.0,0.0,recall,0.7096
yolo11m,A_unfinetuned,baseline,0.0,0.0,recall,0.0002
yolo11m,A_unfinetuned,bo_exploration,2.0,0.47,recall,0.4596
yolo11m,A_unfinetuned,bo_exploitation,3.0,0.08,recall,0.5949
yolo11m,A_unfinetuned,grid_search,4.0,0.5,recall,0.6293
yolo11m,B_finetuned_unsupervised,baseline,0.0,0.0,recall,0.0
yolo11m,B_finetuned_unsupervised,bo_exploration,3.0,0.15,recall,0.6729
yolo11m,B_finetuned_unsupervised,bo_exploitation,2.0,0.02,recall,0.5159
yolo11m,B_finetuned_unsupervised,grid_search,4.0,0.5,recall,0.7029
yolo11m,C_finetuned_supervised,bo_exploration,4.0,0.5,recall,0.7029
yolo11m,C_finetuned_supervised,bo_exploitation,2.0,0.15,recall,0.5107
yolo11m,C_finetuned_supervised,grid_search,4.0,0.0,recall,0.7175
yolo11n,A_unfinetuned,baseline,0.0,0.0,recall,0.0
yolo11n,A_unfinetuned,bo_exploration,3.0,0.4,recall,0.6741
yolo11n,A_unfinetuned,bo_exploitation,3.0,0.34,recall,0.6588
yolo11n,A_unfinetuned,grid_search,4.0,0.5,recall,0.7231
yolo11n,B_finetuned_unsupervised,baseline,0.0,0.0,recall,0.0
yolo11n,B_finetuned_unsupervised,bo_exploration,2.0,0.47,recall,0.4401
yolo11n,B_finetuned_unsupervised,bo_exploitation,3.0,0.18,recall,0.657
yolo11n,B_finetuned_unsupervised,grid_search,4.0,0.5,recall,0.6861
yolo11n,C_finetuned_supervised,bo_exploration,3.0,0.27,recall,0.6598
yolo11n,C_finetuned_supervised,bo_exploitation,4.0,0.0,recall,0.7029
yolo11n,C_finetuned_supervised,grid_search,4.0,0.0,recall,0.7029
yolo11m,A_unfinetuned,baseline,0.0,0.0,recall,0.0
yolo11m,A_unfinetuned,bo_exploration,3.0,0.5,recall,0.6209
yolo11m,A_unfinetuned,bo_exploitation,3.0,0.27,recall,0.6197
yolo11m,A_unfinetuned,grid_search,4.0,0.5,recall,0.6379
yolo11m,B_finetuned_unsupervised,baseline,0.0,0.0,recall,0.0
yolo11m,B_finetuned_unsupervised,bo_exploration,4.0,0.5,recall,0.7018
yolo11m,B_finetuned_unsupervised,bo_exploitation,3.0,0.19,recall,0.6721
yolo11m,B_finetuned_unsupervised,grid_search,4.0,0.5,recall,0.7018
yolo11m,C_finetuned_supervised,bo_exploration,3.0,0.07,recall,0.6924
yolo11m,C_finetuned_supervised,bo_exploitation,3.0,0.29,recall,0.6764
yolo11m,C_finetuned_supervised,grid_search,4.0,0.0,recall,0.7164
yolo11n,A_unfinetuned,baseline,0.0,0.0,recall,0.0
yolo11n,A_unfinetuned,bo_exploration,4.0,0.5,recall,0.7221
yolo11n,A_unfinetuned,bo_exploitation,3.0,0.42,recall,0.6694
yolo11n,A_unfinetuned,grid_search,4.0,0.5,recall,0.7221
yolo11n,B_finetuned_unsupervised,baseline,0.0,0.0,recall,0.0
yolo11n,B_finetuned_unsupervised,bo_exploration,4.0,0.5,recall,0.7084
yolo11n,B_finetuned_unsupervised,bo_exploitation,3.0,0.14,recall,0.6669
yolo11n,B_finetuned_unsupervised,grid_search,4.0,0.5,recall,0.7084
yolo11n,C_finetuned_supervised,bo_exploration,2.0,0.29,recall,0.4752
yolo11n,C_finetuned_supervised,bo_exploitation,3.0,0.41,recall,0.6707
yolo11n,C_finetuned_supervised,grid_search,4.0,0.0,recall,0.7282
yolo11n,A_unfinetuned,baseline,0.0,0.0,recall,0.0
yolo11n,A_unfinetuned,bo_exploration,2.0,0.4,recall,0.4649
yolo11n,A_unfinetuned,bo_exploitation,3.0,0.15,recall,0.65
yolo11n,A_unfinetuned,grid_search,4.0,0.5,recall,0.6935
yolo11n,B_finetuned_unsupervised,baseline,0.0,0.0,recall,0.0001
yolo11n,B_finetuned_unsupervised,bo_exploration,3.0,0.43,recall,0.657
yolo11n,B_finetuned_unsupervised,bo_exploitation,2.0,0.08,recall,0.4594
yolo11n,B_finetuned_unsupervised,grid_search,4.0,0.5,recall,0.6941
yolo11n,C_finetuned_supervised,bo_exploration,4.0,0.5,recall,0.6941
yolo11n,C_finetuned_supervised,bo_exploitation,4.0,0.29,recall,0.6813
yolo11n,C_finetuned_supervised,grid_search,4.0,0.0,recall,0.7095
rtdetr-l,A_unfinetuned,baseline,0.0,0.0,recall,0.0001
rtdetr-l,A_unfinetuned,bo_exploration,2.0,0.49,recall,0.4584
rtdetr-l,A_unfinetuned,bo_exploitation,3.0,0.08,recall,0.6586
rtdetr-l,A_unfinetuned,grid_search,4.0,0.5,recall,0.7048
rtdetr-l,B_finetuned_unsupervised,baseline,0.0,0.0,recall,0.0
rtdetr-l,B_finetuned_unsupervised,bo_exploration,3.0,0.1,recall,0.5988
rtdetr-l,B_finetuned_unsupervised,bo_exploitation,4.0,0.36,recall,0.6582
rtdetr-l,B_finetuned_unsupervised,grid_search,4.0,0.5,recall,0.6691
rtdetr-l,C_finetuned_supervised,bo_exploration,2.0,0.21,recall,0.4032
rtdetr-l,C_finetuned_supervised,bo_exploitation,4.0,0.5,recall,0.6691
rtdetr-l,C_finetuned_supervised,grid_search,4.0,0.0,recall,0.6569
rtdetr-l,A_unfinetuned,baseline,0.0,0.0,recall,0.0001
rtdetr-l,A_unfinetuned,bo_exploration,2.0,0.27,recall,0.291
rtdetr-l,A_unfinetuned,bo_exploitation,2.0,0.48,recall,0.2864
rtdetr-l,A_unfinetuned,grid_search,4.0,0.5,recall,0.6198
rtdetr-l,B_finetuned_unsupervised,baseline,0.0,0.0,recall,0.0004
rtdetr-l,B_finetuned_unsupervised,bo_exploration,3.0,0.41,recall,0.5513
rtdetr-l,B_finetuned_unsupervised,bo_exploitation,3.0,0.43,recall,0.5546
rtdetr-l,B_finetuned_unsupervised,grid_search,4.0,0.5,recall,0.5944
rtdetr-l,C_finetuned_supervised,bo_exploration,3.0,0.03,recall,0.5508
rtdetr-l,C_finetuned_supervised,bo_exploitation,3.0,0.0,recall,0.5358
rtdetr-l,C_finetuned_supervised,grid_search,4.0,0.0,recall,0.5988
rtdetr-l,A_unfinetuned,baseline,0.0,0.0,recall,0.0004
rtdetr-l,A_unfinetuned,bo_exploration,4.0,0.5,recall,0.5558
rtdetr-l,A_unfinetuned,bo_exploitation,2.0,0.23,recall,0.1942
rtdetr-l,A_unfinetuned,grid_search,4.0,0.5,recall,0.5558
rtdetr-l,B_finetuned_unsupervised,baseline,0.0,0.0,recall,0.0002
rtdetr-l,B_finetuned_unsupervised,bo_exploration,4.0,0.49,recall,0.6128
rtdetr-l,B_finetuned_unsupervised,bo_exploitation,3.0,0.24,recall,0.546
rtdetr-l,B_finetuned_unsupervised,grid_search,4.0,0.5,recall,0.6095
rtdetr-l,C_finetuned_supervised,bo_exploration,3.0,0.16,recall,0.5558
rtdetr-l,C_finetuned_supervised,bo_exploitation,2.0,0.22,recall,0.3885
rtdetr-l,C_finetuned_supervised,grid_search,4.0,0.0,recall,0.5968
rtdetr-l,A_unfinetuned,baseline,0.0,0.0,recall,0.0
rtdetr-l,A_unfinetuned,bo_exploration,3.0,0.47,recall,0.5987
rtdetr-l,A_unfinetuned,bo_exploitation,2.0,0.43,recall,0.36
rtdetr-l,A_unfinetuned,grid_search,4.0,0.5,recall,0.6646
rtdetr-l,B_finetuned_unsupervised,baseline,0.0,0.0,recall,0.0001
rtdetr-l,B_finetuned_unsupervised,bo_exploration,2.0,0.46,recall,0.322
rtdetr-l,B_finetuned_unsupervised,bo_exploitation,3.0,0.45,recall,0.5366
rtdetr-l,B_finetuned_unsupervised,grid_search,4.0,0.5,recall,0.5989
rtdetr-l,C_finetuned_supervised,bo_exploration,4.0,0.0,recall,0.5916
rtdetr-l,C_finetuned_supervised,bo_exploitation,3.0,0.16,recall,0.5451
rtdetr-l,C_finetuned_supervised,grid_search,4.0,0.0,recall,0.5916
rtdetr-l,A_unfinetuned,baseline,0.0,0.0,recall,0.0
rtdetr-l,A_unfinetuned,bo_exploration,3.0,0.48,recall,0.5802
rtdetr-l,A_unfinetuned,bo_exploitation,3.0,0.29,recall,0.5822
rtdetr-l,A_unfinetuned,grid_search,4.0,0.5,recall,0.6512
rtdetr-l,B_finetuned_unsupervised,baseline,0.0,0.0,recall,0.0
rtdetr-l,B_finetuned_unsupervised,bo_exploration,3.0,0.5,recall,0.604
rtdetr-l,B_finetuned_unsupervised,bo_exploitation,3.0,0.39,recall,0.5997
rtdetr-l,B_finetuned_unsupervised,grid_search,4.0,0.5,recall,0.6573
rtdetr-l,C_finetuned_supervised,bo_exploration,4.0,0.0,recall,0.656
rtdetr-l,C_finetuned_supervised,bo_exploitation,4.0,0.5,recall,0.6573
rtdetr-l,C_finetuned_supervised,grid_search,4.0,0.5,recall,0.6573
rtdetr-l,A_unfinetuned,baseline,0.0,0.0,recall,0.0
rtdetr-l,A_unfinetuned,bo_exploration,2.0,0.36,recall,0.3772
rtdetr-l,A_unfinetuned,bo_exploitation,2.0,0.3,recall,0.372
rtdetr-l,A_unfinetuned,grid_search,4.0,0.5,recall,0.7088
rtdetr-l,B_finetuned_unsupervised,baseline,0.0,0.0,recall,0.001
rtdetr-l,B_finetuned_unsupervised,bo_exploration,3.0,0.31,recall,0.6436
rtdetr-l,B_finetuned_unsupervised,bo_exploitation,3.0,0.41,recall,0.6471
rtdetr-l,B_finetuned_unsupervised,grid_search,4.0,0.5,recall,0.6862
rtdetr-l,C_finetuned_supervised,bo_exploration,2.0,0.35,recall,0.4564
rtdetr-l,C_finetuned_supervised,bo_exploitation,2.0,0.23,recall,0.4638
rtdetr-l,C_finetuned_supervised,grid_search,4.0,0.0,recall,0.6763
rtdetr-l,A_unfinetuned,baseline,0.0,0.0,recall,0.0
rtdetr-l,A_unfinetuned,bo_exploration,2.0,0.14,recall,0.4152
rtdetr-l,A_unfinetuned,bo_exploitation,3.0,0.15,recall,0.6198
rtdetr-l,A_unfinetuned,grid_search,4.0,0.5,recall,0.6611
rtdetr-l,B_finetuned_unsupervised,baseline,0.0,0.0,recall,0.0
rtdetr-l,B_finetuned_unsupervised,bo_exploration,3.0,0.5,recall,0.6329
rtdetr-l,B_finetuned_unsupervised,bo_exploitation,3.0,0.14,recall,0.6184
rtdetr-l,B_finetuned_unsupervised,grid_search,4.0,0.5,recall,0.6953
rtdetr-l,C_finetuned_supervised,bo_exploration,4.0,0.0,recall,0.6866
rtdetr-l,C_finetuned_supervised,bo_exploitation,2.0,0.1,recall,0.3481
rtdetr-l,C_finetuned_supervised,grid_search,4.0,0.0,recall,0.6866
rtdetr-l,A_unfinetuned,baseline,0.0,0.0,recall,0.0
rtdetr-l,A_unfinetuned,bo_exploration,2.0,0.42,recall,0.3803
rtdetr-l,A_unfinetuned,bo_exploitation,3.0,0.28,recall,0.6305
rtdetr-l,A_unfinetuned,grid_search,4.0,0.5,recall,0.6584
rtdetr-l,B_finetuned_unsupervised,baseline,0.0,0.0,recall,0.0001
rtdetr-l,B_finetuned_unsupervised,bo_exploration,3.0,0.44,recall,0.582
rtdetr-l,B_finetuned_unsupervised,bo_exploitation,1.0,0.28,recall,0.0008
rtdetr-l,B_finetuned_unsupervised,grid_search,4.0,0.5,recall,0.6408
rtdetr-l,C_finetuned_supervised,bo_exploration,4.0,0.0,recall,0.6397
rtdetr-l,C_finetuned_supervised,bo_exploitation,3.0,0.04,recall,0.5927
rtdetr-l,C_finetuned_supervised,grid_search,4.0,0.0,recall,0.6397
yolo11n,B_finetuned_unsupervised,baseline,0.0,0.0,recall,0.0
yolo11n,B_finetuned_unsupervised,bo_exploration,3.0,0.5,recall,0.667
yolo11n,B_finetuned_unsupervised,bo_exploitation,3.0,0.37,recall,0.6617
yolo11n,B_finetuned_unsupervised,grid_search,4.0,0.5,recall,0.6938
yolo11n,C_finetuned_supervised,bo_exploration,4.0,0.0,recall,0.7186
yolo11n,C_finetuned_supervised,bo_exploitation,4.0,0.0,recall,0.7186
yolo11n,C_finetuned_supervised,grid_search,4.0,0.0,recall,0.7186
yolo11m,A_unfinetuned,baseline,0.0,0.0,recall,0.0002
yolo11m,A_unfinetuned,bo_exploration,3.0,0.5,recall,0.6053
yolo11m,A_unfinetuned,bo_exploitation,2.0,0.42,recall,0.436
yolo11m,A_unfinetuned,grid_search,4.0,0.5,recall,0.6164
yolo11m,B_finetuned_unsupervised,baseline,0.0,0.0,recall,0.0
yolo11m,B_finetuned_unsupervised,bo_exploration,3.0,0.02,recall,0.6906
yolo11m,B_finetuned_unsupervised,bo_exploitation,4.0,0.0,recall,0.7193
yolo11m,B_finetuned_unsupervised,grid_search,4.0,0.5,recall,0.7044
yolo11m,C_finetuned_supervised,bo_exploration,3.0,0.5,recall,0.6794
yolo11m,C_finetuned_supervised,bo_exploitation,3.0,0.23,recall,0.6869
yolo11m,C_finetuned_supervised,grid_search,4.0,0.0,recall,0.7193
yolo11n,A_unfinetuned,baseline,0.0,0.0,recall,0.0
yolo11n,A_unfinetuned,bo_exploration,4.0,0.0,recall,0.7302
yolo11n,A_unfinetuned,bo_exploitation,3.0,0.02,recall,0.6957
yolo11n,A_unfinetuned,grid_search,4.0,0.5,recall,0.712
yolo11n,B_finetuned_unsupervised,baseline,0.0,0.0,recall,0.0
yolo11n,B_finetuned_unsupervised,bo_exploration,4.0,0.5,recall,0.7028
yolo11n,B_finetuned_unsupervised,bo_exploitation,3.0,0.48,recall,0.6618
yolo11n,B_finetuned_unsupervised,grid_search,4.0,0.5,recall,0.7028
yolo11n,C_finetuned_supervised,bo_exploration,3.0,0.21,recall,0.6697
yolo11n,C_finetuned_supervised,bo_exploitation,4.0,0.0,recall,0.7198
yolo11n,C_finetuned_supervised,grid_search,4.0,0.0,recall,0.7198
yolo11m,A_unfinetuned,baseline,0.0,0.0,recall,0.0001
yolo11m,A_unfinetuned,bo_exploration,3.0,0.12,recall,0.6087
yolo11m,A_unfinetuned,bo_exploitation,3.0,0.15,recall,0.6037
yolo11m,A_unfinetuned,grid_search,4.0,0.5,recall,0.6241
yolo11m,B_finetuned_unsupervised,baseline,0.0,0.0,recall,0.0
yolo11m,B_finetuned_unsupervised,bo_exploration,4.0,0.0,recall,0.7188
yolo11m,B_finetuned_unsupervised,bo_exploitation,3.0,0.16,recall,0.6745
yolo11m,B_finetuned_unsupervised,grid_search,4.0,0.5,recall,0.7038
yolo11m,C_finetuned_supervised,bo_exploration,4.0,0.5,recall,0.7038
yolo11m,C_finetuned_supervised,bo_exploitation,3.0,0.21,recall,0.6717
yolo11m,C_finetuned_supervised,grid_search,4.0,0.0,recall,0.7188
yolo11n,A_unfinetuned,baseline,0.0,0.0,recall,0.0
yolo11n,A_unfinetuned,bo_exploration,3.0,0.5,recall,0.6793
yolo11n,A_unfinetuned,bo_exploitation,3.0,0.44,recall,0.6811
yolo11n,A_unfinetuned,grid_search,4.0,0.5,recall,0.7195
yolo11n,B_finetuned_unsupervised,baseline,0.0,0.0,recall,0.0
yolo11n,B_finetuned_unsupervised,bo_exploration,3.0,0.43,recall,0.6561
yolo11n,B_finetuned_unsupervised,bo_exploitation,2.0,0.4,recall,0.4562
yolo11n,B_finetuned_unsupervised,grid_search,4.0,0.5,recall,0.6979
yolo11n,C_finetuned_supervised,bo_exploration,3.0,0.06,recall,0.6642
yolo11n,C_finetuned_supervised,bo_exploitation,3.0,0.13,recall,0.649
yolo11n,C_finetuned_supervised,grid_search,4.0,0.0,recall,0.7129
yolo11m,A_unfinetuned,baseline,0.0,0.0,recall,0.0001
yolo11m,A_unfinetuned,bo_exploration,4.0,0.0,recall,0.6225
yolo11m,A_unfinetuned,bo_exploitation,3.0,0.33,recall,0.5947
yolo11m,A_unfinetuned,grid_search,4.0,0.5,recall,0.6149
yolo11m,B_finetuned_unsupervised,baseline,0.0,0.0,recall,0.0
yolo11m,B_finetuned_unsupervised,bo_exploration,4.0,0.0,recall,0.7193
yolo11m,B_finetuned_unsupervised,bo_exploitation,3.0,0.36,recall,0.6775
yolo11m,B_finetuned_unsupervised,grid_search,4.0,0.5,recall,0.7045
yolo11m,C_finetuned_supervised,bo_exploration,2.0,0.16,recall,0.5145
yolo11m,C_finetuned_supervised,bo_exploitation,4.0,0.5,recall,0.7045
yolo11m,C_finetuned_supervised,grid_search,4.0,0.0,recall,0.7193
yolo11n,A_unfinetuned,baseline,0.0,0.0,recall,0.0
yolo11n,A_unfinetuned,bo_exploration,3.0,0.04,recall,0.6664
yolo11n,A_unfinetuned,bo_exploitation,3.0,0.34,recall,0.6549
yolo11n,A_unfinetuned,grid_search,4.0,0.5,recall,0.7066
yolo11n,B_finetuned_unsupervised,baseline,0.0,0.0,recall,0.0
yolo11n,B_finetuned_unsupervised,bo_exploration,2.0,0.43,recall,0.4655
yolo11n,B_finetuned_unsupervised,bo_exploitation,4.0,0.24,recall,0.7117
yolo11n,B_finetuned_unsupervised,grid_search,4.0,0.5,recall,0.7028
yolo11n,C_finetuned_supervised,bo_exploration,4.0,0.5,recall,0.7028
yolo11n,C_finetuned_supervised,bo_exploitation,4.0,0.0,recall,0.7198
yolo11n,C_finetuned_supervised,grid_search,4.0,0.0,recall,0.7198
yolo11m,A_unfinetuned,baseline,0.0,0.0,recall,0.0001
yolo11m,A_unfinetuned,bo_exploration,3.0,0.5,recall,0.6285
yolo11m,A_unfinetuned,bo_exploitation,3.0,0.28,recall,0.6253
yolo11m,A_unfinetuned,grid_search,4.0,0.5,recall,0.6561
yolo11m,B_finetuned_unsupervised,baseline,0.0,0.0,recall,0.0
yolo11m,B_finetuned_unsupervised,bo_exploration,3.0,0.0,recall,0.6781
yolo11m,B_finetuned_unsupervised,bo_exploitation,3.0,0.32,recall,0.6771
yolo11m,B_finetuned_unsupervised,grid_search,4.0,0.5,recall,0.7038
yolo11m,C_finetuned_supervised,bo_exploration,4.0,0.5,recall,0.7038
yolo11m,C_finetuned_supervised,bo_exploitation,3.0,0.05,recall,0.6876
yolo11m,C_finetuned_supervised,grid_search,4.0,0.0,recall,0.7188
yolo11n,A_unfinetuned,baseline,0.0,0.0,recall,0.0002
yolo11n,A_unfinetuned,bo_exploration,3.0,0.42,recall,0.6711
yolo11n,A_unfinetuned,bo_exploitation,3.0,0.44,recall,0.6671
yolo11n,A_unfinetuned,grid_search,4.0,0.5,recall,0.6937
yolo11n,B_finetuned_unsupervised,baseline,0.0,0.0,recall,0.0
yolo11n,B_finetuned_unsupervised,bo_exploration,3.0,0.5,recall,0.6724
yolo11n,B_finetuned_unsupervised,bo_exploitation,3.0,0.26,recall,0.6674
yolo11n,B_finetuned_unsupervised,grid_search,4.0,0.5,recall,0.7075
yolo11n,C_finetuned_supervised,bo_exploration,3.0,0.11,recall,0.6776
yolo11n,C_finetuned_supervised,bo_exploitation,3.0,0.1,recall,0.6783
yolo11n,C_finetuned_supervised,grid_search,4.0,0.0,recall,0.7272
yolo11m,A_unfinetuned,baseline,0.0,0.0,recall,0.0001
yolo11m,A_unfinetuned,bo_exploration,3.0,0.5,recall,0.6217
yolo11m,A_unfinetuned,bo_exploitation,3.0,0.12,recall,0.6207
yolo11m,A_unfinetuned,grid_search,4.0,0.5,recall,0.6315
yolo11m,B_finetuned_unsupervised,baseline,0.0,0.0,recall,0.0
yolo11m,B_finetuned_unsupervised,bo_exploration,3.0,0.15,recall,0.6573
yolo11m,B_finetuned_unsupervised,bo_exploitation,3.0,0.17,recall,0.6581
yolo11m,B_finetuned_unsupervised,grid_search,4.0,0.5,recall,0.6683
yolo11m,C_finetuned_supervised,bo_exploration,4.0,0.0,recall,0.6783
yolo11m,C_finetuned_supervised,bo_exploitation,2.0,0.16,recall,0.4973
yolo11m,C_finetuned_supervised,grid_search,4.0,0.0,recall,0.6783
yolo11n,A_unfinetuned,baseline,0.0,0.0,recall,0.0002
yolo11n,A_unfinetuned,bo_exploration,3.0,0.5,recall,0.6337
yolo11n,A_unfinetuned,bo_exploitation,3.0,0.37,recall,0.6312
yolo11n,A_unfinetuned,grid_search,4.0,0.5,recall,0.6597
yolo11n,B_finetuned_unsupervised,baseline,0.0,0.0,recall,0.0
yolo11n,B_finetuned_unsupervised,bo_exploration,3.0,0.38,recall,0.6598
yolo11n,B_finetuned_unsupervised,bo_exploitation,4.0,0.38,recall,0.6991
yolo11n,B_finetuned_unsupervised,grid_search,4.0,0.5,recall,0.7027
yolo11n,C_finetuned_supervised,bo_exploration,3.0,0.16,recall,0.6714
yolo11n,C_finetuned_supervised,bo_exploitation,2.0,0.0,recall,0.4628
yolo11n,C_finetuned_supervised,grid_search,4.0,0.0,recall,0.7197
yolo11m,A_unfinetuned,baseline,0.0,0.0,recall,0.0001
yolo11m,A_unfinetuned,bo_exploration,3.0,0.38,recall,0.6696
yolo11m,A_unfinetuned,bo_exploitation,3.0,0.5,recall,0.6634
yolo11m,A_unfinetuned,grid_search,4.0,0.5,recall,0.691
yolo11m,B_finetuned_unsupervised,baseline,0.0,0.0,recall,0.0
yolo11m,B_finetuned_unsupervised,bo_exploration,3.0,0.47,recall,0.7021
yolo11m,B_finetuned_unsupervised,bo_exploitation,2.0,0.47,recall,0.4847
yolo11m,B_finetuned_unsupervised,grid_search,4.0,0.5,recall,0.7401
yolo11m,C_finetuned_supervised,bo_exploration,4.0,0.5,recall,0.7401
yolo11m,C_finetuned_supervised,bo_exploitation,3.0,0.06,recall,0.7079
yolo11m,C_finetuned_supervised,grid_search,4.0,0.0,recall,0.7532
yolo11n,A_unfinetuned,baseline,0.0,0.0,recall,0.0
yolo11n,A_unfinetuned,bo_exploration,3.0,0.29,recall,0.6619
yolo11n,A_unfinetuned,bo_exploitation,2.0,0.49,recall,0.4244
yolo11n,A_unfinetuned,grid_search,4.0,0.5,recall,0.6946
yolo11n,B_finetuned_unsupervised,baseline,0.0,0.0,recall,0.0
yolo11n,B_finetuned_unsupervised,bo_exploration,3.0,0.28,recall,0.6695
yolo11n,B_finetuned_unsupervised,bo_exploitation,2.0,0.46,recall,0.4728
yolo11n,B_finetuned_unsupervised,grid_search,4.0,0.5,recall,0.7085
yolo11n,C_finetuned_supervised,bo_exploration,3.0,0.0,recall,0.6737
yolo11n,C_finetuned_supervised,bo_exploitation,2.0,0.0,recall,0.4738
yolo11n,C_finetuned_supervised,grid_search,4.0,0.0,recall,0.7282
yolo11m,A_unfinetuned,baseline,0.0,0.0,recall,0.0
yolo11m,A_unfinetuned,bo_exploration,3.0,0.44,recall,0.6047
yolo11m,A_unfinetuned,bo_exploitation,2.0,0.42,recall,0.4478
yolo11m,A_unfinetuned,grid_search,4.0,0.5,recall,0.6158
yolo11m,B_finetuned_unsupervised,baseline,0.0,0.0,recall,0.0
yolo11m,B_finetuned_unsupervised,bo_exploration,2.0,0.41,recall,0.519
yolo11m,B_finetuned_unsupervised,bo_exploitation,3.0,0.5,recall,0.6797
yolo11m,B_finetuned_unsupervised,grid_search,4.0,0.5,recall,0.7044
yolo11m,C_finetuned_supervised,bo_exploration,3.0,0.24,recall,0.6877
yolo11m,C_finetuned_supervised,bo_exploitation,3.0,0.15,recall,0.6894
yolo11m,C_finetuned_supervised,grid_search,4.0,0.0,recall,0.7194
yolo11n,A_unfinetuned,baseline,0.0,0.0,recall,0.0
yolo11n,A_unfinetuned,bo_exploration,2.0,0.31,recall,0.4656
yolo11n,A_unfinetuned,bo_exploitation,3.0,0.17,recall,0.6726
yolo11n,A_unfinetuned,grid_search,4.0,0.5,recall,0.7123
yolo11n,B_finetuned_unsupervised,baseline,0.0,0.0,recall,0.0
yolo11n,B_finetuned_unsupervised,bo_exploration,4.0,0.06,recall,0.7075
yolo11n,B_finetuned_unsupervised,bo_exploitation,2.0,0.42,recall,0.4635
yolo11n,B_finetuned_unsupervised,grid_search,4.0,0.5,recall,0.7027
yolo11n,C_finetuned_supervised,bo_exploration,3.0,0.0,recall,0.6772
yolo11n,C_finetuned_supervised,bo_exploitation,3.0,0.44,recall,0.6598
yolo11n,C_finetuned_supervised,grid_search,4.0,0.0,recall,0.7198
yolo11m,A_unfinetuned,baseline,0.0,0.0,recall,0.0002
yolo11m,A_unfinetuned,bo_exploration,3.0,0.16,recall,0.6244
yolo11m,A_unfinetuned,bo_exploitation,3.0,0.41,recall,0.6361
yolo11m,A_unfinetuned,grid_search,4.0,0.5,recall,0.6424
yolo11m,B_finetuned_unsupervised,baseline,0.0,0.0,recall,0.0
yolo11m,B_finetuned_unsupervised,bo_exploration,2.0,0.18,recall,0.5171
yolo11m,B_finetuned_unsupervised,bo_exploitation,3.0,0.3,recall,0.6907
yolo11m,B_finetuned_unsupervised,grid_search,4.0,0.5,recall,0.7044
yolo11m,C_finetuned_supervised,bo_exploration,3.0,0.5,recall,0.6796
yolo11m,C_finetuned_supervised,bo_exploitation,3.0,0.5,recall,0.6796
yolo11m,C_finetuned_supervised,grid_search,4.0,0.0,recall,0.7193
yolo11n,A_unfinetuned,baseline,0.0,0.0,recall,0.0001
yolo11n,A_unfinetuned,bo_exploration,3.0,0.26,recall,0.6711
yolo11n,A_unfinetuned,bo_exploitation,3.0,0.41,recall,0.6584
yolo11n,A_unfinetuned,grid_search,4.0,0.5,recall,0.6863
yolo11n,B_finetuned_unsupervised,baseline,0.0,0.0,recall,0.0
yolo11n,B_finetuned_unsupervised,bo_exploration,4.0,0.5,recall,0.6977
yolo11n,B_finetuned_unsupervised,bo_exploitation,3.0,0.42,recall,0.6554
yolo11n,B_finetuned_unsupervised,grid_search,4.0,0.5,recall,0.6977
yolo11n,C_finetuned_supervised,bo_exploration,2.0,0.29,recall,0.4502
yolo11n,C_finetuned_supervised,bo_exploitation,4.0,0.2,recall,0.688
yolo11n,C_finetuned_supervised,grid_search,4.0,0.0,recall,0.7128
yolo11n,A_unfinetuned,baseline,0.0,0.0,recall,0.0
yolo11n,A_unfinetuned,bo_exploration,3.0,0.15,recall,0.6371
yolo11n,A_unfinetuned,bo_exploitation,3.0,0.45,recall,0.6376
yolo11n,A_unfinetuned,grid_search,4.0,0.5,recall,0.695
yolo11n,B_finetuned_unsupervised,baseline,0.0,0.0,recall,0.0
yolo11n,B_finetuned_unsupervised,bo_exploration,2.0,0.37,recall,0.376
yolo11n,B_finetuned_unsupervised,bo_exploitation,4.0,0.4,recall,0.7123
yolo11n,B_finetuned_unsupervised,grid_search,4.0,0.5,recall,0.6938
yolo11n,C_finetuned_supervised,bo_exploration,3.0,0.15,recall,0.6663
yolo11n,C_finetuned_supervised,bo_exploitation,2.0,0.19,recall,0.3844
yolo11n,C_finetuned_supervised,grid_search,4.0,0.0,recall,0.7186
rtdetr-l,A_unfinetuned,baseline,0.0,0.0,recall,0.0
rtdetr-l,A_unfinetuned,bo_exploration,3.0,0.5,recall,0.5014
rtdetr-l,A_unfinetuned,bo_exploitation,3.0,0.32,recall,0.4955
rtdetr-l,A_unfinetuned,grid_search,4.0,0.5,recall,0.5946
rtdetr-l,B_finetuned_unsupervised,baseline,0.0,0.0,recall,0.0
rtdetr-l,B_finetuned_unsupervised,bo_exploration,3.0,0.46,recall,0.6459
rtdetr-l,B_finetuned_unsupervised,bo_exploitation,2.0,0.43,recall,0.401
rtdetr-l,B_finetuned_unsupervised,grid_search,4.0,0.5,recall,0.6809
rtdetr-l,C_finetuned_supervised,bo_exploration,3.0,0.12,recall,0.6361
rtdetr-l,C_finetuned_supervised,bo_exploitation,4.0,0.5,recall,0.6809
rtdetr-l,C_finetuned_supervised,grid_search,4.0,0.0,recall,0.6667
rtdetr-l,A_unfinetuned,baseline,0.0,0.0,recall,0.0
rtdetr-l,A_unfinetuned,bo_exploration,3.0,0.31,recall,0.586
rtdetr-l,A_unfinetuned,bo_exploitation,3.0,0.11,recall,0.5806
rtdetr-l,A_unfinetuned,grid_search,4.0,0.5,recall,0.6659
rtdetr-l,B_finetuned_unsupervised,baseline,0.0,0.0,recall,0.0
rtdetr-l,B_finetuned_unsupervised,bo_exploration,3.0,0.5,recall,0.6468
rtdetr-l,B_finetuned_unsupervised,bo_exploitation,3.0,0.14,recall,0.6342
rtdetr-l,B_finetuned_unsupervised,grid_search,4.0,0.5,recall,0.7035
rtdetr-l,C_finetuned_supervised,bo_exploration,4.0,0.5,recall,0.7035
rtdetr-l,C_finetuned_supervised,bo_exploitation,2.0,0.0,recall,0.3927
rtdetr-l,C_finetuned_supervised,grid_search,4.0,0.0,recall,0.6989
rtdetr-l,A_unfinetuned,baseline,0.0,0.0,recall,0.0001
rtdetr-l,A_unfinetuned,bo_exploration,3.0,0.48,recall,0.6368
rtdetr-l,A_unfinetuned,bo_exploitation,2.0,0.19,recall,0.4257
rtdetr-l,A_unfinetuned,grid_search,4.0,0.5,recall,0.6705
rtdetr-l,B_finetuned_unsupervised,baseline,0.0,0.0,recall,0.0001
rtdetr-l,B_finetuned_unsupervised,bo_exploration,3.0,0.13,recall,0.5812
rtdetr-l,B_finetuned_unsupervised,bo_exploitation,3.0,0.12,recall,0.5849
rtdetr-l,B_finetuned_unsupervised,grid_search,4.0,0.5,recall,0.6406
rtdetr-l,C_finetuned_supervised,bo_exploration,3.0,0.25,recall,0.5688
rtdetr-l,C_finetuned_supervised,bo_exploitation,3.0,0.0,recall,0.5614
rtdetr-l,C_finetuned_supervised,grid_search,4.0,0.0,recall,0.6438
rtdetr-l,A_unfinetuned,baseline,0.0,0.0,recall,0.0
rtdetr-l,A_unfinetuned,bo_exploration,3.0,0.36,recall,0.6659
rtdetr-l,A_unfinetuned,bo_exploitation,2.0,0.38,recall,0.4511
rtdetr-l,A_unfinetuned,grid_search,4.0,0.5,recall,0.6965
rtdetr-l,B_finetuned_unsupervised,baseline,0.0,0.0,recall,0.0
rtdetr-l,B_finetuned_unsupervised,bo_exploration,3.0,0.33,recall,0.5784
rtdetr-l,B_finetuned_unsupervised,bo_exploitation,4.0,0.16,recall,0.6233
rtdetr-l,B_finetuned_unsupervised,grid_search,4.0,0.5,recall,0.6302
rtdetr-l,C_finetuned_supervised,bo_exploration,3.0,0.01,recall,0.5948
rtdetr-l,C_finetuned_supervised,bo_exploitation,3.0,0.0,recall,0.5877
rtdetr-l,C_finetuned_supervised,grid_search,4.0,0.0,recall,0.6349
rtdetr-l,A_unfinetuned,baseline,0.0,0.0,recall,0.0
rtdetr-l,A_unfinetuned,bo_exploration,2.0,0.28,recall,0.3662
rtdetr-l,A_unfinetuned,bo_exploitation,3.0,0.17,recall,0.5895
rtdetr-l,A_unfinetuned,grid_search,4.0,0.5,recall,0.6734
rtdetr-l,B_finetuned_unsupervised,baseline,0.0,0.0,recall,0.0002
rtdetr-l,B_finetuned_unsupervised,bo_exploration,4.0,0.5,recall,0.6152
rtdetr-l,B_finetuned_unsupervised,bo_exploitation,4.0,0.5,recall,0.6152
rtdetr-l,B_finetuned_unsupervised,grid_search,4.0,0.5,recall,0.6152
rtdetr-l,C_finetuned_supervised,bo_exploration,4.0,0.5,recall,0.6152
rtdetr-l,C_finetuned_supervised,bo_exploitation,3.0,0.23,recall,0.5526
rtdetr-l,C_finetuned_supervised,grid_search,4.0,0.0,recall,0.6375
rtdetr-l,A_unfinetuned,baseline,0.0,0.0,recall,0.0
rtdetr-l,A_unfinetuned,bo_exploration,2.0,0.22,recall,0.3665
rtdetr-l,A_unfinetuned,bo_exploitation,3.0,0.47,recall,0.587
rtdetr-l,A_unfinetuned,grid_search,4.0,0.5,recall,0.6575
rtdetr-l,B_finetuned_unsupervised,baseline,0.0,0.0,recall,0.0
rtdetr-l,B_finetuned_unsupervised,bo_exploration,3.0,0.5,recall,0.5664
rtdetr-l,B_finetuned_unsupervised,bo_exploitation,3.0,0.44,recall,0.5741
rtdetr-l,B_finetuned_unsupervised,grid_search,4.0,0.5,recall,0.6147
rtdetr-l,C_finetuned_supervised,bo_exploration,3.0,0.0,recall,0.5525
rtdetr-l,C_finetuned_supervised,bo_exploitation,4.0,0.5,recall,0.6147
rtdetr-l,C_finetuned_supervised,grid_search,4.0,0.0,recall,0.5991
rtdetr-l,A_unfinetuned,baseline,0.0,0.0,recall,0.0005
rtdetr-l,A_unfinetuned,bo_exploration,4.0,0.0,recall,0.6148
rtdetr-l,A_unfinetuned,bo_exploitation,2.0,0.4,recall,0.3677
rtdetr-l,A_unfinetuned,grid_search,4.0,0.5,recall,0.6285
rtdetr-l,B_finetuned_unsupervised,baseline,0.0,0.0,recall,0.0001
rtdetr-l,B_finetuned_unsupervised,bo_exploration,3.0,0.46,recall,0.544
rtdetr-l,B_finetuned_unsupervised,bo_exploitation,3.0,0.35,recall,0.533
rtdetr-l,B_finetuned_unsupervised,grid_search,4.0,0.5,recall,0.5917
rtdetr-l,C_finetuned_supervised,bo_exploration,4.0,0.0,recall,0.5883
rtdetr-l,C_finetuned_supervised,bo_exploitation,3.0,0.38,recall,0.5332
rtdetr-l,C_finetuned_supervised,grid_search,4.0,0.0,recall,0.5883
rtdetr-l,A_unfinetuned,baseline,0.0,0.0,recall,0.0
rtdetr-l,A_unfinetuned,bo_exploration,3.0,0.5,recall,0.6006
rtdetr-l,A_unfinetuned,bo_exploitation,3.0,0.49,recall,0.6107
rtdetr-l,A_unfinetuned,grid_search,4.0,0.5,recall,0.664
rtdetr-l,B_finetuned_unsupervised,baseline,0.0,0.0,recall,0.0005
rtdetr-l,B_finetuned_unsupervised,bo_exploration,2.0,0.37,recall,0.3562
rtdetr-l,B_finetuned_unsupervised,bo_exploitation,3.0,0.18,recall,0.5531
rtdetr-l,B_finetuned_unsupervised,grid_search,4.0,0.5,recall,0.6046
rtdetr-l,C_finetuned_supervised,bo_exploration,3.0,0.01,recall,0.5604
rtdetr-l,C_finetuned_supervised,bo_exploitation,2.0,0.14,recall,0.3544
rtdetr-l,C_finetuned_supervised,grid_search,4.0,0.0,recall,0.6065
yolo11n,B_finetuned_unsupervised,baseline,0.0,0.0,recall,0.0
yolo11n,B_finetuned_unsupervised,bo_exploration,3.0,0.34,recall,0.6485
yolo11n,B_finetuned_unsupervised,bo_exploitation,3.0,0.42,recall,0.6384
yolo11n,B_finetuned_unsupervised,grid_search,4.0,0.5,recall,0.6982
yolo11n,C_finetuned_supervised,bo_exploration,3.0,0.29,recall,0.654
yolo11n,C_finetuned_supervised,bo_exploitation,2.0,0.0,recall,0.4495
yolo11n,C_finetuned_supervised,grid_search,4.0,0.0,recall,0.7176
yolo11m,A_unfinetuned,baseline,0.0,0.0,recall,0.0
yolo11m,A_unfinetuned,bo_exploration,3.0,0.5,recall,0.6299
yolo11m,A_unfinetuned,bo_exploitation,4.0,0.5,recall,0.6465
yolo11m,A_unfinetuned,grid_search,4.0,0.5,recall,0.6465
yolo11m,B_finetuned_unsupervised,baseline,0.0,0.0,recall,0.0
yolo11m,B_finetuned_unsupervised,bo_exploration,3.0,0.29,recall,0.7105
yolo11m,B_finetuned_unsupervised,bo_exploitation,3.0,0.48,recall,0.7046
yolo11m,B_finetuned_unsupervised,grid_search,4.0,0.5,recall,0.7403
yolo11m,C_finetuned_supervised,bo_exploration,4.0,0.0,recall,0.7535
yolo11m,C_finetuned_supervised,bo_exploitation,3.0,0.17,recall,0.707
yolo11m,C_finetuned_supervised,grid_search,4.0,0.0,recall,0.7535
yolo11n,A_unfinetuned,baseline,0.0,0.0,recall,0.0001
yolo11n,A_unfinetuned,bo_exploration,3.0,0.2,recall,0.6601
yolo11n,A_unfinetuned,bo_exploitation,3.0,0.04,recall,0.655
yolo11n,A_unfinetuned,grid_search,4.0,0.5,recall,0.6622
yolo11n,B_finetuned_unsupervised,baseline,0.0,0.0,recall,0.0001
yolo11n,B_finetuned_unsupervised,bo_exploration,2.0,0.39,recall,0.4655
yolo11n,B_finetuned_unsupervised,bo_exploitation,2.0,0.17,recall,0.4627
yolo11n,B_finetuned_unsupervised,grid_search,4.0,0.5,recall,0.6947
yolo11n,C_finetuned_supervised,bo_exploration,3.0,0.0,recall,0.6567
yolo11n,C_finetuned_supervised,bo_exploitation,3.0,0.0,recall,0.6567
yolo11n,C_finetuned_supervised,grid_search,4.0,0.0,recall,0.71
yolo11m,A_unfinetuned,baseline,0.0,0.0,recall,0.0
yolo11m,A_unfinetuned,bo_exploration,3.0,0.5,recall,0.6646
yolo11m,A_unfinetuned,bo_exploitation,3.0,0.19,recall,0.6771
yolo11m,A_unfinetuned,grid_search,4.0,0.5,recall,0.7112
yolo11m,B_finetuned_unsupervised,baseline,0.0,0.0,recall,0.0
yolo11m,B_finetuned_unsupervised,bo_exploration,3.0,0.28,recall,0.6786
yolo11m,B_finetuned_unsupervised,bo_exploitation,2.0,0.43,recall,0.5138
yolo11m,B_finetuned_unsupervised,grid_search,4.0,0.5,recall,0.7037
yolo11m,C_finetuned_supervised,bo_exploration,2.0,0.29,recall,0.5169
yolo11m,C_finetuned_supervised,bo_exploitation,3.0,0.29,recall,0.6783
yolo11m,C_finetuned_supervised,grid_search,4.0,0.0,recall,0.7181
yolo11n,A_unfinetuned,baseline,0.0,0.0,recall,0.0
yolo11n,A_unfinetuned,bo_exploration,3.0,0.11,recall,0.6896
yolo11n,A_unfinetuned,bo_exploitation,3.0,0.28,recall,0.6948
yolo11n,A_unfinetuned,grid_search,4.0,0.5,recall,0.7229
yolo11n,B_finetuned_unsupervised,baseline,0.0,0.0,recall,0.0
yolo11n,B_finetuned_unsupervised,bo_exploration,3.0,0.5,recall,0.6725
yolo11n,B_finetuned_unsupervised,bo_exploitation,3.0,0.35,recall,0.6677
yolo11n,B_finetuned_unsupervised,grid_search,4.0,0.5,recall,0.7082
yolo11n,C_finetuned_supervised,bo_exploration,3.0,0.14,recall,0.6661
yolo11n,C_finetuned_supervised,bo_exploitation,3.0,0.32,recall,0.6668
yolo11n,C_finetuned_supervised,grid_search,4.0,0.0,recall,0.7276
yolo11m,A_unfinetuned,baseline,0.0,0.0,recall,0.0
yolo11m,A_unfinetuned,bo_exploration,3.0,0.33,recall,0.6173
yolo11m,A_unfinetuned,bo_exploitation,3.0,0.5,recall,0.6219
yolo11m,A_unfinetuned,grid_search,4.0,0.5,recall,0.6391
yolo11m,B_finetuned_unsupervised,baseline,0.0,0.0,recall,0.0
yolo11m,B_finetuned_unsupervised,bo_exploration,3.0,0.03,recall,0.6875
yolo11m,B_finetuned_unsupervised,bo_exploitation,3.0,0.34,recall,0.6799
yolo11m,B_finetuned_unsupervised,grid_search,4.0,0.5,recall,0.7042
yolo11m,C_finetuned_supervised,bo_exploration,4.0,0.5,recall,0.7042
yolo11m,C_finetuned_supervised,bo_exploitation,4.0,0.5,recall,0.7042
yolo11m,C_finetuned_supervised,grid_search,4.0,0.0,recall,0.7192
yolo11n,A_unfinetuned,baseline,0.0,0.0,recall,0.0001
yolo11n,A_unfinetuned,bo_exploration,3.0,0.13,recall,0.6815
yolo11n,A_unfinetuned,bo_exploitation,4.0,0.32,recall,0.693
yolo11n,A_unfinetuned,grid_search,4.0,0.5,recall,0.701
yolo11n,B_finetuned_unsupervised,baseline,0.0,0.0,recall,0.0
yolo11n,B_finetuned_unsupervised,bo_exploration,2.0,0.07,recall,0.4522
yolo11n,B_finetuned_unsupervised,bo_exploitation,4.0,0.5,recall,0.7156
yolo11n,B_finetuned_unsupervised,grid_search,4.0,0.5,recall,0.7156
yolo11n,C_finetuned_supervised,bo_exploration,3.0,0.3,recall,0.6756
yolo11n,C_finetuned_supervised,bo_exploitation,3.0,0.17,recall,0.6744
yolo11n,C_finetuned_supervised,grid_search,4.0,0.0,recall,0.7365
yolo11m,A_unfinetuned,baseline,0.0,0.0,recall,0.0
yolo11m,A_unfinetuned,bo_exploration,4.0,0.5,recall,0.647
yolo11m,A_unfinetuned,bo_exploitation,3.0,0.01,recall,0.6394
yolo11m,A_unfinetuned,grid_search,4.0,0.5,recall,0.647
yolo11m,B_finetuned_unsupervised,baseline,0.0,0.0,recall,0.0
yolo11m,B_finetuned_unsupervised,bo_exploration,2.0,0.47,recall,0.5154
yolo11m,B_finetuned_unsupervised,bo_exploitation,2.0,0.35,recall,0.5125
yolo11m,B_finetuned_unsupervised,grid_search,4.0,0.5,recall,0.7041
yolo11m,C_finetuned_supervised,bo_exploration,2.0,0.13,recall,0.5145
yolo11m,C_finetuned_supervised,bo_exploitation,4.0,0.0,recall,0.7192
yolo11m,C_finetuned_supervised,grid_search,4.0,0.0,recall,0.7192
yolo11n,A_unfinetuned,baseline,0.0,0.0,recall,0.0
yolo11n,A_unfinetuned,bo_exploration,3.0,0.42,recall,0.6495
yolo11n,A_unfinetuned,bo_exploitation,3.0,0.19,recall,0.6651
yolo11n,A_unfinetuned,grid_search,4.0,0.5,recall,0.6983
yolo11n,B_finetuned_unsupervised,baseline,0.0,0.0,recall,0.0
yolo11n,B_finetuned_unsupervised,bo_exploration,3.0,0.5,recall,0.6485
yolo11n,B_finetuned_unsupervised,bo_exploitation,3.0,0.44,recall,0.6483
yolo11n,B_finetuned_unsupervised,grid_search,4.0,0.5,recall,0.6956
yolo11n,C_finetuned_supervised,bo_exploration,3.0,0.01,recall,0.6597
yolo11n,C_finetuned_supervised,bo_exploitation,3.0,0.25,recall,0.6575
yolo11n,C_finetuned_supervised,grid_search,4.0,0.0,recall,0.7133
yolo11m,A_unfinetuned,baseline,0.0,0.0,recall,0.0001
yolo11m,A_unfinetuned,bo_exploration,4.0,0.5,recall,0.6639
yolo11m,A_unfinetuned,bo_exploitation,3.0,0.03,recall,0.6304
yolo11m,A_unfinetuned,grid_search,4.0,0.5,recall,0.6639
yolo11m,B_finetuned_unsupervised,baseline,0.0,0.0,recall,0.0
yolo11m,B_finetuned_unsupervised,bo_exploration,4.0,0.5,recall,0.7047
yolo11m,B_finetuned_unsupervised,bo_exploitation,3.0,0.2,recall,0.6825
yolo11m,B_finetuned_unsupervised,grid_search,4.0,0.5,recall,0.7047
yolo11m,C_finetuned_supervised,bo_exploration,4.0,0.5,recall,0.7047
yolo11m,C_finetuned_supervised,bo_exploitation,3.0,0.16,recall,0.675
yolo11m,C_finetuned_supervised,grid_search,4.0,0.0,recall,0.7197
yolo11n,A_unfinetuned,baseline,0.0,0.0,recall,0.0
yolo11n,A_unfinetuned,bo_exploration,2.0,0.49,recall,0.4057
yolo11n,A_unfinetuned,bo_exploitation,3.0,0.34,recall,0.6354
yolo11n,A_unfinetuned,grid_search,4.0,0.5,recall,0.6937
yolo11n,B_finetuned_unsupervised,baseline,0.0,0.0,recall,0.0
yolo11n,B_finetuned_unsupervised,bo_exploration,3.0,0.45,recall,0.6507
yolo11n,B_finetuned_unsupervised,bo_exploitation,3.0,0.19,recall,0.6491
yolo11n,B_finetuned_unsupervised,grid_search,4.0,0.5,recall,0.6977
yolo11n,C_finetuned_supervised,bo_exploration,4.0,0.0,recall,0.7124
yolo11n,C_finetuned_supervised,bo_exploitation,3.0,0.0,recall,0.6568
yolo11n,C_finetuned_supervised,grid_search,4.0,0.0,recall,0.7124
yolo11m,A_unfinetuned,baseline,0.0,0.0,recall,0.0
yolo11m,A_unfinetuned,bo_exploration,3.0,0.45,recall,0.6519
yolo11m,A_unfinetuned,bo_exploitation,3.0,0.13,recall,0.6514
yolo11m,A_unfinetuned,grid_search,4.0,0.5,recall,0.671
yolo11m,B_finetuned_unsupervised,baseline,0.0,0.0,recall,0.0
yolo11m,B_finetuned_unsupervised,bo_exploration,4.0,0.5,recall,0.7041
yolo11m,B_finetuned_unsupervised,bo_exploitation,4.0,0.49,recall,0.7046
yolo11m,B_finetuned_unsupervised,grid_search,4.0,0.5,recall,0.7041
yolo11m,C_finetuned_supervised,bo_exploration,3.0,0.5,recall,0.6791
yolo11m,C_finetuned_supervised,bo_exploitation,3.0,0.16,recall,0.6746
yolo11m,C_finetuned_supervised,grid_search,4.0,0.0,recall,0.7189
yolo11n,A_unfinetuned,baseline,0.0,0.0,recall,0.0
yolo11n,A_unfinetuned,bo_exploration,3.0,0.03,recall,0.6951
yolo11n,A_unfinetuned,bo_exploitation,3.0,0.48,recall,0.6891
yolo11n,A_unfinetuned,grid_search,4.0,0.5,recall,0.7241
yolo11n,B_finetuned_unsupervised,baseline,0.0,0.0,recall,0.0
yolo11n,B_finetuned_unsupervised,bo_exploration,3.0,0.5,recall,0.6427
yolo11n,B_finetuned_unsupervised,bo_exploitation,2.0,0.31,recall,0.4606
yolo11n,B_finetuned_unsupervised,grid_search,4.0,0.5,recall,0.6838
yolo11n,C_finetuned_supervised,bo_exploration,4.0,0.5,recall,0.6838
yolo11n,C_finetuned_supervised,bo_exploitation,4.0,0.08,recall,0.6871
yolo11n,C_finetuned_supervised,grid_search,4.0,0.0,recall,0.7002
yolo11m,A_unfinetuned,baseline,0.0,0.0,recall,0.0
yolo11m,A_unfinetuned,bo_exploration,3.0,0.17,recall,0.6414
yolo11m,A_unfinetuned,bo_exploitation,3.0,0.11,recall,0.6388
yolo11m,A_unfinetuned,grid_search,4.0,0.5,recall,0.6442
yolo11m,B_finetuned_unsupervised,baseline,0.0,0.0,recall,0.0
yolo11m,B_finetuned_unsupervised,bo_exploration,3.0,0.41,recall,0.686
yolo11m,B_finetuned_unsupervised,bo_exploitation,3.0,0.33,recall,0.6747
yolo11m,B_finetuned_unsupervised,grid_search,4.0,0.5,recall,0.7039
yolo11m,C_finetuned_supervised,bo_exploration,3.0,0.13,recall,0.6737
yolo11m,C_finetuned_supervised,bo_exploitation,2.0,0.0,recall,0.5065
yolo11m,C_finetuned_supervised,grid_search,4.0,0.0,recall,0.719
yolo11n,A_unfinetuned,baseline,0.0,0.0,recall,0.0
yolo11n,A_unfinetuned,bo_exploration,1.0,0.08,recall,0.0021
yolo11n,A_unfinetuned,bo_exploitation,3.0,0.44,recall,0.6651
yolo11n,A_unfinetuned,grid_search,4.0,0.5,recall,0.7167
yolo11n,B_finetuned_unsupervised,baseline,0.0,0.0,recall,0.0
yolo11n,B_finetuned_unsupervised,bo_exploration,3.0,0.18,recall,0.657
yolo11n,B_finetuned_unsupervised,bo_exploitation,3.0,0.44,recall,0.6455
yolo11n,B_finetuned_unsupervised,grid_search,4.0,0.5,recall,0.6861
yolo11n,C_finetuned_supervised,bo_exploration,4.0,0.5,recall,0.6861
yolo11n,C_finetuned_supervised,bo_exploitation,2.0,0.23,recall,0.4436
yolo11n,C_finetuned_supervised,grid_search,4.0,0.0,recall,0.7029
yolo11m,A_unfinetuned,baseline,0.0,0.0,recall,0.0
yolo11m,A_unfinetuned,bo_exploration,3.0,0.45,recall,0.631
yolo11m,A_unfinetuned,bo_exploitation,3.0,0.0,recall,0.6101
yolo11m,A_unfinetuned,grid_search,4.0,0.5,recall,0.6508
yolo11m,B_finetuned_unsupervised,baseline,0.0,0.0,recall,0.0
yolo11m,B_finetuned_unsupervised,bo_exploration,3.0,0.49,recall,0.6792
yolo11m,B_finetuned_unsupervised,bo_exploitation,3.0,0.4,recall,0.6846
yolo11m,B_finetuned_unsupervised,grid_search,4.0,0.5,recall,0.7018
yolo11m,C_finetuned_supervised,bo_exploration,2.0,0.5,recall,0.5146
yolo11m,C_finetuned_supervised,bo_exploitation,2.0,0.2,recall,0.5106
yolo11m,C_finetuned_supervised,grid_search,4.0,0.0,recall,0.7164
yolo11n,A_unfinetuned,baseline,0.0,0.0,recall,0.0
yolo11n,A_unfinetuned,bo_exploration,3.0,0.32,recall,0.645
yolo11n,A_unfinetuned,bo_exploitation,4.0,0.1,recall,0.7066
yolo11n,A_unfinetuned,grid_search,4.0,0.5,recall,0.69
yolo11n,B_finetuned_unsupervised,baseline,0.0,0.0,recall,0.0
yolo11n,B_finetuned_unsupervised,bo_exploration,3.0,0.5,recall,0.6779
yolo11n,B_finetuned_unsupervised,bo_exploitation,2.0,0.31,recall,0.4668
yolo11n,B_finetuned_unsupervised,grid_search,4.0,0.5,recall,0.7041
yolo11n,C_finetuned_supervised,bo_exploration,3.0,0.18,recall,0.6709
yolo11n,C_finetuned_supervised,bo_exploitation,3.0,0.19,recall,0.6725
yolo11n,C_finetuned_supervised,grid_search,4.0,0.0,recall,0.7213
yolo11n,A_unfinetuned,baseline,0.0,0.0,recall,0.0001
yolo11n,A_unfinetuned,bo_exploration,4.0,0.5,recall,0.7107
yolo11n,A_unfinetuned,bo_exploitation,2.0,0.1,recall,0.4726
yolo11n,A_unfinetuned,grid_search,4.0,0.5,recall,0.7107
yolo11n,B_finetuned_unsupervised,baseline,0.0,0.0,recall,0.0
yolo11n,B_finetuned_unsupervised,bo_exploration,3.0,0.5,recall,0.6559
yolo11n,B_finetuned_unsupervised,bo_exploitation,2.0,0.01,recall,0.4487
yolo11n,B_finetuned_unsupervised,grid_search,4.0,0.5,recall,0.6982
yolo11n,C_finetuned_supervised,bo_exploration,4.0,0.01,recall,0.69
yolo11n,C_finetuned_supervised,bo_exploitation,3.0,0.1,recall,0.653
yolo11n,C_finetuned_supervised,grid_search,4.0,0.0,recall,0.7176
rtdetr-l,A_unfinetuned,baseline,0.0,0.0,recall,0.0
rtdetr-l,A_unfinetuned,bo_exploration,4.0,0.0,recall,0.6332
rtdetr-l,A_unfinetuned,bo_exploitation,2.0,0.39,recall,0.3275
rtdetr-l,A_unfinetuned,grid_search,4.0,0.5,recall,0.6116
rtdetr-l,B_finetuned_unsupervised,baseline,0.0,0.0,recall,0.0001
rtdetr-l,B_finetuned_unsupervised,bo_exploration,3.0,0.36,recall,0.6052
rtdetr-l,B_finetuned_unsupervised,bo_exploitation,3.0,0.22,recall,0.6079
rtdetr-l,B_finetuned_unsupervised,grid_search,4.0,0.5,recall,0.6605
rtdetr-l,C_finetuned_supervised,bo_exploration,2.0,0.44,recall,0.3983
rtdetr-l,C_finetuned_supervised,bo_exploitation,3.0,0.04,recall,0.6236
rtdetr-l,C_finetuned_supervised,grid_search,4.0,0.0,recall,0.6446
rtdetr-l,A_unfinetuned,baseline,0.0,0.0,recall,0.0001
rtdetr-l,A_unfinetuned,bo_exploration,2.0,0.12,recall,0.3089
rtdetr-l,A_unfinetuned,bo_exploitation,2.0,0.03,recall,0.3097
rtdetr-l,A_unfinetuned,grid_search,4.0,0.5,recall,0.5805
rtdetr-l,B_finetuned_unsupervised,baseline,0.0,0.0,recall,0.0003
rtdetr-l,B_finetuned_unsupervised,bo_exploration,4.0,0.5,recall,0.6463
rtdetr-l,B_finetuned_unsupervised,bo_exploitation,3.0,0.24,recall,0.5695
rtdetr-l,B_finetuned_unsupervised,grid_search,4.0,0.5,recall,0.6463
rtdetr-l,C_finetuned_supervised,bo_exploration,3.0,0.07,recall,0.5788
rtdetr-l,C_finetuned_supervised,bo_exploitation,4.0,0.5,recall,0.6463
rtdetr-l,C_finetuned_supervised,grid_search,4.0,0.0,recall,0.65
rtdetr-l,A_unfinetuned,baseline,0.0,0.0,recall,0.0
rtdetr-l,A_unfinetuned,bo_exploration,3.0,0.39,recall,0.5942
rtdetr-l,A_unfinetuned,bo_exploitation,3.0,0.43,recall,0.5973
rtdetr-l,A_unfinetuned,grid_search,4.0,0.5,recall,0.6535
rtdetr-l,B_finetuned_unsupervised,baseline,0.0,0.0,recall,0.0
rtdetr-l,B_finetuned_unsupervised,bo_exploration,3.0,0.49,recall,0.6563
rtdetr-l,B_finetuned_unsupervised,bo_exploitation,3.0,0.42,recall,0.6584
rtdetr-l,B_finetuned_unsupervised,grid_search,4.0,0.5,recall,0.7105
rtdetr-l,C_finetuned_supervised,bo_exploration,3.0,0.02,recall,0.6537
rtdetr-l,C_finetuned_supervised,bo_exploitation,3.0,0.04,recall,0.6563
rtdetr-l,C_finetuned_supervised,grid_search,4.0,0.0,recall,0.7075
rtdetr-l,A_unfinetuned,baseline,0.0,0.0,recall,0.0
rtdetr-l,A_unfinetuned,bo_exploration,1.0,0.44,recall,0.0
rtdetr-l,A_unfinetuned,bo_exploitation,2.0,0.22,recall,0.3699
rtdetr-l,A_unfinetuned,grid_search,4.0,0.5,recall,0.6994
rtdetr-l,B_finetuned_unsupervised,baseline,0.0,0.0,recall,0.0001
rtdetr-l,B_finetuned_unsupervised,bo_exploration,3.0,0.02,recall,0.5927
rtdetr-l,B_finetuned_unsupervised,bo_exploitation,2.0,0.24,recall,0.3978
rtdetr-l,B_finetuned_unsupervised,grid_search,4.0,0.5,recall,0.6497
rtdetr-l,C_finetuned_supervised,bo_exploration,4.0,0.5,recall,0.6497
rtdetr-l,C_finetuned_supervised,bo_exploitation,3.0,0.02,recall,0.5927
rtdetr-l,C_finetuned_supervised,grid_search,4.0,0.0,recall,0.6436
rtdetr-l,A_unfinetuned,baseline,0.0,0.0,recall,0.0
rtdetr-l,A_unfinetuned,bo_exploration,3.0,0.01,recall,0.6054
rtdetr-l,A_unfinetuned,bo_exploitation,3.0,0.3,recall,0.5853
rtdetr-l,A_unfinetuned,grid_search,4.0,0.5,recall,0.6523
rtdetr-l,B_finetuned_unsupervised,baseline,0.0,0.0,recall,0.0001
rtdetr-l,B_finetuned_unsupervised,bo_exploration,3.0,0.47,recall,0.5653
rtdetr-l,B_finetuned_unsupervised,bo_exploitation,2.0,0.18,recall,0.353
rtdetr-l,B_finetuned_unsupervised,grid_search,4.0,0.5,recall,0.6212
rtdetr-l,C_finetuned_supervised,bo_exploration,3.0,0.49,recall,0.5736
rtdetr-l,C_finetuned_supervised,bo_exploitation,4.0,0.5,recall,0.6212
rtdetr-l,C_finetuned_supervised,grid_search,4.0,0.0,recall,0.6161
rtdetr-l,A_unfinetuned,baseline,0.0,0.0,recall,0.0
rtdetr-l,A_unfinetuned,bo_exploration,3.0,0.03,recall,0.6101
rtdetr-l,A_unfinetuned,bo_exploitation,3.0,0.08,recall,0.6123
rtdetr-l,A_unfinetuned,grid_search,4.0,0.5,recall,0.6831
rtdetr-l,B_finetuned_unsupervised,baseline,0.0,0.0,recall,0.0009
rtdetr-l,B_finetuned_unsupervised,bo_exploration,3.0,0.5,recall,0.5568
rtdetr-l,B_finetuned_unsupervised,bo_exploitation,3.0,0.34,recall,0.55
rtdetr-l,B_finetuned_unsupervised,grid_search,4.0,0.5,recall,0.6188
rtdetr-l,C_finetuned_supervised,bo_exploration,4.0,0.0,recall,0.5864
rtdetr-l,C_finetuned_supervised,bo_exploitation,3.0,0.18,recall,0.5466
rtdetr-l,C_finetuned_supervised,grid_search,4.0,0.0,recall,0.5864
rtdetr-l,A_unfinetuned,baseline,0.0,0.0,recall,0.0004
rtdetr-l,A_unfinetuned,bo_exploration,3.0,0.37,recall,0.5462
rtdetr-l,A_unfinetuned,bo_exploitation,4.0,0.5,recall,0.6236
rtdetr-l,A_unfinetuned,grid_search,4.0,0.5,recall,0.6236
rtdetr-l,B_finetuned_unsupervised,baseline,0.0,0.0,recall,0.0001
rtdetr-l,B_finetuned_unsupervised,bo_exploration,3.0,0.43,recall,0.5814
rtdetr-l,B_finetuned_unsupervised,bo_exploitation,2.0,0.18,recall,0.3461
rtdetr-l,B_finetuned_unsupervised,grid_search,4.0,0.5,recall,0.638
rtdetr-l,C_finetuned_supervised,bo_exploration,3.0,0.5,recall,0.5723
rtdetr-l,C_finetuned_supervised,bo_exploitation,3.0,0.24,recall,0.5555
rtdetr-l,C_finetuned_supervised,grid_search,4.0,0.0,recall,0.6252
rtdetr-l,A_unfinetuned,baseline,0.0,0.0,recall,0.0016
rtdetr-l,A_unfinetuned,bo_exploration,3.0,0.02,recall,0.5743
rtdetr-l,A_unfinetuned,bo_exploitation,3.0,0.45,recall,0.5739
rtdetr-l,A_unfinetuned,grid_search,4.0,0.5,recall,0.6224
yolo11n,B_finetuned_unsupervised,baseline,0.0,0.0,recall,0.0001
yolo11n,B_finetuned_unsupervised,bo_exploration,3.0,0.5,recall,0.6542
yolo11n,B_finetuned_unsupervised,bo_exploitation,3.0,0.45,recall,0.6504
yolo11n,B_finetuned_unsupervised,grid_search,4.0,0.5,recall,0.6945
yolo11n,C_finetuned_supervised,bo_exploration,3.0,0.0,recall,0.6562
yolo11n,C_finetuned_supervised,bo_exploitation,2.0,0.15,recall,0.4575
yolo11n,C_finetuned_supervised,grid_search,4.0,0.0,recall,0.7098
yolo11m,A_unfinetuned,baseline,0.0,0.0,recall,0.0
yolo11m,A_unfinetuned,bo_exploration,3.0,0.2,recall,0.6148
yolo11m,A_unfinetuned,bo_exploitation,3.0,0.13,recall,0.6254
yolo11m,A_unfinetuned,grid_search,4.0,0.5,recall,0.6396
yolo11m,B_finetuned_unsupervised,baseline,0.0,0.0,recall,0.0
yolo11m,B_finetuned_unsupervised,bo_exploration,2.0,0.23,recall,0.5156
yolo11m,B_finetuned_unsupervised,bo_exploitation,3.0,0.41,recall,0.6867
yolo11m,B_finetuned_unsupervised,grid_search,4.0,0.5,recall,0.7045
yolo11m,C_finetuned_supervised,bo_exploration,3.0,0.16,recall,0.6752
yolo11m,C_finetuned_supervised,bo_exploitation,3.0,0.22,recall,0.6866
yolo11m,C_finetuned_supervised,grid_search,4.0,0.0,recall,0.7196
yolo11n,A_unfinetuned,baseline,0.0,0.0,recall,0.0001
yolo11n,A_unfinetuned,bo_exploration,4.0,0.0,recall,0.7201
yolo11n,A_unfinetuned,bo_exploitation,3.0,0.48,recall,0.6854
yolo11n,A_unfinetuned,grid_search,4.0,0.5,recall,0.7087
yolo11n,B_finetuned_unsupervised,baseline,0.0,0.0,recall,0.0
yolo11n,B_finetuned_unsupervised,bo_exploration,2.0,0.46,recall,0.4717
yolo11n,B_finetuned_unsupervised,bo_exploitation,3.0,0.25,recall,0.6772
yolo11n,B_finetuned_unsupervised,grid_search,4.0,0.5,recall,0.7082
yolo11n,C_finetuned_supervised,bo_exploration,3.0,0.31,recall,0.6695
yolo11n,C_finetuned_supervised,bo_exploitation,4.0,0.41,recall,0.7055
yolo11n,C_finetuned_supervised,grid_search,4.0,0.0,recall,0.7279
yolo11m,A_unfinetuned,baseline,0.0,0.0,recall,0.0
yolo11m,A_unfinetuned,bo_exploration,1.0,0.13,recall,0.0034
yolo11m,A_unfinetuned,bo_exploitation,2.0,0.14,recall,0.492
yolo11m,A_unfinetuned,grid_search,4.0,0.5,recall,0.6812
yolo11m,B_finetuned_unsupervised,baseline,0.0,0.0,recall,0.0
yolo11m,B_finetuned_unsupervised,bo_exploration,2.0,0.06,recall,0.4715
yolo11m,B_finetuned_unsupervised,bo_exploitation,3.0,0.28,recall,0.7111
yolo11m,B_finetuned_unsupervised,grid_search,4.0,0.5,recall,0.7401
yolo11m,C_finetuned_supervised,bo_exploration,3.0,0.0,recall,0.6982
yolo11m,C_finetuned_supervised,bo_exploitation,3.0,0.0,recall,0.6982
yolo11m,C_finetuned_supervised,grid_search,4.0,0.0,recall,0.7532
yolo11n,A_unfinetuned,baseline,0.0,0.0,recall,0.0
yolo11n,A_unfinetuned,bo_exploration,3.0,0.15,recall,0.6783
yolo11n,A_unfinetuned,bo_exploitation,3.0,0.44,recall,0.6637
yolo11n,A_unfinetuned,grid_search,4.0,0.5,recall,0.7145
yolo11n,B_finetuned_unsupervised,baseline,0.0,0.0,recall,0.0
yolo11n,B_finetuned_unsupervised,bo_exploration,4.0,0.5,recall,0.6987
yolo11n,B_finetuned_unsupervised,bo_exploitation,3.0,0.31,recall,0.6533
yolo11n,B_finetuned_unsupervised,grid_search,4.0,0.5,recall,0.6987
yolo11n,C_finetuned_supervised,bo_exploration,3.0,0.19,recall,0.6507
yolo11n,C_finetuned_supervised,bo_exploitation,3.0,0.48,recall,0.6572
yolo11n,C_finetuned_supervised,grid_search,4.0,0.0,recall,0.7138
yolo11m,A_unfinetuned,baseline,0.0,0.0,recall,0.0
yolo11m,A_unfinetuned,bo_exploration,4.0,0.5,recall,0.6382
yolo11m,A_unfinetuned,bo_exploitation,4.0,0.28,recall,0.6258
yolo11m,A_unfinetuned,grid_search,4.0,0.5,recall,0.6382
yolo11m,B_finetuned_unsupervised,baseline,0.0,0.0,recall,0.0
yolo11m,B_finetuned_unsupervised,bo_exploration,3.0,0.5,recall,0.7003
yolo11m,B_finetuned_unsupervised,bo_exploitation,3.0,0.48,recall,0.7057
yolo11m,B_finetuned_unsupervised,grid_search,4.0,0.5,recall,0.741
yolo11m,C_finetuned_supervised,bo_exploration,4.0,0.0,recall,0.7539
yolo11m,C_finetuned_supervised,bo_exploitation,3.0,0.11,recall,0.7067
yolo11m,C_finetuned_supervised,grid_search,4.0,0.0,recall,0.7539
yolo11n,A_unfinetuned,baseline,0.0,0.0,recall,0.0
yolo11n,A_unfinetuned,bo_exploration,4.0,0.5,recall,0.7087
yolo11n,A_unfinetuned,bo_exploitation,3.0,0.37,recall,0.6641
yolo11n,A_unfinetuned,grid_search,4.0,0.5,recall,0.7087
yolo11n,B_finetuned_unsupervised,baseline,0.0,0.0,recall,0.0
yolo11n,B_finetuned_unsupervised,bo_exploration,3.0,0.11,recall,0.6551
yolo11n,B_finetuned_unsupervised,bo_exploitation,3.0,0.04,recall,0.6592
yolo11n,B_finetuned_unsupervised,grid_search,4.0,0.5,recall,0.6861
yolo11n,C_finetuned_supervised,bo_exploration,3.0,0.0,recall,0.6473
yolo11n,C_finetuned_supervised,bo_exploitation,3.0,0.15,recall,0.6575
yolo11n,C_finetuned_supervised,grid_search,4.0,0.0,recall,0.7029
yolo11m,A_unfinetuned,baseline,0.0,0.0,recall,0.0001
yolo11m,A_unfinetuned,bo_exploration,4.0,0.5,recall,0.5935
yolo11m,A_unfinetuned,bo_exploitation,3.0,0.23,recall,0.5938
yolo11m,A_unfinetuned,grid_search,4.0,0.5,recall,0.5935
yolo11m,B_finetuned_unsupervised,baseline,0.0,0.0,recall,0.0
yolo11m,B_finetuned_unsupervised,bo_exploration,3.0,0.18,recall,0.6694
yolo11m,B_finetuned_unsupervised,bo_exploitation,3.0,0.34,recall,0.6792
yolo11m,B_finetuned_unsupervised,grid_search,4.0,0.5,recall,0.7018
yolo11m,C_finetuned_supervised,bo_exploration,3.0,0.5,recall,0.6781
yolo11m,C_finetuned_supervised,bo_exploitation,2.0,0.08,recall,0.5126
yolo11m,C_finetuned_supervised,grid_search,4.0,0.0,recall,0.7164
yolo11n,A_unfinetuned,baseline,0.0,0.0,recall,0.0002
yolo11n,A_unfinetuned,bo_exploration,3.0,0.09,recall,0.657
yolo11n,A_unfinetuned,bo_exploitation,4.0,0.3,recall,0.7065
yolo11n,A_unfinetuned,grid_search,4.0,0.5,recall,0.6885
yolo11n,B_finetuned_unsupervised,baseline,0.0,0.0,recall,0.0
yolo11n,B_finetuned_unsupervised,bo_exploration,3.0,0.39,recall,0.6428
yolo11n,B_finetuned_unsupervised,bo_exploitation,3.0,0.04,recall,0.6361
yolo11n,B_finetuned_unsupervised,grid_search,4.0,0.5,recall,0.6844
yolo11n,C_finetuned_supervised,bo_exploration,4.0,0.5,recall,0.6844
yolo11n,C_finetuned_supervised,bo_exploitation,3.0,0.11,recall,0.652
yolo11n,C_finetuned_supervised,grid_search,4.0,0.0,recall,0.7008
yolo11m,A_unfinetuned,baseline,0.0,0.0,recall,0.0
yolo11m,A_unfinetuned,bo_exploration,4.0,0.48,recall,0.6694
yolo11m,A_unfinetuned,bo_exploitation,3.0,0.5,recall,0.66
yolo11m,A_unfinetuned,grid_search,4.0,0.5,recall,0.6578
yolo11m,B_finetuned_unsupervised,baseline,0.0,0.0,recall,0.0
yolo11m,B_finetuned_unsupervised,bo_exploration,3.0,0.35,recall,0.6776
yolo11m,B_finetuned_unsupervised,bo_exploitation,3.0,0.22,recall,0.6858
yolo11m,B_finetuned_unsupervised,grid_search,4.0,0.5,recall,0.7038
yolo11m,C_finetuned_supervised,bo_exploration,3.0,0.17,recall,0.6885
yolo11m,C_finetuned_supervised,bo_exploitation,3.0,0.31,recall,0.6782
yolo11m,C_finetuned_supervised,grid_search,4.0,0.0,recall,0.719
yolo11n,A_unfinetuned,baseline,0.0,0.0,recall,0.0001
yolo11n,A_unfinetuned,bo_exploration,3.0,0.29,recall,0.6568
yolo11n,A_unfinetuned,bo_exploitation,2.0,0.42,recall,0.4527
yolo11n,A_unfinetuned,grid_search,4.0,0.5,recall,0.6822
yolo11n,B_finetuned_unsupervised,baseline,0.0,0.0,recall,0.0
yolo11n,B_finetuned_unsupervised,bo_exploration,2.0,0.04,recall,0.4638
yolo11n,B_finetuned_unsupervised,bo_exploitation,2.0,0.08,recall,0.4658
yolo11n,B_finetuned_unsupervised,grid_search,4.0,0.5,recall,0.7021
yolo11n,C_finetuned_supervised,bo_exploration,3.0,0.01,recall,0.6703
yolo11n,C_finetuned_supervised,bo_exploitation,4.0,0.08,recall,0.7088
yolo11n,C_finetuned_supervised,grid_search,4.0,0.0,recall,0.7192
yolo11m,A_unfinetuned,baseline,0.0,0.0,recall,0.0002
yolo11m,A_unfinetuned,bo_exploration,3.0,0.5,recall,0.6343
yolo11m,A_unfinetuned,bo_exploitation,3.0,0.43,recall,0.6473
yolo11m,A_unfinetuned,grid_search,4.0,0.5,recall,0.6482
yolo11m,B_finetuned_unsupervised,baseline,0.0,0.0,recall,0.0
yolo11m,B_finetuned_unsupervised,bo_exploration,3.0,0.02,recall,0.6903
yolo11m,B_finetuned_unsupervised,bo_exploitation,3.0,0.26,recall,0.6762
yolo11m,B_finetuned_unsupervised,grid_search,4.0,0.5,recall,0.7036
yolo11m,C_finetuned_supervised,bo_exploration,3.0,0.5,recall,0.679
yolo11m,C_finetuned_supervised,bo_exploitation,2.0,0.21,recall,0.5191
yolo11m,C_finetuned_supervised,grid_search,4.0,0.0,recall,0.7187
yolo11n,A_unfinetuned,baseline,0.0,0.0,recall,0.0
yolo11n,A_unfinetuned,bo_exploration,3.0,0.15,recall,0.684
yolo11n,A_unfinetuned,bo_exploitation,3.0,0.21,recall,0.6831
yolo11n,A_unfinetuned,grid_search,4.0,0.5,recall,0.7206
yolo11n,B_finetuned_unsupervised,baseline,0.0,0.0,recall,0.0
yolo11n,B_finetuned_unsupervised,bo_exploration,3.0,0.13,recall,0.6712
yolo11n,B_finetuned_unsupervised,bo_exploitation,2.0,0.31,recall,0.4658
yolo11n,B_finetuned_unsupervised,grid_search,4.0,0.5,recall,0.7029
yolo11n,C_finetuned_supervised,bo_exploration,4.0,0.22,recall,0.7148
yolo11n,C_finetuned_supervised,bo_exploitation,3.0,0.18,recall,0.6694
yolo11n,C_finetuned_supervised,grid_search,4.0,0.0,recall,0.72
yolo11m,A_unfinetuned,baseline,0.0,0.0,recall,0.0
yolo11m,A_unfinetuned,bo_exploration,4.0,0.5,recall,0.6745
yolo11m,A_unfinetuned,bo_exploitation,3.0,0.01,recall,0.6453
yolo11m,A_unfinetuned,grid_search,4.0,0.5,recall,0.6745
yolo11m,B_finetuned_unsupervised,baseline,0.0,0.0,recall,0.0
yolo11m,B_finetuned_unsupervised,bo_exploration,4.0,0.5,recall,0.7042
yolo11m,B_finetuned_unsupervised,bo_exploitation,4.0,0.23,recall,0.693
yolo11m,B_finetuned_unsupervised,grid_search,4.0,0.5,recall,0.7042
yolo11m,C_finetuned_supervised,bo_exploration,3.0,0.15,recall,0.689
yolo11m,C_finetuned_supervised,bo_exploitation,3.0,0.37,recall,0.6762
yolo11m,C_finetuned_supervised,grid_search,4.0,0.0,recall,0.7191
yolo11n,A_unfinetuned,baseline,0.0,0.0,recall,0.0
yolo11n,A_unfinetuned,bo_exploration,4.0,0.47,recall,0.7069
yolo11n,A_unfinetuned,bo_exploitation,3.0,0.5,recall,0.6625
yolo11n,A_unfinetuned,grid_search,4.0,0.5,recall,0.7089
yolo11n,B_finetuned_unsupervised,baseline,0.0,0.0,recall,0.0
yolo11n,B_finetuned_unsupervised,bo_exploration,4.0,0.5,recall,0.7027
yolo11n,B_finetuned_unsupervised,bo_exploitation,3.0,0.38,recall,0.6593
yolo11n,B_finetuned_unsupervised,grid_search,4.0,0.5,recall,0.7027
yolo11n,C_finetuned_supervised,bo_exploration,3.0,0.33,recall,0.6726
yolo11n,C_finetuned_supervised,bo_exploitation,4.0,0.23,recall,0.7135
yolo11n,C_finetuned_supervised,grid_search,4.0,0.0,recall,0.7197
yolo11m,A_unfinetuned,baseline,0.0,0.0,recall,0.0
yolo11m,A_unfinetuned,bo_exploration,3.0,0.4,recall,0.6427
yolo11m,A_unfinetuned,bo_exploitation,3.0,0.44,recall,0.6627
yolo11m,A_unfinetuned,grid_search,4.0,0.5,recall,0.6777
yolo11m,B_finetuned_unsupervised,baseline,0.0,0.0,recall,0.0
yolo11m,B_finetuned_unsupervised,bo_exploration,3.0,0.38,recall,0.6812
yolo11m,B_finetuned_unsupervised,bo_exploitation,3.0,0.42,recall,0.6885
yolo11m,B_finetuned_unsupervised,grid_search,4.0,0.5,recall,0.7039
yolo11m,C_finetuned_supervised,bo_exploration,4.0,0.5,recall,0.7039
yolo11m,C_finetuned_supervised,bo_exploitation,3.0,0.05,recall,0.6874
yolo11m,C_finetuned_supervised,grid_search,4.0,0.0,recall,0.719
yolo11n,A_unfinetuned,baseline,0.0,0.0,recall,0.0
yolo11n,A_unfinetuned,bo_exploration,3.0,0.45,recall,0.6576
yolo11n,A_unfinetuned,bo_exploitation,3.0,0.09,recall,0.6661
yolo11n,A_unfinetuned,grid_search,4.0,0.5,recall,0.7005
yolo11n,B_finetuned_unsupervised,baseline,0.0,0.0,recall,0.0
yolo11n,B_finetuned_unsupervised,bo_exploration,3.0,0.38,recall,0.6538
yolo11n,B_finetuned_unsupervised,bo_exploitation,3.0,0.22,recall,0.6638
yolo11n,B_finetuned_unsupervised,grid_search,4.0,0.5,recall,0.6986
yolo11n,C_finetuned_supervised,bo_exploration,4.0,0.0,recall,0.7138
yolo11n,C_finetuned_supervised,bo_exploitation,3.0,0.08,recall,0.6646
yolo11n,C_finetuned_supervised,grid_search,4.0,0.0,recall,0.7138
yolo11n,A_unfinetuned,baseline,0.0,0.0,recall,0.0
yolo11n,A_unfinetuned,bo_exploration,4.0,0.5,recall,0.7151
yolo11n,A_unfinetuned,bo_exploitation,3.0,0.2,recall,0.6886
yolo11n,A_unfinetuned,grid_search,4.0,0.5,recall,0.7151
yolo11n,B_finetuned_unsupervised,baseline,0.0,0.0,recall,0.0001
yolo11n,B_finetuned_unsupervised,bo_exploration,3.0,0.5,recall,0.6542
yolo11n,B_finetuned_unsupervised,bo_exploitation,3.0,0.5,recall,0.6542
yolo11n,B_finetuned_unsupervised,grid_search,4.0,0.5,recall,0.6945
yolo11n,C_finetuned_supervised,bo_exploration,3.0,0.0,recall,0.6562
yolo11n,C_finetuned_supervised,bo_exploitation,2.0,0.24,recall,0.4638
yolo11n,C_finetuned_supervised,grid_search,4.0,0.0,recall,0.7098
rtdetr-l,A_unfinetuned,baseline,0.0,0.0,recall,0.0001
rtdetr-l,A_unfinetuned,bo_exploration,3.0,0.29,recall,0.5736
rtdetr-l,A_unfinetuned,bo_exploitation,3.0,0.31,recall,0.576
rtdetr-l,A_unfinetuned,grid_search,4.0,0.5,recall,0.6479
rtdetr-l,B_finetuned_unsupervised,baseline,0.0,0.0,recall,0.0008
rtdetr-l,B_finetuned_unsupervised,bo_exploration,3.0,0.48,recall,0.5832
rtdetr-l,B_finetuned_unsupervised,bo_exploitation,3.0,0.41,recall,0.5805
rtdetr-l,B_finetuned_unsupervised,grid_search,4.0,0.5,recall,0.6011
rtdetr-l,C_finetuned_supervised,bo_exploration,4.0,0.5,recall,0.6011
rtdetr-l,C_finetuned_supervised,bo_exploitation,3.0,0.21,recall,0.553
rtdetr-l,C_finetuned_supervised,grid_search,4.0,0.0,recall,0.5876
rtdetr-l,A_unfinetuned,baseline,0.0,0.0,recall,0.0001
rtdetr-l,A_unfinetuned,bo_exploration,3.0,0.46,recall,0.5894
rtdetr-l,A_unfinetuned,bo_exploitation,2.0,0.39,recall,0.3857
rtdetr-l,A_unfinetuned,grid_search,4.0,0.5,recall,0.6261
rtdetr-l,B_finetuned_unsupervised,baseline,0.0,0.0,recall,0.0003
rtdetr-l,B_finetuned_unsupervised,bo_exploration,3.0,0.5,recall,0.5862
rtdetr-l,B_finetuned_unsupervised,bo_exploitation,2.0,0.26,recall,0.4202
rtdetr-l,B_finetuned_unsupervised,grid_search,4.0,0.5,recall,0.6212
rtdetr-l,C_finetuned_supervised,bo_exploration,3.0,0.12,recall,0.5802
rtdetr-l,C_finetuned_supervised,bo_exploitation,2.0,0.13,recall,0.4141
rtdetr-l,C_finetuned_supervised,grid_search,4.0,0.0,recall,0.6009
rtdetr-l,A_unfinetuned,baseline,0.0,0.0,recall,0.0
rtdetr-l,A_unfinetuned,bo_exploration,3.0,0.22,recall,0.5506
rtdetr-l,A_unfinetuned,bo_exploitation,3.0,0.25,recall,0.5446
rtdetr-l,A_unfinetuned,grid_search,4.0,0.5,recall,0.6313
rtdetr-l,B_finetuned_unsupervised,baseline,0.0,0.0,recall,0.0003
rtdetr-l,B_finetuned_unsupervised,bo_exploration,2.0,0.17,recall,0.4321
rtdetr-l,B_finetuned_unsupervised,bo_exploitation,3.0,0.08,recall,0.6077
rtdetr-l,B_finetuned_unsupervised,grid_search,4.0,0.5,recall,0.6487
rtdetr-l,C_finetuned_supervised,bo_exploration,3.0,0.11,recall,0.6019
rtdetr-l,C_finetuned_supervised,bo_exploitation,2.0,0.5,recall,0.4225
rtdetr-l,C_finetuned_supervised,grid_search,4.0,0.0,recall,0.6441
rtdetr-l,A_unfinetuned,baseline,0.0,0.0,recall,0.0002
rtdetr-l,A_unfinetuned,bo_exploration,2.0,0.31,recall,0.4032
rtdetr-l,A_unfinetuned,bo_exploitation,3.0,0.1,recall,0.6065
rtdetr-l,A_unfinetuned,grid_search,4.0,0.5,recall,0.6406
rtdetr-l,B_finetuned_unsupervised,baseline,0.0,0.0,recall,0.0002
rtdetr-l,B_finetuned_unsupervised,bo_exploration,3.0,0.32,recall,0.6085
rtdetr-l,B_finetuned_unsupervised,bo_exploitation,2.0,0.09,recall,0.3877
rtdetr-l,B_finetuned_unsupervised,grid_search,4.0,0.5,recall,0.656
rtdetr-l,C_finetuned_supervised,bo_exploration,1.0,0.22,recall,0.0029
rtdetr-l,C_finetuned_supervised,bo_exploitation,4.0,0.39,recall,0.639
rtdetr-l,C_finetuned_supervised,grid_search,4.0,0.5,recall,0.656
rtdetr-l,A_unfinetuned,baseline,0.0,0.0,recall,0.0
rtdetr-l,A_unfinetuned,bo_exploration,3.0,0.5,recall,0.5404
rtdetr-l,A_unfinetuned,bo_exploitation,3.0,0.49,recall,0.5293
rtdetr-l,A_unfinetuned,grid_search,4.0,0.5,recall,0.6143
rtdetr-l,B_finetuned_unsupervised,baseline,0.0,0.0,recall,0.0005
rtdetr-l,B_finetuned_unsupervised,bo_exploration,4.0,0.5,recall,0.5989
rtdetr-l,B_finetuned_unsupervised,bo_exploitation,2.0,0.34,recall,0.3309
rtdetr-l,B_finetuned_unsupervised,grid_search,4.0,0.5,recall,0.5989
rtdetr-l,C_finetuned_supervised,bo_exploration,3.0,0.03,recall,0.5501
rtdetr-l,C_finetuned_supervised,bo_exploitation,3.0,0.3,recall,0.5477
rtdetr-l,C_finetuned_supervised,grid_search,4.0,0.0,recall,0.6198
rtdetr-l,A_unfinetuned,baseline,0.0,0.0,recall,0.0009
rtdetr-l,A_unfinetuned,bo_exploration,3.0,0.04,recall,0.6073
rtdetr-l,A_unfinetuned,bo_exploitation,3.0,0.32,recall,0.6063
rtdetr-l,A_unfinetuned,grid_search,4.0,0.5,recall,0.6407
rtdetr-l,B_finetuned_unsupervised,baseline,0.0,0.0,recall,0.0019
rtdetr-l,B_finetuned_unsupervised,bo_exploration,2.0,0.24,recall,0.4199
rtdetr-l,B_finetuned_unsupervised,bo_exploitation,2.0,0.45,recall,0.4115
rtdetr-l,B_finetuned_unsupervised,grid_search,4.0,0.5,recall,0.6056
rtdetr-l,C_finetuned_supervised,bo_exploration,4.0,0.5,recall,0.6056
rtdetr-l,C_finetuned_supervised,bo_exploitation,3.0,0.46,recall,0.5873
rtdetr-l,C_finetuned_supervised,grid_search,4.0,0.5,recall,0.6056
rtdetr-l,A_unfinetuned,baseline,0.0,0.0,recall,0.0016
rtdetr-l,A_unfinetuned,bo_exploration,3.0,0.5,recall,0.6297
rtdetr-l,A_unfinetuned,bo_exploitation,3.0,0.5,recall,0.6297
rtdetr-l,A_unfinetuned,grid_search,4.0,0.5,recall,0.6669
rtdetr-l,B_finetuned_unsupervised,baseline,0.0,0.0,recall,0.0001
rtdetr-l,B_finetuned_unsupervised,bo_exploration,1.0,0.12,recall,0.0021
rtdetr-l,B_finetuned_unsupervised,bo_exploitation,2.0,0.05,recall,0.3896
rtdetr-l,B_finetuned_unsupervised,grid_search,4.0,0.5,recall,0.6498
rtdetr-l,C_finetuned_supervised,bo_exploration,3.0,0.45,recall,0.6052
rtdetr-l,C_finetuned_supervised,bo_exploitation,4.0,0.15,recall,0.6328
rtdetr-l,C_finetuned_supervised,grid_search,4.0,0.5,recall,0.6498
rtdetr-l,A_unfinetuned,baseline,0.0,0.0,recall,0.0
rtdetr-l,A_unfinetuned,bo_exploration,4.0,0.5,recall,0.6818
rtdetr-l,A_unfinetuned,bo_exploitation,3.0,0.22,recall,0.6001
rtdetr-l,A_unfinetuned,grid_search,4.0,0.5,recall,0.6818
rtdetr-l,B_finetuned_unsupervised,baseline,0.0,0.0,recall,0.0002
rtdetr-l,B_finetuned_unsupervised,bo_exploration,3.0,0.47,recall,0.6107
rtdetr-l,B_finetuned_unsupervised,bo_exploitation,3.0,0.3,recall,0.5965
rtdetr-l,B_finetuned_unsupervised,grid_search,4.0,0.5,recall,0.6615
rtdetr-l,C_finetuned_supervised,bo_exploration,3.0,0.06,recall,0.5915
yolo11n,B_finetuned_unsupervised,baseline,0.0,0.0,f1,0.0002
yolo11n,B_finetuned_unsupervised,bo_exploration,3.0,0.49,f1,0.711
yolo11n,B_finetuned_unsupervised,bo_exploitation,1.0,0.28,f1,0.0114
yolo11n,B_finetuned_unsupervised,grid_search,4.0,0.5,f1,0.7469
yolo11n,C_finetuned_supervised,bo_exploration,2.0,0.13,f1,0.5426
yolo11n,C_finetuned_supervised,bo_exploitation,2.0,0.0,f1,0.5536
yolo11n,C_finetuned_supervised,grid_search,4.0,0.0,f1,0.7564
yolo11m,A_unfinetuned,baseline,0.0,0.0,f1,0.0001
yolo11m,A_unfinetuned,bo_exploration,3.0,0.46,f1,0.6932
yolo11m,A_unfinetuned,bo_exploitation,3.0,0.1,f1,0.6932
yolo11m,A_unfinetuned,grid_search,4.0,0.5,f1,0.7072
yolo11m,B_finetuned_unsupervised,baseline,0.0,0.0,f1,0.0
yolo11m,B_finetuned_unsupervised,bo_exploration,3.0,0.32,f1,0.7408
yolo11m,B_finetuned_unsupervised,bo_exploitation,2.0,0.43,f1,0.6015
yolo11m,B_finetuned_unsupervised,grid_search,4.0,0.5,f1,0.7544
yolo11m,C_finetuned_supervised,bo_exploration,4.0,0.0,f1,0.7635
yolo11m,C_finetuned_supervised,bo_exploitation,2.0,0.0,f1,0.6168
yolo11m,C_finetuned_supervised,grid_search,4.0,0.0,f1,0.7635
yolo11n,A_unfinetuned,baseline,0.0,0.0,f1,0.0
yolo11n,A_unfinetuned,bo_exploration,3.0,0.43,f1,0.683
yolo11n,A_unfinetuned,bo_exploitation,2.0,0.29,f1,0.4078
yolo11n,A_unfinetuned,grid_search,4.0,0.5,f1,0.7756
yolo11n,B_finetuned_unsupervised,baseline,0.0,0.0,f1,0.0001
yolo11n,B_finetuned_unsupervised,bo_exploration,2.0,0.18,f1,0.5597
yolo11n,B_finetuned_unsupervised,bo_exploitation,3.0,0.45,f1,0.7304
yolo11n,B_finetuned_unsupervised,grid_search,4.0,0.5,f1,0.7636
yolo11n,C_finetuned_supervised,bo_exploration,3.0,0.12,f1,0.7327
yolo11n,C_finetuned_supervised,bo_exploitation,4.0,0.45,f1,0.7633
yolo11n,C_finetuned_supervised,grid_search,4.0,0.0,f1,0.7747
yolo11m,A_unfinetuned,baseline,0.0,0.0,f1,0.0001
yolo11m,A_unfinetuned,bo_exploration,2.0,0.28,f1,0.539
yolo11m,A_unfinetuned,bo_exploitation,2.0,0.37,f1,0.5352
yolo11m,A_unfinetuned,grid_search,4.0,0.5,f1,0.692
yolo11m,B_finetuned_unsupervised,baseline,0.0,0.0,f1,0.0001
yolo11m,B_finetuned_unsupervised,bo_exploration,3.0,0.35,f1,0.7433
yolo11m,B_finetuned_unsupervised,bo_exploitation,3.0,0.45,f1,0.7422
yolo11m,B_finetuned_unsupervised,grid_search,4.0,0.5,f1,0.7565
yolo11m,C_finetuned_supervised,bo_exploration,3.0,0.15,f1,0.7445
yolo11m,C_finetuned_supervised,bo_exploitation,3.0,0.25,f1,0.7414
yolo11m,C_finetuned_supervised,grid_search,4.0,0.0,f1,0.7651
yolo11n,A_unfinetuned,baseline,0.0,0.0,f1,0.0
yolo11n,A_unfinetuned,bo_exploration,3.0,0.5,f1,0.6822
yolo11n,A_unfinetuned,bo_exploitation,2.0,0.38,f1,0.5083
yolo11n,A_unfinetuned,grid_search,4.0,0.5,f1,0.7169
yolo11n,B_finetuned_unsupervised,baseline,0.0,0.0,f1,0.0
yolo11n,B_finetuned_unsupervised,bo_exploration,2.0,0.29,f1,0.5317
yolo11n,B_finetuned_unsupervised,bo_exploitation,2.0,0.01,f1,0.5413
yolo11n,B_finetuned_unsupervised,grid_search,4.0,0.5,f1,0.7457
yolo11n,C_finetuned_supervised,bo_exploration,3.0,0.18,f1,0.7145
yolo11n,C_finetuned_supervised,bo_exploitation,3.0,0.12,f1,0.7143
yolo11n,C_finetuned_supervised,grid_search,4.0,0.0,f1,0.7579
yolo11m,A_unfinetuned,baseline,0.0,0.0,f1,0.0002
yolo11m,A_unfinetuned,bo_exploration,3.0,0.15,f1,0.6958
yolo11m,A_unfinetuned,bo_exploitation,3.0,0.41,f1,0.694
yolo11m,A_unfinetuned,grid_search,4.0,0.5,f1,0.7138
yolo11m,B_finetuned_unsupervised,baseline,0.0,0.0,f1,0.0
yolo11m,B_finetuned_unsupervised,bo_exploration,3.0,0.49,f1,0.741
yolo11m,B_finetuned_unsupervised,bo_exploitation,3.0,0.45,f1,0.7431
yolo11m,B_finetuned_unsupervised,grid_search,4.0,0.5,f1,0.7577
yolo11m,C_finetuned_supervised,bo_exploration,3.0,0.29,f1,0.7441
yolo11m,C_finetuned_supervised,bo_exploitation,3.0,0.47,f1,0.7424
yolo11m,C_finetuned_supervised,grid_search,4.0,0.0,f1,0.7663
yolo11n,A_unfinetuned,baseline,0.0,0.0,f1,0.0002
yolo11n,A_unfinetuned,bo_exploration,3.0,0.5,f1,0.7298
yolo11n,A_unfinetuned,bo_exploitation,2.0,0.07,f1,0.5605
yolo11n,A_unfinetuned,grid_search,4.0,0.5,f1,0.7609
yolo11n,B_finetuned_unsupervised,baseline,0.0,0.0,f1,0.0
yolo11n,B_finetuned_unsupervised,bo_exploration,3.0,0.22,f1,0.7132
yolo11n,B_finetuned_unsupervised,bo_exploitation,2.0,0.17,f1,0.5238
yolo11n,B_finetuned_unsupervised,grid_search,4.0,0.5,f1,0.7449
yolo11n,C_finetuned_supervised,bo_exploration,3.0,0.23,f1,0.7124
yolo11n,C_finetuned_supervised,bo_exploitation,3.0,0.0,f1,0.7083
yolo11n,C_finetuned_supervised,grid_search,4.0,0.0,f1,0.754
yolo11m,A_unfinetuned,baseline,0.0,0.0,f1,0.0001
yolo11m,A_unfinetuned,bo_exploration,3.0,0.45,f1,0.6586
yolo11m,A_unfinetuned,bo_exploitation,3.0,0.17,f1,0.661
yolo11m,A_unfinetuned,grid_search,4.0,0.5,f1,0.6918
yolo11m,B_finetuned_unsupervised,baseline,0.0,0.0,f1,0.0001
yolo11m,B_finetuned_unsupervised,bo_exploration,2.0,0.29,f1,0.617
yolo11m,B_finetuned_unsupervised,bo_exploitation,3.0,0.22,f1,0.7405
yolo11m,B_finetuned_unsupervised,grid_search,4.0,0.5,f1,0.7568
yolo11m,C_finetuned_supervised,bo_exploration,3.0,0.1,f1,0.745
yolo11m,C_finetuned_supervised,bo_exploitation,3.0,0.1,f1,0.745
yolo11m,C_finetuned_supervised,grid_search,4.0,0.0,f1,0.7652
yolo11n,A_unfinetuned,baseline,0.0,0.0,f1,0.0001
yolo11n,A_unfinetuned,bo_exploration,3.0,0.44,f1,0.7376
yolo11n,A_unfinetuned,bo_exploitation,3.0,0.35,f1,0.7385
yolo11n,A_unfinetuned,grid_search,4.0,0.5,f1,0.7701
yolo11n,B_finetuned_unsupervised,baseline,0.0,0.0,f1,0.0
yolo11n,B_finetuned_unsupervised,bo_exploration,2.0,0.45,f1,0.5386
yolo11n,B_finetuned_unsupervised,bo_exploitation,4.0,0.05,f1,0.7456
yolo11n,B_finetuned_unsupervised,grid_search,4.0,0.5,f1,0.7458
yolo11n,C_finetuned_supervised,bo_exploration,3.0,0.3,f1,0.7136
yolo11n,C_finetuned_supervised,bo_exploitation,2.0,0.0,f1,0.5466
yolo11n,C_finetuned_supervised,grid_search,4.0,0.0,f1,0.755
yolo11m,A_unfinetuned,baseline,0.0,0.0,f1,0.0001
yolo11m,A_unfinetuned,bo_exploration,3.0,0.2,f1,0.7046
yolo11m,A_unfinetuned,bo_exploitation,3.0,0.12,f1,0.708
yolo11m,A_unfinetuned,grid_search,4.0,0.5,f1,0.7226
yolo11m,B_finetuned_unsupervised,baseline,0.0,0.0,f1,0.0
yolo11m,B_finetuned_unsupervised,bo_exploration,3.0,0.49,f1,0.7737
yolo11m,B_finetuned_unsupervised,bo_exploitation,3.0,0.2,f1,0.7771
yolo11m,B_finetuned_unsupervised,grid_search,4.0,0.5,f1,0.7996
yolo11m,C_finetuned_supervised,bo_exploration,3.0,0.36,f1,0.7726
yolo11m,C_finetuned_supervised,bo_exploitation,3.0,0.05,f1,0.7806
yolo11m,C_finetuned_supervised,grid_search,4.0,0.0,f1,0.8094
yolo11n,A_unfinetuned,baseline,0.0,0.0,f1,0.0
yolo11n,A_unfinetuned,bo_exploration,2.0,0.26,f1,0.5498
yolo11n,A_unfinetuned,bo_exploitation,2.0,0.19,f1,0.553
yolo11n,A_unfinetuned,grid_search,4.0,0.5,f1,0.774
yolo11n,B_finetuned_unsupervised,baseline,0.0,0.0,f1,0.0001
yolo11n,B_finetuned_unsupervised,bo_exploration,3.0,0.27,f1,0.7108
yolo11n,B_finetuned_unsupervised,bo_exploitation,4.0,0.48,f1,0.7442
yolo11n,B_finetuned_unsupervised,grid_search,4.0,0.5,f1,0.75
yolo11n,C_finetuned_supervised,bo_exploration,3.0,0.26,f1,0.7115
yolo11n,C_finetuned_supervised,bo_exploitation,3.0,0.4,f1,0.7163
yolo11n,C_finetuned_supervised,grid_search,4.0,0.0,f1,0.7655
yolo11m,A_unfinetuned,baseline,0.0,0.0,f1,0.0001
yolo11m,A_unfinetuned,bo_exploration,3.0,0.26,f1,0.634
yolo11m,A_unfinetuned,bo_exploitation,3.0,0.5,f1,0.632
yolo11m,A_unfinetuned,grid_search,4.0,0.5,f1,0.6483
yolo11m,B_finetuned_unsupervised,baseline,0.0,0.0,f1,0.0
yolo11m,B_finetuned_unsupervised,bo_exploration,3.0,0.16,f1,0.7786
yolo11m,B_finetuned_unsupervised,bo_exploitation,3.0,0.44,f1,0.7746
yolo11m,B_finetuned_unsupervised,grid_search,4.0,0.5,f1,0.7996
yolo11m,C_finetuned_supervised,bo_exploration,3.0,0.0,f1,0.7695
yolo11m,C_finetuned_supervised,bo_exploitation,3.0,0.38,f1,0.7739
yolo11m,C_finetuned_supervised,grid_search,4.0,0.0,f1,0.8094
yolo11n,A_unfinetuned,baseline,0.0,0.0,f1,0.0
yolo11n,A_unfinetuned,bo_exploration,2.0,0.33,f1,0.5526
yolo11n,A_unfinetuned,bo_exploitation,3.0,0.04,f1,0.7381
yolo11n,A_unfinetuned,grid_search,4.0,0.5,f1,0.7688
yolo11n,B_finetuned_unsupervised,baseline,0.0,0.0,f1,0.0
yolo11n,B_finetuned_unsupervised,bo_exploration,2.0,0.46,f1,0.5559
yolo11n,B_finetuned_unsupervised,bo_exploitation,2.0,0.48,f1,0.554
yolo11n,B_finetuned_unsupervised,grid_search,4.0,0.5,f1,0.7656
yolo11n,C_finetuned_supervised,bo_exploration,3.0,0.13,f1,0.7383
yolo11n,C_finetuned_supervised,bo_exploitation,3.0,0.07,f1,0.736
yolo11n,C_finetuned_supervised,grid_search,4.0,0.0,f1,0.7818
yolo11m,A_unfinetuned,baseline,0.0,0.0,f1,0.0005
yolo11m,A_unfinetuned,bo_exploration,3.0,0.5,f1,0.6608
yolo11m,A_unfinetuned,bo_exploitation,3.0,0.43,f1,0.6582
yolo11m,A_unfinetuned,grid_search,4.0,0.5,f1,0.6874
yolo11m,B_finetuned_unsupervised,baseline,0.0,0.0,f1,0.0
yolo11m,B_finetuned_unsupervised,bo_exploration,2.0,0.33,f1,0.6143
yolo11m,B_finetuned_unsupervised,bo_exploitation,3.0,0.44,f1,0.7749
yolo11m,B_finetuned_unsupervised,grid_search,4.0,0.5,f1,0.7997
yolo11m,C_finetuned_supervised,bo_exploration,4.0,0.5,f1,0.7997
yolo11m,C_finetuned_supervised,bo_exploitation,3.0,0.08,f1,0.7796
yolo11m,C_finetuned_supervised,grid_search,4.0,0.0,f1,0.8095
yolo11n,A_unfinetuned,baseline,0.0,0.0,f1,0.0003
yolo11n,A_unfinetuned,bo_exploration,4.0,0.5,f1,0.7336
yolo11n,A_unfinetuned,bo_exploitation,3.0,0.41,f1,0.6965
yolo11n,A_unfinetuned,grid_search,4.0,0.5,f1,0.7336
yolo11n,B_finetuned_unsupervised,baseline,0.0,0.0,f1,0.0
yolo11n,B_finetuned_unsupervised,bo_exploration,3.0,0.45,f1,0.7361
yolo11n,B_finetuned_unsupervised,bo_exploitation,3.0,0.22,f1,0.7384
yolo11n,B_finetuned_unsupervised,grid_search,4.0,0.5,f1,0.7653
yolo11n,C_finetuned_supervised,bo_exploration,3.0,0.22,f1,0.7384
yolo11n,C_finetuned_supervised,bo_exploitation,3.0,0.15,f1,0.7386
yolo11n,C_finetuned_supervised,grid_search,4.0,0.0,f1,0.7814
yolo11m,A_unfinetuned,baseline,0.0,0.0,f1,0.0005
yolo11m,A_unfinetuned,bo_exploration,3.0,0.48,f1,0.6103
yolo11m,A_unfinetuned,bo_exploitation,3.0,0.27,f1,0.6125
yolo11m,A_unfinetuned,grid_search,4.0,0.5,f1,0.6364
yolo11m,B_finetuned_unsupervised,baseline,0.0,0.0,f1,0.0
yolo11m,B_finetuned_unsupervised,bo_exploration,4.0,0.0,f1,0.8093
yolo11m,B_finetuned_unsupervised,bo_exploitation,3.0,0.46,f1,0.7749
yolo11m,B_finetuned_unsupervised,grid_search,4.0,0.5,f1,0.7995
yolo11m,C_finetuned_supervised,bo_exploration,4.0,0.0,f1,0.8093
yolo11m,C_finetuned_supervised,bo_exploitation,4.0,0.0,f1,0.8093
yolo11m,C_finetuned_supervised,grid_search,4.0,0.0,f1,0.8093
yolo11n,A_unfinetuned,baseline,0.0,0.0,f1,0.0001
yolo11n,A_unfinetuned,bo_exploration,4.0,0.5,f1,0.7491
yolo11n,A_unfinetuned,bo_exploitation,4.0,0.46,f1,0.7484
yolo11n,A_unfinetuned,grid_search,4.0,0.5,f1,0.7491
yolo11n,B_finetuned_unsupervised,baseline,0.0,0.0,f1,0.0
yolo11n,B_finetuned_unsupervised,bo_exploration,3.0,0.5,f1,0.7107
yolo11n,B_finetuned_unsupervised,bo_exploitation,3.0,0.4,f1,0.7121
yolo11n,B_finetuned_unsupervised,grid_search,4.0,0.5,f1,0.7444
yolo11n,C_finetuned_supervised,bo_exploration,3.0,0.47,f1,0.7053
yolo11n,C_finetuned_supervised,bo_exploitation,3.0,0.28,f1,0.7108
yolo11n,C_finetuned_supervised,grid_search,4.0,0.0,f1,0.754
yolo11n,A_unfinetuned,baseline,0.0,0.0,f1,0.0001
yolo11n,A_unfinetuned,bo_exploration,4.0,0.5,f1,0.774
yolo11n,A_unfinetuned,bo_exploitation,2.0,0.36,f1,0.5556
yolo11n,A_unfinetuned,grid_search,4.0,0.5,f1,0.774
yolo11n,B_finetuned_unsupervised,baseline,0.0,0.0,f1,0.0002
yolo11n,B_finetuned_unsupervised,bo_exploration,2.0,0.04,f1,0.5444
yolo11n,B_finetuned_unsupervised,bo_exploitation,2.0,0.25,f1,0.5481
yolo11n,B_finetuned_unsupervised,grid_search,4.0,0.5,f1,0.7469
yolo11n,C_finetuned_supervised,bo_exploration,4.0,0.5,f1,0.7469
yolo11n,C_finetuned_supervised,bo_exploitation,3.0,0.24,f1,0.7171
yolo11n,C_finetuned_supervised,grid_search,4.0,0.0,f1,0.7564
rtdetr-l,A_unfinetuned,baseline,0.0,0.0,f1,0.0007
rtdetr-l,A_unfinetuned,bo_exploration,3.0,0.5,f1,0.6876
rtdetr-l,A_unfinetuned,bo_exploitation,3.0,0.01,f1,0.6822
rtdetr-l,A_unfinetuned,grid_search,4.0,0.5,f1,0.7343
rtdetr-l,B_finetuned_unsupervised,baseline,0.0,0.0,f1,0.0001
rtdetr-l,B_finetuned_unsupervised,bo_exploration,2.0,0.48,f1,0.5083
rtdetr-l,B_finetuned_unsupervised,bo_exploitation,2.0,0.04,f1,0.5231
rtdetr-l,B_finetuned_unsupervised,grid_search,4.0,0.5,f1,0.7632
rtdetr-l,C_finetuned_supervised,bo_exploration,3.0,0.0,f1,0.7198
rtdetr-l,C_finetuned_supervised,bo_exploitation,4.0,0.27,f1,0.7591
rtdetr-l,C_finetuned_supervised,grid_search,4.0,0.0,f1,0.7662
rtdetr-l,A_unfinetuned,baseline,0.0,0.0,f1,0.0008
rtdetr-l,A_unfinetuned,bo_exploration,3.0,0.42,f1,0.6677
rtdetr-l,A_unfinetuned,bo_exploitation,2.0,0.16,f1,0.4996
rtdetr-l,A_unfinetuned,grid_search,4.0,0.5,f1,0.693
rtdetr-l,B_finetuned_unsupervised,baseline,0.0,0.0,f1,0.0012
rtdetr-l,B_finetuned_unsupervised,bo_exploration,2.0,0.28,f1,0.4834
rtdetr-l,B_finetuned_unsupervised,bo_exploitation,3.0,0.19,f1,0.6909
rtdetr-l,B_finetuned_unsupervised,grid_search,4.0,0.5,f1,0.7403
rtdetr-l,C_finetuned_supervised,bo_exploration,4.0,0.0,f1,0.7505
rtdetr-l,C_finetuned_supervised,bo_exploitation,2.0,0.26,f1,0.4839
rtdetr-l,C_finetuned_supervised,grid_search,4.0,0.0,f1,0.7505
rtdetr-l,A_unfinetuned,baseline,0.0,0.0,f1,0.0
rtdetr-l,A_unfinetuned,bo_exploration,2.0,0.34,f1,0.4527
rtdetr-l,A_unfinetuned,bo_exploitation,3.0,0.5,f1,0.698
rtdetr-l,A_unfinetuned,grid_search,4.0,0.5,f1,0.7558
rtdetr-l,B_finetuned_unsupervised,baseline,0.0,0.0,f1,0.0002
rtdetr-l,B_finetuned_unsupervised,bo_exploration,3.0,0.49,f1,0.6427
rtdetr-l,B_finetuned_unsupervised,bo_exploitation,3.0,0.05,f1,0.633
rtdetr-l,B_finetuned_unsupervised,grid_search,4.0,0.5,f1,0.6855
rtdetr-l,C_finetuned_supervised,bo_exploration,3.0,0.04,f1,0.6394
rtdetr-l,C_finetuned_supervised,bo_exploitation,3.0,0.11,f1,0.6388
rtdetr-l,C_finetuned_supervised,grid_search,4.0,0.0,f1,0.6777
rtdetr-l,A_unfinetuned,baseline,0.0,0.0,f1,0.0005
rtdetr-l,A_unfinetuned,bo_exploration,3.0,0.5,f1,0.5775
rtdetr-l,A_unfinetuned,bo_exploitation,3.0,0.18,f1,0.5757
rtdetr-l,A_unfinetuned,grid_search,4.0,0.5,f1,0.6197
rtdetr-l,B_finetuned_unsupervised,baseline,0.0,0.0,f1,0.0001
rtdetr-l,B_finetuned_unsupervised,bo_exploration,4.0,0.5,f1,0.6817
rtdetr-l,B_finetuned_unsupervised,bo_exploitation,3.0,0.25,f1,0.6412
rtdetr-l,B_finetuned_unsupervised,grid_search,4.0,0.5,f1,0.6817
rtdetr-l,C_finetuned_supervised,bo_exploration,2.0,0.09,f1,0.4633
rtdetr-l,C_finetuned_supervised,bo_exploitation,3.0,0.09,f1,0.6496
rtdetr-l,C_finetuned_supervised,grid_search,4.0,0.0,f1,0.6856
rtdetr-l,A_unfinetuned,baseline,0.0,0.0,f1,0.0
rtdetr-l,A_unfinetuned,bo_exploration,3.0,0.05,f1,0.6396
rtdetr-l,A_unfinetuned,bo_exploitation,3.0,0.0,f1,0.6313
rtdetr-l,A_unfinetuned,grid_search,4.0,0.5,f1,0.6762
rtdetr-l,B_finetuned_unsupervised,baseline,0.0,0.0,f1,0.0002
rtdetr-l,B_finetuned_unsupervised,bo_exploration,2.0,0.45,f1,0.47
rtdetr-l,B_finetuned_unsupervised,bo_exploitation,3.0,0.02,f1,0.6764
rtdetr-l,B_finetuned_unsupervised,grid_search,4.0,0.5,f1,0.7222
rtdetr-l,C_finetuned_supervised,bo_exploration,3.0,0.18,f1,0.6738
rtdetr-l,C_finetuned_supervised,bo_exploitation,4.0,0.0,f1,0.7204
rtdetr-l,C_finetuned_supervised,grid_search,4.0,0.0,f1,0.7204
rtdetr-l,A_unfinetuned,baseline,0.0,0.0,f1,0.0005
rtdetr-l,A_unfinetuned,bo_exploration,2.0,0.3,f1,0.5113
rtdetr-l,A_unfinetuned,bo_exploitation,2.0,0.38,f1,0.5146
rtdetr-l,A_unfinetuned,grid_search,4.0,0.5,f1,0.7044
rtdetr-l,B_finetuned_unsupervised,baseline,0.0,0.0,f1,0.0
rtdetr-l,B_finetuned_unsupervised,bo_exploration,3.0,0.47,f1,0.6735
rtdetr-l,B_finetuned_unsupervised,bo_exploitation,3.0,0.37,f1,0.6651
rtdetr-l,B_finetuned_unsupervised,grid_search,4.0,0.5,f1,0.7106
rtdetr-l,C_finetuned_supervised,bo_exploration,3.0,0.18,f1,0.6517
rtdetr-l,C_finetuned_supervised,bo_exploitation,3.0,0.23,f1,0.6487
rtdetr-l,C_finetuned_supervised,grid_search,4.0,0.0,f1,0.701
rtdetr-l,A_unfinetuned,baseline,0.0,0.0,f1,0.0001
rtdetr-l,A_unfinetuned,bo_exploration,3.0,0.09,f1,0.6614
rtdetr-l,A_unfinetuned,bo_exploitation,3.0,0.27,f1,0.6573
rtdetr-l,A_unfinetuned,grid_search,4.0,0.5,f1,0.7046
rtdetr-l,B_finetuned_unsupervised,baseline,0.0,0.0,f1,0.0021
rtdetr-l,B_finetuned_unsupervised,bo_exploration,3.0,0.16,f1,0.6766
rtdetr-l,B_finetuned_unsupervised,bo_exploitation,3.0,0.5,f1,0.6794
rtdetr-l,B_finetuned_unsupervised,grid_search,4.0,0.5,f1,0.7139
rtdetr-l,C_finetuned_supervised,bo_exploration,4.0,0.23,f1,0.7068
rtdetr-l,C_finetuned_supervised,bo_exploitation,3.0,0.26,f1,0.6766
rtdetr-l,C_finetuned_supervised,grid_search,4.0,0.0,f1,0.7058
rtdetr-l,A_unfinetuned,baseline,0.0,0.0,f1,0.0001
rtdetr-l,A_unfinetuned,bo_exploration,4.0,0.0,f1,0.6768
rtdetr-l,A_unfinetuned,bo_exploitation,4.0,0.32,f1,0.6799
rtdetr-l,A_unfinetuned,grid_search,4.0,0.5,f1,0.681
yolo11n,B_finetuned_unsupervised,baseline,0.0,0.0,f1,0.0
yolo11n,B_finetuned_unsupervised,bo_exploration,4.0,0.5,f1,0.7459
yolo11n,B_finetuned_unsupervised,bo_exploitation,3.0,0.18,f1,0.7158
yolo11n,B_finetuned_unsupervised,grid_search,4.0,0.5,f1,0.7459
yolo11n,C_finetuned_supervised,bo_exploration,2.0,0.13,f1,0.5332
yolo11n,C_finetuned_supervised,bo_exploitation,2.0,0.5,f1,0.5408
yolo11n,C_finetuned_supervised,grid_search,4.0,0.0,f1,0.7553
yolo11m,A_unfinetuned,baseline,0.0,0.0,f1,0.0
yolo11m,A_unfinetuned,bo_exploration,4.0,0.11,f1,0.7487
yolo11m,A_unfinetuned,bo_exploitation,2.0,0.5,f1,0.5883
yolo11m,A_unfinetuned,grid_search,4.0,0.5,f1,0.7516
yolo11m,B_finetuned_unsupervised,baseline,0.0,0.0,f1,0.0
yolo11m,B_finetuned_unsupervised,bo_exploration,3.0,0.4,f1,0.7769
yolo11m,B_finetuned_unsupervised,bo_exploitation,3.0,0.45,f1,0.7768
yolo11m,B_finetuned_unsupervised,grid_search,4.0,0.5,f1,0.7998
yolo11m,C_finetuned_supervised,bo_exploration,4.0,0.31,f1,0.8009
yolo11m,C_finetuned_supervised,bo_exploitation,3.0,0.36,f1,0.773
yolo11m,C_finetuned_supervised,grid_search,4.0,0.0,f1,0.8095
yolo11n,A_unfinetuned,baseline,0.0,0.0,f1,0.0
yolo11n,A_unfinetuned,bo_exploration,3.0,0.34,f1,0.7061
yolo11n,A_unfinetuned,bo_exploitation,2.0,0.27,f1,0.5442
yolo11n,A_unfinetuned,grid_search,4.0,0.5,f1,0.7541
yolo11n,B_finetuned_unsupervised,baseline,0.0,0.0,f1,0.0001
yolo11n,B_finetuned_unsupervised,bo_exploration,3.0,0.5,f1,0.711
yolo11n,B_finetuned_unsupervised,bo_exploitation,3.0,0.39,f1,0.7086
yolo11n,B_finetuned_unsupervised,grid_search,4.0,0.5,f1,0.75
yolo11n,C_finetuned_supervised,bo_exploration,2.0,0.31,f1,0.5259
yolo11n,C_finetuned_supervised,bo_exploitation,3.0,0.13,f1,0.7169
yolo11n,C_finetuned_supervised,grid_search,4.0,0.0,f1,0.7655
yolo11m,A_unfinetuned,baseline,0.0,0.0,f1,0.0002
yolo11m,A_unfinetuned,bo_exploration,3.0,0.33,f1,0.6759
yolo11m,A_unfinetuned,bo_exploitation,2.0,0.24,f1,0.5512
yolo11m,A_unfinetuned,grid_search,4.0,0.5,f1,0.6931
yolo11m,B_finetuned_unsupervised,baseline,0.0,0.0,f1,0.0
yolo11m,B_finetuned_unsupervised,bo_exploration,2.0,0.18,f1,0.6122
yolo11m,B_finetuned_unsupervised,bo_exploitation,2.0,0.44,f1,0.6123
yolo11m,B_finetuned_unsupervised,grid_search,4.0,0.5,f1,0.7996
yolo11m,C_finetuned_supervised,bo_exploration,3.0,0.17,f1,0.7782
yolo11m,C_finetuned_supervised,bo_exploitation,3.0,0.32,f1,0.7759
yolo11m,C_finetuned_supervised,grid_search,4.0,0.0,f1,0.8094
yolo11n,A_unfinetuned,baseline,0.0,0.0,f1,0.0
yolo11n,A_unfinetuned,bo_exploration,3.0,0.05,f1,0.7454
yolo11n,A_unfinetuned,bo_exploitation,3.0,0.02,f1,0.744
yolo11n,A_unfinetuned,grid_search,4.0,0.5,f1,0.7685
yolo11n,B_finetuned_unsupervised,baseline,0.0,0.0,f1,0.0001
yolo11n,B_finetuned_unsupervised,bo_exploration,4.0,0.08,f1,0.7654
yolo11n,B_finetuned_unsupervised,bo_exploitation,3.0,0.47,f1,0.7256
yolo11n,B_finetuned_unsupervised,grid_search,4.0,0.5,f1,0.7636
yolo11n,C_finetuned_supervised,bo_exploration,3.0,0.0,f1,0.7257
yolo11n,C_finetuned_supervised,bo_exploitation,3.0,0.0,f1,0.7257
yolo11n,C_finetuned_supervised,grid_search,4.0,0.0,f1,0.7747
yolo11m,A_unfinetuned,baseline,0.0,0.0,f1,0.0
yolo11m,A_unfinetuned,bo_exploration,3.0,0.5,f1,0.6979
yolo11m,A_unfinetuned,bo_exploitation,3.0,0.39,f1,0.7019
yolo11m,A_unfinetuned,grid_search,4.0,0.5,f1,0.6998
yolo11m,B_finetuned_unsupervised,baseline,0.0,0.0,f1,0.0001
yolo11m,B_finetuned_unsupervised,bo_exploration,3.0,0.44,f1,0.7433
yolo11m,B_finetuned_unsupervised,bo_exploitation,3.0,0.4,f1,0.7423
yolo11m,B_finetuned_unsupervised,grid_search,4.0,0.5,f1,0.7565
yolo11m,C_finetuned_supervised,bo_exploration,4.0,0.5,f1,0.7565
yolo11m,C_finetuned_supervised,bo_exploitation,4.0,0.0,f1,0.7651
yolo11m,C_finetuned_supervised,grid_search,4.0,0.0,f1,0.7651
yolo11n,A_unfinetuned,baseline,0.0,0.0,f1,0.0001
yolo11n,A_unfinetuned,bo_exploration,3.0,0.36,f1,0.7157
yolo11n,A_unfinetuned,bo_exploitation,3.0,0.44,f1,0.7191
yolo11n,A_unfinetuned,grid_search,4.0,0.5,f1,0.7396
yolo11n,B_finetuned_unsupervised,baseline,0.0,0.0,f1,0.0
yolo11n,B_finetuned_unsupervised,bo_exploration,2.0,0.46,f1,0.5557
yolo11n,B_finetuned_unsupervised,bo_exploitation,4.0,0.49,f1,0.7644
yolo11n,B_finetuned_unsupervised,grid_search,4.0,0.5,f1,0.7653
yolo11n,C_finetuned_supervised,bo_exploration,2.0,0.05,f1,0.5766
yolo11n,C_finetuned_supervised,bo_exploitation,3.0,0.5,f1,0.7357
yolo11n,C_finetuned_supervised,grid_search,4.0,0.0,f1,0.7814
yolo11m,A_unfinetuned,baseline,0.0,0.0,f1,0.0001
yolo11m,A_unfinetuned,bo_exploration,3.0,0.44,f1,0.6749
yolo11m,A_unfinetuned,bo_exploitation,3.0,0.5,f1,0.6701
yolo11m,A_unfinetuned,grid_search,4.0,0.5,f1,0.6905
yolo11m,B_finetuned_unsupervised,baseline,0.0,0.0,f1,0.0
yolo11m,B_finetuned_unsupervised,bo_exploration,3.0,0.5,f1,0.7754
yolo11m,B_finetuned_unsupervised,bo_exploitation,3.0,0.21,f1,0.7772
yolo11m,B_finetuned_unsupervised,grid_search,4.0,0.5,f1,0.7995
yolo11m,C_finetuned_supervised,bo_exploration,3.0,0.44,f1,0.7747
yolo11m,C_finetuned_supervised,bo_exploitation,4.0,0.0,f1,0.8093
yolo11m,C_finetuned_supervised,grid_search,4.0,0.0,f1,0.8093
yolo11n,A_unfinetuned,baseline,0.0,0.0,f1,0.0
yolo11n,A_unfinetuned,bo_exploration,2.0,0.18,f1,0.5348
yolo11n,A_unfinetuned,bo_exploitation,4.0,0.44,f1,0.7618
yolo11n,A_unfinetuned,grid_search,4.0,0.5,f1,0.7616
yolo11n,B_finetuned_unsupervised,baseline,0.0,0.0,f1,0.0
yolo11n,B_finetuned_unsupervised,bo_exploration,3.0,0.28,f1,0.7347
yolo11n,B_finetuned_unsupervised,bo_exploitation,3.0,0.1,f1,0.7378
yolo11n,B_finetuned_unsupervised,grid_search,4.0,0.5,f1,0.7643
yolo11n,C_finetuned_supervised,bo_exploration,3.0,0.18,f1,0.7377
yolo11n,C_finetuned_supervised,bo_exploitation,3.0,0.39,f1,0.7333
yolo11n,C_finetuned_supervised,grid_search,4.0,0.0,f1,0.7803
yolo11m,A_unfinetuned,baseline,0.0,0.0,f1,0.0004
yolo11m,A_unfinetuned,bo_exploration,3.0,0.08,f1,0.6123
yolo11m,A_unfinetuned,bo_exploitation,2.0,0.03,f1,0.4823
yolo11m,A_unfinetuned,grid_search,4.0,0.5,f1,0.6465
yolo11m,B_finetuned_unsupervised,baseline,0.0,0.0,f1,0.0
yolo11m,B_finetuned_unsupervised,bo_exploration,3.0,0.09,f1,0.7787
yolo11m,B_finetuned_unsupervised,bo_exploitation,2.0,0.1,f1,0.608
yolo11m,B_finetuned_unsupervised,grid_search,4.0,0.5,f1,0.7992
yolo11m,C_finetuned_supervised,bo_exploration,2.0,0.03,f1,0.614
yolo11m,C_finetuned_supervised,bo_exploitation,3.0,0.24,f1,0.7765
yolo11m,C_finetuned_supervised,grid_search,4.0,0.0,f1,0.8089
yolo11n,A_unfinetuned,baseline,0.0,0.0,f1,0.0
yolo11n,A_unfinetuned,bo_exploration,3.0,0.39,f1,0.7194
yolo11n,A_unfinetuned,bo_exploitation,3.0,0.5,f1,0.7195
yolo11n,A_unfinetuned,grid_search,4.0,0.5,f1,0.7568
yolo11n,B_finetuned_unsupervised,baseline,0.0,0.0,f1,0.0001
yolo11n,B_finetuned_unsupervised,bo_exploration,3.0,0.33,f1,0.7128
yolo11n,B_finetuned_unsupervised,bo_exploitation,3.0,0.03,f1,0.7165
yolo11n,B_finetuned_unsupervised,grid_search,4.0,0.5,f1,0.7498
yolo11n,C_finetuned_supervised,bo_exploration,3.0,0.46,f1,0.703
yolo11n,C_finetuned_supervised,bo_exploitation,2.0,0.0,f1,0.5494
yolo11n,C_finetuned_supervised,grid_search,4.0,0.25,f1,0.755
yolo11m,A_unfinetuned,baseline,0.0,0.0,f1,0.0002
yolo11m,A_unfinetuned,bo_exploration,3.0,0.46,f1,0.688
yolo11m,A_unfinetuned,bo_exploitation,3.0,0.44,f1,0.6919
yolo11m,A_unfinetuned,grid_search,4.0,0.5,f1,0.7155
yolo11m,B_finetuned_unsupervised,baseline,0.0,0.0,f1,0.0
yolo11m,B_finetuned_unsupervised,bo_exploration,3.0,0.49,f1,0.7734
yolo11m,B_finetuned_unsupervised,bo_exploitation,3.0,0.01,f1,0.7752
yolo11m,B_finetuned_unsupervised,grid_search,4.0,0.5,f1,0.7995
yolo11m,C_finetuned_supervised,bo_exploration,2.0,0.05,f1,0.6085
yolo11m,C_finetuned_supervised,bo_exploitation,3.0,0.16,f1,0.7784
yolo11m,C_finetuned_supervised,grid_search,4.0,0.25,f1,0.7991
yolo11n,A_unfinetuned,baseline,0.0,0.0,f1,0.0001
yolo11n,A_unfinetuned,bo_exploration,2.0,0.14,f1,0.5692
yolo11n,A_unfinetuned,bo_exploitation,3.0,0.35,f1,0.7218
yolo11n,A_unfinetuned,grid_search,4.0,0.5,f1,0.7593
yolo11n,B_finetuned_unsupervised,baseline,0.0,0.0,f1,0.0002
yolo11n,B_finetuned_unsupervised,bo_exploration,3.0,0.34,f1,0.7106
yolo11n,B_finetuned_unsupervised,bo_exploitation,2.0,0.29,f1,0.5434
yolo11n,B_finetuned_unsupervised,grid_search,4.0,0.5,f1,0.7471
yolo11n,C_finetuned_supervised,bo_exploration,3.0,0.24,f1,0.7172
yolo11n,C_finetuned_supervised,bo_exploitation,4.0,0.0,f1,0.7568
yolo11n,C_finetuned_supervised,grid_search,4.0,0.0,f1,0.7568
yolo11m,A_unfinetuned,baseline,0.0,0.0,f1,0.0001
yolo11m,A_unfinetuned,bo_exploration,4.0,0.5,f1,0.756
yolo11m,A_unfinetuned,bo_exploitation,4.0,0.36,f1,0.7551
yolo11m,A_unfinetuned,grid_search,4.0,0.5,f1,0.756
yolo11m,B_finetuned_unsupervised,baseline,0.0,0.0,f1,0.0
yolo11m,B_finetuned_unsupervised,bo_exploration,2.0,0.12,f1,0.6135
yolo11m,B_finetuned_unsupervised,bo_exploitation,3.0,0.5,f1,0.739
yolo11m,B_finetuned_unsupervised,grid_search,4.0,0.5,f1,0.755
yolo11m,C_finetuned_supervised,bo_exploration,3.0,0.06,f1,0.7432
yolo11m,C_finetuned_supervised,bo_exploitation,3.0,0.01,f1,0.7404
yolo11m,C_finetuned_supervised,grid_search,4.0,0.0,f1,0.764
yolo11n,A_unfinetuned,baseline,0.0,0.0,f1,0.0
yolo11n,A_unfinetuned,bo_exploration,3.0,0.5,f1,0.7272
yolo11n,A_unfinetuned,bo_exploitation,3.0,0.34,f1,0.7232
yolo11n,A_unfinetuned,grid_search,4.0,0.5,f1,0.7631
yolo11n,B_finetuned_unsupervised,baseline,0.0,0.0,f1,0.0
yolo11n,B_finetuned_unsupervised,bo_exploration,4.0,0.0,f1,0.7555
yolo11n,B_finetuned_unsupervised,bo_exploitation,2.0,0.43,f1,0.5235
yolo11n,B_finetuned_unsupervised,grid_search,4.0,0.5,f1,0.7462
yolo11n,C_finetuned_supervised,bo_exploration,4.0,0.0,f1,0.7555
yolo11n,C_finetuned_supervised,bo_exploitation,3.0,0.15,f1,0.7165
yolo11n,C_finetuned_supervised,grid_search,4.0,0.0,f1,0.7555
yolo11m,A_unfinetuned,baseline,0.0,0.0,f1,0.0003
yolo11m,A_unfinetuned,bo_exploration,3.0,0.0,f1,0.619
yolo11m,A_unfinetuned,bo_exploitation,3.0,0.38,f1,0.6318
yolo11m,A_unfinetuned,grid_search,4.0,0.5,f1,0.6515
yolo11m,B_finetuned_unsupervised,baseline,0.0,0.0,f1,0.0001
yolo11m,B_finetuned_unsupervised,bo_exploration,2.0,0.21,f1,0.6166
yolo11m,B_finetuned_unsupervised,bo_exploitation,3.0,0.44,f1,0.7434
yolo11m,B_finetuned_unsupervised,grid_search,4.0,0.5,f1,0.7567
yolo11m,C_finetuned_supervised,bo_exploration,4.0,0.0,f1,0.7656
yolo11m,C_finetuned_supervised,bo_exploitation,3.0,0.19,f1,0.7426
yolo11m,C_finetuned_supervised,grid_search,4.0,0.0,f1,0.7656
yolo11n,A_unfinetuned,baseline,0.0,0.0,f1,0.0
yolo11n,A_unfinetuned,bo_exploration,3.0,0.42,f1,0.7198
yolo11n,A_unfinetuned,bo_exploitation,3.0,0.3,f1,0.7325
yolo11n,A_unfinetuned,grid_search,4.0,0.5,f1,0.7557
yolo11n,B_finetuned_unsupervised,baseline,0.0,0.0,f1,0.0
yolo11n,B_finetuned_unsupervised,bo_exploration,3.0,0.07,f1,0.7167
yolo11n,B_finetuned_unsupervised,bo_exploitation,3.0,0.38,f1,0.7103
yolo11n,B_finetuned_unsupervised,grid_search,4.0,0.5,f1,0.7487
yolo11n,C_finetuned_supervised,bo_exploration,3.0,0.18,f1,0.7182
yolo11n,C_finetuned_supervised,bo_exploitation,3.0,0.17,f1,0.7178
yolo11n,C_finetuned_supervised,grid_search,4.0,0.0,f1,0.7595
yolo11m,A_unfinetuned,baseline,0.0,0.0,f1,0.0
yolo11m,A_unfinetuned,bo_exploration,3.0,0.46,f1,0.7319
yolo11n,A_unfinetuned,baseline,0.0,0.0,f1,0.0
yolo11n,A_unfinetuned,bo_exploration,2.0,0.45,f1,0.5305
yolo11n,A_unfinetuned,bo_exploitation,4.0,0.44,f1,0.7535
yolo11n,A_unfinetuned,grid_search,4.0,0.5,f1,0.7514
yolo11n,B_finetuned_unsupervised,baseline,0.0,0.0,f1,0.0
yolo11n,B_finetuned_unsupervised,bo_exploration,3.0,0.25,f1,0.7159
yolo11n,B_finetuned_unsupervised,bo_exploitation,3.0,0.39,f1,0.7098
yolo11n,B_finetuned_unsupervised,grid_search,4.0,0.5,f1,0.7459
yolo11n,C_finetuned_supervised,bo_exploration,3.0,0.13,f1,0.7154
yolo11n,C_finetuned_supervised,bo_exploitation,2.0,0.11,f1,0.5372
yolo11n,C_finetuned_supervised,grid_search,4.0,0.0,f1,0.7553
rtdetr-l,A_unfinetuned,baseline,0.0,0.0,f1,0.0003
rtdetr-l,A_unfinetuned,bo_exploration,3.0,0.19,f1,0.6336
rtdetr-l,A_unfinetuned,bo_exploitation,3.0,0.49,f1,0.6559
rtdetr-l,A_unfinetuned,grid_search,4.0,0.5,f1,0.7046
rtdetr-l,B_finetuned_unsupervised,baseline,0.0,0.0,f1,0.0001
rtdetr-l,B_finetuned_unsupervised,bo_exploration,3.0,0.34,f1,0.6517
rtdetr-l,B_finetuned_unsupervised,bo_exploitation,3.0,0.38,f1,0.6525
rtdetr-l,B_finetuned_unsupervised,grid_search,4.0,0.5,f1,0.6939
rtdetr-l,C_finetuned_supervised,bo_exploration,2.0,0.34,f1,0.4445
rtdetr-l,C_finetuned_supervised,bo_exploitation,2.0,0.16,f1,0.4388
rtdetr-l,C_finetuned_supervised,grid_search,4.0,0.0,f1,0.6887
rtdetr-l,A_unfinetuned,baseline,0.0,0.0,f1,0.0003
rtdetr-l,A_unfinetuned,bo_exploration,2.0,0.16,f1,0.3378
rtdetr-l,A_unfinetuned,bo_exploitation,3.0,0.26,f1,0.5816
rtdetr-l,A_unfinetuned,grid_search,4.0,0.5,f1,0.6489
rtdetr-l,B_finetuned_unsupervised,baseline,0.0,0.0,f1,0.0002
rtdetr-l,B_finetuned_unsupervised,bo_exploration,3.0,0.43,f1,0.6192
rtdetr-l,B_finetuned_unsupervised,bo_exploitation,3.0,0.47,f1,0.6172
rtdetr-l,B_finetuned_unsupervised,grid_search,4.0,0.5,f1,0.6656
rtdetr-l,C_finetuned_supervised,bo_exploration,2.0,0.0,f1,0.4088
rtdetr-l,C_finetuned_supervised,bo_exploitation,3.0,0.08,f1,0.6165
rtdetr-l,C_finetuned_supervised,grid_search,4.0,0.0,f1,0.6624
rtdetr-l,A_unfinetuned,baseline,0.0,0.0,f1,0.0
rtdetr-l,A_unfinetuned,bo_exploration,4.0,0.3,f1,0.6868
rtdetr-l,A_unfinetuned,bo_exploitation,2.0,0.23,f1,0.3985
rtdetr-l,A_unfinetuned,grid_search,4.0,0.5,f1,0.6934
rtdetr-l,B_finetuned_unsupervised,baseline,0.0,0.0,f1,0.0
rtdetr-l,B_finetuned_unsupervised,bo_exploration,2.0,0.26,f1,0.5716
rtdetr-l,B_finetuned_unsupervised,bo_exploitation,3.0,0.34,f1,0.7597
rtdetr-l,B_finetuned_unsupervised,grid_search,4.0,0.5,f1,0.7886
rtdetr-l,C_finetuned_supervised,bo_exploration,3.0,0.5,f1,0.7599
rtdetr-l,C_finetuned_supervised,bo_exploitation,3.0,0.28,f1,0.7592
rtdetr-l,C_finetuned_supervised,grid_search,4.0,0.0,f1,0.7864
rtdetr-l,A_unfinetuned,baseline,0.0,0.0,f1,0.0
rtdetr-l,A_unfinetuned,bo_exploration,3.0,0.2,f1,0.6832
rtdetr-l,A_unfinetuned,bo_exploitation,2.0,0.23,f1,0.4687
rtdetr-l,A_unfinetuned,grid_search,4.0,0.5,f1,0.732
rtdetr-l,B_finetuned_unsupervised,baseline,0.0,0.0,f1,0.0
rtdetr-l,B_finetuned_unsupervised,bo_exploration,3.0,0.02,f1,0.7063
rtdetr-l,B_finetuned_unsupervised,bo_exploitation,3.0,0.45,f1,0.7047
rtdetr-l,B_finetuned_unsupervised,grid_search,4.0,0.5,f1,0.7439
rtdetr-l,C_finetuned_supervised,bo_exploration,4.0,0.0,f1,0.7492
rtdetr-l,C_finetuned_supervised,bo_exploitation,4.0,0.04,f1,0.7431
rtdetr-l,C_finetuned_supervised,grid_search,4.0,0.5,f1,0.7439
rtdetr-l,A_unfinetuned,baseline,0.0,0.0,f1,0.0005
rtdetr-l,A_unfinetuned,bo_exploration,3.0,0.26,f1,0.6212
rtdetr-l,A_unfinetuned,bo_exploitation,2.0,0.3,f1,0.4582
rtdetr-l,A_unfinetuned,grid_search,4.0,0.5,f1,0.6705
rtdetr-l,B_finetuned_unsupervised,baseline,0.0,0.0,f1,0.0
rtdetr-l,B_finetuned_unsupervised,bo_exploration,3.0,0.05,f1,0.6697
rtdetr-l,B_finetuned_unsupervised,bo_exploitation,3.0,0.47,f1,0.6785
rtdetr-l,B_finetuned_unsupervised,grid_search,4.0,0.5,f1,0.7085
rtdetr-l,C_finetuned_supervised,bo_exploration,4.0,0.0,f1,0.7004
rtdetr-l,C_finetuned_supervised,bo_exploitation,3.0,0.02,f1,0.6739
rtdetr-l,C_finetuned_supervised,grid_search,4.0,0.0,f1,0.7004
rtdetr-l,A_unfinetuned,baseline,0.0,0.0,f1,0.0033
rtdetr-l,A_unfinetuned,bo_exploration,3.0,0.29,f1,0.6266
rtdetr-l,A_unfinetuned,bo_exploitation,3.0,0.22,f1,0.6208
rtdetr-l,A_unfinetuned,grid_search,4.0,0.5,f1,0.6544
rtdetr-l,B_finetuned_unsupervised,baseline,0.0,0.0,f1,0.0023
rtdetr-l,B_finetuned_unsupervised,bo_exploration,4.0,0.0,f1,0.5766
rtdetr-l,B_finetuned_unsupervised,bo_exploitation,2.0,0.31,f1,0.3248
rtdetr-l,B_finetuned_unsupervised,grid_search,4.0,0.5,f1,0.5566
rtdetr-l,C_finetuned_supervised,bo_exploration,3.0,0.01,f1,0.5084
rtdetr-l,C_finetuned_supervised,bo_exploitation,2.0,0.1,f1,0.3336
rtdetr-l,C_finetuned_supervised,grid_search,4.0,0.25,f1,0.5628
rtdetr-l,A_unfinetuned,baseline,0.0,0.0,f1,0.0
rtdetr-l,A_unfinetuned,bo_exploration,4.0,0.5,f1,0.71
rtdetr-l,A_unfinetuned,bo_exploitation,3.0,0.47,f1,0.6361
rtdetr-l,A_unfinetuned,grid_search,4.0,0.5,f1,0.71
rtdetr-l,B_finetuned_unsupervised,baseline,0.0,0.0,f1,0.0
rtdetr-l,B_finetuned_unsupervised,bo_exploration,2.0,0.4,f1,0.4422
rtdetr-l,B_finetuned_unsupervised,bo_exploitation,3.0,0.43,f1,0.6617
rtdetr-l,B_finetuned_unsupervised,grid_search,4.0,0.5,f1,0.7086
rtdetr-l,C_finetuned_supervised,bo_exploration,3.0,0.0,f1,0.6564
rtdetr-l,C_finetuned_supervised,bo_exploitation,3.0,0.19,f1,0.662
rtdetr-l,C_finetuned_supervised,grid_search,4.0,0.0,f1,0.712
rtdetr-l,A_unfinetuned,baseline,0.0,0.0,f1,0.0008
rtdetr-l,A_unfinetuned,bo_exploration,3.0,0.26,f1,0.6173
rtdetr-l,A_unfinetuned,bo_exploitation,3.0,0.07,f1,0.6213
rtdetr-l,A_unfinetuned,grid_search,4.0,0.5,f1,0.656
rtdetr-l,B_finetuned_unsupervised,baseline,0.0,0.0,f1,0.0041
rtdetr-l,B_finetuned_unsupervised,bo_exploration,3.0,0.32,f1,0.5709
rtdetr-l,B_finetuned_unsupervised,bo_exploitation,3.0,0.09,f1,0.5779
rtdetr-l,B_finetuned_unsupervised,grid_search,4.0,0.5,f1,0.6336
rtdetr-l,C_finetuned_supervised,bo_exploration,3.0,0.22,f1,0.5746
rtdetr-l,C_finetuned_supervised,bo_exploitation,3.0,0.1,f1,0.5802
rtdetr-l,C_finetuned_supervised,grid_search,4.0,0.0,f1,0.6528
rtdetr-l,A_unfinetuned,baseline,0.0,0.0,f1,0.0002
rtdetr-l,A_unfinetuned,bo_exploration,2.0,0.29,f1,0.5063
rtdetr-l,A_unfinetuned,bo_exploitation,3.0,0.37,f1,0.6668
rtdetr-l,A_unfinetuned,grid_search,4.0,0.5,f1,0.6977
yolo11n,B_finetuned_unsupervised,baseline,0.0,0.0,f1,0.0001
yolo11n,B_finetuned_unsupervised,bo_exploration,3.0,0.46,f1,0.6923
yolo11n,B_finetuned_unsupervised,bo_exploitation,3.0,0.36,f1,0.6938
yolo11n,B_finetuned_unsupervised,grid_search,4.0,0.5,f1,0.7329
yolo11n,C_finetuned_supervised,bo_exploration,2.0,0.21,f1,0.5332
yolo11n,C_finetuned_supervised,bo_exploitation,3.0,0.13,f1,0.7006
yolo11n,C_finetuned_supervised,grid_search,4.0,0.0,f1,0.745
yolo11m,A_unfinetuned,baseline,0.0,0.0,f1,0.0001
yolo11m,A_unfinetuned,bo_exploration,2.0,0.47,f1,0.5387
yolo11m,A_unfinetuned,bo_exploitation,3.0,0.41,f1,0.6796
yolo11m,A_unfinetuned,grid_search,4.0,0.5,f1,0.7
yolo11m,B_finetuned_unsupervised,baseline,0.0,0.0,f1,0.0
yolo11m,B_finetuned_unsupervised,bo_exploration,3.0,0.42,f1,0.7256
yolo11m,B_finetuned_unsupervised,bo_exploitation,3.0,0.13,f1,0.7275
yolo11m,B_finetuned_unsupervised,grid_search,4.0,0.5,f1,0.7446
yolo11m,C_finetuned_supervised,bo_exploration,4.0,0.0,f1,0.7482
yolo11m,C_finetuned_supervised,bo_exploitation,4.0,0.5,f1,0.7446
yolo11m,C_finetuned_supervised,grid_search,4.0,0.0,f1,0.7482
yolo11n,A_unfinetuned,baseline,0.0,0.0,f1,0.0
yolo11n,A_unfinetuned,bo_exploration,3.0,0.02,f1,0.7393
yolo11n,A_unfinetuned,bo_exploitation,3.0,0.18,f1,0.7391
yolo11n,A_unfinetuned,grid_search,4.0,0.5,f1,0.7719
yolo11n,B_finetuned_unsupervised,baseline,0.0,0.0,f1,0.0001
yolo11n,B_finetuned_unsupervised,bo_exploration,4.0,0.5,f1,0.7643
yolo11n,B_finetuned_unsupervised,bo_exploitation,2.0,0.04,f1,0.5654
yolo11n,B_finetuned_unsupervised,grid_search,4.0,0.5,f1,0.7643
yolo11n,C_finetuned_supervised,bo_exploration,4.0,0.0,f1,0.7754
yolo11n,C_finetuned_supervised,bo_exploitation,3.0,0.0,f1,0.7267
yolo11n,C_finetuned_supervised,grid_search,4.0,0.0,f1,0.7754
yolo11m,A_unfinetuned,baseline,0.0,0.0,f1,0.0002
yolo11m,A_unfinetuned,bo_exploration,3.0,0.28,f1,0.7054
yolo11m,A_unfinetuned,bo_exploitation,3.0,0.06,f1,0.7093
yolo11m,A_unfinetuned,grid_search,4.0,0.5,f1,0.7174
yolo11m,B_finetuned_unsupervised,baseline,0.0,0.0,f1,0.0001
yolo11m,B_finetuned_unsupervised,bo_exploration,3.0,0.48,f1,0.7418
yolo11m,B_finetuned_unsupervised,bo_exploitation,3.0,0.5,f1,0.7419
yolo11m,B_finetuned_unsupervised,grid_search,4.0,0.5,f1,0.757
yolo11m,C_finetuned_supervised,bo_exploration,3.0,0.32,f1,0.7441
yolo11m,C_finetuned_supervised,bo_exploitation,3.0,0.11,f1,0.7446
yolo11m,C_finetuned_supervised,grid_search,4.0,0.0,f1,0.7656
yolo11n,A_unfinetuned,baseline,0.0,0.0,f1,0.0
yolo11n,A_unfinetuned,bo_exploration,3.0,0.38,f1,0.7113
yolo11n,A_unfinetuned,bo_exploitation,2.0,0.02,f1,0.5561
yolo11n,A_unfinetuned,grid_search,4.0,0.5,f1,0.7429
yolo11n,B_finetuned_unsupervised,baseline,0.0,0.0,f1,0.0001
yolo11n,B_finetuned_unsupervised,bo_exploration,2.0,0.25,f1,0.5637
yolo11n,B_finetuned_unsupervised,bo_exploitation,3.0,0.42,f1,0.7262
yolo11n,B_finetuned_unsupervised,grid_search,4.0,0.5,f1,0.7643
yolo11n,C_finetuned_supervised,bo_exploration,2.0,0.14,f1,0.5655
yolo11n,C_finetuned_supervised,bo_exploitation,3.0,0.48,f1,0.7273
yolo11n,C_finetuned_supervised,grid_search,4.0,0.0,f1,0.7754
yolo11m,A_unfinetuned,baseline,0.0,0.0,f1,0.0002
yolo11m,A_unfinetuned,bo_exploration,3.0,0.32,f1,0.6991
yolo11m,A_unfinetuned,bo_exploitation,3.0,0.18,f1,0.7039
yolo11m,A_unfinetuned,grid_search,4.0,0.5,f1,0.7161
yolo11m,B_finetuned_unsupervised,baseline,0.0,0.0,f1,0.0001
yolo11m,B_finetuned_unsupervised,bo_exploration,3.0,0.47,f1,0.7419
yolo11m,B_finetuned_unsupervised,bo_exploitation,3.0,0.02,f1,0.7463
yolo11m,B_finetuned_unsupervised,grid_search,4.0,0.5,f1,0.757
yolo11m,C_finetuned_supervised,bo_exploration,3.0,0.0,f1,0.7351
yolo11m,C_finetuned_supervised,bo_exploitation,2.0,0.33,f1,0.6146
yolo11m,C_finetuned_supervised,grid_search,4.0,0.0,f1,0.7656
yolo11n,A_unfinetuned,baseline,0.0,0.0,f1,0.0
yolo11n,A_unfinetuned,bo_exploration,2.0,0.42,f1,0.4277
yolo11n,A_unfinetuned,bo_exploitation,3.0,0.35,f1,0.6445
yolo11n,A_unfinetuned,grid_search,4.0,0.5,f1,0.7053
yolo11n,B_finetuned_unsupervised,baseline,0.0,0.0,f1,0.0
yolo11n,B_finetuned_unsupervised,bo_exploration,4.0,0.0,f1,0.7802
yolo11n,B_finetuned_unsupervised,bo_exploitation,3.0,0.46,f1,0.7289
yolo11n,B_finetuned_unsupervised,grid_search,4.0,0.5,f1,0.7639
yolo11n,C_finetuned_supervised,bo_exploration,4.0,0.5,f1,0.7639
yolo11n,C_finetuned_supervised,bo_exploitation,2.0,0.0,f1,0.5844
yolo11n,C_finetuned_supervised,grid_search,4.0,0.0,f1,0.7802
yolo11m,A_unfinetuned,baseline,0.0,0.0,f1,0.0001
yolo11m,A_unfinetuned,bo_exploration,4.0,0.0,f1,0.7048
yolo11m,A_unfinetuned,bo_exploitation,3.0,0.12,f1,0.6448
yolo11m,A_unfinetuned,grid_search,4.0,0.5,f1,0.6867
yolo11m,B_finetuned_unsupervised,baseline,0.0,0.0,f1,0.0001
yolo11m,B_finetuned_unsupervised,bo_exploration,3.0,0.34,f1,0.7428
yolo11m,B_finetuned_unsupervised,bo_exploitation,2.0,0.34,f1,0.6163
yolo11m,B_finetuned_unsupervised,grid_search,4.0,0.5,f1,0.7564
yolo11m,C_finetuned_supervised,bo_exploration,2.0,0.44,f1,0.614
yolo11m,C_finetuned_supervised,bo_exploitation,3.0,0.17,f1,0.743
yolo11m,C_finetuned_supervised,grid_search,4.0,0.0,f1,0.7651
yolo11n,A_unfinetuned,baseline,0.0,0.0,f1,0.0
yolo11n,A_unfinetuned,bo_exploration,4.0,0.41,f1,0.7667
yolo11n,A_unfinetuned,bo_exploitation,2.0,0.37,f1,0.4998
yolo11n,A_unfinetuned,grid_search,4.0,0.5,f1,0.7668
yolo11n,B_finetuned_unsupervised,baseline,0.0,0.0,f1,0.0
yolo11n,B_finetuned_unsupervised,bo_exploration,3.0,0.07,f1,0.7127
yolo11n,B_finetuned_unsupervised,bo_exploitation,2.0,0.22,f1,0.5239
yolo11n,B_finetuned_unsupervised,grid_search,4.0,0.5,f1,0.7446
yolo11n,C_finetuned_supervised,bo_exploration,2.0,0.3,f1,0.5384
yolo11n,C_finetuned_supervised,bo_exploitation,3.0,0.16,f1,0.7137
yolo11n,C_finetuned_supervised,grid_search,4.0,0.0,f1,0.7542
yolo11m,A_unfinetuned,baseline,0.0,0.0,f1,0.0
yolo11m,A_unfinetuned,bo_exploration,3.0,0.34,f1,0.7268
yolo11m,A_unfinetuned,bo_exploitation,3.0,0.06,f1,0.7297
yolo11m,A_unfinetuned,grid_search,4.0,0.5,f1,0.7464
yolo11m,B_finetuned_unsupervised,baseline,0.0,0.0,f1,0.0001
yolo11m,B_finetuned_unsupervised,bo_exploration,3.0,0.0,f1,0.7347
yolo11m,B_finetuned_unsupervised,bo_exploitation,3.0,0.39,f1,0.7419
yolo11m,B_finetuned_unsupervised,grid_search,4.0,0.5,f1,0.7566
yolo11m,C_finetuned_supervised,bo_exploration,3.0,0.12,f1,0.7458
yolo11m,C_finetuned_supervised,bo_exploitation,2.0,0.0,f1,0.6197
yolo11m,C_finetuned_supervised,grid_search,4.0,0.0,f1,0.7654
yolo11n,A_unfinetuned,baseline,0.0,0.0,f1,0.0002
yolo11n,A_unfinetuned,bo_exploration,3.0,0.36,f1,0.7379
yolo11n,A_unfinetuned,bo_exploitation,4.0,0.3,f1,0.7637
yolo11n,A_unfinetuned,grid_search,4.0,0.5,f1,0.7649
yolo11n,B_finetuned_unsupervised,baseline,0.0,0.0,f1,0.0001
yolo11n,B_finetuned_unsupervised,bo_exploration,3.0,0.5,f1,0.7301
yolo11n,B_finetuned_unsupervised,bo_exploitation,3.0,0.35,f1,0.7287
yolo11n,B_finetuned_unsupervised,grid_search,4.0,0.5,f1,0.7642
yolo11n,C_finetuned_supervised,bo_exploration,3.0,0.0,f1,0.7262
yolo11n,C_finetuned_supervised,bo_exploitation,4.0,0.23,f1,0.7659
yolo11n,C_finetuned_supervised,grid_search,4.0,0.0,f1,0.7752
yolo11m,A_unfinetuned,baseline,0.0,0.0,f1,0.0002
yolo11m,A_unfinetuned,bo_exploration,3.0,0.33,f1,0.7129
yolo11m,A_unfinetuned,bo_exploitation,3.0,0.04,f1,0.7213
yolo11m,A_unfinetuned,grid_search,4.0,0.5,f1,0.7201
yolo11m,B_finetuned_unsupervised,baseline,0.0,0.0,f1,0.0
yolo11m,B_finetuned_unsupervised,bo_exploration,2.0,0.42,f1,0.6087
yolo11m,B_finetuned_unsupervised,bo_exploitation,3.0,0.16,f1,0.7441
yolo11m,B_finetuned_unsupervised,grid_search,4.0,0.5,f1,0.7564
yolo11m,C_finetuned_supervised,bo_exploration,2.0,0.28,f1,0.6165
yolo11m,C_finetuned_supervised,bo_exploitation,3.0,0.01,f1,0.7423
yolo11m,C_finetuned_supervised,grid_search,4.0,0.0,f1,0.7652
yolo11n,A_unfinetuned,baseline,0.0,0.0,f1,0.0
yolo11n,A_unfinetuned,bo_exploration,3.0,0.5,f1,0.7043
yolo11n,A_unfinetuned,bo_exploitation,3.0,0.42,f1,0.6891
yolo11n,A_unfinetuned,grid_search,4.0,0.5,f1,0.7571
yolo11n,B_finetuned_unsupervised,baseline,0.0,0.0,f1,0.0
yolo11n,B_finetuned_unsupervised,bo_exploration,3.0,0.5,f1,0.7094
yolo11n,B_finetuned_unsupervised,bo_exploitation,2.0,0.5,f1,0.5436
yolo11n,B_finetuned_unsupervised,grid_search,4.0,0.5,f1,0.7451
yolo11n,C_finetuned_supervised,bo_exploration,4.0,0.0,f1,0.7575
yolo11n,C_finetuned_supervised,bo_exploitation,3.0,0.23,f1,0.7126
yolo11n,C_finetuned_supervised,grid_search,4.0,0.0,f1,0.7575
yolo11m,A_unfinetuned,baseline,0.0,0.0,f1,0.0001
yolo11m,A_unfinetuned,bo_exploration,3.0,0.47,f1,0.6774
yolo11m,A_unfinetuned,bo_exploitation,3.0,0.31,f1,0.6794
yolo11m,A_unfinetuned,grid_search,4.0,0.5,f1,0.7022
yolo11m,B_finetuned_unsupervised,baseline,0.0,0.0,f1,0.0001
yolo11m,B_finetuned_unsupervised,bo_exploration,3.0,0.47,f1,0.742
yolo11m,B_finetuned_unsupervised,bo_exploitation,3.0,0.45,f1,0.7426
yolo11m,B_finetuned_unsupervised,grid_search,4.0,0.5,f1,0.757
yolo11m,C_finetuned_supervised,bo_exploration,3.0,0.0,f1,0.7351
yolo11m,C_finetuned_supervised,bo_exploitation,3.0,0.28,f1,0.743
yolo11m,C_finetuned_supervised,grid_search,4.0,0.0,f1,0.7657
yolo11n,A_unfinetuned,baseline,0.0,0.0,f1,0.0001
yolo11n,A_unfinetuned,bo_exploration,4.0,0.49,f1,0.7525
yolo11n,A_unfinetuned,bo_exploitation,3.0,0.15,f1,0.7343
yolo11n,A_unfinetuned,grid_search,4.0,0.5,f1,0.7546
yolo11n,B_finetuned_unsupervised,baseline,0.0,0.0,f1,0.0
yolo11n,B_finetuned_unsupervised,bo_exploration,2.0,0.18,f1,0.5261
yolo11n,B_finetuned_unsupervised,bo_exploitation,3.0,0.24,f1,0.714
yolo11n,B_finetuned_unsupervised,grid_search,4.0,0.5,f1,0.7449
yolo11n,C_finetuned_supervised,bo_exploration,3.0,0.31,f1,0.71
yolo11n,C_finetuned_supervised,bo_exploitation,3.0,0.09,f1,0.7126
yolo11n,C_finetuned_supervised,grid_search,4.0,0.0,f1,0.754
yolo11m,A_unfinetuned,baseline,0.0,0.0,f1,0.0
yolo11m,A_unfinetuned,bo_exploration,2.0,0.3,f1,0.5777
yolo11m,A_unfinetuned,bo_exploitation,3.0,0.32,f1,0.7139
yolo11m,A_unfinetuned,grid_search,4.0,0.5,f1,0.7281
yolo11m,B_finetuned_unsupervised,baseline,0.0,0.0,f1,0.0001
yolo11m,B_finetuned_unsupervised,bo_exploration,3.0,0.29,f1,0.7433
yolo11m,B_finetuned_unsupervised,bo_exploitation,3.0,0.44,f1,0.7434
yolo11m,B_finetuned_unsupervised,grid_search,4.0,0.5,f1,0.7568
yolo11m,C_finetuned_supervised,bo_exploration,3.0,0.0,f1,0.7348
yolo11m,C_finetuned_supervised,bo_exploitation,2.0,0.05,f1,0.6187
yolo11m,C_finetuned_supervised,grid_search,4.0,0.0,f1,0.7652
yolo11n,A_unfinetuned,baseline,0.0,0.0,f1,0.0
yolo11n,A_unfinetuned,bo_exploration,3.0,0.45,f1,0.6993
yolo11n,A_unfinetuned,bo_exploitation,3.0,0.42,f1,0.6912
yolo11n,A_unfinetuned,grid_search,4.0,0.5,f1,0.7328
yolo11n,B_finetuned_unsupervised,baseline,0.0,0.0,f1,0.0
yolo11n,B_finetuned_unsupervised,bo_exploration,3.0,0.11,f1,0.7369
yolo11n,B_finetuned_unsupervised,bo_exploitation,2.0,0.27,f1,0.5653
yolo11n,B_finetuned_unsupervised,grid_search,4.0,0.5,f1,0.7639
yolo11n,C_finetuned_supervised,bo_exploration,3.0,0.5,f1,0.7346
yolo11n,C_finetuned_supervised,bo_exploitation,3.0,0.09,f1,0.7349
yolo11n,C_finetuned_supervised,grid_search,4.0,0.0,f1,0.7802
yolo11n,A_unfinetuned,baseline,0.0,0.0,f1,0.0002
yolo11n,A_unfinetuned,bo_exploration,3.0,0.35,f1,0.7416
yolo11n,A_unfinetuned,bo_exploitation,3.0,0.07,f1,0.7476
yolo11n,A_unfinetuned,grid_search,4.0,0.5,f1,0.7724
yolo11n,B_finetuned_unsupervised,baseline,0.0,0.0,f1,0.0001
yolo11n,B_finetuned_unsupervised,bo_exploration,4.0,0.5,f1,0.7329
yolo11n,B_finetuned_unsupervised,bo_exploitation,2.0,0.34,f1,0.5348
yolo11n,B_finetuned_unsupervised,grid_search,4.0,0.5,f1,0.7329
yolo11n,C_finetuned_supervised,bo_exploration,3.0,0.14,f1,0.7019
yolo11n,C_finetuned_supervised,bo_exploitation,3.0,0.36,f1,0.6938
yolo11n,C_finetuned_supervised,grid_search,4.0,0.0,f1,0.745
rtdetr-l,A_unfinetuned,baseline,0.0,0.0,f1,0.0013
rtdetr-l,A_unfinetuned,bo_exploration,2.0,0.31,f1,0.42
rtdetr-l,A_unfinetuned,bo_exploitation,2.0,0.45,f1,0.4162
rtdetr-l,A_unfinetuned,grid_search,4.0,0.5,f1,0.6261
rtdetr-l,B_finetuned_unsupervised,baseline,0.0,0.0,f1,0.0
rtdetr-l,B_finetuned_unsupervised,bo_exploration,3.0,0.5,f1,0.6553
rtdetr-l,B_finetuned_unsupervised,bo_exploitation,3.0,0.16,f1,0.6543
rtdetr-l,B_finetuned_unsupervised,grid_search,4.0,0.5,f1,0.7342
rtdetr-l,C_finetuned_supervised,bo_exploration,3.0,0.03,f1,0.6593
rtdetr-l,C_finetuned_supervised,bo_exploitation,3.0,0.15,f1,0.6535
rtdetr-l,C_finetuned_supervised,grid_search,4.0,0.0,f1,0.7513
rtdetr-l,A_unfinetuned,baseline,0.0,0.0,f1,0.0
rtdetr-l,A_unfinetuned,bo_exploration,2.0,0.5,f1,0.5045
rtdetr-l,A_unfinetuned,bo_exploitation,3.0,0.17,f1,0.6984
rtdetr-l,A_unfinetuned,grid_search,4.0,0.5,f1,0.7327
rtdetr-l,B_finetuned_unsupervised,baseline,0.0,0.0,f1,0.0002
rtdetr-l,B_finetuned_unsupervised,bo_exploration,3.0,0.35,f1,0.6364
rtdetr-l,B_finetuned_unsupervised,bo_exploitation,2.0,0.17,f1,0.4709
rtdetr-l,B_finetuned_unsupervised,grid_search,4.0,0.5,f1,0.6799
rtdetr-l,C_finetuned_supervised,bo_exploration,3.0,0.18,f1,0.6336
rtdetr-l,C_finetuned_supervised,bo_exploitation,4.0,0.0,f1,0.6756
rtdetr-l,C_finetuned_supervised,grid_search,4.0,0.0,f1,0.6756
rtdetr-l,A_unfinetuned,baseline,0.0,0.0,f1,0.0
rtdetr-l,A_unfinetuned,bo_exploration,2.0,0.21,f1,0.4609
rtdetr-l,A_unfinetuned,bo_exploitation,3.0,0.11,f1,0.6858
rtdetr-l,A_unfinetuned,grid_search,4.0,0.5,f1,0.722
rtdetr-l,B_finetuned_unsupervised,baseline,0.0,0.0,f1,0.0
rtdetr-l,B_finetuned_unsupervised,bo_exploration,3.0,0.21,f1,0.6151
rtdetr-l,B_finetuned_unsupervised,bo_exploitation,3.0,0.17,f1,0.616
rtdetr-l,B_finetuned_unsupervised,grid_search,4.0,0.5,f1,0.662
rtdetr-l,C_finetuned_supervised,bo_exploration,4.0,0.0,f1,0.6491
rtdetr-l,C_finetuned_supervised,bo_exploitation,3.0,0.32,f1,0.6202
rtdetr-l,C_finetuned_supervised,grid_search,4.0,0.0,f1,0.6491
rtdetr-l,A_unfinetuned,baseline,0.0,0.0,f1,0.0
rtdetr-l,A_unfinetuned,bo_exploration,4.0,0.5,f1,0.7507
rtdetr-l,A_unfinetuned,bo_exploitation,3.0,0.01,f1,0.6804
rtdetr-l,A_unfinetuned,grid_search,4.0,0.5,f1,0.7507
rtdetr-l,B_finetuned_unsupervised,baseline,0.0,0.0,f1,0.0038
rtdetr-l,B_finetuned_unsupervised,bo_exploration,3.0,0.5,f1,0.5591
rtdetr-l,B_finetuned_unsupervised,bo_exploitation,4.0,0.07,f1,0.6154
rtdetr-l,B_finetuned_unsupervised,grid_search,4.0,0.5,f1,0.6092
rtdetr-l,C_finetuned_supervised,bo_exploration,2.0,0.05,f1,0.397
rtdetr-l,C_finetuned_supervised,bo_exploitation,3.0,0.0,f1,0.5642
rtdetr-l,C_finetuned_supervised,grid_search,4.0,0.0,f1,0.6216
rtdetr-l,A_unfinetuned,baseline,0.0,0.0,f1,0.0001
rtdetr-l,A_unfinetuned,bo_exploration,4.0,0.28,f1,0.6858
rtdetr-l,A_unfinetuned,bo_exploitation,3.0,0.13,f1,0.6464
rtdetr-l,A_unfinetuned,grid_search,4.0,0.5,f1,0.7008
rtdetr-l,B_finetuned_unsupervised,baseline,0.0,0.0,f1,0.0001
rtdetr-l,B_finetuned_unsupervised,bo_exploration,3.0,0.04,f1,0.6552
rtdetr-l,B_finetuned_unsupervised,bo_exploitation,3.0,0.35,f1,0.6524
rtdetr-l,B_finetuned_unsupervised,grid_search,4.0,0.5,f1,0.6919
rtdetr-l,C_finetuned_supervised,bo_exploration,3.0,0.22,f1,0.6422
rtdetr-l,C_finetuned_supervised,bo_exploitation,3.0,0.12,f1,0.6516
rtdetr-l,C_finetuned_supervised,grid_search,4.0,0.25,f1,0.6773
rtdetr-l,A_unfinetuned,baseline,0.0,0.0,f1,0.0041
rtdetr-l,A_unfinetuned,bo_exploration,3.0,0.43,f1,0.6191
rtdetr-l,A_unfinetuned,bo_exploitation,2.0,0.11,f1,0.4547
rtdetr-l,A_unfinetuned,grid_search,4.0,0.5,f1,0.648
rtdetr-l,B_finetuned_unsupervised,baseline,0.0,0.0,f1,0.0001
rtdetr-l,B_finetuned_unsupervised,bo_exploration,3.0,0.5,f1,0.6735
rtdetr-l,B_finetuned_unsupervised,bo_exploitation,3.0,0.46,f1,0.6862
rtdetr-l,B_finetuned_unsupervised,grid_search,4.0,0.5,f1,0.7194
rtdetr-l,C_finetuned_supervised,bo_exploration,3.0,0.2,f1,0.6706
rtdetr-l,C_finetuned_supervised,bo_exploitation,3.0,0.06,f1,0.6814
rtdetr-l,C_finetuned_supervised,grid_search,4.0,0.5,f1,0.7194
rtdetr-l,A_unfinetuned,baseline,0.0,0.0,f1,0.0
rtdetr-l,A_unfinetuned,bo_exploration,3.0,0.18,f1,0.5975
rtdetr-l,A_unfinetuned,bo_exploitation,3.0,0.5,f1,0.6007
rtdetr-l,A_unfinetuned,grid_search,4.0,0.5,f1,0.6522
rtdetr-l,B_finetuned_unsupervised,baseline,0.0,0.0,f1,0.0017
rtdetr-l,B_finetuned_unsupervised,bo_exploration,3.0,0.5,f1,0.6469
rtdetr-l,B_finetuned_unsupervised,bo_exploitation,2.0,0.22,f1,0.4842
rtdetr-l,B_finetuned_unsupervised,grid_search,4.0,0.5,f1,0.694
rtdetr-l,C_finetuned_supervised,bo_exploration,3.0,0.24,f1,0.6373
rtdetr-l,C_finetuned_supervised,bo_exploitation,4.0,0.37,f1,0.6964
rtdetr-l,C_finetuned_supervised,grid_search,4.0,0.0,f1,0.696
rtdetr-l,A_unfinetuned,baseline,0.0,0.0,f1,0.0004
rtdetr-l,A_unfinetuned,bo_exploration,3.0,0.02,f1,0.6728
rtdetr-l,A_unfinetuned,bo_exploitation,3.0,0.42,f1,0.6709
rtdetr-l,A_unfinetuned,grid_search,4.0,0.5,f1,0.6853
rtdetr-l,B_finetuned_unsupervised,baseline,0.0,0.0,f1,0.0012
rtdetr-l,B_finetuned_unsupervised,bo_exploration,1.0,0.28,f1,0.0069
rtdetr-l,B_finetuned_unsupervised,bo_exploitation,4.0,0.44,f1,0.6543
rtdetr-l,B_finetuned_unsupervised,grid_search,4.0,0.5,f1,0.6522
rtdetr-l,C_finetuned_supervised,bo_exploration,2.0,0.25,f1,0.4341
rtdetr-l,C_finetuned_supervised,bo_exploitation,3.0,0.0,f1,0.6003
rtdetr-l,C_finetuned_supervised,grid_search,4.0,0.0,f1,0.6549
rtdetr-l,A_unfinetuned,baseline,0.0,0.0,f1,0.0
rtdetr-l,A_unfinetuned,bo_exploration,3.0,0.04,f1,0.6511
rtdetr-l,A_unfinetuned,bo_exploitation,3.0,0.24,f1,0.6489
rtdetr-l,A_unfinetuned,grid_search,4.0,0.5,f1,0.6999
yolo11n,B_finetuned_unsupervised,baseline,0.0,0.0,f1,0.0
yolo11n,B_finetuned_unsupervised,bo_exploration,2.0,0.18,f1,0.5682
yolo11n,B_finetuned_unsupervised,bo_exploitation,2.0,0.38,f1,0.5651
yolo11n,B_finetuned_unsupervised,grid_search,4.0,0.5,f1,0.7639
yolo11n,C_finetuned_supervised,bo_exploration,2.0,0.0,f1,0.5832
yolo11n,C_finetuned_supervised,bo_exploitation,3.0,0.0,f1,0.7304
yolo11n,C_finetuned_supervised,grid_search,4.0,0.0,f1,0.78
yolo11m,A_unfinetuned,baseline,0.0,0.0,f1,0.0001
yolo11m,A_unfinetuned,bo_exploration,4.0,0.49,f1,0.695
yolo11m,A_unfinetuned,bo_exploitation,3.0,0.15,f1,0.6773
yolo11m,A_unfinetuned,grid_search,4.0,0.5,f1,0.6972
yolo11m,B_finetuned_unsupervised,baseline,0.0,0.0,f1,0.0001
yolo11m,B_finetuned_unsupervised,bo_exploration,3.0,0.12,f1,0.7451
yolo11m,B_finetuned_unsupervised,bo_exploitation,4.0,0.16,f1,0.757
yolo11m,B_finetuned_unsupervised,grid_search,4.0,0.5,f1,0.7561
yolo11m,C_finetuned_supervised,bo_exploration,3.0,0.29,f1,0.7426
yolo11m,C_finetuned_supervised,bo_exploitation,3.0,0.46,f1,0.7423
yolo11m,C_finetuned_supervised,grid_search,4.0,0.0,f1,0.7649
yolo11n,A_unfinetuned,baseline,0.0,0.0,f1,0.0004
yolo11n,A_unfinetuned,bo_exploration,3.0,0.28,f1,0.7578
yolo11n,A_unfinetuned,bo_exploitation,3.0,0.14,f1,0.7596
yolo11n,A_unfinetuned,grid_search,4.0,0.5,f1,0.7786
yolo11n,B_finetuned_unsupervised,baseline,0.0,0.0,f1,0.0
yolo11n,B_finetuned_unsupervised,bo_exploration,3.0,0.5,f1,0.7124
yolo11n,B_finetuned_unsupervised,bo_exploitation,3.0,0.08,f1,0.7161
yolo11n,B_finetuned_unsupervised,grid_search,4.0,0.5,f1,0.7479
yolo11n,C_finetuned_supervised,bo_exploration,4.0,0.17,f1,0.7505
yolo11n,C_finetuned_supervised,bo_exploitation,2.0,0.2,f1,0.5336
yolo11n,C_finetuned_supervised,grid_search,4.0,0.0,f1,0.7586
yolo11m,A_unfinetuned,baseline,0.0,0.0,f1,0.0
yolo11m,A_unfinetuned,bo_exploration,3.0,0.29,f1,0.7393
yolo11m,A_unfinetuned,bo_exploitation,3.0,0.02,f1,0.7463
yolo11m,A_unfinetuned,grid_search,4.0,0.5,f1,0.7672
yolo11m,B_finetuned_unsupervised,baseline,0.0,0.0,f1,0.0
yolo11m,B_finetuned_unsupervised,bo_exploration,2.0,0.23,f1,0.6082
yolo11m,B_finetuned_unsupervised,bo_exploitation,3.0,0.08,f1,0.742
yolo11m,B_finetuned_unsupervised,grid_search,4.0,0.5,f1,0.754
yolo11m,C_finetuned_supervised,bo_exploration,3.0,0.28,f1,0.7408
yolo11m,C_finetuned_supervised,bo_exploitation,3.0,0.0,f1,0.7324
yolo11m,C_finetuned_supervised,grid_search,4.0,0.0,f1,0.763
yolo11n,A_unfinetuned,baseline,0.0,0.0,f1,0.0001
yolo11n,A_unfinetuned,bo_exploration,4.0,0.5,f1,0.743
yolo11n,A_unfinetuned,bo_exploitation,3.0,0.23,f1,0.7142
yolo11n,A_unfinetuned,grid_search,4.0,0.5,f1,0.743
yolo11n,B_finetuned_unsupervised,baseline,0.0,0.0,f1,0.0001
yolo11n,B_finetuned_unsupervised,bo_exploration,3.0,0.45,f1,0.7306
yolo11n,B_finetuned_unsupervised,bo_exploitation,4.0,0.5,f1,0.764
yolo11n,B_finetuned_unsupervised,grid_search,4.0,0.5,f1,0.764
yolo11n,C_finetuned_supervised,bo_exploration,3.0,0.0,f1,0.726
yolo11n,C_finetuned_supervised,bo_exploitation,4.0,0.5,f1,0.764
yolo11n,C_finetuned_supervised,grid_search,4.0,0.0,f1,0.775
yolo11m,A_unfinetuned,baseline,0.0,0.0,f1,0.0
yolo11m,A_unfinetuned,bo_exploration,3.0,0.33,f1,0.751
yolo11m,A_unfinetuned,bo_exploitation,3.0,0.5,f1,0.75
yolo11m,A_unfinetuned,grid_search,4.0,0.5,f1,0.7697
yolo11m,B_finetuned_unsupervised,baseline,0.0,0.0,f1,0.0001
yolo11m,B_finetuned_unsupervised,bo_exploration,3.0,0.45,f1,0.7421
yolo11m,B_finetuned_unsupervised,bo_exploitation,3.0,0.25,f1,0.7414
yolo11m,B_finetuned_unsupervised,grid_search,4.0,0.5,f1,0.7564
yolo11m,C_finetuned_supervised,bo_exploration,4.0,0.0,f1,0.7652
yolo11m,C_finetuned_supervised,bo_exploitation,3.0,0.25,f1,0.7414
yolo11m,C_finetuned_supervised,grid_search,4.0,0.0,f1,0.7652
yolo11n,A_unfinetuned,baseline,0.0,0.0,f1,0.0002
yolo11n,A_unfinetuned,bo_exploration,3.0,0.29,f1,0.709
yolo11n,A_unfinetuned,bo_exploitation,3.0,0.02,f1,0.7144
yolo11n,A_unfinetuned,grid_search,4.0,0.5,f1,0.7386
yolo11n,B_finetuned_unsupervised,baseline,0.0,0.0,f1,0.0
yolo11n,B_finetuned_unsupervised,bo_exploration,2.0,0.37,f1,0.5241
yolo11n,B_finetuned_unsupervised,bo_exploitation,3.0,0.22,f1,0.7132
yolo11n,B_finetuned_unsupervised,grid_search,4.0,0.5,f1,0.7449
yolo11n,C_finetuned_supervised,bo_exploration,4.0,0.5,f1,0.7449
yolo11n,C_finetuned_supervised,bo_exploitation,3.0,0.22,f1,0.7132
yolo11n,C_finetuned_supervised,grid_search,4.0,0.0,f1,0.754
yolo11m,A_unfinetuned,baseline,0.0,0.0,f1,0.0001
yolo11m,A_unfinetuned,bo_exploration,3.0,0.47,f1,0.6739
yolo11m,A_unfinetuned,bo_exploitation,3.0,0.24,f1,0.6781
yolo11m,A_unfinetuned,grid_search,4.0,0.5,f1,0.7104
yolo11m,B_finetuned_unsupervised,baseline,0.0,0.0,f1,0.0001
yolo11m,B_finetuned_unsupervised,bo_exploration,3.0,0.49,f1,0.7403
yolo11m,B_finetuned_unsupervised,bo_exploitation,2.0,0.48,f1,0.6066
yolo11m,B_finetuned_unsupervised,grid_search,4.0,0.5,f1,0.7568
yolo11m,C_finetuned_supervised,bo_exploration,3.0,0.0,f1,0.7348
yolo11m,C_finetuned_supervised,bo_exploitation,3.0,0.07,f1,0.7468
yolo11m,C_finetuned_supervised,grid_search,4.0,0.0,f1,0.7652
yolo11n,A_unfinetuned,baseline,0.0,0.0,f1,0.0001
yolo11n,A_unfinetuned,bo_exploration,3.0,0.1,f1,0.7058
yolo11n,A_unfinetuned,bo_exploitation,3.0,0.05,f1,0.7033
yolo11n,A_unfinetuned,grid_search,4.0,0.5,f1,0.7414
yolo11n,B_finetuned_unsupervised,baseline,0.0,0.0,f1,0.0001
yolo11n,B_finetuned_unsupervised,bo_exploration,3.0,0.48,f1,0.693
yolo11n,B_finetuned_unsupervised,bo_exploitation,3.0,0.44,f1,0.6955
yolo11n,B_finetuned_unsupervised,grid_search,4.0,0.5,f1,0.7333
yolo11n,C_finetuned_supervised,bo_exploration,4.0,0.0,f1,0.7452
yolo11n,C_finetuned_supervised,bo_exploitation,4.0,0.25,f1,0.7342
yolo11n,C_finetuned_supervised,grid_search,4.0,0.0,f1,0.7452
yolo11m,A_unfinetuned,baseline,0.0,0.0,f1,0.0001
yolo11m,A_unfinetuned,bo_exploration,3.0,0.5,f1,0.6697
yolo11m,A_unfinetuned,bo_exploitation,2.0,0.23,f1,0.5305
yolo11m,A_unfinetuned,grid_search,4.0,0.5,f1,0.7023
yolo11m,B_finetuned_unsupervised,baseline,0.0,0.0,f1,0.0001
yolo11m,B_finetuned_unsupervised,bo_exploration,4.0,0.5,f1,0.7566
yolo11m,B_finetuned_unsupervised,bo_exploitation,3.0,0.01,f1,0.7425
yolo11m,B_finetuned_unsupervised,grid_search,4.0,0.5,f1,0.7566
yolo11m,C_finetuned_supervised,bo_exploration,3.0,0.0,f1,0.7347
yolo11m,C_finetuned_supervised,bo_exploitation,3.0,0.5,f1,0.7416
yolo11m,C_finetuned_supervised,grid_search,4.0,0.0,f1,0.7654
yolo11n,A_unfinetuned,baseline,0.0,0.0,f1,0.0
yolo11n,A_unfinetuned,bo_exploration,3.0,0.4,f1,0.7558
yolo11n,A_unfinetuned,bo_exploitation,3.0,0.03,f1,0.7575
yolo11n,A_unfinetuned,grid_search,4.0,0.5,f1,0.7781
yolo11n,B_finetuned_unsupervised,baseline,0.0,0.0,f1,0.0
yolo11n,B_finetuned_unsupervised,bo_exploration,2.0,0.23,f1,0.5686
yolo11n,B_finetuned_unsupervised,bo_exploitation,3.0,0.31,f1,0.7341
yolo11n,B_finetuned_unsupervised,grid_search,4.0,0.5,f1,0.7646
yolo11n,C_finetuned_supervised,bo_exploration,3.0,0.11,f1,0.7372
yolo11n,C_finetuned_supervised,bo_exploitation,2.0,0.0,f1,0.5829
yolo11n,C_finetuned_supervised,grid_search,4.0,0.0,f1,0.7807
yolo11m,A_unfinetuned,baseline,0.0,0.0,f1,0.0001
yolo11m,A_unfinetuned,bo_exploration,3.0,0.44,f1,0.6859
yolo11m,A_unfinetuned,bo_exploitation,3.0,0.4,f1,0.6874
yolo11m,A_unfinetuned,grid_search,4.0,0.5,f1,0.709
yolo11m,B_finetuned_unsupervised,baseline,0.0,0.0,f1,0.0
yolo11m,B_finetuned_unsupervised,bo_exploration,4.0,0.5,f1,0.7251
yolo11m,B_finetuned_unsupervised,bo_exploitation,3.0,0.43,f1,0.7091
yolo11m,B_finetuned_unsupervised,grid_search,4.0,0.5,f1,0.7251
yolo11m,C_finetuned_supervised,bo_exploration,3.0,0.5,f1,0.7074
yolo11m,C_finetuned_supervised,bo_exploitation,2.0,0.06,f1,0.5782
yolo11m,C_finetuned_supervised,grid_search,4.0,0.0,f1,0.7288
yolo11n,A_unfinetuned,baseline,0.0,0.0,f1,0.0003
yolo11n,A_unfinetuned,bo_exploration,4.0,0.0,f1,0.7454
yolo11n,A_unfinetuned,bo_exploitation,4.0,0.19,f1,0.74
yolo11n,A_unfinetuned,grid_search,4.0,0.5,f1,0.7349
yolo11n,B_finetuned_unsupervised,baseline,0.0,0.0,f1,0.0
yolo11n,B_finetuned_unsupervised,bo_exploration,4.0,0.39,f1,0.7475
yolo11n,B_finetuned_unsupervised,bo_exploitation,2.0,0.3,f1,0.5372
yolo11n,B_finetuned_unsupervised,grid_search,4.0,0.5,f1,0.7479
yolo11n,C_finetuned_supervised,bo_exploration,3.0,0.3,f1,0.715
yolo11n,C_finetuned_supervised,bo_exploitation,3.0,0.28,f1,0.713
yolo11n,C_finetuned_supervised,grid_search,4.0,0.0,f1,0.7586
yolo11m,A_unfinetuned,baseline,0.0,0.0,f1,0.0004
yolo11m,A_unfinetuned,bo_exploration,3.0,0.45,f1,0.7235
yolo11m,A_unfinetuned,bo_exploitation,3.0,0.44,f1,0.72
yolo11m,A_unfinetuned,grid_search,4.0,0.5,f1,0.7415
yolo11m,B_finetuned_unsupervised,baseline,0.0,0.0,f1,0.0
yolo11m,B_finetuned_unsupervised,bo_exploration,3.0,0.1,f1,0.7417
yolo11m,B_finetuned_unsupervised,bo_exploitation,3.0,0.49,f1,0.7358
yolo11m,B_finetuned_unsupervised,grid_search,4.0,0.5,f1,0.754
yolo11m,C_finetuned_supervised,bo_exploration,3.0,0.0,f1,0.7324
yolo11m,C_finetuned_supervised,bo_exploitation,3.0,0.12,f1,0.7433
yolo11m,C_finetuned_supervised,grid_search,4.0,0.0,f1,0.763
yolo11n,A_unfinetuned,baseline,0.0,0.0,f1,0.0
yolo11n,A_unfinetuned,bo_exploration,3.0,0.24,f1,0.7455
yolo11n,A_unfinetuned,bo_exploitation,3.0,0.21,f1,0.7455
yolo11n,A_unfinetuned,grid_search,4.0,0.5,f1,0.7686
yolo11n,B_finetuned_unsupervised,baseline,0.0,0.0,f1,0.0002
yolo11n,B_finetuned_unsupervised,bo_exploration,2.0,0.37,f1,0.5383
yolo11n,B_finetuned_unsupervised,bo_exploitation,3.0,0.05,f1,0.7186
yolo11n,B_finetuned_unsupervised,grid_search,4.0,0.5,f1,0.7472
yolo11n,C_finetuned_supervised,bo_exploration,3.0,0.06,f1,0.7179
yolo11n,C_finetuned_supervised,bo_exploitation,3.0,0.27,f1,0.7138
yolo11n,C_finetuned_supervised,grid_search,4.0,0.0,f1,0.757
yolo11m,A_unfinetuned,baseline,0.0,0.0,f1,0.0002
yolo11m,A_unfinetuned,bo_exploration,3.0,0.37,f1,0.6456
yolo11m,A_unfinetuned,bo_exploitation,2.0,0.2,f1,0.5275
yolo11m,A_unfinetuned,grid_search,4.0,0.5,f1,0.6764
yolo11m,B_finetuned_unsupervised,baseline,0.0,0.0,f1,0.0001
yolo11m,B_finetuned_unsupervised,bo_exploration,2.0,0.28,f1,0.6165
yolo11m,B_finetuned_unsupervised,bo_exploitation,3.0,0.31,f1,0.7433
yolo11m,B_finetuned_unsupervised,grid_search,4.0,0.5,f1,0.757
yolo11m,C_finetuned_supervised,bo_exploration,3.0,0.18,f1,0.7425
yolo11m,C_finetuned_supervised,bo_exploitation,2.0,0.0,f1,0.6197
yolo11m,C_finetuned_supervised,grid_search,4.0,0.0,f1,0.7656
yolo11n,A_unfinetuned,baseline,0.0,0.0,f1,0.0
yolo11n,A_unfinetuned,bo_exploration,4.0,0.43,f1,0.7524
yolo11n,A_unfinetuned,bo_exploitation,3.0,0.27,f1,0.7243
yolo11n,A_unfinetuned,grid_search,4.0,0.5,f1,0.7542
yolo11n,A_unfinetuned,baseline,0.0,0.0,f1,0.0
yolo11n,A_unfinetuned,bo_exploration,3.0,0.08,f1,0.7232
yolo11n,A_unfinetuned,bo_exploitation,2.0,0.49,f1,0.497
yolo11n,A_unfinetuned,grid_search,4.0,0.5,f1,0.7636
yolo11n,B_finetuned_unsupervised,baseline,0.0,0.0,f1,0.0
yolo11n,B_finetuned_unsupervised,bo_exploration,3.0,0.05,f1,0.7373
yolo11n,B_finetuned_unsupervised,bo_exploitation,3.0,0.42,f1,0.7261
yolo11n,B_finetuned_unsupervised,grid_search,4.0,0.5,f1,0.7639
yolo11n,C_finetuned_supervised,bo_exploration,3.0,0.23,f1,0.7362
yolo11n,C_finetuned_supervised,bo_exploitation,3.0,0.0,f1,0.7304
yolo11n,C_finetuned_supervised,grid_search,4.0,0.0,f1,0.78
rtdetr-l,A_unfinetuned,baseline,0.0,0.0,f1,0.0
rtdetr-l,A_unfinetuned,bo_exploration,4.0,0.5,f1,0.7417
rtdetr-l,A_unfinetuned,bo_exploitation,3.0,0.42,f1,0.7126
rtdetr-l,A_unfinetuned,grid_search,4.0,0.5,f1,0.7417
rtdetr-l,B_finetuned_unsupervised,baseline,0.0,0.0,f1,0.0002
rtdetr-l,B_finetuned_unsupervised,bo_exploration,3.0,0.41,f1,0.6321
rtdetr-l,B_finetuned_unsupervised,bo_exploitation,3.0,0.29,f1,0.6235
rtdetr-l,B_finetuned_unsupervised,grid_search,4.0,0.5,f1,0.6801
rtdetr-l,C_finetuned_supervised,bo_exploration,2.0,0.0,f1,0.4063
rtdetr-l,C_finetuned_supervised,bo_exploitation,3.0,0.07,f1,0.6231
rtdetr-l,C_finetuned_supervised,grid_search,4.0,0.0,f1,0.674
rtdetr-l,A_unfinetuned,baseline,0.0,0.0,f1,0.0
rtdetr-l,A_unfinetuned,bo_exploration,3.0,0.27,f1,0.7394
rtdetr-l,A_unfinetuned,bo_exploitation,3.0,0.33,f1,0.737
rtdetr-l,A_unfinetuned,grid_search,4.0,0.5,f1,0.7751
rtdetr-l,B_finetuned_unsupervised,baseline,0.0,0.0,f1,0.0013
rtdetr-l,B_finetuned_unsupervised,bo_exploration,3.0,0.3,f1,0.6025
rtdetr-l,B_finetuned_unsupervised,bo_exploitation,3.0,0.1,f1,0.6021
rtdetr-l,B_finetuned_unsupervised,grid_search,4.0,0.5,f1,0.6574
rtdetr-l,C_finetuned_supervised,bo_exploration,3.0,0.08,f1,0.6071
rtdetr-l,C_finetuned_supervised,bo_exploitation,3.0,0.03,f1,0.6072
rtdetr-l,C_finetuned_supervised,grid_search,4.0,0.0,f1,0.6489
rtdetr-l,A_unfinetuned,baseline,0.0,0.0,f1,0.0002
rtdetr-l,A_unfinetuned,bo_exploration,2.0,0.5,f1,0.3724
rtdetr-l,A_unfinetuned,bo_exploitation,2.0,0.27,f1,0.3694
rtdetr-l,A_unfinetuned,grid_search,4.0,0.5,f1,0.6281
rtdetr-l,B_finetuned_unsupervised,baseline,0.0,0.0,f1,0.0
rtdetr-l,B_finetuned_unsupervised,bo_exploration,4.0,0.0,f1,0.7679
rtdetr-l,B_finetuned_unsupervised,bo_exploitation,3.0,0.04,f1,0.7355
rtdetr-l,B_finetuned_unsupervised,grid_search,4.0,0.5,f1,0.7621
rtdetr-l,C_finetuned_supervised,bo_exploration,3.0,0.0,f1,0.7236
rtdetr-l,C_finetuned_supervised,bo_exploitation,4.0,0.5,f1,0.7621
rtdetr-l,C_finetuned_supervised,grid_search,4.0,0.0,f1,0.7679
rtdetr-l,A_unfinetuned,baseline,0.0,0.0,f1,0.0007
rtdetr-l,A_unfinetuned,bo_exploration,3.0,0.17,f1,0.6123
rtdetr-l,A_unfinetuned,bo_exploitation,3.0,0.26,f1,0.6164
rtdetr-l,A_unfinetuned,grid_search,4.0,0.5,f1,0.6549
rtdetr-l,B_finetuned_unsupervised,baseline,0.0,0.0,f1,0.0
rtdetr-l,B_finetuned_unsupervised,bo_exploration,4.0,0.0,f1,0.7011
rtdetr-l,B_finetuned_unsupervised,bo_exploitation,2.0,0.29,f1,0.4221
rtdetr-l,B_finetuned_unsupervised,grid_search,4.0,0.5,f1,0.6997
rtdetr-l,C_finetuned_supervised,bo_exploration,3.0,0.01,f1,0.6441
rtdetr-l,C_finetuned_supervised,bo_exploitation,2.0,0.05,f1,0.4087
rtdetr-l,C_finetuned_supervised,grid_search,4.0,0.0,f1,0.7011
rtdetr-l,A_unfinetuned,baseline,0.0,0.0,f1,0.0
rtdetr-l,A_unfinetuned,bo_exploration,3.0,0.3,f1,0.6893
rtdetr-l,A_unfinetuned,bo_exploitation,2.0,0.46,f1,0.4601
rtdetr-l,A_unfinetuned,grid_search,4.0,0.5,f1,0.7352
rtdetr-l,B_finetuned_unsupervised,baseline,0.0,0.0,f1,0.0005
rtdetr-l,B_finetuned_unsupervised,bo_exploration,4.0,0.0,f1,0.6604
rtdetr-l,B_finetuned_unsupervised,bo_exploitation,3.0,0.48,f1,0.6064
rtdetr-l,B_finetuned_unsupervised,grid_search,4.0,0.5,f1,0.648
rtdetr-l,C_finetuned_supervised,bo_exploration,3.0,0.05,f1,0.6116
rtdetr-l,C_finetuned_supervised,bo_exploitation,3.0,0.08,f1,0.6099
rtdetr-l,C_finetuned_supervised,grid_search,4.0,0.0,f1,0.6604
rtdetr-l,A_unfinetuned,baseline,0.0,0.0,f1,0.0005
rtdetr-l,A_unfinetuned,bo_exploration,3.0,0.17,f1,0.7227
rtdetr-l,A_unfinetuned,bo_exploitation,3.0,0.46,f1,0.7254
rtdetr-l,A_unfinetuned,grid_search,4.0,0.5,f1,0.7629
rtdetr-l,B_finetuned_unsupervised,baseline,0.0,0.0,f1,0.0058
rtdetr-l,B_finetuned_unsupervised,bo_exploration,3.0,0.5,f1,0.5726
rtdetr-l,B_finetuned_unsupervised,bo_exploitation,3.0,0.5,f1,0.5726
rtdetr-l,B_finetuned_unsupervised,grid_search,4.0,0.5,f1,0.645
rtdetr-l,C_finetuned_supervised,bo_exploration,4.0,0.5,f1,0.645
rtdetr-l,C_finetuned_supervised,bo_exploitation,3.0,0.11,f1,0.5784
rtdetr-l,C_finetuned_supervised,grid_search,4.0,0.0,f1,0.6582
rtdetr-l,A_unfinetuned,baseline,0.0,0.0,f1,0.0026
rtdetr-l,A_unfinetuned,bo_exploration,4.0,0.0,f1,0.6372
rtdetr-l,A_unfinetuned,bo_exploitation,2.0,0.46,f1,0.4519
rtdetr-l,A_unfinetuned,grid_search,4.0,0.5,f1,0.6534
rtdetr-l,B_finetuned_unsupervised,baseline,0.0,0.0,f1,0.0
rtdetr-l,B_finetuned_unsupervised,bo_exploration,4.0,0.0,f1,0.6945
rtdetr-l,B_finetuned_unsupervised,bo_exploitation,3.0,0.13,f1,0.6394
rtdetr-l,B_finetuned_unsupervised,grid_search,4.0,0.5,f1,0.6961
rtdetr-l,C_finetuned_supervised,bo_exploration,3.0,0.05,f1,0.6361
rtdetr-l,C_finetuned_supervised,bo_exploitation,2.0,0.34,f1,0.4151
rtdetr-l,C_finetuned_supervised,grid_search,4.0,0.0,f1,0.6945
rtdetr-l,A_unfinetuned,baseline,0.0,0.0,f1,0.0
rtdetr-l,A_unfinetuned,bo_exploration,3.0,0.13,f1,0.633
rtdetr-l,A_unfinetuned,bo_exploitation,3.0,0.05,f1,0.6322
rtdetr-l,A_unfinetuned,grid_search,4.0,0.5,f1,0.6761
rtdetr-l,B_finetuned_unsupervised,baseline,0.0,0.0,f1,0.0
rtdetr-l,B_finetuned_unsupervised,bo_exploration,3.0,0.2,f1,0.6993
rtdetr-l,B_finetuned_unsupervised,bo_exploitation,3.0,0.49,f1,0.6926
rtdetr-l,B_finetuned_unsupervised,grid_search,4.0,0.5,f1,0.741
rtdetr-l,C_finetuned_supervised,bo_exploration,2.0,0.39,f1,0.503
rtdetr-l,C_finetuned_supervised,bo_exploitation,3.0,0.0,f1,0.7005
rtdetr-l,C_finetuned_supervised,grid_search,4.0,0.0,f1,0.7566
rtdetr-l,A_unfinetuned,baseline,0.0,0.0,f1,0.0
rtdetr-l,A_unfinetuned,bo_exploration,2.0,0.31,f1,0.5095
rtdetr-l,A_unfinetuned,bo_exploitation,2.0,0.32,f1,0.5098
rtdetr-l,A_unfinetuned,grid_search,4.0,0.5,f1,0.7147
yolo11n,B_finetuned_unsupervised,baseline,0.0,0.0,f1,0.0002
yolo11n,B_finetuned_unsupervised,bo_exploration,3.0,0.5,f1,0.7145
yolo11n,B_finetuned_unsupervised,bo_exploitation,3.0,0.44,f1,0.7135
yolo11n,B_finetuned_unsupervised,grid_search,4.0,0.5,f1,0.747
yolo11n,C_finetuned_supervised,bo_exploration,4.0,0.0,f1,0.7567
yolo11n,C_finetuned_supervised,bo_exploitation,3.0,0.47,f1,0.7111
yolo11n,C_finetuned_supervised,grid_search,4.0,0.0,f1,0.7567
yolo11m,A_unfinetuned,baseline,0.0,0.0,f1,0.0
yolo11m,A_unfinetuned,bo_exploration,3.0,0.36,f1,0.6988
yolo11m,A_unfinetuned,bo_exploitation,3.0,0.35,f1,0.7009
yolo11m,A_unfinetuned,grid_search,4.0,0.5,f1,0.7296
yolo11m,B_finetuned_unsupervised,baseline,0.0,0.0,f1,0.0
yolo11m,B_finetuned_unsupervised,bo_exploration,4.0,0.14,f1,0.7555
yolo11m,B_finetuned_unsupervised,bo_exploitation,3.0,0.29,f1,0.7415
yolo11m,B_finetuned_unsupervised,grid_search,4.0,0.5,f1,0.7548
yolo11m,C_finetuned_supervised,bo_exploration,3.0,0.21,f1,0.7418
yolo11m,C_finetuned_supervised,bo_exploitation,4.0,0.45,f1,0.7543
yolo11m,C_finetuned_supervised,grid_search,4.0,0.0,f1,0.7639
yolo11n,A_unfinetuned,baseline,0.0,0.0,f1,0.0
yolo11n,A_unfinetuned,bo_exploration,3.0,0.5,f1,0.7355
yolo11n,A_unfinetuned,bo_exploitation,3.0,0.41,f1,0.7311
yolo11n,A_unfinetuned,grid_search,4.0,0.5,f1,0.7587
yolo11n,B_finetuned_unsupervised,baseline,0.0,0.0,f1,0.0
yolo11n,B_finetuned_unsupervised,bo_exploration,3.0,0.5,f1,0.7108
yolo11n,B_finetuned_unsupervised,bo_exploitation,2.0,0.35,f1,0.5392
yolo11n,B_finetuned_unsupervised,grid_search,4.0,0.5,f1,0.7446
yolo11n,C_finetuned_supervised,bo_exploration,4.0,0.5,f1,0.7446
yolo11n,C_finetuned_supervised,bo_exploitation,2.0,0.05,f1,0.5373
yolo11n,C_finetuned_supervised,grid_search,4.0,0.0,f1,0.7542
yolo11m,A_unfinetuned,baseline,0.0,0.0,f1,0.0
yolo11m,A_unfinetuned,bo_exploration,2.0,0.33,f1,0.58
yolo11m,A_unfinetuned,bo_exploitation,3.0,0.33,f1,0.7212
yolo11m,A_unfinetuned,grid_search,4.0,0.5,f1,0.7424
yolo11m,B_finetuned_unsupervised,baseline,0.0,0.0,f1,0.0001
yolo11m,B_finetuned_unsupervised,bo_exploration,3.0,0.11,f1,0.7442
yolo11m,B_finetuned_unsupervised,bo_exploitation,2.0,0.27,f1,0.6159
yolo11m,B_finetuned_unsupervised,grid_search,4.0,0.5,f1,0.7566
yolo11m,C_finetuned_supervised,bo_exploration,2.0,0.1,f1,0.6179
yolo11m,C_finetuned_supervised,bo_exploitation,3.0,0.5,f1,0.7415
yolo11m,C_finetuned_supervised,grid_search,4.0,0.0,f1,0.7654
yolo11n,A_unfinetuned,baseline,0.0,0.0,f1,0.0001
yolo11n,A_unfinetuned,bo_exploration,4.0,0.5,f1,0.6712
yolo11n,A_unfinetuned,bo_exploitation,3.0,0.42,f1,0.6299
yolo11n,A_unfinetuned,grid_search,4.0,0.5,f1,0.6712
yolo11n,B_finetuned_unsupervised,baseline,0.0,0.0,f1,0.0002
yolo11n,B_finetuned_unsupervised,bo_exploration,2.0,0.46,f1,0.5291
yolo11n,B_finetuned_unsupervised,bo_exploitation,3.0,0.13,f1,0.7168
yolo11n,B_finetuned_unsupervised,grid_search,4.0,0.5,f1,0.7472
yolo11n,C_finetuned_supervised,bo_exploration,2.0,0.07,f1,0.5436
yolo11n,C_finetuned_supervised,bo_exploitation,4.0,0.3,f1,0.7462
yolo11n,C_finetuned_supervised,grid_search,4.0,0.0,f1,0.757
yolo11m,A_unfinetuned,baseline,0.0,0.0,f1,0.0
yolo11m,A_unfinetuned,bo_exploration,3.0,0.46,f1,0.6873
yolo11m,A_unfinetuned,bo_exploitation,2.0,0.24,f1,0.5455
yolo11m,A_unfinetuned,grid_search,4.0,0.5,f1,0.7152
yolo11m,B_finetuned_unsupervised,baseline,0.0,0.0,f1,0.0001
yolo11m,B_finetuned_unsupervised,bo_exploration,3.0,0.5,f1,0.7418
yolo11m,B_finetuned_unsupervised,bo_exploitation,3.0,0.48,f1,0.7414
yolo11m,B_finetuned_unsupervised,grid_search,4.0,0.5,f1,0.757
yolo11m,C_finetuned_supervised,bo_exploration,4.0,0.0,f1,0.7656
yolo11m,C_finetuned_supervised,bo_exploitation,2.0,0.0,f1,0.6197
yolo11m,C_finetuned_supervised,grid_search,4.0,0.0,f1,0.7656
yolo11n,A_unfinetuned,baseline,0.0,0.0,f1,0.0
yolo11n,A_unfinetuned,bo_exploration,3.0,0.13,f1,0.7405
yolo11n,A_unfinetuned,bo_exploitation,3.0,0.46,f1,0.7292
yolo11n,A_unfinetuned,grid_search,4.0,0.5,f1,0.767
yolo11n,B_finetuned_unsupervised,baseline,0.0,0.0,f1,0.0
yolo11n,B_finetuned_unsupervised,bo_exploration,3.0,0.06,f1,0.737
yolo11n,B_finetuned_unsupervised,bo_exploitation,3.0,0.41,f1,0.7259
yolo11n,B_finetuned_unsupervised,grid_search,4.0,0.5,f1,0.7649
yolo11n,C_finetuned_supervised,bo_exploration,3.0,0.02,f1,0.7378
yolo11n,C_finetuned_supervised,bo_exploitation,3.0,0.3,f1,0.7361
yolo11n,C_finetuned_supervised,grid_search,4.0,0.0,f1,0.7811
yolo11m,A_unfinetuned,baseline,0.0,0.0,f1,0.0
yolo11m,A_unfinetuned,bo_exploration,3.0,0.37,f1,0.6859
yolo11m,A_unfinetuned,bo_exploitation,3.0,0.43,f1,0.6859
yolo11m,A_unfinetuned,grid_search,4.0,0.5,f1,0.7204
yolo11m,B_finetuned_unsupervised,baseline,0.0,0.0,f1,0.0001
yolo11m,B_finetuned_unsupervised,bo_exploration,3.0,0.5,f1,0.7419
yolo11m,B_finetuned_unsupervised,bo_exploitation,2.0,0.1,f1,0.6181
yolo11m,B_finetuned_unsupervised,grid_search,4.0,0.5,f1,0.757
yolo11m,C_finetuned_supervised,bo_exploration,3.0,0.38,f1,0.7423
yolo11m,C_finetuned_supervised,bo_exploitation,2.0,0.08,f1,0.6187
yolo11m,C_finetuned_supervised,grid_search,4.0,0.0,f1,0.7658
yolo11n,A_unfinetuned,baseline,0.0,0.0,f1,0.0001
yolo11n,A_unfinetuned,bo_exploration,3.0,0.5,f1,0.7055
yolo11n,A_unfinetuned,bo_exploitation,3.0,0.48,f1,0.7012
yolo11n,A_unfinetuned,grid_search,4.0,0.5,f1,0.7415
yolo11n,B_finetuned_unsupervised,baseline,0.0,0.0,f1,0.0002
yolo11n,B_finetuned_unsupervised,bo_exploration,3.0,0.46,f1,0.7111
yolo11n,B_finetuned_unsupervised,bo_exploitation,3.0,0.33,f1,0.7138
yolo11n,B_finetuned_unsupervised,grid_search,4.0,0.5,f1,0.7475
yolo11n,C_finetuned_supervised,bo_exploration,3.0,0.1,f1,0.72
yolo11n,C_finetuned_supervised,bo_exploitation,2.0,0.0,f1,0.5543
yolo11n,C_finetuned_supervised,grid_search,4.0,0.0,f1,0.7571
yolo11m,A_unfinetuned,baseline,0.0,0.0,f1,0.0003
yolo11m,A_unfinetuned,bo_exploration,2.0,0.5,f1,0.5478
yolo11m,A_unfinetuned,bo_exploitation,3.0,0.09,f1,0.6751
yolo11m,A_unfinetuned,grid_search,4.0,0.5,f1,0.6953
yolo11m,B_finetuned_unsupervised,baseline,0.0,0.0,f1,0.0001
yolo11m,B_finetuned_unsupervised,bo_exploration,3.0,0.5,f1,0.7424
yolo11m,B_finetuned_unsupervised,bo_exploitation,3.0,0.5,f1,0.7424
yolo11m,B_finetuned_unsupervised,grid_search,4.0,0.5,f1,0.7573
yolo11m,C_finetuned_supervised,bo_exploration,3.0,0.32,f1,0.7444
yolo11m,C_finetuned_supervised,bo_exploitation,3.0,0.17,f1,0.7437
yolo11m,C_finetuned_supervised,grid_search,4.0,0.0,f1,0.7661
yolo11n,A_unfinetuned,baseline,0.0,0.0,f1,0.0
yolo11n,A_unfinetuned,bo_exploration,3.0,0.34,f1,0.7398
yolo11n,A_unfinetuned,bo_exploitation,2.0,0.23,f1,0.5625
yolo11n,A_unfinetuned,grid_search,4.0,0.5,f1,0.7726
yolo11n,B_finetuned_unsupervised,baseline,0.0,0.0,f1,0.0
yolo11n,B_finetuned_unsupervised,bo_exploration,2.0,0.36,f1,0.5637
yolo11n,B_finetuned_unsupervised,bo_exploitation,2.0,0.44,f1,0.568
yolo11n,B_finetuned_unsupervised,grid_search,4.0,0.5,f1,0.7637
yolo11n,C_finetuned_supervised,bo_exploration,3.0,0.08,f1,0.7361
yolo11n,C_finetuned_supervised,bo_exploitation,2.0,0.15,f1,0.5765
yolo11n,C_finetuned_supervised,grid_search,4.0,0.0,f1,0.7798
yolo11m,A_unfinetuned,baseline,0.0,0.0,f1,0.0
yolo11m,A_unfinetuned,bo_exploration,2.0,0.42,f1,0.5694
yolo11m,A_unfinetuned,bo_exploitation,3.0,0.3,f1,0.741
yolo11m,A_unfinetuned,grid_search,4.0,0.5,f1,0.7672
yolo11m,B_finetuned_unsupervised,baseline,0.0,0.0,f1,0.0001
yolo11m,B_finetuned_unsupervised,bo_exploration,3.0,0.5,f1,0.7409
yolo11m,B_finetuned_unsupervised,bo_exploitation,3.0,0.35,f1,0.7427
yolo11m,B_finetuned_unsupervised,grid_search,4.0,0.5,f1,0.756
yolo11m,C_finetuned_supervised,bo_exploration,2.0,0.36,f1,0.6142
yolo11m,C_finetuned_supervised,bo_exploitation,3.0,0.08,f1,0.7451
yolo11m,C_finetuned_supervised,grid_search,4.0,0.0,f1,0.7647
yolo11n,A_unfinetuned,baseline,0.0,0.0,f1,0.0
yolo11n,A_unfinetuned,bo_exploration,3.0,0.22,f1,0.739
yolo11n,A_unfinetuned,bo_exploitation,3.0,0.28,f1,0.7357
yolo11n,A_unfinetuned,grid_search,4.0,0.5,f1,0.7671
yolo11n,B_finetuned_unsupervised,baseline,0.0,0.0,f1,0.0
yolo11n,B_finetuned_unsupervised,bo_exploration,3.0,0.5,f1,0.7277
yolo11n,B_finetuned_unsupervised,bo_exploitation,3.0,0.45,f1,0.729
yolo11n,B_finetuned_unsupervised,grid_search,4.0,0.5,f1,0.7646
yolo11n,C_finetuned_supervised,bo_exploration,3.0,0.24,f1,0.7333
yolo11n,C_finetuned_supervised,bo_exploitation,3.0,0.0,f1,0.7287
yolo11n,C_finetuned_supervised,grid_search,4.0,0.0,f1,0.7802
yolo11m,A_unfinetuned,baseline,0.0,0.0,f1,0.0002
yolo11m,A_unfinetuned,bo_exploration,2.0,0.12,f1,0.487
yolo11m,A_unfinetuned,bo_exploitation,3.0,0.36,f1,0.602
yolo11m,A_unfinetuned,grid_search,4.0,0.5,f1,0.6472
yolo11m,B_finetuned_unsupervised,baseline,0.0,0.0,f1,0.0001
yolo11m,B_finetuned_unsupervised,bo_exploration,2.0,0.36,f1,0.615
yolo11m,B_finetuned_unsupervised,bo_exploitation,3.0,0.47,f1,0.7415
yolo11m,B_finetuned_unsupervised,grid_search,4.0,0.5,f1,0.7568
yolo11m,C_finetuned_supervised,bo_exploration,3.0,0.17,f1,0.743
yolo11m,C_finetuned_supervised,bo_exploitation,2.0,0.5,f1,0.6207
yolo11m,C_finetuned_supervised,grid_search,4.0,0.0,f1,0.7656
yolo11n,A_unfinetuned,baseline,0.0,0.0,f1,0.0
yolo11n,A_unfinetuned,bo_exploration,3.0,0.1,f1,0.7608
yolo11n,A_unfinetuned,bo_exploitation,3.0,0.28,f1,0.7501
yolo11n,A_unfinetuned,grid_search,4.0,0.5,f1,0.7848
yolo11n,B_finetuned_unsupervised,baseline,0.0,0.0,f1,0.0
yolo11n,B_finetuned_unsupervised,bo_exploration,3.0,0.5,f1,0.7359
yolo11n,B_finetuned_unsupervised,bo_exploitation,2.0,0.33,f1,0.5678
yolo11n,B_finetuned_unsupervised,grid_search,4.0,0.5,f1,0.7657
yolo11n,C_finetuned_supervised,bo_exploration,3.0,0.23,f1,0.738
yolo11n,C_finetuned_supervised,bo_exploitation,3.0,0.39,f1,0.7347
yolo11n,C_finetuned_supervised,grid_search,4.0,0.0,f1,0.7818
yolo11m,A_unfinetuned,baseline,0.0,0.0,f1,0.0002
yolo11m,A_unfinetuned,bo_exploration,3.0,0.38,f1,0.7017
yolo11m,A_unfinetuned,bo_exploitation,3.0,0.39,f1,0.7019
yolo11m,A_unfinetuned,grid_search,4.0,0.5,f1,0.722
yolo11m,B_finetuned_unsupervised,baseline,0.0,0.0,f1,0.0
yolo11m,B_finetuned_unsupervised,bo_exploration,3.0,0.35,f1,0.7753
yolo11m,B_finetuned_unsupervised,bo_exploitation,3.0,0.5,f1,0.7757
yolo11m,B_finetuned_unsupervised,grid_search,4.0,0.5,f1,0.7999
yolo11m,C_finetuned_supervised,bo_exploration,3.0,0.2,f1,0.7773
yolo11m,C_finetuned_supervised,bo_exploitation,3.0,0.31,f1,0.7763
yolo11m,C_finetuned_supervised,grid_search,4.0,0.0,f1,0.8096
yolo11n,A_unfinetuned,baseline,0.0,0.0,f1,0.0001
yolo11n,A_unfinetuned,bo_exploration,3.0,0.0,f1,0.7321
yolo11n,A_unfinetuned,bo_exploitation,4.0,0.0,f1,0.7728
yolo11n,A_unfinetuned,grid_search,4.0,0.5,f1,0.7575
yolo11n,B_finetuned_unsupervised,baseline,0.0,0.0,f1,0.0
yolo11n,B_finetuned_unsupervised,bo_exploration,4.0,0.0,f1,0.7818
yolo11n,B_finetuned_unsupervised,bo_exploitation,3.0,0.44,f1,0.7324
yolo11n,B_finetuned_unsupervised,grid_search,4.0,0.5,f1,0.7656
yolo11n,C_finetuned_supervised,bo_exploration,3.0,0.13,f1,0.7383
yolo11n,C_finetuned_supervised,bo_exploitation,2.0,0.38,f1,0.5652
yolo11n,C_finetuned_supervised,grid_search,4.0,0.0,f1,0.7818
yolo11n,A_unfinetuned,baseline,0.0,0.0,f1,0.0
yolo11n,A_unfinetuned,bo_exploration,4.0,0.0,f1,0.7478
yolo11n,A_unfinetuned,bo_exploitation,3.0,0.04,f1,0.7179
yolo11n,A_unfinetuned,grid_search,4.0,0.5,f1,0.7391
yolo11n,B_finetuned_unsupervised,baseline,0.0,0.0,f1,0.0002
yolo11n,B_finetuned_unsupervised,bo_exploration,3.0,0.48,f1,0.7119
yolo11n,B_finetuned_unsupervised,bo_exploitation,3.0,0.16,f1,0.7183
yolo11n,B_finetuned_unsupervised,grid_search,4.0,0.5,f1,0.747
yolo11n,C_finetuned_supervised,bo_exploration,3.0,0.48,f1,0.7119
yolo11n,C_finetuned_supervised,bo_exploitation,3.0,0.1,f1,0.7196
yolo11n,C_finetuned_supervised,grid_search,4.0,0.0,f1,0.7567
rtdetr-l,A_unfinetuned,baseline,0.0,0.0,f1,0.0
rtdetr-l,A_unfinetuned,bo_exploration,2.0,0.32,f1,0.442
rtdetr-l,A_unfinetuned,bo_exploitation,3.0,0.13,f1,0.6554
rtdetr-l,A_unfinetuned,grid_search,4.0,0.5,f1,0.722
rtdetr-l,B_finetuned_unsupervised,baseline,0.0,0.0,f1,0.0002
rtdetr-l,B_finetuned_unsupervised,bo_exploration,2.0,0.17,f1,0.5471
rtdetr-l,B_finetuned_unsupervised,bo_exploitation,3.0,0.19,f1,0.6885
rtdetr-l,B_finetuned_unsupervised,grid_search,4.0,0.5,f1,0.7149
rtdetr-l,C_finetuned_supervised,bo_exploration,3.0,0.23,f1,0.6851
rtdetr-l,C_finetuned_supervised,bo_exploitation,4.0,0.5,f1,0.7149
rtdetr-l,C_finetuned_supervised,grid_search,4.0,0.0,f1,0.7192
rtdetr-l,A_unfinetuned,baseline,0.0,0.0,f1,0.0002
rtdetr-l,A_unfinetuned,bo_exploration,3.0,0.34,f1,0.7001
rtdetr-l,A_unfinetuned,bo_exploitation,2.0,0.18,f1,0.5447
rtdetr-l,A_unfinetuned,grid_search,4.0,0.5,f1,0.7501
rtdetr-l,B_finetuned_unsupervised,baseline,0.0,0.0,f1,0.0003
rtdetr-l,B_finetuned_unsupervised,bo_exploration,3.0,0.01,f1,0.6294
rtdetr-l,B_finetuned_unsupervised,bo_exploitation,3.0,0.17,f1,0.6276
rtdetr-l,B_finetuned_unsupervised,grid_search,4.0,0.5,f1,0.6698
rtdetr-l,C_finetuned_supervised,bo_exploration,3.0,0.01,f1,0.6294
rtdetr-l,C_finetuned_supervised,bo_exploitation,4.0,0.24,f1,0.6632
rtdetr-l,C_finetuned_supervised,grid_search,4.0,0.0,f1,0.6644
rtdetr-l,A_unfinetuned,baseline,0.0,0.0,f1,0.0001
rtdetr-l,A_unfinetuned,bo_exploration,3.0,0.37,f1,0.5925
rtdetr-l,A_unfinetuned,bo_exploitation,3.0,0.43,f1,0.5996
rtdetr-l,A_unfinetuned,grid_search,4.0,0.5,f1,0.636
rtdetr-l,B_finetuned_unsupervised,baseline,0.0,0.0,f1,0.0003
rtdetr-l,B_finetuned_unsupervised,bo_exploration,3.0,0.43,f1,0.6895
rtdetr-l,B_finetuned_unsupervised,bo_exploitation,3.0,0.46,f1,0.6921
rtdetr-l,B_finetuned_unsupervised,grid_search,4.0,0.5,f1,0.724
rtdetr-l,C_finetuned_supervised,bo_exploration,2.0,0.07,f1,0.532
rtdetr-l,C_finetuned_supervised,bo_exploitation,3.0,0.0,f1,0.6771
rtdetr-l,C_finetuned_supervised,grid_search,4.0,0.0,f1,0.7245
rtdetr-l,A_unfinetuned,baseline,0.0,0.0,f1,0.0
rtdetr-l,A_unfinetuned,bo_exploration,3.0,0.36,f1,0.649
rtdetr-l,A_unfinetuned,bo_exploitation,3.0,0.48,f1,0.6553
rtdetr-l,A_unfinetuned,grid_search,4.0,0.5,f1,0.7037
rtdetr-l,B_finetuned_unsupervised,baseline,0.0,0.0,f1,0.0011
rtdetr-l,B_finetuned_unsupervised,bo_exploration,4.0,0.5,f1,0.6901
rtdetr-l,B_finetuned_unsupervised,bo_exploitation,3.0,0.48,f1,0.6705
rtdetr-l,B_finetuned_unsupervised,grid_search,4.0,0.5,f1,0.6901
rtdetr-l,C_finetuned_supervised,bo_exploration,3.0,0.18,f1,0.66
rtdetr-l,C_finetuned_supervised,bo_exploitation,4.0,0.0,f1,0.6872
rtdetr-l,C_finetuned_supervised,grid_search,4.0,0.5,f1,0.6901
rtdetr-l,A_unfinetuned,baseline,0.0,0.0,f1,0.0011
rtdetr-l,A_unfinetuned,bo_exploration,4.0,0.5,f1,0.6288
rtdetr-l,A_unfinetuned,bo_exploitation,3.0,0.34,f1,0.5724
rtdetr-l,A_unfinetuned,grid_search,4.0,0.5,f1,0.6288
rtdetr-l,B_finetuned_unsupervised,baseline,0.0,0.0,f1,0.0
rtdetr-l,B_finetuned_unsupervised,bo_exploration,3.0,0.21,f1,0.6326
rtdetr-l,B_finetuned_unsupervised,bo_exploitation,3.0,0.36,f1,0.6384
rtdetr-l,B_finetuned_unsupervised,grid_search,4.0,0.5,f1,0.6739
rtdetr-l,C_finetuned_supervised,bo_exploration,3.0,0.31,f1,0.6391
rtdetr-l,C_finetuned_supervised,bo_exploitation,2.0,0.0,f1,0.4387
rtdetr-l,C_finetuned_supervised,grid_search,4.0,0.0,f1,0.6677
rtdetr-l,A_unfinetuned,baseline,0.0,0.0,f1,0.0
rtdetr-l,A_unfinetuned,bo_exploration,2.0,0.22,f1,0.3708
rtdetr-l,A_unfinetuned,bo_exploitation,3.0,0.35,f1,0.66
rtdetr-l,A_unfinetuned,grid_search,4.0,0.5,f1,0.738
rtdetr-l,B_finetuned_unsupervised,baseline,0.0,0.0,f1,0.0
rtdetr-l,B_finetuned_unsupervised,bo_exploration,3.0,0.27,f1,0.6551
rtdetr-l,B_finetuned_unsupervised,bo_exploitation,2.0,0.49,f1,0.4445
rtdetr-l,B_finetuned_unsupervised,grid_search,4.0,0.5,f1,0.7111
rtdetr-l,C_finetuned_supervised,bo_exploration,3.0,0.14,f1,0.6583
rtdetr-l,C_finetuned_supervised,bo_exploitation,4.0,0.0,f1,0.7026
rtdetr-l,C_finetuned_supervised,grid_search,4.0,0.25,f1,0.6952
rtdetr-l,A_unfinetuned,baseline,0.0,0.0,f1,0.0004
rtdetr-l,A_unfinetuned,bo_exploration,3.0,0.28,f1,0.6474
rtdetr-l,A_unfinetuned,bo_exploitation,2.0,0.49,f1,0.4801
rtdetr-l,A_unfinetuned,grid_search,4.0,0.5,f1,0.6944
rtdetr-l,B_finetuned_unsupervised,baseline,0.0,0.0,f1,0.0001
rtdetr-l,B_finetuned_unsupervised,bo_exploration,2.0,0.46,f1,0.4766
rtdetr-l,B_finetuned_unsupervised,bo_exploitation,4.0,0.0,f1,0.7033
rtdetr-l,B_finetuned_unsupervised,grid_search,4.0,0.5,f1,0.7004
rtdetr-l,C_finetuned_supervised,bo_exploration,3.0,0.31,f1,0.6554
rtdetr-l,C_finetuned_supervised,bo_exploitation,3.0,0.0,f1,0.6485
rtdetr-l,C_finetuned_supervised,grid_search,4.0,0.0,f1,0.7033
rtdetr-l,A_unfinetuned,baseline,0.0,0.0,f1,0.0002
rtdetr-l,A_unfinetuned,bo_exploration,3.0,0.29,f1,0.5663
rtdetr-l,A_unfinetuned,bo_exploitation,3.0,0.5,f1,0.5669
rtdetr-l,A_unfinetuned,grid_search,4.0,0.5,f1,0.6274
yolo11n,B_finetuned_unsupervised,baseline,0.0,0.0,f1,0.0
yolo11n,B_finetuned_unsupervised,bo_exploration,3.0,0.42,f1,0.7049
yolo11n,B_finetuned_unsupervised,bo_exploitation,3.0,0.09,f1,0.713
yolo11n,B_finetuned_unsupervised,grid_search,4.0,0.5,f1,0.7452
yolo11n,C_finetuned_supervised,bo_exploration,2.0,0.18,f1,0.5264
yolo11n,C_finetuned_supervised,bo_exploitation,3.0,0.43,f1,0.706
yolo11n,C_finetuned_supervised,grid_search,4.0,0.0,f1,0.7547
yolo11m,A_unfinetuned,baseline,0.0,0.0,f1,0.0001
yolo11m,A_unfinetuned,bo_exploration,3.0,0.27,f1,0.6834
yolo11m,A_unfinetuned,bo_exploitation,3.0,0.28,f1,0.6839
yolo11m,A_unfinetuned,grid_search,4.0,0.5,f1,0.6989
yolo11m,B_finetuned_unsupervised,baseline,0.0,0.0,f1,0.0
yolo11m,B_finetuned_unsupervised,bo_exploration,2.0,0.48,f1,0.612
yolo11m,B_finetuned_unsupervised,bo_exploitation,3.0,0.4,f1,0.7764
yolo11m,B_finetuned_unsupervised,grid_search,4.0,0.5,f1,0.7994
yolo11m,C_finetuned_supervised,bo_exploration,3.0,0.06,f1,0.7794
yolo11m,C_finetuned_supervised,bo_exploitation,4.0,0.0,f1,0.8092
yolo11m,C_finetuned_supervised,grid_search,4.0,0.25,f1,0.7991
yolo11n,A_unfinetuned,baseline,0.0,0.0,f1,0.0001
yolo11n,A_unfinetuned,bo_exploration,3.0,0.44,f1,0.6836
yolo11n,A_unfinetuned,bo_exploitation,2.0,0.21,f1,0.4865
yolo11n,A_unfinetuned,grid_search,4.0,0.5,f1,0.7274
yolo11n,B_finetuned_unsupervised,baseline,0.0,0.0,f1,0.0
yolo11n,B_finetuned_unsupervised,bo_exploration,2.0,0.27,f1,0.5653
yolo11n,B_finetuned_unsupervised,bo_exploitation,4.0,0.5,f1,0.7653
yolo11n,B_finetuned_unsupervised,grid_search,4.0,0.5,f1,0.7653
yolo11n,C_finetuned_supervised,bo_exploration,3.0,0.2,f1,0.7386
yolo11n,C_finetuned_supervised,bo_exploitation,3.0,0.0,f1,0.732
yolo11n,C_finetuned_supervised,grid_search,4.0,0.0,f1,0.7814
yolo11m,A_unfinetuned,baseline,0.0,0.0,f1,0.0003
yolo11m,A_unfinetuned,bo_exploration,2.0,0.11,f1,0.4871
yolo11m,A_unfinetuned,bo_exploitation,3.0,0.42,f1,0.6378
yolo11m,A_unfinetuned,grid_search,4.0,0.5,f1,0.6589
yolo11m,B_finetuned_unsupervised,baseline,0.0,0.0,f1,0.0
yolo11m,B_finetuned_unsupervised,bo_exploration,3.0,0.35,f1,0.7442
yolo11m,B_finetuned_unsupervised,bo_exploitation,2.0,0.15,f1,0.6183
yolo11m,B_finetuned_unsupervised,grid_search,4.0,0.5,f1,0.7573
yolo11m,C_finetuned_supervised,bo_exploration,4.0,0.0,f1,0.766
yolo11m,C_finetuned_supervised,bo_exploitation,4.0,0.5,f1,0.7573
yolo11m,C_finetuned_supervised,grid_search,4.0,0.0,f1,0.766
yolo11n,A_unfinetuned,baseline,0.0,0.0,f1,0.0
yolo11n,A_unfinetuned,bo_exploration,3.0,0.17,f1,0.7311
yolo11n,A_unfinetuned,bo_exploitation,3.0,0.37,f1,0.7193
yolo11n,A_unfinetuned,grid_search,4.0,0.5,f1,0.7616
yolo11n,B_finetuned_unsupervised,baseline,0.0,0.0,f1,0.0
yolo11n,B_finetuned_unsupervised,bo_exploration,4.0,0.5,f1,0.7647
yolo11n,B_finetuned_unsupervised,bo_exploitation,3.0,0.27,f1,0.7345
yolo11n,B_finetuned_unsupervised,grid_search,4.0,0.5,f1,0.7647
yolo11n,C_finetuned_supervised,bo_exploration,3.0,0.19,f1,0.7382
yolo11n,C_finetuned_supervised,bo_exploitation,3.0,0.38,f1,0.7316
yolo11n,C_finetuned_supervised,grid_search,4.0,0.0,f1,0.7807
yolo11m,A_unfinetuned,baseline,0.0,0.0,f1,0.0
yolo11m,A_unfinetuned,bo_exploration,3.0,0.3,f1,0.7
yolo11m,A_unfinetuned,bo_exploitation,2.0,0.5,f1,0.5479
yolo11m,A_unfinetuned,grid_search,4.0,0.5,f1,0.7275
yolo11m,B_finetuned_unsupervised,baseline,0.0,0.0,f1,0.0
yolo11m,B_finetuned_unsupervised,bo_exploration,4.0,0.0,f1,0.8092
yolo11m,B_finetuned_unsupervised,bo_exploitation,3.0,0.5,f1,0.7752
yolo11m,B_finetuned_unsupervised,grid_search,4.0,0.5,f1,0.7994
yolo11m,C_finetuned_supervised,bo_exploration,3.0,0.5,f1,0.7752
yolo11m,C_finetuned_supervised,bo_exploitation,3.0,0.16,f1,0.7784
yolo11m,C_finetuned_supervised,grid_search,4.0,0.0,f1,0.8092
yolo11n,A_unfinetuned,baseline,0.0,0.0,f1,0.0
yolo11n,A_unfinetuned,bo_exploration,3.0,0.37,f1,0.703
yolo11n,A_unfinetuned,bo_exploitation,3.0,0.32,f1,0.7091
yolo11n,A_unfinetuned,grid_search,4.0,0.5,f1,0.75
yolo11n,B_finetuned_unsupervised,baseline,0.0,0.0,f1,0.0
yolo11n,B_finetuned_unsupervised,bo_exploration,4.0,0.0,f1,0.7647
yolo11n,B_finetuned_unsupervised,bo_exploitation,2.0,0.21,f1,0.5249
yolo11n,B_finetuned_unsupervised,grid_search,4.0,0.5,f1,0.7492
yolo11n,C_finetuned_supervised,bo_exploration,3.0,0.0,f1,0.7121
yolo11n,C_finetuned_supervised,bo_exploitation,3.0,0.19,f1,0.7162
yolo11n,C_finetuned_supervised,grid_search,4.0,0.0,f1,0.7647
yolo11m,A_unfinetuned,baseline,0.0,0.0,f1,0.0002
yolo11m,A_unfinetuned,bo_exploration,3.0,0.49,f1,0.6738
yolo11m,A_unfinetuned,bo_exploitation,3.0,0.48,f1,0.6753
yolo11m,A_unfinetuned,grid_search,4.0,0.5,f1,0.6962
yolo11m,B_finetuned_unsupervised,baseline,0.0,0.0,f1,0.0001
yolo11m,B_finetuned_unsupervised,bo_exploration,3.0,0.41,f1,0.7233
yolo11m,B_finetuned_unsupervised,bo_exploitation,3.0,0.35,f1,0.724
yolo11m,B_finetuned_unsupervised,grid_search,4.0,0.5,f1,0.7393
yolo11m,C_finetuned_supervised,bo_exploration,3.0,0.5,f1,0.7233
yolo11m,C_finetuned_supervised,bo_exploitation,3.0,0.11,f1,0.7248
yolo11m,C_finetuned_supervised,grid_search,4.0,0.0,f1,0.7462
yolo11n,A_unfinetuned,baseline,0.0,0.0,f1,0.0
yolo11n,A_unfinetuned,bo_exploration,2.0,0.11,f1,0.5258
yolo11n,A_unfinetuned,bo_exploitation,3.0,0.3,f1,0.7268
yolo11n,A_unfinetuned,grid_search,4.0,0.5,f1,0.7595
yolo11n,B_finetuned_unsupervised,baseline,0.0,0.0,f1,0.0002
yolo11n,B_finetuned_unsupervised,bo_exploration,3.0,0.28,f1,0.7143
yolo11n,B_finetuned_unsupervised,bo_exploitation,3.0,0.5,f1,0.7138
yolo11n,B_finetuned_unsupervised,grid_search,4.0,0.5,f1,0.7469
yolo11n,C_finetuned_supervised,bo_exploration,2.0,0.28,f1,0.5418
yolo11n,C_finetuned_supervised,bo_exploitation,3.0,0.23,f1,0.7158
yolo11n,C_finetuned_supervised,grid_search,4.0,0.0,f1,0.7564
yolo11m,A_unfinetuned,baseline,0.0,0.0,f1,0.0002
yolo11m,A_unfinetuned,bo_exploration,2.0,0.38,f1,0.5478
yolo11m,A_unfinetuned,bo_exploitation,3.0,0.12,f1,0.6671
yolo11m,A_unfinetuned,grid_search,4.0,0.5,f1,0.6806
rtdetr-l,A_unfinetuned,baseline,0.0,0.0,f1,0.0001
rtdetr-l,A_unfinetuned,bo_exploration,2.0,0.48,f1,0.4669
rtdetr-l,A_unfinetuned,bo_exploitation,3.0,0.42,f1,0.6711
rtdetr-l,A_unfinetuned,grid_search,4.0,0.5,f1,0.7069
rtdetr-l,B_finetuned_unsupervised,baseline,0.0,0.0,f1,0.0001
rtdetr-l,B_finetuned_unsupervised,bo_exploration,4.0,0.5,f1,0.71
rtdetr-l,B_finetuned_unsupervised,bo_exploitation,3.0,0.41,f1,0.6808
rtdetr-l,B_finetuned_unsupervised,grid_search,4.0,0.5,f1,0.71
rtdetr-l,C_finetuned_supervised,bo_exploration,2.0,0.01,f1,0.5015
rtdetr-l,C_finetuned_supervised,bo_exploitation,2.0,0.21,f1,0.5062
rtdetr-l,C_finetuned_supervised,grid_search,4.0,0.0,f1,0.7073
rtdetr-l,A_unfinetuned,baseline,0.0,0.0,f1,0.0004
rtdetr-l,A_unfinetuned,bo_exploration,4.0,0.25,f1,0.7104
rtdetr-l,A_unfinetuned,bo_exploitation,2.0,0.47,f1,0.5141
rtdetr-l,A_unfinetuned,grid_search,4.0,0.5,f1,0.7146
rtdetr-l,B_finetuned_unsupervised,baseline,0.0,0.0,f1,0.0001
rtdetr-l,B_finetuned_unsupervised,bo_exploration,4.0,0.5,f1,0.7029
rtdetr-l,B_finetuned_unsupervised,bo_exploitation,3.0,0.38,f1,0.6599
rtdetr-l,B_finetuned_unsupervised,grid_search,4.0,0.5,f1,0.7029
rtdetr-l,C_finetuned_supervised,bo_exploration,3.0,0.37,f1,0.6564
rtdetr-l,C_finetuned_supervised,bo_exploitation,3.0,0.5,f1,0.6554
rtdetr-l,C_finetuned_supervised,grid_search,4.0,0.25,f1,0.6879
rtdetr-l,A_unfinetuned,baseline,0.0,0.0,f1,0.0026
rtdetr-l,A_unfinetuned,bo_exploration,3.0,0.41,f1,0.6067
rtdetr-l,A_unfinetuned,bo_exploitation,4.0,0.5,f1,0.6434
rtdetr-l,A_unfinetuned,grid_search,4.0,0.5,f1,0.6434
rtdetr-l,B_finetuned_unsupervised,baseline,0.0,0.0,f1,0.0001
rtdetr-l,B_finetuned_unsupervised,bo_exploration,4.0,0.5,f1,0.7484
rtdetr-l,B_finetuned_unsupervised,bo_exploitation,3.0,0.5,f1,0.7097
rtdetr-l,B_finetuned_unsupervised,grid_search,4.0,0.5,f1,0.7484
rtdetr-l,C_finetuned_supervised,bo_exploration,3.0,0.19,f1,0.7079
rtdetr-l,C_finetuned_supervised,bo_exploitation,3.0,0.09,f1,0.7107
rtdetr-l,C_finetuned_supervised,grid_search,4.0,0.0,f1,0.7471
rtdetr-l,A_unfinetuned,baseline,0.0,0.0,f1,0.0
rtdetr-l,A_unfinetuned,bo_exploration,2.0,0.21,f1,0.4177
rtdetr-l,A_unfinetuned,bo_exploitation,3.0,0.37,f1,0.6552
rtdetr-l,A_unfinetuned,grid_search,4.0,0.5,f1,0.7172
rtdetr-l,B_finetuned_unsupervised,baseline,0.0,0.0,f1,0.0001
rtdetr-l,B_finetuned_unsupervised,bo_exploration,3.0,0.5,f1,0.6281
rtdetr-l,B_finetuned_unsupervised,bo_exploitation,3.0,0.29,f1,0.6243
rtdetr-l,B_finetuned_unsupervised,grid_search,4.0,0.5,f1,0.6765
rtdetr-l,C_finetuned_supervised,bo_exploration,3.0,0.07,f1,0.6308
rtdetr-l,C_finetuned_supervised,bo_exploitation,3.0,0.32,f1,0.6242
rtdetr-l,C_finetuned_supervised,grid_search,4.0,0.0,f1,0.678
rtdetr-l,A_unfinetuned,baseline,0.0,0.0,f1,0.0
rtdetr-l,A_unfinetuned,bo_exploration,3.0,0.49,f1,0.6189
rtdetr-l,A_unfinetuned,bo_exploitation,3.0,0.46,f1,0.6219
rtdetr-l,A_unfinetuned,grid_search,4.0,0.5,f1,0.6732
rtdetr-l,B_finetuned_unsupervised,baseline,0.0,0.0,f1,0.0001
rtdetr-l,B_finetuned_unsupervised,bo_exploration,3.0,0.5,f1,0.6846
rtdetr-l,B_finetuned_unsupervised,bo_exploitation,3.0,0.36,f1,0.6834
rtdetr-l,B_finetuned_unsupervised,grid_search,4.0,0.5,f1,0.7304
rtdetr-l,C_finetuned_supervised,bo_exploration,3.0,0.08,f1,0.6832
rtdetr-l,C_finetuned_supervised,bo_exploitation,4.0,0.0,f1,0.7301
rtdetr-l,C_finetuned_supervised,grid_search,4.0,0.0,f1,0.7301
rtdetr-l,A_unfinetuned,baseline,0.0,0.0,f1,0.0
rtdetr-l,A_unfinetuned,bo_exploration,3.0,0.39,f1,0.6982
rtdetr-l,A_unfinetuned,bo_exploitation,3.0,0.31,f1,0.699
rtdetr-l,A_unfinetuned,grid_search,4.0,0.5,f1,0.7442
rtdetr-l,B_finetuned_unsupervised,baseline,0.0,0.0,f1,0.0029
rtdetr-l,B_finetuned_unsupervised,bo_exploration,4.0,0.5,f1,0.6627
rtdetr-l,B_finetuned_unsupervised,bo_exploitation,3.0,0.43,f1,0.6226
rtdetr-l,B_finetuned_unsupervised,grid_search,4.0,0.5,f1,0.6627
rtdetr-l,C_finetuned_supervised,bo_exploration,4.0,0.5,f1,0.6627
rtdetr-l,C_finetuned_supervised,bo_exploitation,3.0,0.31,f1,0.6153
rtdetr-l,C_finetuned_supervised,grid_search,4.0,0.0,f1,0.6503
rtdetr-l,A_unfinetuned,baseline,0.0,0.0,f1,0.0
rtdetr-l,A_unfinetuned,bo_exploration,2.0,0.33,f1,0.4194
rtdetr-l,A_unfinetuned,bo_exploitation,3.0,0.43,f1,0.6799
rtdetr-l,A_unfinetuned,grid_search,4.0,0.5,f1,0.7296
rtdetr-l,B_finetuned_unsupervised,baseline,0.0,0.0,f1,0.0
rtdetr-l,B_finetuned_unsupervised,bo_exploration,3.0,0.5,f1,0.6962
rtdetr-l,B_finetuned_unsupervised,bo_exploitation,2.0,0.2,f1,0.5014
rtdetr-l,B_finetuned_unsupervised,grid_search,4.0,0.5,f1,0.7313
rtdetr-l,C_finetuned_supervised,bo_exploration,4.0,0.5,f1,0.7313
rtdetr-l,C_finetuned_supervised,bo_exploitation,3.0,0.2,f1,0.6873
rtdetr-l,C_finetuned_supervised,grid_search,4.0,0.0,f1,0.7295
rtdetr-l,A_unfinetuned,baseline,0.0,0.0,f1,0.0001
rtdetr-l,A_unfinetuned,bo_exploration,3.0,0.42,f1,0.6303
rtdetr-l,A_unfinetuned,bo_exploitation,2.0,0.0,f1,0.4339
rtdetr-l,A_unfinetuned,grid_search,4.0,0.5,f1,0.6795
rtdetr-l,B_finetuned_unsupervised,baseline,0.0,0.0,f1,0.0
rtdetr-l,B_finetuned_unsupervised,bo_exploration,3.0,0.32,f1,0.72
rtdetr-l,B_finetuned_unsupervised,bo_exploitation,3.0,0.44,f1,0.7225
rtdetr-l,B_finetuned_unsupervised,grid_search,4.0,0.5,f1,0.754
rtdetr-l,C_finetuned_supervised,bo_exploration,3.0,0.29,f1,0.7193
rtdetr-l,C_finetuned_supervised,bo_exploitation,3.0,0.21,f1,0.7193
rtdetr-l,C_finetuned_supervised,grid_search,4.0,0.0,f1,0.7521
yolo11n,B_finetuned_unsupervised,baseline,0.0,0.0,f1,0.0002
yolo11n,B_finetuned_unsupervised,bo_exploration,3.0,0.27,f1,0.7136
yolo11n,B_finetuned_unsupervised,bo_exploitation,2.0,0.32,f1,0.5404
yolo11n,B_finetuned_unsupervised,grid_search,4.0,0.5,f1,0.7471
yolo11n,C_finetuned_supervised,bo_exploration,4.0,0.0,f1,0.7568
yolo11n,C_finetuned_supervised,bo_exploitation,2.0,0.0,f1,0.5542
yolo11n,C_finetuned_supervised,grid_search,4.0,0.0,f1,0.7568
yolo11m,A_unfinetuned,baseline,0.0,0.0,f1,0.0001
yolo11m,A_unfinetuned,bo_exploration,3.0,0.09,f1,0.7043
yolo11m,A_unfinetuned,bo_exploitation,3.0,0.05,f1,0.6973
yolo11m,A_unfinetuned,grid_search,4.0,0.5,f1,0.7038
yolo11m,B_finetuned_unsupervised,baseline,0.0,0.0,f1,0.0
yolo11m,B_finetuned_unsupervised,bo_exploration,3.0,0.35,f1,0.7407
yolo11m,B_finetuned_unsupervised,bo_exploitation,2.0,0.41,f1,0.6052
yolo11m,B_finetuned_unsupervised,grid_search,4.0,0.5,f1,0.755
yolo11m,C_finetuned_supervised,bo_exploration,3.0,0.31,f1,0.7408
yolo11m,C_finetuned_supervised,bo_exploitation,4.0,0.0,f1,0.764
yolo11m,C_finetuned_supervised,grid_search,4.0,0.0,f1,0.764
yolo11n,A_unfinetuned,baseline,0.0,0.0,f1,0.0005
yolo11n,A_unfinetuned,bo_exploration,3.0,0.31,f1,0.7022
yolo11n,A_unfinetuned,bo_exploitation,3.0,0.47,f1,0.6984
yolo11n,A_unfinetuned,grid_search,4.0,0.5,f1,0.7245
yolo11n,B_finetuned_unsupervised,baseline,0.0,0.0,f1,0.0
yolo11n,B_finetuned_unsupervised,bo_exploration,3.0,0.39,f1,0.733
yolo11n,B_finetuned_unsupervised,bo_exploitation,3.0,0.26,f1,0.7335
yolo11n,B_finetuned_unsupervised,grid_search,4.0,0.5,f1,0.7639
yolo11n,C_finetuned_supervised,bo_exploration,3.0,0.23,f1,0.7368
yolo11n,C_finetuned_supervised,bo_exploitation,2.0,0.04,f1,0.5757
yolo11n,C_finetuned_supervised,grid_search,4.0,0.0,f1,0.7802
yolo11m,A_unfinetuned,baseline,0.0,0.0,f1,0.0
yolo11m,A_unfinetuned,bo_exploration,4.0,0.5,f1,0.6807
yolo11m,A_unfinetuned,bo_exploitation,3.0,0.35,f1,0.6634
yolo11m,A_unfinetuned,grid_search,4.0,0.5,f1,0.6807
yolo11m,B_finetuned_unsupervised,baseline,0.0,0.0,f1,0.0001
yolo11m,B_finetuned_unsupervised,bo_exploration,3.0,0.46,f1,0.7429
yolo11m,B_finetuned_unsupervised,bo_exploitation,2.0,0.3,f1,0.6187
yolo11m,B_finetuned_unsupervised,grid_search,4.0,0.5,f1,0.7564
yolo11m,C_finetuned_supervised,bo_exploration,3.0,0.07,f1,0.7466
yolo11m,C_finetuned_supervised,bo_exploitation,2.0,0.16,f1,0.6197
yolo11m,C_finetuned_supervised,grid_search,4.0,0.0,f1,0.7651
yolo11n,A_unfinetuned,baseline,0.0,0.0,f1,0.0
yolo11n,A_unfinetuned,bo_exploration,3.0,0.5,f1,0.7477
yolo11n,A_unfinetuned,bo_exploitation,3.0,0.26,f1,0.7489
yolo11n,A_unfinetuned,grid_search,4.0,0.5,f1,0.7816
yolo11n,B_finetuned_unsupervised,baseline,0.0,0.0,f1,0.0
yolo11n,B_finetuned_unsupervised,bo_exploration,3.0,0.04,f1,0.737
yolo11n,B_finetuned_unsupervised,bo_exploitation,3.0,0.22,f1,0.7382
yolo11n,B_finetuned_unsupervised,grid_search,4.0,0.5,f1,0.7653
yolo11n,C_finetuned_supervised,bo_exploration,3.0,0.02,f1,0.7381
yolo11n,C_finetuned_supervised,bo_exploitation,3.0,0.5,f1,0.7355
yolo11n,C_finetuned_supervised,grid_search,4.0,0.0,f1,0.7813
yolo11m,A_unfinetuned,baseline,0.0,0.0,f1,0.0
yolo11m,A_unfinetuned,bo_exploration,4.0,0.36,f1,0.7238
yolo11m,A_unfinetuned,bo_exploitation,3.0,0.41,f1,0.6978
yolo11m,A_unfinetuned,grid_search,4.0,0.5,f1,0.7226
yolo11m,B_finetuned_unsupervised,baseline,0.0,0.0,f1,0.0001
yolo11m,B_finetuned_unsupervised,bo_exploration,3.0,0.44,f1,0.744
yolo11m,B_finetuned_unsupervised,bo_exploitation,3.0,0.28,f1,0.743
yolo11m,B_finetuned_unsupervised,grid_search,4.0,0.5,f1,0.7572
yolo11m,C_finetuned_supervised,bo_exploration,4.0,0.5,f1,0.7572
yolo11m,C_finetuned_supervised,bo_exploitation,3.0,0.5,f1,0.7421
yolo11m,C_finetuned_supervised,grid_search,4.0,0.0,f1,0.7659
yolo11n,A_unfinetuned,baseline,0.0,0.0,f1,0.0
yolo11n,A_unfinetuned,bo_exploration,4.0,0.0,f1,0.7975
yolo11n,A_unfinetuned,bo_exploitation,3.0,0.0,f1,0.7232
yolo11n,A_unfinetuned,grid_search,4.0,0.5,f1,0.7713
yolo11n,B_finetuned_unsupervised,baseline,0.0,0.0,f1,0.0001
yolo11n,B_finetuned_unsupervised,bo_exploration,3.0,0.27,f1,0.7308
yolo11n,B_finetuned_unsupervised,bo_exploitation,2.0,0.32,f1,0.5555
yolo11n,B_finetuned_unsupervised,grid_search,4.0,0.5,f1,0.7643
yolo11n,C_finetuned_supervised,bo_exploration,2.0,0.03,f1,0.5634
yolo11n,C_finetuned_supervised,bo_exploitation,3.0,0.05,f1,0.7346
yolo11n,C_finetuned_supervised,grid_search,4.0,0.0,f1,0.7754
yolo11m,A_unfinetuned,baseline,0.0,0.0,f1,0.0002
yolo11m,A_unfinetuned,bo_exploration,3.0,0.25,f1,0.701
yolo11m,A_unfinetuned,bo_exploitation,2.0,0.21,f1,0.5709
yolo11m,A_unfinetuned,grid_search,4.0,0.5,f1,0.7286
yolo11m,B_finetuned_unsupervised,baseline,0.0,0.0,f1,0.0
yolo11m,B_finetuned_unsupervised,bo_exploration,3.0,0.39,f1,0.774
yolo11m,B_finetuned_unsupervised,bo_exploitation,4.0,0.5,f1,0.7995
yolo11m,B_finetuned_unsupervised,grid_search,4.0,0.5,f1,0.7995
yolo11m,C_finetuned_supervised,bo_exploration,3.0,0.46,f1,0.7746
yolo11m,C_finetuned_supervised,bo_exploitation,4.0,0.5,f1,0.7995
yolo11m,C_finetuned_supervised,grid_search,4.0,0.0,f1,0.8092
yolo11n,A_unfinetuned,baseline,0.0,0.0,f1,0.0
yolo11n,A_unfinetuned,bo_exploration,2.0,0.48,f1,0.5283
yolo11n,A_unfinetuned,bo_exploitation,2.0,0.35,f1,0.5603
yolo11n,A_unfinetuned,grid_search,4.0,0.5,f1,0.7834
yolo11n,B_finetuned_unsupervised,baseline,0.0,0.0,f1,0.0
yolo11n,B_finetuned_unsupervised,bo_exploration,3.0,0.5,f1,0.7352
yolo11n,B_finetuned_unsupervised,bo_exploitation,3.0,0.45,f1,0.7357
yolo11n,B_finetuned_unsupervised,grid_search,4.0,0.5,f1,0.7649
yolo11n,C_finetuned_supervised,bo_exploration,3.0,0.0,f1,0.7314
yolo11n,C_finetuned_supervised,bo_exploitation,3.0,0.25,f1,0.7381
yolo11n,C_finetuned_supervised,grid_search,4.0,0.0,f1,0.7811
yolo11m,A_unfinetuned,baseline,0.0,0.0,f1,0.0005
yolo11m,A_unfinetuned,bo_exploration,3.0,0.44,f1,0.6876
yolo11m,A_unfinetuned,bo_exploitation,3.0,0.47,f1,0.6841
yolo11m,A_unfinetuned,grid_search,4.0,0.5,f1,0.6951
yolo11m,B_finetuned_unsupervised,baseline,0.0,0.0,f1,0.0001
yolo11m,B_finetuned_unsupervised,bo_exploration,3.0,0.48,f1,0.7418
yolo11m,B_finetuned_unsupervised,bo_exploitation,3.0,0.09,f1,0.7456
yolo11m,B_finetuned_unsupervised,grid_search,4.0,0.5,f1,0.757
yolo11m,C_finetuned_supervised,bo_exploration,2.0,0.0,f1,0.62
yolo11m,C_finetuned_supervised,bo_exploitation,3.0,0.05,f1,0.7457
yolo11m,C_finetuned_supervised,grid_search,4.0,0.0,f1,0.7658
yolo11n,A_unfinetuned,baseline,0.0,0.0,f1,0.0
yolo11n,A_unfinetuned,bo_exploration,4.0,0.5,f1,0.7616
yolo11n,A_unfinetuned,bo_exploitation,3.0,0.48,f1,0.7115
yolo11n,A_unfinetuned,grid_search,4.0,0.5,f1,0.7616
yolo11n,B_finetuned_unsupervised,baseline,0.0,0.0,f1,0.0001
yolo11n,B_finetuned_unsupervised,bo_exploration,4.0,0.06,f1,0.7655
yolo11n,B_finetuned_unsupervised,bo_exploitation,3.0,0.5,f1,0.7299
yolo11n,B_finetuned_unsupervised,grid_search,4.0,0.5,f1,0.7641
yolo11n,C_finetuned_supervised,bo_exploration,4.0,0.0,f1,0.7751
yolo11n,C_finetuned_supervised,bo_exploitation,3.0,0.1,f1,0.7351
yolo11n,C_finetuned_supervised,grid_search,4.0,0.0,f1,0.7751
yolo11m,A_unfinetuned,baseline,0.0,0.0,f1,0.0001
yolo11m,A_unfinetuned,bo_exploration,3.0,0.5,f1,0.6364
yolo11m,A_unfinetuned,bo_exploitation,3.0,0.05,f1,0.6486
yolo11m,A_unfinetuned,grid_search,4.0,0.5,f1,0.6693
yolo11m,B_finetuned_unsupervised,baseline,0.0,0.0,f1,0.0001
yolo11m,B_finetuned_unsupervised,bo_exploration,3.0,0.32,f1,0.744
yolo11m,B_finetuned_unsupervised,bo_exploitation,3.0,0.11,f1,0.7445
yolo11m,B_finetuned_unsupervised,grid_search,4.0,0.5,f1,0.7568
yolo11m,C_finetuned_supervised,bo_exploration,3.0,0.0,f1,0.735
yolo11m,C_finetuned_supervised,bo_exploitation,3.0,0.16,f1,0.7446
yolo11m,C_finetuned_supervised,grid_search,4.0,0.0,f1,0.7653
yolo11n,A_unfinetuned,baseline,0.0,0.0,f1,0.0
yolo11n,A_unfinetuned,bo_exploration,3.0,0.38,f1,0.7342
yolo11n,A_unfinetuned,bo_exploitation,3.0,0.01,f1,0.7401
yolo11n,A_unfinetuned,grid_search,4.0,0.5,f1,0.7734
yolo11n,B_finetuned_unsupervised,baseline,0.0,0.0,f1,0.0002
yolo11n,B_finetuned_unsupervised,bo_exploration,3.0,0.5,f1,0.7145
yolo11n,B_finetuned_unsupervised,bo_exploitation,3.0,0.31,f1,0.7141
yolo11n,B_finetuned_unsupervised,grid_search,4.0,0.5,f1,0.747
yolo11n,C_finetuned_supervised,bo_exploration,4.0,0.0,f1,0.7567
yolo11n,C_finetuned_supervised,bo_exploitation,3.0,0.14,f1,0.7181
yolo11n,C_finetuned_supervised,grid_search,4.0,0.0,f1,0.7567
yolo11m,A_unfinetuned,baseline,0.0,0.0,f1,0.0004
yolo11m,A_unfinetuned,bo_exploration,2.0,0.47,f1,0.5139
yolo11m,A_unfinetuned,bo_exploitation,3.0,0.08,f1,0.6436
yolo11m,A_unfinetuned,grid_search,4.0,0.5,f1,0.6567
yolo11m,B_finetuned_unsupervised,baseline,0.0,0.0,f1,0.0
yolo11m,B_finetuned_unsupervised,bo_exploration,3.0,0.15,f1,0.7433
yolo11m,B_finetuned_unsupervised,bo_exploitation,2.0,0.02,f1,0.6145
yolo11m,B_finetuned_unsupervised,grid_search,4.0,0.5,f1,0.7548
yolo11m,C_finetuned_supervised,bo_exploration,4.0,0.5,f1,0.7548
yolo11m,C_finetuned_supervised,bo_exploitation,2.0,0.15,f1,0.6154
yolo11m,C_finetuned_supervised,grid_search,4.0,0.0,f1,0.7639
yolo11n,A_unfinetuned,baseline,0.0,0.0,f1,0.0
yolo11n,A_unfinetuned,bo_exploration,3.0,0.4,f1,0.7384
yolo11n,A_unfinetuned,bo_exploitation,3.0,0.34,f1,0.7293
yolo11n,A_unfinetuned,grid_search,4.0,0.5,f1,0.7766
yolo11n,B_finetuned_unsupervised,baseline,0.0,0.0,f1,0.0
yolo11n,B_finetuned_unsupervised,bo_exploration,2.0,0.47,f1,0.5114
yolo11n,B_finetuned_unsupervised,bo_exploitation,3.0,0.18,f1,0.7172
yolo11n,B_finetuned_unsupervised,grid_search,4.0,0.5,f1,0.7479
yolo11n,C_finetuned_supervised,bo_exploration,3.0,0.27,f1,0.712
yolo11n,C_finetuned_supervised,bo_exploitation,4.0,0.0,f1,0.7586
yolo11n,C_finetuned_supervised,grid_search,4.0,0.0,f1,0.7586
yolo11m,A_unfinetuned,baseline,0.0,0.0,f1,0.0
yolo11m,A_unfinetuned,bo_exploration,3.0,0.5,f1,0.6591
yolo11m,A_unfinetuned,bo_exploitation,3.0,0.27,f1,0.6615
yolo11m,A_unfinetuned,grid_search,4.0,0.5,f1,0.6837
yolo11m,B_finetuned_unsupervised,baseline,0.0,0.0,f1,0.0
yolo11m,B_finetuned_unsupervised,bo_exploration,4.0,0.5,f1,0.754
yolo11m,B_finetuned_unsupervised,bo_exploitation,3.0,0.19,f1,0.7407
yolo11m,B_finetuned_unsupervised,grid_search,4.0,0.5,f1,0.754
yolo11m,C_finetuned_supervised,bo_exploration,3.0,0.07,f1,0.7435
yolo11m,C_finetuned_supervised,bo_exploitation,3.0,0.29,f1,0.7404
yolo11m,C_finetuned_supervised,grid_search,4.0,0.0,f1,0.763
yolo11n,A_unfinetuned,baseline,0.0,0.0,f1,0.0
yolo11n,A_unfinetuned,bo_exploration,4.0,0.5,f1,0.7728
yolo11n,A_unfinetuned,bo_exploitation,3.0,0.42,f1,0.722
yolo11n,A_unfinetuned,grid_search,4.0,0.5,f1,0.7728
yolo11n,B_finetuned_unsupervised,baseline,0.0,0.0,f1,0.0
yolo11n,B_finetuned_unsupervised,bo_exploration,4.0,0.5,f1,0.7656
yolo11n,B_finetuned_unsupervised,bo_exploitation,3.0,0.14,f1,0.7374
yolo11n,B_finetuned_unsupervised,grid_search,4.0,0.5,f1,0.7656
yolo11n,C_finetuned_supervised,bo_exploration,2.0,0.29,f1,0.5692
yolo11n,C_finetuned_supervised,bo_exploitation,3.0,0.41,f1,0.7266
yolo11n,C_finetuned_supervised,grid_search,4.0,0.0,f1,0.7818
yolo11n,A_unfinetuned,baseline,0.0,0.0,f1,0.0001
yolo11n,A_unfinetuned,bo_exploration,2.0,0.4,f1,0.5451
yolo11n,A_unfinetuned,bo_exploitation,3.0,0.15,f1,0.7032
yolo11n,A_unfinetuned,grid_search,4.0,0.5,f1,0.7297
yolo11n,B_finetuned_unsupervised,baseline,0.0,0.0,f1,0.0002
yolo11n,B_finetuned_unsupervised,bo_exploration,3.0,0.43,f1,0.7105
yolo11n,B_finetuned_unsupervised,bo_exploitation,2.0,0.08,f1,0.5431
yolo11n,B_finetuned_unsupervised,grid_search,4.0,0.5,f1,0.7471
yolo11n,C_finetuned_supervised,bo_exploration,4.0,0.5,f1,0.7471
yolo11n,C_finetuned_supervised,bo_exploitation,4.0,0.29,f1,0.7443
yolo11n,C_finetuned_supervised,grid_search,4.0,0.0,f1,0.7568
rtdetr-l,A_unfinetuned,baseline,0.0,0.0,f1,0.0001
rtdetr-l,A_unfinetuned,bo_exploration,2.0,0.49,f1,0.5599
rtdetr-l,A_unfinetuned,bo_exploitation,3.0,0.08,f1,0.7386
rtdetr-l,A_unfinetuned,grid_search,4.0,0.5,f1,0.7753
rtdetr-l,B_finetuned_unsupervised,baseline,0.0,0.0,f1,0.0
rtdetr-l,B_finetuned_unsupervised,bo_exploration,3.0,0.1,f1,0.6686
rtdetr-l,B_finetuned_unsupervised,bo_exploitation,4.0,0.36,f1,0.7137
rtdetr-l,B_finetuned_unsupervised,grid_search,4.0,0.5,f1,0.7153
rtdetr-l,C_finetuned_supervised,bo_exploration,2.0,0.21,f1,0.469
rtdetr-l,C_finetuned_supervised,bo_exploitation,4.0,0.5,f1,0.7153
rtdetr-l,C_finetuned_supervised,grid_search,4.0,0.0,f1,0.7131
rtdetr-l,A_unfinetuned,baseline,0.0,0.0,f1,0.0002
rtdetr-l,A_unfinetuned,bo_exploration,2.0,0.27,f1,0.355
rtdetr-l,A_unfinetuned,bo_exploitation,2.0,0.48,f1,0.3445
rtdetr-l,A_unfinetuned,grid_search,4.0,0.5,f1,0.6708
rtdetr-l,B_finetuned_unsupervised,baseline,0.0,0.0,f1,0.0006
rtdetr-l,B_finetuned_unsupervised,bo_exploration,3.0,0.41,f1,0.6039
rtdetr-l,B_finetuned_unsupervised,bo_exploitation,3.0,0.43,f1,0.606
rtdetr-l,B_finetuned_unsupervised,grid_search,4.0,0.5,f1,0.6466
rtdetr-l,C_finetuned_supervised,bo_exploration,3.0,0.03,f1,0.6068
rtdetr-l,C_finetuned_supervised,bo_exploitation,3.0,0.0,f1,0.5965
rtdetr-l,C_finetuned_supervised,grid_search,4.0,0.0,f1,0.6522
rtdetr-l,A_unfinetuned,baseline,0.0,0.0,f1,0.0007
rtdetr-l,A_unfinetuned,bo_exploration,4.0,0.5,f1,0.6215
rtdetr-l,A_unfinetuned,bo_exploitation,2.0,0.23,f1,0.2635
rtdetr-l,A_unfinetuned,grid_search,4.0,0.5,f1,0.6215
rtdetr-l,B_finetuned_unsupervised,baseline,0.0,0.0,f1,0.0003
rtdetr-l,B_finetuned_unsupervised,bo_exploration,4.0,0.49,f1,0.6705
rtdetr-l,B_finetuned_unsupervised,bo_exploitation,3.0,0.24,f1,0.6071
rtdetr-l,B_finetuned_unsupervised,grid_search,4.0,0.5,f1,0.6685
rtdetr-l,C_finetuned_supervised,bo_exploration,3.0,0.16,f1,0.6155
rtdetr-l,C_finetuned_supervised,bo_exploitation,2.0,0.22,f1,0.4301
rtdetr-l,C_finetuned_supervised,grid_search,4.0,0.0,f1,0.6544
rtdetr-l,A_unfinetuned,baseline,0.0,0.0,f1,0.0
rtdetr-l,A_unfinetuned,bo_exploration,3.0,0.47,f1,0.6675
rtdetr-l,A_unfinetuned,bo_exploitation,2.0,0.43,f1,0.4278
rtdetr-l,A_unfinetuned,grid_search,4.0,0.5,f1,0.7199
rtdetr-l,B_finetuned_unsupervised,baseline,0.0,0.0,f1,0.0003
rtdetr-l,B_finetuned_unsupervised,bo_exploration,2.0,0.46,f1,0.372
rtdetr-l,B_finetuned_unsupervised,bo_exploitation,3.0,0.45,f1,0.5912
rtdetr-l,B_finetuned_unsupervised,grid_search,4.0,0.5,f1,0.6506
rtdetr-l,C_finetuned_supervised,bo_exploration,4.0,0.0,f1,0.6417
rtdetr-l,C_finetuned_supervised,bo_exploitation,3.0,0.16,f1,0.5907
rtdetr-l,C_finetuned_supervised,grid_search,4.0,0.0,f1,0.6417
rtdetr-l,A_unfinetuned,baseline,0.0,0.0,f1,0.0
rtdetr-l,A_unfinetuned,bo_exploration,3.0,0.48,f1,0.6489
rtdetr-l,A_unfinetuned,bo_exploitation,3.0,0.29,f1,0.6509
rtdetr-l,A_unfinetuned,grid_search,4.0,0.5,f1,0.7118
rtdetr-l,B_finetuned_unsupervised,baseline,0.0,0.0,f1,0.0
rtdetr-l,B_finetuned_unsupervised,bo_exploration,3.0,0.5,f1,0.66
rtdetr-l,B_finetuned_unsupervised,bo_exploitation,3.0,0.39,f1,0.6601
rtdetr-l,B_finetuned_unsupervised,grid_search,4.0,0.5,f1,0.7034
rtdetr-l,C_finetuned_supervised,bo_exploration,4.0,0.0,f1,0.6966
rtdetr-l,C_finetuned_supervised,bo_exploitation,4.0,0.5,f1,0.7034
rtdetr-l,C_finetuned_supervised,grid_search,4.0,0.5,f1,0.7034
rtdetr-l,A_unfinetuned,baseline,0.0,0.0,f1,0.0
rtdetr-l,A_unfinetuned,bo_exploration,2.0,0.36,f1,0.4667
rtdetr-l,A_unfinetuned,bo_exploitation,2.0,0.3,f1,0.4708
rtdetr-l,A_unfinetuned,grid_search,4.0,0.5,f1,0.7644
rtdetr-l,B_finetuned_unsupervised,baseline,0.0,0.0,f1,0.0019
rtdetr-l,B_finetuned_unsupervised,bo_exploration,3.0,0.31,f1,0.7087
rtdetr-l,B_finetuned_unsupervised,bo_exploitation,3.0,0.41,f1,0.712
rtdetr-l,B_finetuned_unsupervised,grid_search,4.0,0.5,f1,0.733
rtdetr-l,C_finetuned_supervised,bo_exploration,2.0,0.35,f1,0.559
rtdetr-l,C_finetuned_supervised,bo_exploitation,2.0,0.23,f1,0.5633
rtdetr-l,C_finetuned_supervised,grid_search,4.0,0.0,f1,0.7313
rtdetr-l,A_unfinetuned,baseline,0.0,0.0,f1,0.0001
rtdetr-l,A_unfinetuned,bo_exploration,2.0,0.14,f1,0.4953
rtdetr-l,A_unfinetuned,bo_exploitation,3.0,0.15,f1,0.6644
rtdetr-l,A_unfinetuned,grid_search,4.0,0.5,f1,0.7194
rtdetr-l,B_finetuned_unsupervised,baseline,0.0,0.0,f1,0.0
rtdetr-l,B_finetuned_unsupervised,bo_exploration,3.0,0.5,f1,0.7181
rtdetr-l,B_finetuned_unsupervised,bo_exploitation,3.0,0.14,f1,0.7158
rtdetr-l,B_finetuned_unsupervised,grid_search,4.0,0.5,f1,0.7602
rtdetr-l,C_finetuned_supervised,bo_exploration,4.0,0.0,f1,0.7632
rtdetr-l,C_finetuned_supervised,bo_exploitation,2.0,0.1,f1,0.4777
rtdetr-l,C_finetuned_supervised,grid_search,4.0,0.0,f1,0.7632
rtdetr-l,A_unfinetuned,baseline,0.0,0.0,f1,0.0001
rtdetr-l,A_unfinetuned,bo_exploration,2.0,0.42,f1,0.4576
rtdetr-l,A_unfinetuned,bo_exploitation,3.0,0.28,f1,0.6662
rtdetr-l,A_unfinetuned,grid_search,4.0,0.5,f1,0.7147
rtdetr-l,B_finetuned_unsupervised,baseline,0.0,0.0,f1,0.0001
rtdetr-l,B_finetuned_unsupervised,bo_exploration,3.0,0.44,f1,0.6481
rtdetr-l,B_finetuned_unsupervised,bo_exploitation,1.0,0.28,f1,0.0014
rtdetr-l,B_finetuned_unsupervised,grid_search,4.0,0.5,f1,0.6919
rtdetr-l,C_finetuned_supervised,bo_exploration,4.0,0.0,f1,0.6958
rtdetr-l,C_finetuned_supervised,bo_exploitation,3.0,0.04,f1,0.6496
rtdetr-l,C_finetuned_supervised,grid_search,4.0,0.0,f1,0.6958
yolo11n,B_finetuned_unsupervised,baseline,0.0,0.0,f1,0.0
yolo11n,B_finetuned_unsupervised,bo_exploration,3.0,0.5,f1,0.7195
yolo11n,B_finetuned_unsupervised,bo_exploitation,3.0,0.37,f1,0.7152
yolo11n,B_finetuned_unsupervised,grid_search,4.0,0.5,f1,0.7602
yolo11n,C_finetuned_supervised,bo_exploration,4.0,0.0,f1,0.7765
yolo11n,C_finetuned_supervised,bo_exploitation,4.0,0.0,f1,0.7765
yolo11n,C_finetuned_supervised,grid_search,4.0,0.0,f1,0.7765
yolo11m,A_unfinetuned,baseline,0.0,0.0,f1,0.0003
yolo11m,A_unfinetuned,bo_exploration,3.0,0.5,f1,0.643
yolo11m,A_unfinetuned,bo_exploitation,2.0,0.42,f1,0.4963
yolo11m,A_unfinetuned,grid_search,4.0,0.5,f1,0.6588
yolo11m,B_finetuned_unsupervised,baseline,0.0,0.0,f1,0.0001
yolo11m,B_finetuned_unsupervised,bo_exploration,3.0,0.02,f1,0.7464
yolo11m,B_finetuned_unsupervised,bo_exploitation,4.0,0.0,f1,0.7658
yolo11m,B_finetuned_unsupervised,grid_search,4.0,0.5,f1,0.7573
yolo11m,C_finetuned_supervised,bo_exploration,3.0,0.5,f1,0.7421
yolo11m,C_finetuned_supervised,bo_exploitation,3.0,0.23,f1,0.7419
yolo11m,C_finetuned_supervised,grid_search,4.0,0.0,f1,0.7658
yolo11n,A_unfinetuned,baseline,0.0,0.0,f1,0.0
yolo11n,A_unfinetuned,bo_exploration,4.0,0.0,f1,0.7738
yolo11n,A_unfinetuned,bo_exploitation,3.0,0.02,f1,0.745
yolo11n,A_unfinetuned,grid_search,4.0,0.5,f1,0.7604
yolo11n,B_finetuned_unsupervised,baseline,0.0,0.0,f1,0.0001
yolo11n,B_finetuned_unsupervised,bo_exploration,4.0,0.5,f1,0.7642
yolo11n,B_finetuned_unsupervised,bo_exploitation,3.0,0.48,f1,0.7269
yolo11n,B_finetuned_unsupervised,grid_search,4.0,0.5,f1,0.7642
yolo11n,C_finetuned_supervised,bo_exploration,3.0,0.21,f1,0.7328
yolo11n,C_finetuned_supervised,bo_exploitation,4.0,0.0,f1,0.7752
yolo11n,C_finetuned_supervised,grid_search,4.0,0.0,f1,0.7752
yolo11m,A_unfinetuned,baseline,0.0,0.0,f1,0.0001
yolo11m,A_unfinetuned,bo_exploration,3.0,0.12,f1,0.6589
yolo11m,A_unfinetuned,bo_exploitation,3.0,0.15,f1,0.6566
yolo11m,A_unfinetuned,grid_search,4.0,0.5,f1,0.684
yolo11m,B_finetuned_unsupervised,baseline,0.0,0.0,f1,0.0
yolo11m,B_finetuned_unsupervised,bo_exploration,4.0,0.0,f1,0.7652
yolo11m,B_finetuned_unsupervised,bo_exploitation,3.0,0.16,f1,0.7441
yolo11m,B_finetuned_unsupervised,grid_search,4.0,0.5,f1,0.7564
yolo11m,C_finetuned_supervised,bo_exploration,4.0,0.5,f1,0.7564
yolo11m,C_finetuned_supervised,bo_exploitation,3.0,0.21,f1,0.7415
yolo11m,C_finetuned_supervised,grid_search,4.0,0.0,f1,0.7652
yolo11n,A_unfinetuned,baseline,0.0,0.0,f1,0.0
yolo11n,A_unfinetuned,bo_exploration,3.0,0.5,f1,0.7498
yolo11n,A_unfinetuned,bo_exploitation,3.0,0.44,f1,0.7472
yolo11n,A_unfinetuned,grid_search,4.0,0.5,f1,0.7843
yolo11n,B_finetuned_unsupervised,baseline,0.0,0.0,f1,0.0
yolo11n,B_finetuned_unsupervised,bo_exploration,3.0,0.43,f1,0.7063
yolo11n,B_finetuned_unsupervised,bo_exploitation,2.0,0.4,f1,0.5406
yolo11n,B_finetuned_unsupervised,grid_search,4.0,0.5,f1,0.7455
yolo11n,C_finetuned_supervised,bo_exploration,3.0,0.06,f1,0.7135
yolo11n,C_finetuned_supervised,bo_exploitation,3.0,0.13,f1,0.7147
yolo11n,C_finetuned_supervised,grid_search,4.0,0.0,f1,0.7549
yolo11m,A_unfinetuned,baseline,0.0,0.0,f1,0.0001
yolo11m,A_unfinetuned,bo_exploration,4.0,0.0,f1,0.651
yolo11m,A_unfinetuned,bo_exploitation,3.0,0.33,f1,0.6301
yolo11m,A_unfinetuned,grid_search,4.0,0.5,f1,0.6465
yolo11m,B_finetuned_unsupervised,baseline,0.0,0.0,f1,0.0001
yolo11m,B_finetuned_unsupervised,bo_exploration,4.0,0.0,f1,0.7658
yolo11m,B_finetuned_unsupervised,bo_exploitation,3.0,0.36,f1,0.7412
yolo11m,B_finetuned_unsupervised,grid_search,4.0,0.5,f1,0.7573
yolo11m,C_finetuned_supervised,bo_exploration,2.0,0.16,f1,0.6191
yolo11m,C_finetuned_supervised,bo_exploitation,4.0,0.5,f1,0.7573
yolo11m,C_finetuned_supervised,grid_search,4.0,0.0,f1,0.7658
yolo11n,A_unfinetuned,baseline,0.0,0.0,f1,0.0
yolo11n,A_unfinetuned,bo_exploration,3.0,0.04,f1,0.7234
yolo11n,A_unfinetuned,bo_exploitation,3.0,0.34,f1,0.7161
yolo11n,A_unfinetuned,grid_search,4.0,0.5,f1,0.7603
yolo11n,B_finetuned_unsupervised,baseline,0.0,0.0,f1,0.0001
yolo11n,B_finetuned_unsupervised,bo_exploration,2.0,0.43,f1,0.555
yolo11n,B_finetuned_unsupervised,bo_exploitation,4.0,0.24,f1,0.765
yolo11n,B_finetuned_unsupervised,grid_search,4.0,0.5,f1,0.7642
yolo11n,C_finetuned_supervised,bo_exploration,4.0,0.5,f1,0.7642
yolo11n,C_finetuned_supervised,bo_exploitation,4.0,0.0,f1,0.7752
yolo11n,C_finetuned_supervised,grid_search,4.0,0.0,f1,0.7752
yolo11m,A_unfinetuned,baseline,0.0,0.0,f1,0.0001
yolo11m,A_unfinetuned,bo_exploration,3.0,0.5,f1,0.6689
yolo11m,A_unfinetuned,bo_exploitation,3.0,0.28,f1,0.6703
yolo11m,A_unfinetuned,grid_search,4.0,0.5,f1,0.6912
yolo11m,B_finetuned_unsupervised,baseline,0.0,0.0,f1,0.0
yolo11m,B_finetuned_unsupervised,bo_exploration,3.0,0.0,f1,0.7345
yolo11m,B_finetuned_unsupervised,bo_exploitation,3.0,0.32,f1,0.7438
yolo11m,B_finetuned_unsupervised,grid_search,4.0,0.5,f1,0.7564
yolo11m,C_finetuned_supervised,bo_exploration,4.0,0.5,f1,0.7564
yolo11m,C_finetuned_supervised,bo_exploitation,3.0,0.05,f1,0.7452
yolo11m,C_finetuned_supervised,grid_search,4.0,0.0,f1,0.7652
yolo11n,A_unfinetuned,baseline,0.0,0.0,f1,0.0003
yolo11n,A_unfinetuned,bo_exploration,3.0,0.42,f1,0.7258
yolo11n,A_unfinetuned,bo_exploitation,3.0,0.44,f1,0.7264
yolo11n,A_unfinetuned,grid_search,4.0,0.5,f1,0.7493
yolo11n,B_finetuned_unsupervised,baseline,0.0,0.0,f1,0.0
yolo11n,B_finetuned_unsupervised,bo_exploration,3.0,0.5,f1,0.7349
yolo11n,B_finetuned_unsupervised,bo_exploitation,3.0,0.26,f1,0.7336
yolo11n,B_finetuned_unsupervised,grid_search,4.0,0.5,f1,0.7646
yolo11n,C_finetuned_supervised,bo_exploration,3.0,0.11,f1,0.7372
yolo11n,C_finetuned_supervised,bo_exploitation,3.0,0.1,f1,0.7381
yolo11n,C_finetuned_supervised,grid_search,4.0,0.0,f1,0.7807
yolo11m,A_unfinetuned,baseline,0.0,0.0,f1,0.0001
yolo11m,A_unfinetuned,bo_exploration,3.0,0.5,f1,0.6572
yolo11m,A_unfinetuned,bo_exploitation,3.0,0.12,f1,0.6652
yolo11m,A_unfinetuned,grid_search,4.0,0.5,f1,0.6746
yolo11m,B_finetuned_unsupervised,baseline,0.0,0.0,f1,0.0
yolo11m,B_finetuned_unsupervised,bo_exploration,3.0,0.15,f1,0.7086
yolo11m,B_finetuned_unsupervised,bo_exploitation,3.0,0.17,f1,0.7083
yolo11m,B_finetuned_unsupervised,grid_search,4.0,0.5,f1,0.7251
yolo11m,C_finetuned_supervised,bo_exploration,4.0,0.0,f1,0.7288
yolo11m,C_finetuned_supervised,bo_exploitation,2.0,0.16,f1,0.5747
yolo11m,C_finetuned_supervised,grid_search,4.0,0.0,f1,0.7288
yolo11n,A_unfinetuned,baseline,0.0,0.0,f1,0.0003
yolo11n,A_unfinetuned,bo_exploration,3.0,0.5,f1,0.6914
yolo11n,A_unfinetuned,bo_exploitation,3.0,0.37,f1,0.6891
yolo11n,A_unfinetuned,grid_search,4.0,0.5,f1,0.72
yolo11n,B_finetuned_unsupervised,baseline,0.0,0.0,f1,0.0001
yolo11n,B_finetuned_unsupervised,bo_exploration,3.0,0.38,f1,0.7279
yolo11n,B_finetuned_unsupervised,bo_exploitation,4.0,0.38,f1,0.7657
yolo11n,B_finetuned_unsupervised,grid_search,4.0,0.5,f1,0.7643
yolo11n,C_finetuned_supervised,bo_exploration,3.0,0.16,f1,0.7345
yolo11n,C_finetuned_supervised,bo_exploitation,2.0,0.0,f1,0.5727
yolo11n,C_finetuned_supervised,grid_search,4.0,0.0,f1,0.7754
yolo11m,A_unfinetuned,baseline,0.0,0.0,f1,0.0001
yolo11m,A_unfinetuned,bo_exploration,3.0,0.38,f1,0.7411
yolo11m,A_unfinetuned,bo_exploitation,3.0,0.5,f1,0.7395
yolo11m,A_unfinetuned,grid_search,4.0,0.5,f1,0.7577
yolo11m,B_finetuned_unsupervised,baseline,0.0,0.0,f1,0.0
yolo11m,B_finetuned_unsupervised,bo_exploration,3.0,0.47,f1,0.7738
yolo11m,B_finetuned_unsupervised,bo_exploitation,2.0,0.47,f1,0.611
yolo11m,B_finetuned_unsupervised,grid_search,4.0,0.5,f1,0.7995
yolo11m,C_finetuned_supervised,bo_exploration,4.0,0.5,f1,0.7995
yolo11m,C_finetuned_supervised,bo_exploitation,3.0,0.06,f1,0.7794
yolo11m,C_finetuned_supervised,grid_search,4.0,0.0,f1,0.8092
yolo11n,A_unfinetuned,baseline,0.0,0.0,f1,0.0
yolo11n,A_unfinetuned,bo_exploration,3.0,0.29,f1,0.7152
yolo11n,A_unfinetuned,bo_exploitation,2.0,0.49,f1,0.5022
yolo11n,A_unfinetuned,grid_search,4.0,0.5,f1,0.7551
yolo11n,B_finetuned_unsupervised,baseline,0.0,0.0,f1,0.0
yolo11n,B_finetuned_unsupervised,bo_exploration,3.0,0.28,f1,0.7355
yolo11n,B_finetuned_unsupervised,bo_exploitation,2.0,0.46,f1,0.5565
yolo11n,B_finetuned_unsupervised,grid_search,4.0,0.5,f1,0.7653
yolo11n,C_finetuned_supervised,bo_exploration,3.0,0.0,f1,0.7318
yolo11n,C_finetuned_supervised,bo_exploitation,2.0,0.0,f1,0.5839
yolo11n,C_finetuned_supervised,grid_search,4.0,0.0,f1,0.7813
yolo11m,A_unfinetuned,baseline,0.0,0.0,f1,0.0001
yolo11m,A_unfinetuned,bo_exploration,3.0,0.44,f1,0.6519
yolo11m,A_unfinetuned,bo_exploitation,2.0,0.42,f1,0.4989
yolo11m,A_unfinetuned,grid_search,4.0,0.5,f1,0.6848
yolo11m,B_finetuned_unsupervised,baseline,0.0,0.0,f1,0.0001
yolo11m,B_finetuned_unsupervised,bo_exploration,2.0,0.41,f1,0.6137
yolo11m,B_finetuned_unsupervised,bo_exploitation,3.0,0.5,f1,0.7421
yolo11m,B_finetuned_unsupervised,grid_search,4.0,0.5,f1,0.7572
yolo11m,C_finetuned_supervised,bo_exploration,3.0,0.24,f1,0.7426
yolo11m,C_finetuned_supervised,bo_exploitation,3.0,0.15,f1,0.7453
yolo11m,C_finetuned_supervised,grid_search,4.0,0.0,f1,0.7659
yolo11n,A_unfinetuned,baseline,0.0,0.0,f1,0.0
yolo11n,A_unfinetuned,bo_exploration,2.0,0.31,f1,0.5599
yolo11n,A_unfinetuned,bo_exploitation,3.0,0.17,f1,0.7407
yolo11n,A_unfinetuned,grid_search,4.0,0.5,f1,0.7617
yolo11n,B_finetuned_unsupervised,baseline,0.0,0.0,f1,0.0001
yolo11n,B_finetuned_unsupervised,bo_exploration,4.0,0.06,f1,0.7655
yolo11n,B_finetuned_unsupervised,bo_exploitation,2.0,0.42,f1,0.5519
yolo11n,B_finetuned_unsupervised,grid_search,4.0,0.5,f1,0.7641
yolo11n,C_finetuned_supervised,bo_exploration,3.0,0.0,f1,0.7262
yolo11n,C_finetuned_supervised,bo_exploitation,3.0,0.44,f1,0.7275
yolo11n,C_finetuned_supervised,grid_search,4.0,0.0,f1,0.7751
yolo11m,A_unfinetuned,baseline,0.0,0.0,f1,0.0004
yolo11m,A_unfinetuned,bo_exploration,3.0,0.16,f1,0.6777
yolo11m,A_unfinetuned,bo_exploitation,3.0,0.41,f1,0.6724
yolo11m,A_unfinetuned,grid_search,4.0,0.5,f1,0.6874
yolo11m,B_finetuned_unsupervised,baseline,0.0,0.0,f1,0.0001
yolo11m,B_finetuned_unsupervised,bo_exploration,2.0,0.18,f1,0.6179
yolo11m,B_finetuned_unsupervised,bo_exploitation,3.0,0.3,f1,0.7449
yolo11m,B_finetuned_unsupervised,grid_search,4.0,0.5,f1,0.7568
yolo11m,C_finetuned_supervised,bo_exploration,3.0,0.5,f1,0.7418
yolo11m,C_finetuned_supervised,bo_exploitation,3.0,0.5,f1,0.7418
yolo11m,C_finetuned_supervised,grid_search,4.0,0.0,f1,0.7653
yolo11n,A_unfinetuned,baseline,0.0,0.0,f1,0.0002
yolo11n,A_unfinetuned,bo_exploration,3.0,0.26,f1,0.7206
yolo11n,A_unfinetuned,bo_exploitation,3.0,0.41,f1,0.7144
yolo11n,A_unfinetuned,grid_search,4.0,0.5,f1,0.7493
yolo11n,B_finetuned_unsupervised,baseline,0.0,0.0,f1,0.0
yolo11n,B_finetuned_unsupervised,bo_exploration,4.0,0.5,f1,0.7452
yolo11n,B_finetuned_unsupervised,bo_exploitation,3.0,0.42,f1,0.7049
yolo11n,B_finetuned_unsupervised,grid_search,4.0,0.5,f1,0.7452
yolo11n,C_finetuned_supervised,bo_exploration,2.0,0.29,f1,0.5279
yolo11n,C_finetuned_supervised,bo_exploitation,4.0,0.2,f1,0.7477
yolo11n,C_finetuned_supervised,grid_search,4.0,0.0,f1,0.7545
yolo11n,A_unfinetuned,baseline,0.0,0.0,f1,0.0
yolo11n,A_unfinetuned,bo_exploration,3.0,0.15,f1,0.7029
yolo11n,A_unfinetuned,bo_exploitation,3.0,0.45,f1,0.6964
yolo11n,A_unfinetuned,grid_search,4.0,0.5,f1,0.7401
yolo11n,B_finetuned_unsupervised,baseline,0.0,0.0,f1,0.0
yolo11n,B_finetuned_unsupervised,bo_exploration,2.0,0.37,f1,0.4639
yolo11n,B_finetuned_unsupervised,bo_exploitation,4.0,0.4,f1,0.7632
yolo11n,B_finetuned_unsupervised,grid_search,4.0,0.5,f1,0.7602
yolo11n,C_finetuned_supervised,bo_exploration,3.0,0.15,f1,0.7307
yolo11n,C_finetuned_supervised,bo_exploitation,2.0,0.19,f1,0.4758
yolo11n,C_finetuned_supervised,grid_search,4.0,0.0,f1,0.7765
rtdetr-l,A_unfinetuned,baseline,0.0,0.0,f1,0.0
rtdetr-l,A_unfinetuned,bo_exploration,3.0,0.5,f1,0.5659
rtdetr-l,A_unfinetuned,bo_exploitation,3.0,0.32,f1,0.5663
rtdetr-l,A_unfinetuned,grid_search,4.0,0.5,f1,0.648
rtdetr-l,B_finetuned_unsupervised,baseline,0.0,0.0,f1,0.0
rtdetr-l,B_finetuned_unsupervised,bo_exploration,3.0,0.46,f1,0.7029
rtdetr-l,B_finetuned_unsupervised,bo_exploitation,2.0,0.43,f1,0.4933
rtdetr-l,B_finetuned_unsupervised,grid_search,4.0,0.5,f1,0.7387
rtdetr-l,C_finetuned_supervised,bo_exploration,3.0,0.12,f1,0.6929
rtdetr-l,C_finetuned_supervised,bo_exploitation,4.0,0.5,f1,0.7387
rtdetr-l,C_finetuned_supervised,grid_search,4.0,0.0,f1,0.7259
rtdetr-l,A_unfinetuned,baseline,0.0,0.0,f1,0.0
rtdetr-l,A_unfinetuned,bo_exploration,3.0,0.31,f1,0.6666
rtdetr-l,A_unfinetuned,bo_exploitation,3.0,0.11,f1,0.6686
rtdetr-l,A_unfinetuned,grid_search,4.0,0.5,f1,0.7223
rtdetr-l,B_finetuned_unsupervised,baseline,0.0,0.0,f1,0.0
rtdetr-l,B_finetuned_unsupervised,bo_exploration,3.0,0.5,f1,0.7145
rtdetr-l,B_finetuned_unsupervised,bo_exploitation,3.0,0.14,f1,0.7134
rtdetr-l,B_finetuned_unsupervised,grid_search,4.0,0.5,f1,0.7579
rtdetr-l,C_finetuned_supervised,bo_exploration,4.0,0.5,f1,0.7579
rtdetr-l,C_finetuned_supervised,bo_exploitation,2.0,0.0,f1,0.5038
rtdetr-l,C_finetuned_supervised,grid_search,4.0,0.0,f1,0.758
rtdetr-l,A_unfinetuned,baseline,0.0,0.0,f1,0.0002
rtdetr-l,A_unfinetuned,bo_exploration,3.0,0.48,f1,0.6959
rtdetr-l,A_unfinetuned,bo_exploitation,2.0,0.19,f1,0.5205
rtdetr-l,A_unfinetuned,grid_search,4.0,0.5,f1,0.7181
rtdetr-l,B_finetuned_unsupervised,baseline,0.0,0.0,f1,0.0002
rtdetr-l,B_finetuned_unsupervised,bo_exploration,3.0,0.13,f1,0.6491
rtdetr-l,B_finetuned_unsupervised,bo_exploitation,3.0,0.12,f1,0.6522
rtdetr-l,B_finetuned_unsupervised,grid_search,4.0,0.5,f1,0.7021
rtdetr-l,C_finetuned_supervised,bo_exploration,3.0,0.25,f1,0.6426
rtdetr-l,C_finetuned_supervised,bo_exploitation,3.0,0.0,f1,0.6369
rtdetr-l,C_finetuned_supervised,grid_search,4.0,0.0,f1,0.7013
rtdetr-l,A_unfinetuned,baseline,0.0,0.0,f1,0.0
rtdetr-l,A_unfinetuned,bo_exploration,3.0,0.36,f1,0.7296
rtdetr-l,A_unfinetuned,bo_exploitation,2.0,0.38,f1,0.5553
rtdetr-l,A_unfinetuned,grid_search,4.0,0.5,f1,0.7604
rtdetr-l,B_finetuned_unsupervised,baseline,0.0,0.0,f1,0.0001
rtdetr-l,B_finetuned_unsupervised,bo_exploration,3.0,0.33,f1,0.6463
rtdetr-l,B_finetuned_unsupervised,bo_exploitation,4.0,0.16,f1,0.6857
rtdetr-l,B_finetuned_unsupervised,grid_search,4.0,0.5,f1,0.6889
rtdetr-l,C_finetuned_supervised,bo_exploration,3.0,0.01,f1,0.6467
rtdetr-l,C_finetuned_supervised,bo_exploitation,3.0,0.0,f1,0.6387
rtdetr-l,C_finetuned_supervised,grid_search,4.0,0.0,f1,0.6876
rtdetr-l,A_unfinetuned,baseline,0.0,0.0,f1,0.0
rtdetr-l,A_unfinetuned,bo_exploration,2.0,0.28,f1,0.4279
rtdetr-l,A_unfinetuned,bo_exploitation,3.0,0.17,f1,0.6601
rtdetr-l,A_unfinetuned,grid_search,4.0,0.5,f1,0.7186
rtdetr-l,B_finetuned_unsupervised,baseline,0.0,0.0,f1,0.0003
rtdetr-l,B_finetuned_unsupervised,bo_exploration,4.0,0.5,f1,0.6708
rtdetr-l,B_finetuned_unsupervised,bo_exploitation,4.0,0.5,f1,0.6708
rtdetr-l,B_finetuned_unsupervised,grid_search,4.0,0.5,f1,0.6708
rtdetr-l,C_finetuned_supervised,bo_exploration,4.0,0.5,f1,0.6708
rtdetr-l,C_finetuned_supervised,bo_exploitation,3.0,0.23,f1,0.618
rtdetr-l,C_finetuned_supervised,grid_search,4.0,0.0,f1,0.6959
rtdetr-l,A_unfinetuned,baseline,0.0,0.0,f1,0.0
rtdetr-l,A_unfinetuned,bo_exploration,2.0,0.22,f1,0.4345
rtdetr-l,A_unfinetuned,bo_exploitation,3.0,0.47,f1,0.6617
rtdetr-l,A_unfinetuned,grid_search,4.0,0.5,f1,0.7182
rtdetr-l,B_finetuned_unsupervised,baseline,0.0,0.0,f1,0.0
rtdetr-l,B_finetuned_unsupervised,bo_exploration,3.0,0.5,f1,0.6199
rtdetr-l,B_finetuned_unsupervised,bo_exploitation,3.0,0.44,f1,0.625
rtdetr-l,B_finetuned_unsupervised,grid_search,4.0,0.5,f1,0.6635
rtdetr-l,C_finetuned_supervised,bo_exploration,3.0,0.0,f1,0.6045
rtdetr-l,C_finetuned_supervised,bo_exploitation,4.0,0.5,f1,0.6635
rtdetr-l,C_finetuned_supervised,grid_search,4.0,0.0,f1,0.6566
rtdetr-l,A_unfinetuned,baseline,0.0,0.0,f1,0.0009
rtdetr-l,A_unfinetuned,bo_exploration,4.0,0.0,f1,0.6529
rtdetr-l,A_unfinetuned,bo_exploitation,2.0,0.4,f1,0.4226
rtdetr-l,A_unfinetuned,grid_search,4.0,0.5,f1,0.669
rtdetr-l,B_finetuned_unsupervised,baseline,0.0,0.0,f1,0.0002
rtdetr-l,B_finetuned_unsupervised,bo_exploration,3.0,0.46,f1,0.5964
rtdetr-l,B_finetuned_unsupervised,bo_exploitation,3.0,0.35,f1,0.5867
rtdetr-l,B_finetuned_unsupervised,grid_search,4.0,0.5,f1,0.6434
rtdetr-l,C_finetuned_supervised,bo_exploration,4.0,0.0,f1,0.6342
rtdetr-l,C_finetuned_supervised,bo_exploitation,3.0,0.38,f1,0.5923
rtdetr-l,C_finetuned_supervised,grid_search,4.0,0.0,f1,0.6342
rtdetr-l,A_unfinetuned,baseline,0.0,0.0,f1,0.0
rtdetr-l,A_unfinetuned,bo_exploration,3.0,0.5,f1,0.6738
rtdetr-l,A_unfinetuned,bo_exploitation,3.0,0.49,f1,0.6811
rtdetr-l,A_unfinetuned,grid_search,4.0,0.5,f1,0.7198
rtdetr-l,B_finetuned_unsupervised,baseline,0.0,0.0,f1,0.001
rtdetr-l,B_finetuned_unsupervised,bo_exploration,2.0,0.37,f1,0.4271
rtdetr-l,B_finetuned_unsupervised,bo_exploitation,3.0,0.18,f1,0.6081
rtdetr-l,B_finetuned_unsupervised,grid_search,4.0,0.5,f1,0.6533
rtdetr-l,C_finetuned_supervised,bo_exploration,3.0,0.01,f1,0.6097
rtdetr-l,C_finetuned_supervised,bo_exploitation,2.0,0.14,f1,0.4277
rtdetr-l,C_finetuned_supervised,grid_search,4.0,0.0,f1,0.6567
yolo11n,B_finetuned_unsupervised,baseline,0.0,0.0,f1,0.0001
yolo11n,B_finetuned_unsupervised,bo_exploration,3.0,0.34,f1,0.7032
yolo11n,B_finetuned_unsupervised,bo_exploitation,3.0,0.42,f1,0.7014
yolo11n,B_finetuned_unsupervised,grid_search,4.0,0.5,f1,0.75
yolo11n,C_finetuned_supervised,bo_exploration,3.0,0.29,f1,0.7117
yolo11n,C_finetuned_supervised,bo_exploitation,2.0,0.0,f1,0.5495
yolo11n,C_finetuned_supervised,grid_search,4.0,0.0,f1,0.7655
yolo11m,A_unfinetuned,baseline,0.0,0.0,f1,0.0
yolo11m,A_unfinetuned,bo_exploration,3.0,0.5,f1,0.6923
yolo11m,A_unfinetuned,bo_exploitation,4.0,0.5,f1,0.7061
yolo11m,A_unfinetuned,grid_search,4.0,0.5,f1,0.7061
yolo11m,B_finetuned_unsupervised,baseline,0.0,0.0,f1,0.0
yolo11m,B_finetuned_unsupervised,bo_exploration,3.0,0.29,f1,0.776
yolo11m,B_finetuned_unsupervised,bo_exploitation,3.0,0.48,f1,0.7746
yolo11m,B_finetuned_unsupervised,grid_search,4.0,0.5,f1,0.7996
yolo11m,C_finetuned_supervised,bo_exploration,4.0,0.0,f1,0.8094
yolo11m,C_finetuned_supervised,bo_exploitation,3.0,0.17,f1,0.7782
yolo11m,C_finetuned_supervised,grid_search,4.0,0.0,f1,0.8094
yolo11n,A_unfinetuned,baseline,0.0,0.0,f1,0.0002
yolo11n,A_unfinetuned,bo_exploration,3.0,0.2,f1,0.7021
yolo11n,A_unfinetuned,bo_exploitation,3.0,0.04,f1,0.7062
yolo11n,A_unfinetuned,grid_search,4.0,0.5,f1,0.7188
yolo11n,B_finetuned_unsupervised,baseline,0.0,0.0,f1,0.0002
yolo11n,B_finetuned_unsupervised,bo_exploration,2.0,0.39,f1,0.5419
yolo11n,B_finetuned_unsupervised,bo_exploitation,2.0,0.17,f1,0.5387
yolo11n,B_finetuned_unsupervised,grid_search,4.0,0.5,f1,0.7476
yolo11n,C_finetuned_supervised,bo_exploration,3.0,0.0,f1,0.7117
yolo11n,C_finetuned_supervised,bo_exploitation,3.0,0.0,f1,0.7117
yolo11n,C_finetuned_supervised,grid_search,4.0,0.0,f1,0.7571
yolo11m,A_unfinetuned,baseline,0.0,0.0,f1,0.0
yolo11m,A_unfinetuned,bo_exploration,3.0,0.5,f1,0.7328
yolo11m,A_unfinetuned,bo_exploitation,3.0,0.19,f1,0.737
yolo11m,A_unfinetuned,grid_search,4.0,0.5,f1,0.767
yolo11m,B_finetuned_unsupervised,baseline,0.0,0.0,f1,0.0
yolo11m,B_finetuned_unsupervised,bo_exploration,3.0,0.28,f1,0.7422
yolo11m,B_finetuned_unsupervised,bo_exploitation,2.0,0.43,f1,0.6031
yolo11m,B_finetuned_unsupervised,grid_search,4.0,0.5,f1,0.7555
yolo11m,C_finetuned_supervised,bo_exploration,2.0,0.29,f1,0.611
yolo11m,C_finetuned_supervised,bo_exploitation,3.0,0.29,f1,0.7419
yolo11m,C_finetuned_supervised,grid_search,4.0,0.0,f1,0.7645
yolo11n,A_unfinetuned,baseline,0.0,0.0,f1,0.0
yolo11n,A_unfinetuned,bo_exploration,3.0,0.11,f1,0.7545
yolo11n,A_unfinetuned,bo_exploitation,3.0,0.28,f1,0.7516
yolo11n,A_unfinetuned,grid_search,4.0,0.5,f1,0.7804
yolo11n,B_finetuned_unsupervised,baseline,0.0,0.0,f1,0.0
yolo11n,B_finetuned_unsupervised,bo_exploration,3.0,0.5,f1,0.7352
yolo11n,B_finetuned_unsupervised,bo_exploitation,3.0,0.35,f1,0.7328
yolo11n,B_finetuned_unsupervised,grid_search,4.0,0.5,f1,0.7653
yolo11n,C_finetuned_supervised,bo_exploration,3.0,0.14,f1,0.7367
yolo11n,C_finetuned_supervised,bo_exploitation,3.0,0.32,f1,0.7344
yolo11n,C_finetuned_supervised,grid_search,4.0,0.0,f1,0.7811
yolo11m,A_unfinetuned,baseline,0.0,0.0,f1,0.0
yolo11m,A_unfinetuned,bo_exploration,3.0,0.33,f1,0.6584
yolo11m,A_unfinetuned,bo_exploitation,3.0,0.5,f1,0.6581
yolo11m,A_unfinetuned,grid_search,4.0,0.5,f1,0.6821
yolo11m,B_finetuned_unsupervised,baseline,0.0,0.0,f1,0.0001
yolo11m,B_finetuned_unsupervised,bo_exploration,3.0,0.03,f1,0.7455
yolo11m,B_finetuned_unsupervised,bo_exploitation,3.0,0.34,f1,0.7435
yolo11m,B_finetuned_unsupervised,grid_search,4.0,0.5,f1,0.7574
yolo11m,C_finetuned_supervised,bo_exploration,4.0,0.5,f1,0.7574
yolo11m,C_finetuned_supervised,bo_exploitation,4.0,0.5,f1,0.7574
yolo11m,C_finetuned_supervised,grid_search,4.0,0.0,f1,0.7661
yolo11n,A_unfinetuned,baseline,0.0,0.0,f1,0.0002
yolo11n,A_unfinetuned,bo_exploration,3.0,0.13,f1,0.7333
yolo11n,A_unfinetuned,bo_exploitation,4.0,0.32,f1,0.752
yolo11n,A_unfinetuned,grid_search,4.0,0.5,f1,0.7516
yolo11n,B_finetuned_unsupervised,baseline,0.0,0.0,f1,0.0
yolo11n,B_finetuned_unsupervised,bo_exploration,2.0,0.07,f1,0.5574
yolo11n,B_finetuned_unsupervised,bo_exploitation,4.0,0.5,f1,0.7646
yolo11n,B_finetuned_unsupervised,grid_search,4.0,0.5,f1,0.7646
yolo11n,C_finetuned_supervised,bo_exploration,3.0,0.3,f1,0.7311
yolo11n,C_finetuned_supervised,bo_exploitation,3.0,0.17,f1,0.7329
yolo11n,C_finetuned_supervised,grid_search,4.0,0.0,f1,0.7802
yolo11m,A_unfinetuned,baseline,0.0,0.0,f1,0.0
yolo11m,A_unfinetuned,bo_exploration,4.0,0.5,f1,0.7019
yolo11m,A_unfinetuned,bo_exploitation,3.0,0.01,f1,0.6829
yolo11m,A_unfinetuned,grid_search,4.0,0.5,f1,0.7019
yolo11m,B_finetuned_unsupervised,baseline,0.0,0.0,f1,0.0001
yolo11m,B_finetuned_unsupervised,bo_exploration,2.0,0.47,f1,0.6047
yolo11m,B_finetuned_unsupervised,bo_exploitation,2.0,0.35,f1,0.6182
yolo11m,B_finetuned_unsupervised,grid_search,4.0,0.5,f1,0.7568
yolo11m,C_finetuned_supervised,bo_exploration,2.0,0.13,f1,0.6183
yolo11m,C_finetuned_supervised,bo_exploitation,4.0,0.0,f1,0.7656
yolo11m,C_finetuned_supervised,grid_search,4.0,0.0,f1,0.7656
yolo11n,A_unfinetuned,baseline,0.0,0.0,f1,0.0
yolo11n,A_unfinetuned,bo_exploration,3.0,0.42,f1,0.7215
yolo11n,A_unfinetuned,bo_exploitation,3.0,0.19,f1,0.7292
yolo11n,A_unfinetuned,grid_search,4.0,0.5,f1,0.7482
yolo11n,B_finetuned_unsupervised,baseline,0.0,0.0,f1,0.0
yolo11n,B_finetuned_unsupervised,bo_exploration,3.0,0.5,f1,0.7097
yolo11n,B_finetuned_unsupervised,bo_exploitation,3.0,0.44,f1,0.7056
yolo11n,B_finetuned_unsupervised,grid_search,4.0,0.5,f1,0.7457
yolo11n,C_finetuned_supervised,bo_exploration,3.0,0.01,f1,0.7076
yolo11n,C_finetuned_supervised,bo_exploitation,3.0,0.25,f1,0.7151
yolo11n,C_finetuned_supervised,grid_search,4.0,0.0,f1,0.7579
yolo11m,A_unfinetuned,baseline,0.0,0.0,f1,0.0002
yolo11m,A_unfinetuned,bo_exploration,4.0,0.5,f1,0.7017
yolo11m,A_unfinetuned,bo_exploitation,3.0,0.03,f1,0.6899
yolo11m,A_unfinetuned,grid_search,4.0,0.5,f1,0.7017
yolo11m,B_finetuned_unsupervised,baseline,0.0,0.0,f1,0.0
yolo11m,B_finetuned_unsupervised,bo_exploration,4.0,0.5,f1,0.7577
yolo11m,B_finetuned_unsupervised,bo_exploitation,3.0,0.2,f1,0.7424
yolo11m,B_finetuned_unsupervised,grid_search,4.0,0.5,f1,0.7577
yolo11m,C_finetuned_supervised,bo_exploration,4.0,0.5,f1,0.7577
yolo11m,C_finetuned_supervised,bo_exploitation,3.0,0.16,f1,0.7451
yolo11m,C_finetuned_supervised,grid_search,4.0,0.0,f1,0.7663
yolo11n,A_unfinetuned,baseline,0.0,0.0,f1,0.0
yolo11n,A_unfinetuned,bo_exploration,2.0,0.49,f1,0.4991
yolo11n,A_unfinetuned,bo_exploitation,3.0,0.34,f1,0.7062
yolo11n,A_unfinetuned,grid_search,4.0,0.5,f1,0.7599
yolo11n,B_finetuned_unsupervised,baseline,0.0,0.0,f1,0.0
yolo11n,B_finetuned_unsupervised,bo_exploration,3.0,0.45,f1,0.7117
yolo11n,B_finetuned_unsupervised,bo_exploitation,3.0,0.19,f1,0.7142
yolo11n,B_finetuned_unsupervised,grid_search,4.0,0.5,f1,0.7449
yolo11n,C_finetuned_supervised,bo_exploration,4.0,0.0,f1,0.754
yolo11n,C_finetuned_supervised,bo_exploitation,3.0,0.0,f1,0.7083
yolo11n,C_finetuned_supervised,grid_search,4.0,0.0,f1,0.754
yolo11m,A_unfinetuned,baseline,0.0,0.0,f1,0.0
yolo11m,A_unfinetuned,bo_exploration,3.0,0.45,f1,0.7184
yolo11m,A_unfinetuned,bo_exploitation,3.0,0.13,f1,0.7213
yolo11m,A_unfinetuned,grid_search,4.0,0.5,f1,0.7331
yolo11m,B_finetuned_unsupervised,baseline,0.0,0.0,f1,0.0001
yolo11m,B_finetuned_unsupervised,bo_exploration,4.0,0.5,f1,0.7568
yolo11m,B_finetuned_unsupervised,bo_exploitation,4.0,0.49,f1,0.7572
yolo11m,B_finetuned_unsupervised,grid_search,4.0,0.5,f1,0.7568
yolo11m,C_finetuned_supervised,bo_exploration,3.0,0.5,f1,0.7416
yolo11m,C_finetuned_supervised,bo_exploitation,3.0,0.16,f1,0.7443
yolo11m,C_finetuned_supervised,grid_search,4.0,0.0,f1,0.7652
yolo11n,A_unfinetuned,baseline,0.0,0.0,f1,0.0
yolo11n,A_unfinetuned,bo_exploration,3.0,0.03,f1,0.7578
yolo11n,A_unfinetuned,bo_exploitation,3.0,0.48,f1,0.7518
yolo11n,A_unfinetuned,grid_search,4.0,0.5,f1,0.7799
yolo11n,B_finetuned_unsupervised,baseline,0.0,0.0,f1,0.0001
yolo11n,B_finetuned_unsupervised,bo_exploration,3.0,0.5,f1,0.6972
yolo11n,B_finetuned_unsupervised,bo_exploitation,2.0,0.31,f1,0.533
yolo11n,B_finetuned_unsupervised,grid_search,4.0,0.5,f1,0.7333
yolo11n,C_finetuned_supervised,bo_exploration,4.0,0.5,f1,0.7333
yolo11n,C_finetuned_supervised,bo_exploitation,4.0,0.08,f1,0.734
yolo11n,C_finetuned_supervised,grid_search,4.0,0.0,f1,0.7452
yolo11m,A_unfinetuned,baseline,0.0,0.0,f1,0.0
yolo11m,A_unfinetuned,bo_exploration,3.0,0.17,f1,0.7058
yolo11m,A_unfinetuned,bo_exploitation,3.0,0.11,f1,0.7074
yolo11m,A_unfinetuned,grid_search,4.0,0.5,f1,0.7299
yolo11m,B_finetuned_unsupervised,baseline,0.0,0.0,f1,0.0001
yolo11m,B_finetuned_unsupervised,bo_exploration,3.0,0.41,f1,0.7421
yolo11m,B_finetuned_unsupervised,bo_exploitation,3.0,0.33,f1,0.7423
yolo11m,B_finetuned_unsupervised,grid_search,4.0,0.5,f1,0.7566
yolo11m,C_finetuned_supervised,bo_exploration,3.0,0.13,f1,0.7441
yolo11m,C_finetuned_supervised,bo_exploitation,2.0,0.0,f1,0.6196
yolo11m,C_finetuned_supervised,grid_search,4.0,0.0,f1,0.7654
yolo11n,A_unfinetuned,baseline,0.0,0.0,f1,0.0
yolo11n,A_unfinetuned,bo_exploration,1.0,0.08,f1,0.0038
yolo11n,A_unfinetuned,bo_exploitation,3.0,0.44,f1,0.7279
yolo11n,A_unfinetuned,grid_search,4.0,0.5,f1,0.7678
yolo11n,B_finetuned_unsupervised,baseline,0.0,0.0,f1,0.0
yolo11n,B_finetuned_unsupervised,bo_exploration,3.0,0.18,f1,0.7172
yolo11n,B_finetuned_unsupervised,bo_exploitation,3.0,0.44,f1,0.7093
yolo11n,B_finetuned_unsupervised,grid_search,4.0,0.5,f1,0.7479
yolo11n,C_finetuned_supervised,bo_exploration,4.0,0.5,f1,0.7479
yolo11n,C_finetuned_supervised,bo_exploitation,2.0,0.23,f1,0.5274
yolo11n,C_finetuned_supervised,grid_search,4.0,0.0,f1,0.7586
yolo11m,A_unfinetuned,baseline,0.0,0.0,f1,0.0001
yolo11m,A_unfinetuned,bo_exploration,3.0,0.45,f1,0.6752
yolo11m,A_unfinetuned,bo_exploitation,3.0,0.0,f1,0.6693
yolo11m,A_unfinetuned,grid_search,4.0,0.5,f1,0.6949
yolo11m,B_finetuned_unsupervised,baseline,0.0,0.0,f1,0.0
yolo11m,B_finetuned_unsupervised,bo_exploration,3.0,0.49,f1,0.7358
yolo11m,B_finetuned_unsupervised,bo_exploitation,3.0,0.4,f1,0.7391
yolo11m,B_finetuned_unsupervised,grid_search,4.0,0.5,f1,0.754
yolo11m,C_finetuned_supervised,bo_exploration,2.0,0.5,f1,0.6135
yolo11m,C_finetuned_supervised,bo_exploitation,2.0,0.2,f1,0.6126
yolo11m,C_finetuned_supervised,grid_search,4.0,0.0,f1,0.763
yolo11n,A_unfinetuned,baseline,0.0,0.0,f1,0.0
yolo11n,A_unfinetuned,bo_exploration,3.0,0.32,f1,0.7114
yolo11n,A_unfinetuned,bo_exploitation,4.0,0.1,f1,0.7598
yolo11n,A_unfinetuned,grid_search,4.0,0.5,f1,0.7509
yolo11n,B_finetuned_unsupervised,baseline,0.0,0.0,f1,0.0001
yolo11n,B_finetuned_unsupervised,bo_exploration,3.0,0.5,f1,0.7314
yolo11n,B_finetuned_unsupervised,bo_exploitation,2.0,0.31,f1,0.5579
yolo11n,B_finetuned_unsupervised,grid_search,4.0,0.5,f1,0.7655
yolo11n,C_finetuned_supervised,bo_exploration,3.0,0.18,f1,0.7358
yolo11n,C_finetuned_supervised,bo_exploitation,3.0,0.19,f1,0.7353
yolo11n,C_finetuned_supervised,grid_search,4.0,0.0,f1,0.7766
yolo11n,A_unfinetuned,baseline,0.0,0.0,f1,0.0002
yolo11n,A_unfinetuned,bo_exploration,4.0,0.5,f1,0.7716
yolo11n,A_unfinetuned,bo_exploitation,2.0,0.1,f1,0.5748
yolo11n,A_unfinetuned,grid_search,4.0,0.5,f1,0.7716
yolo11n,B_finetuned_unsupervised,baseline,0.0,0.0,f1,0.0001
yolo11n,B_finetuned_unsupervised,bo_exploration,3.0,0.5,f1,0.711
yolo11n,B_finetuned_unsupervised,bo_exploitation,2.0,0.01,f1,0.5392
yolo11n,B_finetuned_unsupervised,grid_search,4.0,0.5,f1,0.75
yolo11n,C_finetuned_supervised,bo_exploration,4.0,0.01,f1,0.7522
yolo11n,C_finetuned_supervised,bo_exploitation,3.0,0.1,f1,0.7188
yolo11n,C_finetuned_supervised,grid_search,4.0,0.0,f1,0.7655
rtdetr-l,A_unfinetuned,baseline,0.0,0.0,f1,0.0
rtdetr-l,A_unfinetuned,bo_exploration,4.0,0.0,f1,0.6862
rtdetr-l,A_unfinetuned,bo_exploitation,2.0,0.39,f1,0.3918
rtdetr-l,A_unfinetuned,grid_search,4.0,0.5,f1,0.6739
rtdetr-l,B_finetuned_unsupervised,baseline,0.0,0.0,f1,0.0002
rtdetr-l,B_finetuned_unsupervised,bo_exploration,3.0,0.36,f1,0.672
rtdetr-l,B_finetuned_unsupervised,bo_exploitation,3.0,0.22,f1,0.6654
rtdetr-l,B_finetuned_unsupervised,grid_search,4.0,0.5,f1,0.7148
rtdetr-l,C_finetuned_supervised,bo_exploration,2.0,0.44,f1,0.4882
rtdetr-l,C_finetuned_supervised,bo_exploitation,3.0,0.04,f1,0.675
rtdetr-l,C_finetuned_supervised,grid_search,4.0,0.0,f1,0.6987
rtdetr-l,A_unfinetuned,baseline,0.0,0.0,f1,0.0002
rtdetr-l,A_unfinetuned,bo_exploration,2.0,0.12,f1,0.3738
rtdetr-l,A_unfinetuned,bo_exploitation,2.0,0.03,f1,0.375
rtdetr-l,A_unfinetuned,grid_search,4.0,0.5,f1,0.6337
rtdetr-l,B_finetuned_unsupervised,baseline,0.0,0.0,f1,0.0006
rtdetr-l,B_finetuned_unsupervised,bo_exploration,4.0,0.5,f1,0.7028
rtdetr-l,B_finetuned_unsupervised,bo_exploitation,3.0,0.24,f1,0.6394
rtdetr-l,B_finetuned_unsupervised,grid_search,4.0,0.5,f1,0.7028
rtdetr-l,C_finetuned_supervised,bo_exploration,3.0,0.07,f1,0.6439
rtdetr-l,C_finetuned_supervised,bo_exploitation,4.0,0.5,f1,0.7028
rtdetr-l,C_finetuned_supervised,grid_search,4.0,0.0,f1,0.709
rtdetr-l,A_unfinetuned,baseline,0.0,0.0,f1,0.0001
rtdetr-l,A_unfinetuned,bo_exploration,3.0,0.39,f1,0.6554
rtdetr-l,A_unfinetuned,bo_exploitation,3.0,0.43,f1,0.6598
rtdetr-l,A_unfinetuned,grid_search,4.0,0.5,f1,0.7102
rtdetr-l,B_finetuned_unsupervised,baseline,0.0,0.0,f1,0.0
rtdetr-l,B_finetuned_unsupervised,bo_exploration,3.0,0.49,f1,0.7363
rtdetr-l,B_finetuned_unsupervised,bo_exploitation,3.0,0.42,f1,0.7365
rtdetr-l,B_finetuned_unsupervised,grid_search,4.0,0.5,f1,0.7736
rtdetr-l,C_finetuned_supervised,bo_exploration,3.0,0.02,f1,0.7361
rtdetr-l,C_finetuned_supervised,bo_exploitation,3.0,0.04,f1,0.7363
rtdetr-l,C_finetuned_supervised,grid_search,4.0,0.0,f1,0.7754
rtdetr-l,A_unfinetuned,baseline,0.0,0.0,f1,0.0
rtdetr-l,A_unfinetuned,bo_exploration,1.0,0.44,f1,0.0001
rtdetr-l,A_unfinetuned,bo_exploitation,2.0,0.22,f1,0.4549
rtdetr-l,A_unfinetuned,grid_search,4.0,0.5,f1,0.7643
rtdetr-l,B_finetuned_unsupervised,baseline,0.0,0.0,f1,0.0001
rtdetr-l,B_finetuned_unsupervised,bo_exploration,3.0,0.02,f1,0.6629
rtdetr-l,B_finetuned_unsupervised,bo_exploitation,2.0,0.24,f1,0.4763
rtdetr-l,B_finetuned_unsupervised,grid_search,4.0,0.5,f1,0.7027
rtdetr-l,C_finetuned_supervised,bo_exploration,4.0,0.5,f1,0.7027
rtdetr-l,C_finetuned_supervised,bo_exploitation,3.0,0.02,f1,0.6629
rtdetr-l,C_finetuned_supervised,grid_search,4.0,0.0,f1,0.7019
rtdetr-l,A_unfinetuned,baseline,0.0,0.0,f1,0.0001
rtdetr-l,A_unfinetuned,bo_exploration,3.0,0.01,f1,0.6592
rtdetr-l,A_unfinetuned,bo_exploitation,3.0,0.3,f1,0.6551
rtdetr-l,A_unfinetuned,grid_search,4.0,0.5,f1,0.7036
rtdetr-l,B_finetuned_unsupervised,baseline,0.0,0.0,f1,0.0003
rtdetr-l,B_finetuned_unsupervised,bo_exploration,3.0,0.47,f1,0.6279
rtdetr-l,B_finetuned_unsupervised,bo_exploitation,2.0,0.18,f1,0.4217
rtdetr-l,B_finetuned_unsupervised,grid_search,4.0,0.5,f1,0.6755
rtdetr-l,C_finetuned_supervised,bo_exploration,3.0,0.49,f1,0.6272
rtdetr-l,C_finetuned_supervised,bo_exploitation,4.0,0.5,f1,0.6755
rtdetr-l,C_finetuned_supervised,grid_search,4.0,0.0,f1,0.672
rtdetr-l,A_unfinetuned,baseline,0.0,0.0,f1,0.0
rtdetr-l,A_unfinetuned,bo_exploration,3.0,0.03,f1,0.6917
rtdetr-l,A_unfinetuned,bo_exploitation,3.0,0.08,f1,0.6929
rtdetr-l,A_unfinetuned,grid_search,4.0,0.5,f1,0.7462
rtdetr-l,B_finetuned_unsupervised,baseline,0.0,0.0,f1,0.0016
rtdetr-l,B_finetuned_unsupervised,bo_exploration,3.0,0.5,f1,0.6091
rtdetr-l,B_finetuned_unsupervised,bo_exploitation,3.0,0.34,f1,0.6046
rtdetr-l,B_finetuned_unsupervised,grid_search,4.0,0.5,f1,0.6492
rtdetr-l,C_finetuned_supervised,bo_exploration,4.0,0.0,f1,0.6373
rtdetr-l,C_finetuned_supervised,bo_exploitation,3.0,0.18,f1,0.5977
rtdetr-l,C_finetuned_supervised,grid_search,4.0,0.0,f1,0.6373
rtdetr-l,A_unfinetuned,baseline,0.0,0.0,f1,0.0007
rtdetr-l,A_unfinetuned,bo_exploration,3.0,0.37,f1,0.6063
rtdetr-l,A_unfinetuned,bo_exploitation,4.0,0.5,f1,0.6503
rtdetr-l,A_unfinetuned,grid_search,4.0,0.5,f1,0.6503
rtdetr-l,B_finetuned_unsupervised,baseline,0.0,0.0,f1,0.0002
rtdetr-l,B_finetuned_unsupervised,bo_exploration,3.0,0.43,f1,0.6412
rtdetr-l,B_finetuned_unsupervised,bo_exploitation,2.0,0.18,f1,0.4114
rtdetr-l,B_finetuned_unsupervised,grid_search,4.0,0.5,f1,0.6894
rtdetr-l,C_finetuned_supervised,bo_exploration,3.0,0.5,f1,0.6359
rtdetr-l,C_finetuned_supervised,bo_exploitation,3.0,0.24,f1,0.6249
rtdetr-l,C_finetuned_supervised,grid_search,4.0,0.0,f1,0.6828
rtdetr-l,A_unfinetuned,baseline,0.0,0.0,f1,0.0029
rtdetr-l,A_unfinetuned,bo_exploration,3.0,0.02,f1,0.6374
rtdetr-l,A_unfinetuned,bo_exploitation,3.0,0.45,f1,0.6386
rtdetr-l,A_unfinetuned,grid_search,4.0,0.5,f1,0.6746
yolo11n,B_finetuned_unsupervised,baseline,0.0,0.0,f1,0.0002
yolo11n,B_finetuned_unsupervised,bo_exploration,3.0,0.5,f1,0.7148
yolo11n,B_finetuned_unsupervised,bo_exploitation,3.0,0.45,f1,0.7152
yolo11n,B_finetuned_unsupervised,grid_search,4.0,0.5,f1,0.7475
yolo11n,C_finetuned_supervised,bo_exploration,3.0,0.0,f1,0.7115
yolo11n,C_finetuned_supervised,bo_exploitation,2.0,0.15,f1,0.5484
yolo11n,C_finetuned_supervised,grid_search,4.0,0.0,f1,0.7571
yolo11m,A_unfinetuned,baseline,0.0,0.0,f1,0.0
yolo11m,A_unfinetuned,bo_exploration,3.0,0.2,f1,0.6626
yolo11m,A_unfinetuned,bo_exploitation,3.0,0.13,f1,0.6668
yolo11m,A_unfinetuned,grid_search,4.0,0.5,f1,0.6847
yolo11m,B_finetuned_unsupervised,baseline,0.0,0.0,f1,0.0001
yolo11m,B_finetuned_unsupervised,bo_exploration,2.0,0.23,f1,0.6173
yolo11m,B_finetuned_unsupervised,bo_exploitation,3.0,0.41,f1,0.7429
yolo11m,B_finetuned_unsupervised,grid_search,4.0,0.5,f1,0.7573
yolo11m,C_finetuned_supervised,bo_exploration,3.0,0.16,f1,0.7449
yolo11m,C_finetuned_supervised,bo_exploitation,3.0,0.22,f1,0.7412
yolo11m,C_finetuned_supervised,grid_search,4.0,0.0,f1,0.7661
yolo11n,A_unfinetuned,baseline,0.0,0.0,f1,0.0002
yolo11n,A_unfinetuned,bo_exploration,4.0,0.0,f1,0.7754
yolo11n,A_unfinetuned,bo_exploitation,3.0,0.48,f1,0.7463
yolo11n,A_unfinetuned,grid_search,4.0,0.5,f1,0.7717
yolo11n,B_finetuned_unsupervised,baseline,0.0,0.0,f1,0.0
yolo11n,B_finetuned_unsupervised,bo_exploration,2.0,0.46,f1,0.5557
yolo11n,B_finetuned_unsupervised,bo_exploitation,3.0,0.25,f1,0.7385
yolo11n,B_finetuned_unsupervised,grid_search,4.0,0.5,f1,0.7653
yolo11n,C_finetuned_supervised,bo_exploration,3.0,0.31,f1,0.7348
yolo11n,C_finetuned_supervised,bo_exploitation,4.0,0.41,f1,0.7644
yolo11n,C_finetuned_supervised,grid_search,4.0,0.0,f1,0.7814
yolo11m,A_unfinetuned,baseline,0.0,0.0,f1,0.0
yolo11m,A_unfinetuned,bo_exploration,1.0,0.13,f1,0.006
yolo11m,A_unfinetuned,bo_exploitation,2.0,0.14,f1,0.5824
yolo11m,A_unfinetuned,grid_search,4.0,0.5,f1,0.7348
yolo11m,B_finetuned_unsupervised,baseline,0.0,0.0,f1,0.0
yolo11m,B_finetuned_unsupervised,bo_exploration,2.0,0.06,f1,0.6108
yolo11m,B_finetuned_unsupervised,bo_exploitation,3.0,0.28,f1,0.7771
yolo11m,B_finetuned_unsupervised,grid_search,4.0,0.5,f1,0.7995
yolo11m,C_finetuned_supervised,bo_exploration,3.0,0.0,f1,0.7697
yolo11m,C_finetuned_supervised,bo_exploitation,3.0,0.0,f1,0.7697
yolo11m,C_finetuned_supervised,grid_search,4.0,0.0,f1,0.8093
yolo11n,A_unfinetuned,baseline,0.0,0.0,f1,0.0
yolo11n,A_unfinetuned,bo_exploration,3.0,0.15,f1,0.7376
yolo11n,A_unfinetuned,bo_exploitation,3.0,0.44,f1,0.7228
yolo11n,A_unfinetuned,grid_search,4.0,0.5,f1,0.765
yolo11n,B_finetuned_unsupervised,baseline,0.0,0.0,f1,0.0
yolo11n,B_finetuned_unsupervised,bo_exploration,4.0,0.5,f1,0.7459
yolo11n,B_finetuned_unsupervised,bo_exploitation,3.0,0.31,f1,0.7117
yolo11n,B_finetuned_unsupervised,grid_search,4.0,0.5,f1,0.7459
yolo11n,C_finetuned_supervised,bo_exploration,3.0,0.19,f1,0.7157
yolo11n,C_finetuned_supervised,bo_exploitation,3.0,0.48,f1,0.7082
yolo11n,C_finetuned_supervised,grid_search,4.0,0.0,f1,0.7553
yolo11m,A_unfinetuned,baseline,0.0,0.0,f1,0.0001
yolo11m,A_unfinetuned,bo_exploration,4.0,0.5,f1,0.6752
yolo11m,A_unfinetuned,bo_exploitation,4.0,0.28,f1,0.6727
yolo11m,A_unfinetuned,grid_search,4.0,0.5,f1,0.6752
yolo11m,B_finetuned_unsupervised,baseline,0.0,0.0,f1,0.0
yolo11m,B_finetuned_unsupervised,bo_exploration,3.0,0.5,f1,0.7758
yolo11m,B_finetuned_unsupervised,bo_exploitation,3.0,0.48,f1,0.7751
yolo11m,B_finetuned_unsupervised,grid_search,4.0,0.5,f1,0.7998
yolo11m,C_finetuned_supervised,bo_exploration,4.0,0.0,f1,0.8095
yolo11m,C_finetuned_supervised,bo_exploitation,3.0,0.11,f1,0.779
yolo11m,C_finetuned_supervised,grid_search,4.0,0.0,f1,0.8095
yolo11n,A_unfinetuned,baseline,0.0,0.0,f1,0.0
yolo11n,A_unfinetuned,bo_exploration,4.0,0.5,f1,0.7502
yolo11n,A_unfinetuned,bo_exploitation,3.0,0.37,f1,0.7149
yolo11n,A_unfinetuned,grid_search,4.0,0.5,f1,0.7502
yolo11n,B_finetuned_unsupervised,baseline,0.0,0.0,f1,0.0
yolo11n,B_finetuned_unsupervised,bo_exploration,3.0,0.11,f1,0.7159
yolo11n,B_finetuned_unsupervised,bo_exploitation,3.0,0.04,f1,0.7167
yolo11n,B_finetuned_unsupervised,grid_search,4.0,0.5,f1,0.7479
yolo11n,C_finetuned_supervised,bo_exploration,3.0,0.0,f1,0.7086
yolo11n,C_finetuned_supervised,bo_exploitation,3.0,0.15,f1,0.7175
yolo11n,C_finetuned_supervised,grid_search,4.0,0.0,f1,0.7586
yolo11m,A_unfinetuned,baseline,0.0,0.0,f1,0.0002
yolo11m,A_unfinetuned,bo_exploration,4.0,0.5,f1,0.6512
yolo11m,A_unfinetuned,bo_exploitation,3.0,0.23,f1,0.6323
yolo11m,A_unfinetuned,grid_search,4.0,0.5,f1,0.6512
yolo11m,B_finetuned_unsupervised,baseline,0.0,0.0,f1,0.0
yolo11m,B_finetuned_unsupervised,bo_exploration,3.0,0.18,f1,0.7398
yolo11m,B_finetuned_unsupervised,bo_exploitation,3.0,0.34,f1,0.7405
yolo11m,B_finetuned_unsupervised,grid_search,4.0,0.5,f1,0.754
yolo11m,C_finetuned_supervised,bo_exploration,3.0,0.5,f1,0.7382
yolo11m,C_finetuned_supervised,bo_exploitation,2.0,0.08,f1,0.6118
yolo11m,C_finetuned_supervised,grid_search,4.0,0.0,f1,0.763
yolo11n,A_unfinetuned,baseline,0.0,0.0,f1,0.0004
yolo11n,A_unfinetuned,bo_exploration,3.0,0.09,f1,0.7188
yolo11n,A_unfinetuned,bo_exploitation,4.0,0.3,f1,0.7446
yolo11n,A_unfinetuned,grid_search,4.0,0.5,f1,0.7455
yolo11n,B_finetuned_unsupervised,baseline,0.0,0.0,f1,0.0
yolo11n,B_finetuned_unsupervised,bo_exploration,3.0,0.39,f1,0.6974
yolo11n,B_finetuned_unsupervised,bo_exploitation,3.0,0.04,f1,0.7
yolo11n,B_finetuned_unsupervised,grid_search,4.0,0.5,f1,0.7342
yolo11n,C_finetuned_supervised,bo_exploration,4.0,0.5,f1,0.7342
yolo11n,C_finetuned_supervised,bo_exploitation,3.0,0.11,f1,0.7021
yolo11n,C_finetuned_supervised,grid_search,4.0,0.0,f1,0.7462
yolo11m,A_unfinetuned,baseline,0.0,0.0,f1,0.0
yolo11m,A_unfinetuned,bo_exploration,4.0,0.48,f1,0.7144
yolo11m,A_unfinetuned,bo_exploitation,3.0,0.5,f1,0.7046
yolo11m,A_unfinetuned,grid_search,4.0,0.5,f1,0.7169
yolo11m,B_finetuned_unsupervised,baseline,0.0,0.0,f1,0.0001
yolo11m,B_finetuned_unsupervised,bo_exploration,3.0,0.35,f1,0.7437
yolo11m,B_finetuned_unsupervised,bo_exploitation,3.0,0.22,f1,0.741
yolo11m,B_finetuned_unsupervised,grid_search,4.0,0.5,f1,0.7571
yolo11m,C_finetuned_supervised,bo_exploration,3.0,0.17,f1,0.7434
yolo11m,C_finetuned_supervised,bo_exploitation,3.0,0.31,f1,0.7436
yolo11m,C_finetuned_supervised,grid_search,4.0,0.0,f1,0.7659
yolo11n,A_unfinetuned,baseline,0.0,0.0,f1,0.0001
yolo11n,A_unfinetuned,bo_exploration,3.0,0.29,f1,0.7114
yolo11n,A_unfinetuned,bo_exploitation,2.0,0.42,f1,0.5296
yolo11n,A_unfinetuned,grid_search,4.0,0.5,f1,0.7342
yolo11n,B_finetuned_unsupervised,baseline,0.0,0.0,f1,0.0001
yolo11n,B_finetuned_unsupervised,bo_exploration,2.0,0.04,f1,0.565
yolo11n,B_finetuned_unsupervised,bo_exploitation,2.0,0.08,f1,0.5639
yolo11n,B_finetuned_unsupervised,grid_search,4.0,0.5,f1,0.7636
yolo11n,C_finetuned_supervised,bo_exploration,3.0,0.01,f1,0.728
yolo11n,C_finetuned_supervised,bo_exploitation,4.0,0.08,f1,0.7654
yolo11n,C_finetuned_supervised,grid_search,4.0,0.0,f1,0.7747
yolo11m,A_unfinetuned,baseline,0.0,0.0,f1,0.0004
yolo11m,A_unfinetuned,bo_exploration,3.0,0.5,f1,0.6916
yolo11m,A_unfinetuned,bo_exploitation,3.0,0.43,f1,0.6955
yolo11m,A_unfinetuned,grid_search,4.0,0.5,f1,0.7016
yolo11m,B_finetuned_unsupervised,baseline,0.0,0.0,f1,0.0001
yolo11m,B_finetuned_unsupervised,bo_exploration,3.0,0.02,f1,0.746
yolo11m,B_finetuned_unsupervised,bo_exploitation,3.0,0.26,f1,0.7419
yolo11m,B_finetuned_unsupervised,grid_search,4.0,0.5,f1,0.7565
yolo11m,C_finetuned_supervised,bo_exploration,3.0,0.5,f1,0.7415
yolo11m,C_finetuned_supervised,bo_exploitation,2.0,0.21,f1,0.6163
yolo11m,C_finetuned_supervised,grid_search,4.0,0.0,f1,0.7651
yolo11n,A_unfinetuned,baseline,0.0,0.0,f1,0.0
yolo11n,A_unfinetuned,bo_exploration,3.0,0.15,f1,0.7478
yolo11n,A_unfinetuned,bo_exploitation,3.0,0.21,f1,0.7445
yolo11n,A_unfinetuned,grid_search,4.0,0.5,f1,0.7753
yolo11n,B_finetuned_unsupervised,baseline,0.0,0.0,f1,0.0001
yolo11n,B_finetuned_unsupervised,bo_exploration,3.0,0.13,f1,0.7341
yolo11n,B_finetuned_unsupervised,bo_exploitation,2.0,0.31,f1,0.557
yolo11n,B_finetuned_unsupervised,grid_search,4.0,0.5,f1,0.7643
yolo11n,C_finetuned_supervised,bo_exploration,4.0,0.22,f1,0.7667
yolo11n,C_finetuned_supervised,bo_exploitation,3.0,0.18,f1,0.7346
yolo11n,C_finetuned_supervised,grid_search,4.0,0.0,f1,0.7754
yolo11m,A_unfinetuned,baseline,0.0,0.0,f1,0.0
yolo11m,A_unfinetuned,bo_exploration,4.0,0.5,f1,0.7353
yolo11m,A_unfinetuned,bo_exploitation,3.0,0.01,f1,0.7105
yolo11m,A_unfinetuned,grid_search,4.0,0.5,f1,0.7353
yolo11m,B_finetuned_unsupervised,baseline,0.0,0.0,f1,0.0001
yolo11m,B_finetuned_unsupervised,bo_exploration,4.0,0.5,f1,0.757
yolo11m,B_finetuned_unsupervised,bo_exploitation,4.0,0.23,f1,0.7574
yolo11m,B_finetuned_unsupervised,grid_search,4.0,0.5,f1,0.757
yolo11m,C_finetuned_supervised,bo_exploration,3.0,0.15,f1,0.745
yolo11m,C_finetuned_supervised,bo_exploitation,3.0,0.37,f1,0.7406
yolo11m,C_finetuned_supervised,grid_search,4.0,0.0,f1,0.7656
yolo11n,A_unfinetuned,baseline,0.0,0.0,f1,0.0
yolo11n,A_unfinetuned,bo_exploration,4.0,0.47,f1,0.7558
yolo11n,A_unfinetuned,bo_exploitation,3.0,0.5,f1,0.7299
yolo11n,A_unfinetuned,grid_search,4.0,0.5,f1,0.7612
yolo11n,B_finetuned_unsupervised,baseline,0.0,0.0,f1,0.0001
yolo11n,B_finetuned_unsupervised,bo_exploration,4.0,0.5,f1,0.7642
yolo11n,B_finetuned_unsupervised,bo_exploitation,3.0,0.38,f1,0.7274
yolo11n,B_finetuned_unsupervised,grid_search,4.0,0.5,f1,0.7642
yolo11n,C_finetuned_supervised,bo_exploration,3.0,0.33,f1,0.7312
yolo11n,C_finetuned_supervised,bo_exploitation,4.0,0.23,f1,0.7659
yolo11n,C_finetuned_supervised,grid_search,4.0,0.0,f1,0.7753
yolo11m,A_unfinetuned,baseline,0.0,0.0,f1,0.0
yolo11m,A_unfinetuned,bo_exploration,3.0,0.4,f1,0.7055
yolo11m,A_unfinetuned,bo_exploitation,3.0,0.44,f1,0.7104
yolo11m,A_unfinetuned,grid_search,4.0,0.5,f1,0.7193
yolo11m,B_finetuned_unsupervised,baseline,0.0,0.0,f1,0.0001
yolo11m,B_finetuned_unsupervised,bo_exploration,3.0,0.38,f1,0.7422
yolo11m,B_finetuned_unsupervised,bo_exploitation,3.0,0.42,f1,0.7438
yolo11m,B_finetuned_unsupervised,grid_search,4.0,0.5,f1,0.7569
yolo11m,C_finetuned_supervised,bo_exploration,4.0,0.5,f1,0.7569
yolo11m,C_finetuned_supervised,bo_exploitation,3.0,0.05,f1,0.7455
yolo11m,C_finetuned_supervised,grid_search,4.0,0.0,f1,0.7656
yolo11n,A_unfinetuned,baseline,0.0,0.0,f1,0.0
yolo11n,A_unfinetuned,bo_exploration,3.0,0.45,f1,0.7241
yolo11n,A_unfinetuned,bo_exploitation,3.0,0.09,f1,0.7257
yolo11n,A_unfinetuned,grid_search,4.0,0.5,f1,0.7597
yolo11n,B_finetuned_unsupervised,baseline,0.0,0.0,f1,0.0
yolo11n,B_finetuned_unsupervised,bo_exploration,3.0,0.38,f1,0.7076
yolo11n,B_finetuned_unsupervised,bo_exploitation,3.0,0.22,f1,0.7144
yolo11n,B_finetuned_unsupervised,grid_search,4.0,0.5,f1,0.7462
yolo11n,C_finetuned_supervised,bo_exploration,4.0,0.0,f1,0.7556
yolo11n,C_finetuned_supervised,bo_exploitation,3.0,0.08,f1,0.7148
yolo11n,C_finetuned_supervised,grid_search,4.0,0.0,f1,0.7556
yolo11n,A_unfinetuned,baseline,0.0,0.0,f1,0.0
yolo11n,A_unfinetuned,bo_exploration,4.0,0.5,f1,0.7836
yolo11n,A_unfinetuned,bo_exploitation,3.0,0.2,f1,0.7525
yolo11n,A_unfinetuned,grid_search,4.0,0.5,f1,0.7836
yolo11n,B_finetuned_unsupervised,baseline,0.0,0.0,f1,0.0002
yolo11n,B_finetuned_unsupervised,bo_exploration,3.0,0.5,f1,0.7148
yolo11n,B_finetuned_unsupervised,bo_exploitation,3.0,0.5,f1,0.7148
yolo11n,B_finetuned_unsupervised,grid_search,4.0,0.5,f1,0.7475
yolo11n,C_finetuned_supervised,bo_exploration,3.0,0.0,f1,0.7115
yolo11n,C_finetuned_supervised,bo_exploitation,2.0,0.24,f1,0.5439
yolo11n,C_finetuned_supervised,grid_search,4.0,0.0,f1,0.7571
rtdetr-l,A_unfinetuned,baseline,0.0,0.0,f1,0.0001
rtdetr-l,A_unfinetuned,bo_exploration,3.0,0.29,f1,0.6399
rtdetr-l,A_unfinetuned,bo_exploitation,3.0,0.31,f1,0.6404
rtdetr-l,A_unfinetuned,grid_search,4.0,0.5,f1,0.7051
rtdetr-l,B_finetuned_unsupervised,baseline,0.0,0.0,f1,0.0014
rtdetr-l,B_finetuned_unsupervised,bo_exploration,3.0,0.48,f1,0.6225
rtdetr-l,B_finetuned_unsupervised,bo_exploitation,3.0,0.41,f1,0.6201
rtdetr-l,B_finetuned_unsupervised,grid_search,4.0,0.5,f1,0.6487
rtdetr-l,C_finetuned_supervised,bo_exploration,4.0,0.5,f1,0.6487
rtdetr-l,C_finetuned_supervised,bo_exploitation,3.0,0.21,f1,0.6092
rtdetr-l,C_finetuned_supervised,grid_search,4.0,0.0,f1,0.635
rtdetr-l,A_unfinetuned,baseline,0.0,0.0,f1,0.0002
rtdetr-l,A_unfinetuned,bo_exploration,3.0,0.46,f1,0.6472
rtdetr-l,A_unfinetuned,bo_exploitation,2.0,0.39,f1,0.4565
rtdetr-l,A_unfinetuned,grid_search,4.0,0.5,f1,0.6785
rtdetr-l,B_finetuned_unsupervised,baseline,0.0,0.0,f1,0.0005
rtdetr-l,B_finetuned_unsupervised,bo_exploration,3.0,0.5,f1,0.6353
rtdetr-l,B_finetuned_unsupervised,bo_exploitation,2.0,0.26,f1,0.4708
rtdetr-l,B_finetuned_unsupervised,grid_search,4.0,0.5,f1,0.6743
rtdetr-l,C_finetuned_supervised,bo_exploration,3.0,0.12,f1,0.6295
rtdetr-l,C_finetuned_supervised,bo_exploitation,2.0,0.13,f1,0.4667
rtdetr-l,C_finetuned_supervised,grid_search,4.0,0.0,f1,0.6584
rtdetr-l,A_unfinetuned,baseline,0.0,0.0,f1,0.0
rtdetr-l,A_unfinetuned,bo_exploration,3.0,0.22,f1,0.6178
rtdetr-l,A_unfinetuned,bo_exploitation,3.0,0.25,f1,0.6143
rtdetr-l,A_unfinetuned,grid_search,4.0,0.5,f1,0.6784
rtdetr-l,B_finetuned_unsupervised,baseline,0.0,0.0,f1,0.0005
rtdetr-l,B_finetuned_unsupervised,bo_exploration,2.0,0.17,f1,0.507
rtdetr-l,B_finetuned_unsupervised,bo_exploitation,3.0,0.08,f1,0.6632
rtdetr-l,B_finetuned_unsupervised,grid_search,4.0,0.5,f1,0.699
rtdetr-l,C_finetuned_supervised,bo_exploration,3.0,0.11,f1,0.6638
rtdetr-l,C_finetuned_supervised,bo_exploitation,2.0,0.5,f1,0.5
rtdetr-l,C_finetuned_supervised,grid_search,4.0,0.0,f1,0.6951
rtdetr-l,A_unfinetuned,baseline,0.0,0.0,f1,0.0004
rtdetr-l,A_unfinetuned,bo_exploration,2.0,0.31,f1,0.4667
rtdetr-l,A_unfinetuned,bo_exploitation,3.0,0.1,f1,0.6392
rtdetr-l,A_unfinetuned,grid_search,4.0,0.5,f1,0.6887
rtdetr-l,B_finetuned_unsupervised,baseline,0.0,0.0,f1,0.0004
rtdetr-l,B_finetuned_unsupervised,bo_exploration,3.0,0.32,f1,0.6578
rtdetr-l,B_finetuned_unsupervised,bo_exploitation,2.0,0.09,f1,0.4799
rtdetr-l,B_finetuned_unsupervised,grid_search,4.0,0.5,f1,0.705
rtdetr-l,C_finetuned_supervised,bo_exploration,1.0,0.22,f1,0.005
rtdetr-l,C_finetuned_supervised,bo_exploitation,4.0,0.39,f1,0.6994
rtdetr-l,C_finetuned_supervised,grid_search,4.0,0.5,f1,0.705
rtdetr-l,A_unfinetuned,baseline,0.0,0.0,f1,0.0
rtdetr-l,A_unfinetuned,bo_exploration,3.0,0.5,f1,0.5972
rtdetr-l,A_unfinetuned,bo_exploitation,3.0,0.49,f1,0.5952
rtdetr-l,A_unfinetuned,grid_search,4.0,0.5,f1,0.6674
rtdetr-l,B_finetuned_unsupervised,baseline,0.0,0.0,f1,0.001
rtdetr-l,B_finetuned_unsupervised,bo_exploration,4.0,0.5,f1,0.6551
rtdetr-l,B_finetuned_unsupervised,bo_exploitation,2.0,0.34,f1,0.4023
rtdetr-l,B_finetuned_unsupervised,grid_search,4.0,0.5,f1,0.6551
rtdetr-l,C_finetuned_supervised,bo_exploration,3.0,0.03,f1,0.6092
rtdetr-l,C_finetuned_supervised,bo_exploitation,3.0,0.3,f1,0.6041
rtdetr-l,C_finetuned_supervised,grid_search,4.0,0.0,f1,0.6631
rtdetr-l,A_unfinetuned,baseline,0.0,0.0,f1,0.0015
rtdetr-l,A_unfinetuned,bo_exploration,3.0,0.04,f1,0.6607
rtdetr-l,A_unfinetuned,bo_exploitation,3.0,0.32,f1,0.6576
rtdetr-l,A_unfinetuned,grid_search,4.0,0.5,f1,0.6843
rtdetr-l,B_finetuned_unsupervised,baseline,0.0,0.0,f1,0.0033
rtdetr-l,B_finetuned_unsupervised,bo_exploration,2.0,0.24,f1,0.4796
rtdetr-l,B_finetuned_unsupervised,bo_exploitation,2.0,0.45,f1,0.4723
rtdetr-l,B_finetuned_unsupervised,grid_search,4.0,0.5,f1,0.6512
rtdetr-l,C_finetuned_supervised,bo_exploration,4.0,0.5,f1,0.6512
rtdetr-l,C_finetuned_supervised,bo_exploitation,3.0,0.46,f1,0.6298
rtdetr-l,C_finetuned_supervised,grid_search,4.0,0.5,f1,0.6512
rtdetr-l,A_unfinetuned,baseline,0.0,0.0,f1,0.0029
rtdetr-l,A_unfinetuned,bo_exploration,3.0,0.5,f1,0.6973
rtdetr-l,A_unfinetuned,bo_exploitation,3.0,0.5,f1,0.6973
rtdetr-l,A_unfinetuned,grid_search,4.0,0.5,f1,0.7223
rtdetr-l,B_finetuned_unsupervised,baseline,0.0,0.0,f1,0.0002
rtdetr-l,B_finetuned_unsupervised,bo_exploration,1.0,0.12,f1,0.0036
rtdetr-l,B_finetuned_unsupervised,bo_exploitation,2.0,0.05,f1,0.4843
rtdetr-l,B_finetuned_unsupervised,grid_search,4.0,0.5,f1,0.6979
rtdetr-l,C_finetuned_supervised,bo_exploration,3.0,0.45,f1,0.6643
rtdetr-l,C_finetuned_supervised,bo_exploitation,4.0,0.15,f1,0.6868
rtdetr-l,C_finetuned_supervised,grid_search,4.0,0.5,f1,0.6979
rtdetr-l,A_unfinetuned,baseline,0.0,0.0,f1,0.0
rtdetr-l,A_unfinetuned,bo_exploration,4.0,0.5,f1,0.7397
rtdetr-l,A_unfinetuned,bo_exploitation,3.0,0.22,f1,0.6823
rtdetr-l,A_unfinetuned,grid_search,4.0,0.5,f1,0.7397
rtdetr-l,B_finetuned_unsupervised,baseline,0.0,0.0,f1,0.0004
rtdetr-l,B_finetuned_unsupervised,bo_exploration,3.0,0.47,f1,0.6681
rtdetr-l,B_finetuned_unsupervised,bo_exploitation,3.0,0.3,f1,0.6479
rtdetr-l,B_finetuned_unsupervised,grid_search,4.0,0.5,f1,0.7083
rtdetr-l,C_finetuned_supervised,bo_exploration,3.0,0.06,f1,0.6537
