model,cat,strategy,divider,overlap,met,score
yolo11n,A_unfinetuned,baseline,0.0,0.0,time_inference,4.53
yolo11n,A_unfinetuned,bo_exploration,4.0,0.62,time_inference,73.69
yolo11n,A_unfinetuned,bo_exploitation,2.0,0.53,time_inference,35.69
yolo11n,A_unfinetuned,grid_search,4.0,0.5,time_inference,73.31
yolo11n,B_finetuned_unsupervised,baseline,0.0,0.0,time_inference,2.89
yolo11n,B_finetuned_unsupervised,bo_exploration,3.0,0.34,time_inference,30.0
yolo11n,B_finetuned_unsupervised,bo_exploitation,2.0,0.62,time_inference,32.39
yolo11n,B_finetuned_unsupervised,grid_search,4.0,0.5,time_inference,66.3
yolo11n,C_finetuned_supervised,bo_exploration,4.0,-0.12,time_inference,26.61
yolo11n,C_finetuned_supervised,bo_exploitation,3.0,0.29,time_inference,29.64
yolo11n,C_finetuned_supervised,grid_search,4.0,0.0,time_inference,26.56
yolo11m,A_unfinetuned,baseline,0.0,0.0,time_inference,3.35
yolo11m,B_finetuned_unsupervised,baseline,0.0,0.0,time_inference,3.37
yolo11m,B_finetuned_unsupervised,bo_exploration,3.0,0.41,time_inference,50.53
yolo11m,B_finetuned_unsupervised,bo_exploitation,3.0,0.62,time_inference,50.61
yolo11m,B_finetuned_unsupervised,grid_search,4.0,0.5,time_inference,68.4
yolo11m,C_finetuned_supervised,bo_exploration,4.0,-0.12,time_inference,27.92
yolo11n,A_unfinetuned,baseline,0.0,0.0,time_inference,3.04
yolo11n,A_unfinetuned,bo_exploration,4.0,0.62,time_inference,66.91
yolo11n,A_unfinetuned,bo_exploitation,3.0,0.48,time_inference,49.1
yolo11n,A_unfinetuned,grid_search,4.0,0.5,time_inference,66.94
yolo11n,B_finetuned_unsupervised,baseline,0.0,0.0,time_inference,2.84
yolo11n,B_finetuned_unsupervised,bo_exploration,3.0,0.62,time_inference,47.64
yolo11n,B_finetuned_unsupervised,bo_exploitation,1.0,0.54,time_inference,4.96
yolo11n,B_finetuned_unsupervised,grid_search,4.0,0.5,time_inference,66.18
yolo11n,C_finetuned_supervised,bo_exploration,4.0,-0.12,time_inference,26.8
yolo11n,C_finetuned_supervised,bo_exploitation,3.0,0.23,time_inference,29.82
yolo11n,C_finetuned_supervised,grid_search,4.0,0.0,time_inference,26.71
yolo11m,A_unfinetuned,baseline,0.0,0.0,time_inference,3.3
yolo11m,A_unfinetuned,bo_exploration,4.0,0.33,time_inference,40.78
yolo11m,A_unfinetuned,bo_exploitation,2.0,0.55,time_inference,36.73
yolo11m,A_unfinetuned,grid_search,4.0,0.5,time_inference,73.45
yolo11m,B_finetuned_unsupervised,baseline,0.0,0.0,time_inference,3.33
yolo11m,B_finetuned_unsupervised,bo_exploration,3.0,0.5,time_inference,51.07
yolo11m,B_finetuned_unsupervised,bo_exploitation,3.0,0.57,time_inference,50.99
yolo11m,B_finetuned_unsupervised,grid_search,4.0,0.5,time_inference,69.29
yolo11m,C_finetuned_supervised,bo_exploration,3.0,-0.12,time_inference,26.27
yolo11m,C_finetuned_supervised,bo_exploitation,3.0,0.06,time_inference,26.31
yolo11m,C_finetuned_supervised,grid_search,4.0,0.0,time_inference,28.04
yolo11n,A_unfinetuned,baseline,0.0,0.0,time_inference,3.48
yolo11n,A_unfinetuned,bo_exploration,4.0,0.62,time_inference,74.89
yolo11n,A_unfinetuned,bo_exploitation,3.0,0.22,time_inference,33.9
yolo11n,A_unfinetuned,grid_search,4.0,0.5,time_inference,74.84
yolo11n,B_finetuned_unsupervised,baseline,0.0,0.0,time_inference,2.77
yolo11n,B_finetuned_unsupervised,bo_exploration,4.0,0.62,time_inference,65.44
yolo11n,B_finetuned_unsupervised,bo_exploitation,2.0,0.61,time_inference,32.2
yolo11n,B_finetuned_unsupervised,grid_search,4.0,0.5,time_inference,65.43
yolo11m,A_unfinetuned,baseline,0.0,0.0,time_inference,4.11
yolo11m,A_unfinetuned,bo_exploration,4.0,0.09,time_inference,30.21
yolo11m,A_unfinetuned,bo_exploitation,3.0,0.4,time_inference,54.18
yolo11m,A_unfinetuned,grid_search,4.0,0.5,time_inference,74.23
yolo11m,B_finetuned_unsupervised,baseline,0.0,0.0,time_inference,3.12
yolo11m,B_finetuned_unsupervised,bo_exploration,3.0,0.62,time_inference,50.94
yolo11m,B_finetuned_unsupervised,bo_exploitation,4.0,0.39,time_inference,68.96
yolo11m,B_finetuned_unsupervised,grid_search,4.0,0.5,time_inference,69.6
yolo11m,C_finetuned_supervised,bo_exploration,1.0,0.08,time_inference,5.82
yolo11m,C_finetuned_supervised,bo_exploitation,2.0,0.23,time_inference,29.71
yolo11m,C_finetuned_supervised,grid_search,4.0,0.0,time_inference,28.0
rtdetr-l,A_unfinetuned,baseline,0.0,0.0,time_inference,4.82
rtdetr-l,A_unfinetuned,bo_exploration,4.0,0.62,time_inference,111.83
rtdetr-l,A_unfinetuned,bo_exploitation,4.0,0.52,time_inference,112.22
rtdetr-l,A_unfinetuned,grid_search,4.0,0.5,time_inference,112.33
rtdetr-l,B_finetuned_unsupervised,baseline,0.0,0.0,time_inference,5.04
rtdetr-l,B_finetuned_unsupervised,bo_exploration,4.0,0.3,time_inference,59.93
rtdetr-l,B_finetuned_unsupervised,bo_exploitation,2.0,0.42,time_inference,43.58
rtdetr-l,B_finetuned_unsupervised,grid_search,4.0,0.5,time_inference,110.75
rtdetr-l,C_finetuned_supervised,bo_exploration,4.0,0.0,time_inference,43.1
rtdetr-l,C_finetuned_supervised,bo_exploitation,3.0,0.62,time_inference,70.96
rtdetr-l,C_finetuned_supervised,grid_search,4.0,0.0,time_inference,44.06
yolo11n,A_unfinetuned,baseline,0.0,0.0,time_inference,3.14
yolo11n,A_unfinetuned,bo_exploration,3.0,0.39,time_inference,52.95
yolo11n,A_unfinetuned,bo_exploitation,4.0,0.14,time_inference,39.77
yolo11n,A_unfinetuned,grid_search,4.0,0.5,time_inference,72.89
yolo11n,B_finetuned_unsupervised,baseline,0.0,0.0,time_inference,2.81
yolo11n,B_finetuned_unsupervised,bo_exploration,3.0,0.56,time_inference,47.58
yolo11n,B_finetuned_unsupervised,bo_exploitation,3.0,0.02,time_inference,24.51
yolo11n,B_finetuned_unsupervised,grid_search,4.0,0.5,time_inference,65.59
yolo11n,C_finetuned_supervised,bo_exploration,4.0,-0.12,time_inference,26.51
yolo11n,C_finetuned_supervised,bo_exploitation,3.0,0.03,time_inference,24.42
yolo11n,C_finetuned_supervised,grid_search,4.0,0.0,time_inference,26.49
yolo11m,A_unfinetuned,baseline,0.0,0.0,time_inference,3.79
yolo11m,A_unfinetuned,bo_exploration,4.0,0.61,time_inference,73.61
yolo11m,A_unfinetuned,bo_exploitation,4.0,0.54,time_inference,73.66
yolo11m,A_unfinetuned,grid_search,4.0,0.5,time_inference,73.51
yolo11m,B_finetuned_unsupervised,baseline,0.0,0.0,time_inference,3.33
yolo11m,B_finetuned_unsupervised,bo_exploration,3.0,0.62,time_inference,51.12
yolo11m,B_finetuned_unsupervised,bo_exploitation,3.0,0.51,time_inference,51.21
yolo11m,B_finetuned_unsupervised,grid_search,4.0,0.5,time_inference,69.48
yolo11m,C_finetuned_supervised,bo_exploration,4.0,0.2,time_inference,38.14
yolo11m,C_finetuned_supervised,bo_exploitation,3.0,-0.09,time_inference,26.23
yolo11m,C_finetuned_supervised,grid_search,4.0,0.0,time_inference,27.96
rtdetr-l,A_unfinetuned,baseline,0.0,0.0,time_inference,4.85
rtdetr-l,A_unfinetuned,bo_exploration,3.0,0.13,time_inference,46.25
rtdetr-l,A_unfinetuned,bo_exploitation,1.0,0.13,time_inference,9.33
rtdetr-l,A_unfinetuned,grid_search,4.0,0.5,time_inference,117.37
rtdetr-l,B_finetuned_unsupervised,baseline,0.0,0.0,time_inference,4.26
rtdetr-l,B_finetuned_unsupervised,bo_exploration,4.0,0.47,time_inference,117.37
rtdetr-l,B_finetuned_unsupervised,bo_exploitation,2.0,0.29,time_inference,37.46
rtdetr-l,B_finetuned_unsupervised,grid_search,4.0,0.5,time_inference,115.47
rtdetr-l,C_finetuned_supervised,bo_exploration,2.0,0.31,time_inference,37.88
rtdetr-l,C_finetuned_supervised,bo_exploitation,4.0,-0.08,time_inference,45.73
rtdetr-l,C_finetuned_supervised,grid_search,4.0,0.0,time_inference,45.04
yolo11n,A_unfinetuned,baseline,0.0,0.0,time_inference,3.04
yolo11n,A_unfinetuned,bo_exploration,4.0,0.62,time_inference,78.58
yolo11n,A_unfinetuned,bo_exploitation,3.0,0.62,time_inference,54.44
yolo11n,A_unfinetuned,grid_search,4.0,0.5,time_inference,78.95
yolo11n,B_finetuned_unsupervised,baseline,0.0,0.0,time_inference,3.94
yolo11n,B_finetuned_unsupervised,bo_exploration,3.0,0.62,time_inference,48.89
yolo11n,B_finetuned_unsupervised,bo_exploitation,3.0,0.62,time_inference,48.78
yolo11n,B_finetuned_unsupervised,grid_search,4.0,0.5,time_inference,67.95
yolo11n,C_finetuned_supervised,bo_exploration,2.0,0.27,time_inference,28.38
yolo11n,C_finetuned_supervised,bo_exploitation,4.0,-0.01,time_inference,27.73
yolo11n,C_finetuned_supervised,grid_search,4.0,0.0,time_inference,26.7
yolo11m,A_unfinetuned,baseline,0.0,0.0,time_inference,3.31
yolo11m,A_unfinetuned,bo_exploration,3.0,0.62,time_inference,56.94
yolo11m,A_unfinetuned,bo_exploitation,3.0,-0.01,time_inference,29.22
yolo11m,A_unfinetuned,grid_search,4.0,0.5,time_inference,76.06
yolo11m,B_finetuned_unsupervised,baseline,0.0,0.0,time_inference,3.29
yolo11m,B_finetuned_unsupervised,bo_exploration,4.0,0.56,time_inference,73.76
yolo11m,B_finetuned_unsupervised,bo_exploitation,3.0,0.39,time_inference,53.34
yolo11m,B_finetuned_unsupervised,grid_search,4.0,0.5,time_inference,72.36
yolo11m,C_finetuned_supervised,bo_exploration,2.0,0.29,time_inference,30.55
yolo11m,C_finetuned_supervised,bo_exploitation,4.0,-0.12,time_inference,29.32
yolo11m,C_finetuned_supervised,grid_search,4.0,0.0,time_inference,29.32
rtdetr-l,A_unfinetuned,baseline,0.0,0.0,time_inference,4.47
rtdetr-l,A_unfinetuned,bo_exploration,1.0,0.47,time_inference,8.59
rtdetr-l,A_unfinetuned,bo_exploitation,1.0,0.4,time_inference,8.52
rtdetr-l,A_unfinetuned,grid_search,4.0,0.5,time_inference,113.76
rtdetr-l,B_finetuned_unsupervised,baseline,0.0,0.0,time_inference,4.39
rtdetr-l,B_finetuned_unsupervised,bo_exploration,3.0,0.62,time_inference,75.36
rtdetr-l,B_finetuned_unsupervised,bo_exploitation,2.0,0.45,time_inference,47.56
rtdetr-l,B_finetuned_unsupervised,grid_search,4.0,0.5,time_inference,115.8
rtdetr-l,C_finetuned_supervised,bo_exploration,4.0,-0.12,time_inference,44.78
rtdetr-l,C_finetuned_supervised,bo_exploitation,2.0,0.16,time_inference,41.57
rtdetr-l,C_finetuned_supervised,grid_search,4.0,0.0,time_inference,44.61
yolo11n,A_unfinetuned,baseline,0.0,0.0,time_inference,2.79
yolo11n,A_unfinetuned,bo_exploration,2.0,0.62,time_inference,32.63
yolo11n,A_unfinetuned,bo_exploitation,4.0,0.3,time_inference,39.05
yolo11n,A_unfinetuned,grid_search,4.0,0.5,time_inference,71.74
yolo11n,B_finetuned_unsupervised,baseline,0.0,0.0,time_inference,3.14
yolo11n,B_finetuned_unsupervised,bo_exploration,4.0,0.62,time_inference,73.83
yolo11n,B_finetuned_unsupervised,bo_exploitation,4.0,0.62,time_inference,73.83
yolo11n,B_finetuned_unsupervised,grid_search,4.0,0.5,time_inference,73.61
yolo11n,C_finetuned_supervised,bo_exploration,4.0,-0.12,time_inference,29.73
yolo11n,C_finetuned_supervised,bo_exploitation,4.0,-0.06,time_inference,29.72
yolo11n,C_finetuned_supervised,grid_search,4.0,0.0,time_inference,29.77
yolo11m,A_unfinetuned,baseline,0.0,0.0,time_inference,3.5
yolo11m,A_unfinetuned,bo_exploration,3.0,0.38,time_inference,53.46
yolo11m,A_unfinetuned,bo_exploitation,1.0,0.36,time_inference,6.83
yolo11m,A_unfinetuned,grid_search,4.0,0.5,time_inference,71.84
yolo11m,B_finetuned_unsupervised,baseline,0.0,0.0,time_inference,3.43
yolo11m,B_finetuned_unsupervised,bo_exploration,4.0,0.59,time_inference,69.78
yolo11m,B_finetuned_unsupervised,bo_exploitation,3.0,0.18,time_inference,32.32
yolo11m,B_finetuned_unsupervised,grid_search,4.0,0.5,time_inference,69.62
yolo11m,C_finetuned_supervised,bo_exploration,4.0,-0.12,time_inference,28.58
yolo11m,C_finetuned_supervised,bo_exploitation,4.0,-0.12,time_inference,28.57
yolo11m,C_finetuned_supervised,grid_search,4.0,0.0,time_inference,28.45
rtdetr-l,A_unfinetuned,baseline,0.0,0.0,time_inference,4.11
rtdetr-l,A_unfinetuned,bo_exploration,4.0,0.62,time_inference,110.55
rtdetr-l,A_unfinetuned,bo_exploitation,1.0,0.37,time_inference,8.24
rtdetr-l,A_unfinetuned,grid_search,4.0,0.5,time_inference,111.18
rtdetr-l,B_finetuned_unsupervised,baseline,0.0,0.0,time_inference,6.04
rtdetr-l,B_finetuned_unsupervised,bo_exploration,3.0,0.44,time_inference,72.15
rtdetr-l,B_finetuned_unsupervised,bo_exploitation,3.0,0.62,time_inference,73.16
rtdetr-l,B_finetuned_unsupervised,grid_search,4.0,0.5,time_inference,112.8
rtdetr-l,C_finetuned_supervised,bo_exploration,3.0,-0.12,time_inference,37.4
rtdetr-l,C_finetuned_supervised,bo_exploitation,4.0,0.21,time_inference,60.21
rtdetr-l,C_finetuned_supervised,grid_search,4.0,0.0,time_inference,43.99
rtdetr-l,A_unfinetuned,baseline,0.0,0.0,time_inference,4.3
rtdetr-l,A_unfinetuned,bo_exploration,4.0,0.5,time_inference,109.1
rtdetr-l,A_unfinetuned,bo_exploitation,3.0,0.62,time_inference,70.08
rtdetr-l,A_unfinetuned,grid_search,4.0,0.5,time_inference,109.26
rtdetr-l,B_finetuned_unsupervised,baseline,0.0,0.0,time_inference,4.57
rtdetr-l,B_finetuned_unsupervised,bo_exploration,2.0,0.53,time_inference,44.89
rtdetr-l,B_finetuned_unsupervised,bo_exploitation,3.0,0.62,time_inference,74.36
rtdetr-l,B_finetuned_unsupervised,grid_search,4.0,0.5,time_inference,115.88
rtdetr-l,C_finetuned_supervised,bo_exploration,4.0,-0.12,time_inference,45.04
rtdetr-l,C_finetuned_supervised,bo_exploitation,3.0,0.62,time_inference,74.71
rtdetr-l,C_finetuned_supervised,grid_search,4.0,0.5,time_inference,116.22
rtdetr-l,A_unfinetuned,baseline,0.0,0.0,time_inference,4.62
rtdetr-l,B_finetuned_unsupervised,baseline,0.0,0.0,time_inference,4.99
rtdetr-l,B_finetuned_unsupervised,bo_exploration,4.0,0.62,time_inference,112.34
rtdetr-l,B_finetuned_unsupervised,bo_exploitation,4.0,0.51,time_inference,110.56
rtdetr-l,B_finetuned_unsupervised,grid_search,4.0,0.5,time_inference,112.86
rtdetr-l,C_finetuned_supervised,bo_exploration,3.0,-0.12,time_inference,36.98
rtdetr-l,C_finetuned_supervised,bo_exploitation,2.0,0.05,time_inference,21.64
rtdetr-l,C_finetuned_supervised,grid_search,4.0,0.0,time_inference,44.21
yolo11n,A_unfinetuned,baseline,0.0,0.0,time_inference,3.01
yolo11n,A_unfinetuned,bo_exploration,4.0,0.62,time_inference,74.7
yolo11n,A_unfinetuned,bo_exploitation,3.0,0.52,time_inference,51.82
yolo11n,A_unfinetuned,grid_search,4.0,0.5,time_inference,74.67
yolo11n,B_finetuned_unsupervised,baseline,0.0,0.0,time_inference,2.89
yolo11n,B_finetuned_unsupervised,bo_exploration,3.0,0.62,time_inference,47.48
yolo11n,B_finetuned_unsupervised,bo_exploitation,3.0,0.47,time_inference,47.29
yolo11n,B_finetuned_unsupervised,grid_search,4.0,0.5,time_inference,65.12
yolo11n,C_finetuned_supervised,bo_exploration,1.0,0.23,time_inference,5.07
yolo11n,C_finetuned_supervised,bo_exploitation,3.0,-0.12,time_inference,24.38
yolo11n,C_finetuned_supervised,grid_search,4.0,0.0,time_inference,26.43
yolo11m,A_unfinetuned,baseline,0.0,0.0,time_inference,3.37
yolo11m,A_unfinetuned,bo_exploration,1.0,0.62,time_inference,6.59
yolo11m,A_unfinetuned,bo_exploitation,3.0,0.62,time_inference,51.93
yolo11m,A_unfinetuned,grid_search,4.0,0.5,time_inference,69.56
yolo11m,B_finetuned_unsupervised,baseline,0.0,0.0,time_inference,3.41
yolo11m,B_finetuned_unsupervised,bo_exploration,2.0,0.33,time_inference,30.15
yolo11m,B_finetuned_unsupervised,bo_exploitation,1.0,-0.02,time_inference,6.53
yolo11m,B_finetuned_unsupervised,grid_search,4.0,0.5,time_inference,68.39
yolo11n,A_unfinetuned,baseline,0.0,0.0,time_inference,3.02
yolo11n,A_unfinetuned,bo_exploration,4.0,0.62,time_inference,72.19
yolo11n,A_unfinetuned,bo_exploitation,3.0,0.52,time_inference,53.05
yolo11n,A_unfinetuned,grid_search,4.0,0.5,time_inference,72.34
yolo11n,B_finetuned_unsupervised,baseline,0.0,0.0,time_inference,3.05
yolo11n,B_finetuned_unsupervised,bo_exploration,1.0,0.05,time_inference,5.74
yolo11n,B_finetuned_unsupervised,bo_exploitation,3.0,0.61,time_inference,54.59
yolo11n,B_finetuned_unsupervised,grid_search,4.0,0.5,time_inference,74.18
yolo11n,C_finetuned_supervised,bo_exploration,3.0,0.02,time_inference,28.0
yolo11n,C_finetuned_supervised,bo_exploitation,3.0,-0.08,time_inference,28.0
yolo11n,C_finetuned_supervised,grid_search,4.0,0.0,time_inference,29.85
yolo11m,A_unfinetuned,baseline,0.0,0.0,time_inference,3.23
yolo11m,A_unfinetuned,bo_exploration,2.0,0.58,time_inference,37.99
yolo11m,B_finetuned_unsupervised,baseline,0.0,0.0,time_inference,3.35
yolo11m,B_finetuned_unsupervised,bo_exploration,4.0,0.19,time_inference,38.53
yolo11m,B_finetuned_unsupervised,bo_exploitation,2.0,0.54,time_inference,35.91
yolo11m,B_finetuned_unsupervised,grid_search,4.0,0.5,time_inference,69.55
yolo11m,C_finetuned_supervised,bo_exploration,4.0,-0.12,time_inference,28.31
yolo11m,C_finetuned_supervised,bo_exploitation,3.0,0.03,time_inference,26.4
yolo11m,C_finetuned_supervised,grid_search,4.0,0.0,time_inference,28.17
yolo11n,A_unfinetuned,baseline,0.0,0.0,time_inference,3.01
yolo11n,A_unfinetuned,bo_exploration,4.0,0.62,time_inference,72.81
yolo11n,A_unfinetuned,bo_exploitation,3.0,0.32,time_inference,32.1
yolo11n,A_unfinetuned,grid_search,4.0,0.5,time_inference,72.74
yolo11n,B_finetuned_unsupervised,baseline,0.0,0.0,time_inference,2.77
yolo11n,B_finetuned_unsupervised,bo_exploration,3.0,-0.12,time_inference,24.44
yolo11n,B_finetuned_unsupervised,bo_exploitation,2.0,0.18,time_inference,27.23
yolo11n,B_finetuned_unsupervised,grid_search,4.0,0.5,time_inference,65.46
yolo11n,C_finetuned_supervised,bo_exploration,4.0,-0.01,time_inference,26.47
yolo11n,C_finetuned_supervised,bo_exploitation,3.0,0.35,time_inference,29.48
yolo11n,C_finetuned_supervised,grid_search,4.0,0.0,time_inference,26.44
yolo11m,A_unfinetuned,baseline,0.0,0.0,time_inference,3.71
yolo11m,A_unfinetuned,bo_exploration,3.0,0.62,time_inference,53.79
yolo11m,A_unfinetuned,bo_exploitation,2.0,-0.01,time_inference,19.22
yolo11m,A_unfinetuned,grid_search,4.0,0.5,time_inference,73.71
yolo11m,B_finetuned_unsupervised,baseline,0.0,0.0,time_inference,3.34
yolo11m,B_finetuned_unsupervised,bo_exploration,1.0,0.23,time_inference,6.45
yolo11m,B_finetuned_unsupervised,bo_exploitation,1.0,0.17,time_inference,6.44
yolo11m,B_finetuned_unsupervised,grid_search,4.0,0.5,time_inference,68.57
yolo11m,C_finetuned_supervised,bo_exploration,2.0,-0.12,time_inference,17.68
yolo11m,C_finetuned_supervised,bo_exploitation,2.0,0.27,time_inference,29.84
yolo11m,C_finetuned_supervised,grid_search,4.0,0.0,time_inference,28.08
rtdetr-l,A_unfinetuned,baseline,0.0,0.0,time_inference,4.42
rtdetr-l,A_unfinetuned,bo_exploration,4.0,-0.12,time_inference,43.45
rtdetr-l,A_unfinetuned,bo_exploitation,3.0,-0.02,time_inference,36.46
rtdetr-l,A_unfinetuned,grid_search,4.0,0.5,time_inference,110.98
rtdetr-l,B_finetuned_unsupervised,baseline,0.0,0.0,time_inference,4.74
rtdetr-l,B_finetuned_unsupervised,bo_exploration,2.0,-0.05,time_inference,22.25
rtdetr-l,B_finetuned_unsupervised,bo_exploitation,2.0,0.56,time_inference,45.43
rtdetr-l,B_finetuned_unsupervised,grid_search,4.0,0.5,time_inference,113.83
rtdetr-l,C_finetuned_supervised,bo_exploration,4.0,-0.12,time_inference,44.68
rtdetr-l,C_finetuned_supervised,bo_exploitation,4.0,-0.09,time_inference,44.6
rtdetr-l,C_finetuned_supervised,grid_search,4.0,0.0,time_inference,44.61
yolo11n,A_unfinetuned,baseline,0.0,0.0,time_inference,3.07
yolo11n,A_unfinetuned,bo_exploration,3.0,-0.12,time_inference,29.2
yolo11n,A_unfinetuned,bo_exploitation,3.0,0.62,time_inference,56.8
yolo11n,A_unfinetuned,grid_search,4.0,0.5,time_inference,83.4
yolo11n,B_finetuned_unsupervised,baseline,0.0,0.0,time_inference,2.77
yolo11n,B_finetuned_unsupervised,bo_exploration,2.0,0.62,time_inference,32.15
yolo11n,B_finetuned_unsupervised,bo_exploitation,1.0,0.56,time_inference,5.0
yolo11n,B_finetuned_unsupervised,grid_search,4.0,0.5,time_inference,65.53
yolo11n,C_finetuned_supervised,bo_exploration,3.0,0.53,time_inference,47.54
yolo11n,C_finetuned_supervised,bo_exploitation,2.0,0.35,time_inference,27.19
yolo11n,C_finetuned_supervised,grid_search,4.0,0.0,time_inference,26.44
yolo11m,A_unfinetuned,baseline,0.0,0.0,time_inference,3.85
yolo11m,A_unfinetuned,bo_exploration,4.0,0.2,time_inference,41.0
yolo11m,A_unfinetuned,bo_exploitation,3.0,0.04,time_inference,28.18
yolo11m,A_unfinetuned,grid_search,4.0,0.5,time_inference,74.74
yolo11m,B_finetuned_unsupervised,baseline,0.0,0.0,time_inference,3.45
yolo11m,B_finetuned_unsupervised,bo_exploration,2.0,-0.12,time_inference,18.34
yolo11m,B_finetuned_unsupervised,bo_exploitation,3.0,0.58,time_inference,52.37
yolo11m,B_finetuned_unsupervised,grid_search,4.0,0.5,time_inference,70.74
yolo11m,C_finetuned_supervised,bo_exploration,4.0,-0.12,time_inference,29.05
yolo11m,C_finetuned_supervised,bo_exploitation,4.0,-0.09,time_inference,29.03
yolo11m,C_finetuned_supervised,grid_search,4.0,0.0,time_inference,29.02
rtdetr-l,A_unfinetuned,baseline,0.0,0.0,time_inference,4.59
rtdetr-l,A_unfinetuned,bo_exploration,4.0,0.6,time_inference,113.17
rtdetr-l,A_unfinetuned,bo_exploitation,2.0,0.09,time_inference,22.11
rtdetr-l,A_unfinetuned,grid_search,4.0,0.5,time_inference,113.45
rtdetr-l,B_finetuned_unsupervised,baseline,0.0,0.0,time_inference,4.16
rtdetr-l,B_finetuned_unsupervised,bo_exploration,3.0,0.62,time_inference,70.44
rtdetr-l,B_finetuned_unsupervised,bo_exploitation,4.0,0.41,time_inference,109.8
rtdetr-l,B_finetuned_unsupervised,grid_search,4.0,0.5,time_inference,109.75
rtdetr-l,C_finetuned_supervised,bo_exploration,3.0,-0.12,time_inference,36.06
rtdetr-l,C_finetuned_supervised,bo_exploitation,3.0,0.28,time_inference,43.25
rtdetr-l,C_finetuned_supervised,grid_search,4.0,0.25,time_inference,58.73
yolo11n,A_unfinetuned,baseline,0.0,0.0,time_inference,3.26
yolo11n,A_unfinetuned,bo_exploration,4.0,0.62,time_inference,74.04
yolo11n,A_unfinetuned,bo_exploitation,3.0,0.26,time_inference,32.85
yolo11n,A_unfinetuned,grid_search,4.0,0.5,time_inference,74.02
yolo11n,B_finetuned_unsupervised,baseline,0.0,0.0,time_inference,2.75
yolo11n,B_finetuned_unsupervised,bo_exploration,4.0,0.62,time_inference,65.54
yolo11n,B_finetuned_unsupervised,bo_exploitation,3.0,0.36,time_inference,29.48
yolo11n,B_finetuned_unsupervised,grid_search,4.0,0.5,time_inference,65.45
yolo11n,C_finetuned_supervised,bo_exploration,4.0,-0.12,time_inference,26.43
yolo11n,C_finetuned_supervised,bo_exploitation,3.0,-0.12,time_inference,24.41
yolo11n,C_finetuned_supervised,grid_search,4.0,0.0,time_inference,26.42
yolo11m,A_unfinetuned,baseline,0.0,0.0,time_inference,3.55
yolo11m,A_unfinetuned,bo_exploration,3.0,0.62,time_inference,52.99
yolo11m,A_unfinetuned,bo_exploitation,3.0,0.62,time_inference,52.92
yolo11m,A_unfinetuned,grid_search,4.0,0.5,time_inference,70.81
yolo11m,B_finetuned_unsupervised,baseline,0.0,0.0,time_inference,3.31
yolo11m,B_finetuned_unsupervised,bo_exploration,4.0,0.62,time_inference,68.39
yolo11m,B_finetuned_unsupervised,bo_exploitation,3.0,0.62,time_inference,50.59
yolo11m,B_finetuned_unsupervised,grid_search,4.0,0.5,time_inference,68.5
yolo11m,C_finetuned_supervised,bo_exploration,2.0,0.62,time_inference,35.32
yolo11m,C_finetuned_supervised,bo_exploitation,4.0,0.08,time_inference,27.66
yolo11m,C_finetuned_supervised,grid_search,4.0,0.0,time_inference,27.71
rtdetr-l,A_unfinetuned,baseline,0.0,0.0,time_inference,4.41
rtdetr-l,A_unfinetuned,bo_exploration,4.0,0.62,time_inference,109.66
rtdetr-l,A_unfinetuned,bo_exploitation,2.0,0.61,time_inference,45.16
rtdetr-l,A_unfinetuned,grid_search,4.0,0.5,time_inference,109.73
rtdetr-l,B_finetuned_unsupervised,baseline,0.0,0.0,time_inference,3.87
rtdetr-l,B_finetuned_unsupervised,bo_exploration,4.0,0.21,time_inference,59.11
rtdetr-l,B_finetuned_unsupervised,bo_exploitation,1.0,0.56,time_inference,7.58
rtdetr-l,B_finetuned_unsupervised,grid_search,4.0,0.5,time_inference,110.27
rtdetr-l,C_finetuned_supervised,bo_exploration,4.0,-0.12,time_inference,42.97
rtdetr-l,C_finetuned_supervised,bo_exploitation,4.0,0.23,time_inference,59.2
rtdetr-l,C_finetuned_supervised,grid_search,4.0,0.0,time_inference,42.87
yolo11n,A_unfinetuned,baseline,0.0,0.0,time_inference,3.22
yolo11n,A_unfinetuned,bo_exploration,2.0,0.62,time_inference,35.94
yolo11n,A_unfinetuned,bo_exploitation,2.0,0.39,time_inference,35.96
yolo11n,A_unfinetuned,grid_search,4.0,0.5,time_inference,72.52
yolo11n,B_finetuned_unsupervised,baseline,0.0,0.0,time_inference,2.95
yolo11n,B_finetuned_unsupervised,bo_exploration,3.0,0.62,time_inference,52.23
yolo11n,B_finetuned_unsupervised,bo_exploitation,3.0,-0.01,time_inference,26.55
yolo11n,B_finetuned_unsupervised,grid_search,4.0,0.5,time_inference,71.2
yolo11n,C_finetuned_supervised,bo_exploration,4.0,-0.12,time_inference,28.62
yolo11n,C_finetuned_supervised,bo_exploitation,4.0,-0.12,time_inference,28.6
yolo11n,C_finetuned_supervised,grid_search,4.0,0.0,time_inference,28.58
yolo11m,A_unfinetuned,baseline,0.0,0.0,time_inference,3.2
yolo11m,A_unfinetuned,bo_exploration,3.0,0.27,time_inference,35.6
yolo11m,A_unfinetuned,bo_exploitation,3.0,0.62,time_inference,58.02
yolo11m,A_unfinetuned,grid_search,4.0,0.5,time_inference,78.1
yolo11m,B_finetuned_unsupervised,baseline,0.0,0.0,time_inference,3.19
yolo11m,B_finetuned_unsupervised,bo_exploration,4.0,0.12,time_inference,29.3
yolo11m,B_finetuned_unsupervised,bo_exploitation,4.0,0.62,time_inference,71.93
yolo11m,B_finetuned_unsupervised,grid_search,4.0,0.5,time_inference,71.73
yolo11m,C_finetuned_supervised,bo_exploration,4.0,-0.12,time_inference,29.24
yolo11m,C_finetuned_supervised,bo_exploitation,4.0,0.28,time_inference,39.52
yolo11m,C_finetuned_supervised,grid_search,4.0,0.25,time_inference,39.48
rtdetr-l,A_unfinetuned,baseline,0.0,0.0,time_inference,4.62
rtdetr-l,A_unfinetuned,bo_exploration,4.0,0.62,time_inference,116.56
rtdetr-l,A_unfinetuned,bo_exploitation,4.0,0.57,time_inference,116.4
rtdetr-l,A_unfinetuned,grid_search,4.0,0.5,time_inference,116.62
rtdetr-l,B_finetuned_unsupervised,baseline,0.0,0.0,time_inference,4.08
rtdetr-l,B_finetuned_unsupervised,bo_exploration,4.0,0.47,time_inference,108.48
rtdetr-l,B_finetuned_unsupervised,bo_exploitation,4.0,-0.12,time_inference,42.25
rtdetr-l,B_finetuned_unsupervised,grid_search,4.0,0.5,time_inference,108.36
rtdetr-l,C_finetuned_supervised,bo_exploration,4.0,-0.08,time_inference,42.28
rtdetr-l,C_finetuned_supervised,bo_exploitation,2.0,0.29,time_inference,35.41
rtdetr-l,C_finetuned_supervised,grid_search,4.0,0.5,time_inference,108.35
rtdetr-l,A_unfinetuned,baseline,0.0,0.0,time_inference,5.04
rtdetr-l,A_unfinetuned,bo_exploration,3.0,0.47,time_inference,72.82
rtdetr-l,A_unfinetuned,bo_exploitation,3.0,0.51,time_inference,72.8
rtdetr-l,A_unfinetuned,grid_search,4.0,0.5,time_inference,111.55
rtdetr-l,B_finetuned_unsupervised,baseline,0.0,0.0,time_inference,4.02
rtdetr-l,B_finetuned_unsupervised,bo_exploration,3.0,0.12,time_inference,37.23
rtdetr-l,B_finetuned_unsupervised,bo_exploitation,4.0,0.55,time_inference,112.83
rtdetr-l,B_finetuned_unsupervised,grid_search,4.0,0.5,time_inference,112.96
rtdetr-l,C_finetuned_supervised,bo_exploration,4.0,-0.09,time_inference,43.93
rtdetr-l,C_finetuned_supervised,bo_exploitation,1.0,0.61,time_inference,8.11
rtdetr-l,C_finetuned_supervised,grid_search,4.0,0.0,time_inference,44.0
rtdetr-l,A_unfinetuned,baseline,0.0,0.0,time_inference,4.71
rtdetr-l,A_unfinetuned,bo_exploration,3.0,0.62,time_inference,70.82
rtdetr-l,A_unfinetuned,bo_exploitation,4.0,0.28,time_inference,59.21
rtdetr-l,A_unfinetuned,grid_search,4.0,0.5,time_inference,110.12
rtdetr-l,B_finetuned_unsupervised,baseline,0.0,0.0,time_inference,4.66
yolo11n,A_unfinetuned,baseline,0.0,0.0,time_inference,3.2
yolo11n,A_unfinetuned,bo_exploration,4.0,0.62,time_inference,78.02
yolo11n,A_unfinetuned,bo_exploitation,2.0,0.42,time_inference,38.25
yolo11n,A_unfinetuned,grid_search,4.0,0.5,time_inference,78.0
yolo11n,B_finetuned_unsupervised,baseline,0.0,0.0,time_inference,2.9
yolo11n,B_finetuned_unsupervised,bo_exploration,3.0,0.52,time_inference,47.96
yolo11n,B_finetuned_unsupervised,bo_exploitation,4.0,0.56,time_inference,65.73
yolo11n,B_finetuned_unsupervised,grid_search,4.0,0.5,time_inference,65.83
yolo11n,C_finetuned_supervised,bo_exploration,4.0,-0.12,time_inference,26.67
yolo11n,C_finetuned_supervised,bo_exploitation,4.0,-0.12,time_inference,26.62
yolo11n,C_finetuned_supervised,grid_search,4.0,0.0,time_inference,26.7
yolo11m,A_unfinetuned,baseline,0.0,0.0,time_inference,4.68
yolo11m,A_unfinetuned,bo_exploration,4.0,0.62,time_inference,73.14
yolo11m,A_unfinetuned,bo_exploitation,3.0,-0.12,time_inference,26.84
yolo11m,A_unfinetuned,grid_search,4.0,0.5,time_inference,73.12
yolo11m,B_finetuned_unsupervised,baseline,0.0,0.0,time_inference,3.37
yolo11m,B_finetuned_unsupervised,bo_exploration,4.0,0.37,time_inference,38.19
yolo11m,B_finetuned_unsupervised,bo_exploitation,3.0,0.38,time_inference,51.21
yolo11m,B_finetuned_unsupervised,grid_search,4.0,0.5,time_inference,69.36
yolo11m,C_finetuned_supervised,bo_exploration,3.0,-0.12,time_inference,26.32
yolo11m,C_finetuned_supervised,bo_exploitation,3.0,0.32,time_inference,31.83
yolo11m,C_finetuned_supervised,grid_search,4.0,0.0,time_inference,28.04
yolo11n,A_unfinetuned,baseline,0.0,0.0,time_inference,3.17
yolo11n,A_unfinetuned,bo_exploration,3.0,0.62,time_inference,51.69
yolo11n,A_unfinetuned,bo_exploitation,3.0,0.56,time_inference,51.66
yolo11n,A_unfinetuned,grid_search,4.0,0.5,time_inference,69.51
yolo11n,B_finetuned_unsupervised,baseline,0.0,0.0,time_inference,2.88
yolo11n,B_finetuned_unsupervised,bo_exploration,4.0,0.62,time_inference,66.48
yolo11n,B_finetuned_unsupervised,bo_exploitation,3.0,0.62,time_inference,48.33
yolo11n,B_finetuned_unsupervised,grid_search,4.0,0.5,time_inference,66.24
yolo11n,C_finetuned_supervised,bo_exploration,3.0,0.53,time_inference,48.3
yolo11n,C_finetuned_supervised,bo_exploitation,3.0,0.02,time_inference,24.84
yolo11n,C_finetuned_supervised,grid_search,4.0,0.0,time_inference,26.92
yolo11m,A_unfinetuned,baseline,0.0,0.0,time_inference,3.3
yolo11m,A_unfinetuned,bo_exploration,3.0,0.62,time_inference,55.95
yolo11m,A_unfinetuned,bo_exploitation,3.0,0.41,time_inference,55.97
yolo11m,A_unfinetuned,grid_search,4.0,0.5,time_inference,75.84
yolo11m,B_finetuned_unsupervised,baseline,0.0,0.0,time_inference,3.49
yolo11m,B_finetuned_unsupervised,bo_exploration,4.0,0.62,time_inference,69.73
yolo11m,B_finetuned_unsupervised,bo_exploitation,3.0,-0.12,time_inference,26.35
yolo11m,B_finetuned_unsupervised,grid_search,4.0,0.5,time_inference,69.28
yolo11m,C_finetuned_supervised,bo_exploration,4.0,0.54,time_inference,69.12
yolo11m,C_finetuned_supervised,bo_exploitation,3.0,0.28,time_inference,31.9
yolo11m,C_finetuned_supervised,grid_search,4.0,0.0,time_inference,28.09
yolo11n,A_unfinetuned,baseline,0.0,0.0,time_inference,3.04
yolo11n,A_unfinetuned,bo_exploration,1.0,0.36,time_inference,5.69
yolo11n,A_unfinetuned,bo_exploitation,4.0,0.62,time_inference,73.85
yolo11n,A_unfinetuned,grid_search,4.0,0.5,time_inference,73.93
yolo11n,B_finetuned_unsupervised,baseline,0.0,0.0,time_inference,2.88
yolo11m,A_unfinetuned,baseline,0.0,0.0,time_inference,3.62
yolo11m,A_unfinetuned,bo_exploration,4.0,0.62,time_inference,77.8
yolo11m,A_unfinetuned,bo_exploitation,1.0,0.34,time_inference,7.1
yolo11m,A_unfinetuned,grid_search,4.0,0.5,time_inference,77.77
yolo11m,B_finetuned_unsupervised,baseline,0.0,0.0,time_inference,3.38
yolo11m,B_finetuned_unsupervised,bo_exploration,3.0,0.62,time_inference,50.99
yolo11m,B_finetuned_unsupervised,bo_exploitation,1.0,0.19,time_inference,6.52
yolo11m,B_finetuned_unsupervised,grid_search,4.0,0.5,time_inference,68.57
yolo11m,C_finetuned_supervised,bo_exploration,2.0,0.31,time_inference,29.73
yolo11m,C_finetuned_supervised,bo_exploitation,3.0,-0.02,time_inference,26.02
yolo11m,C_finetuned_supervised,grid_search,4.0,0.0,time_inference,27.89
rtdetr-l,A_unfinetuned,baseline,0.0,0.0,time_inference,4.54
rtdetr-l,A_unfinetuned,bo_exploration,1.0,0.46,time_inference,8.08
rtdetr-l,A_unfinetuned,bo_exploitation,3.0,0.46,time_inference,70.2
rtdetr-l,A_unfinetuned,grid_search,4.0,0.5,time_inference,110.52
rtdetr-l,B_finetuned_unsupervised,baseline,0.0,0.0,time_inference,4.79
rtdetr-l,B_finetuned_unsupervised,bo_exploration,3.0,0.62,time_inference,78.94
rtdetr-l,B_finetuned_unsupervised,bo_exploitation,1.0,0.3,time_inference,9.49
rtdetr-l,B_finetuned_unsupervised,grid_search,4.0,0.5,time_inference,121.41
rtdetr-l,C_finetuned_supervised,bo_exploration,4.0,-0.12,time_inference,46.89
rtdetr-l,C_finetuned_supervised,bo_exploitation,4.0,-0.06,time_inference,46.79
rtdetr-l,C_finetuned_supervised,grid_search,4.0,0.0,time_inference,46.9
yolo11n,A_unfinetuned,baseline,0.0,0.0,time_inference,3.26
yolo11n,B_finetuned_unsupervised,baseline,0.0,0.0,time_inference,3.01
yolo11n,B_finetuned_unsupervised,bo_exploration,4.0,0.62,time_inference,71.01
yolo11n,B_finetuned_unsupervised,bo_exploitation,4.0,0.62,time_inference,71.11
yolo11n,B_finetuned_unsupervised,grid_search,4.0,0.5,time_inference,71.75
yolo11n,C_finetuned_supervised,bo_exploration,2.0,-0.05,time_inference,17.34
yolo11n,C_finetuned_supervised,bo_exploitation,3.0,0.08,time_inference,27.06
yolo11n,C_finetuned_supervised,grid_search,4.0,0.0,time_inference,28.93
yolo11m,A_unfinetuned,baseline,0.0,0.0,time_inference,3.44
yolo11m,A_unfinetuned,bo_exploration,2.0,0.62,time_inference,36.86
yolo11m,A_unfinetuned,bo_exploitation,4.0,0.5,time_inference,69.57
yolo11m,A_unfinetuned,grid_search,4.0,0.5,time_inference,69.38
yolo11m,B_finetuned_unsupervised,baseline,0.0,0.0,time_inference,3.48
yolo11m,B_finetuned_unsupervised,bo_exploration,3.0,-0.1,time_inference,26.22
yolo11m,B_finetuned_unsupervised,bo_exploitation,3.0,0.62,time_inference,50.35
yolo11m,B_finetuned_unsupervised,grid_search,4.0,0.5,time_inference,67.62
yolo11m,C_finetuned_supervised,bo_exploration,2.0,0.43,time_inference,35.13
yolo11m,C_finetuned_supervised,bo_exploitation,4.0,-0.07,time_inference,27.74
yolo11m,C_finetuned_supervised,grid_search,4.0,0.0,time_inference,27.75
rtdetr-l,A_unfinetuned,baseline,0.0,0.0,time_inference,4.43
rtdetr-l,A_unfinetuned,bo_exploration,4.0,0.16,time_inference,62.33
rtdetr-l,A_unfinetuned,bo_exploitation,4.0,0.58,time_inference,113.87
rtdetr-l,A_unfinetuned,grid_search,4.0,0.5,time_inference,110.09
rtdetr-l,B_finetuned_unsupervised,baseline,0.0,0.0,time_inference,4.43
rtdetr-l,B_finetuned_unsupervised,bo_exploration,4.0,0.62,time_inference,108.26
rtdetr-l,B_finetuned_unsupervised,bo_exploitation,3.0,0.4,time_inference,68.78
rtdetr-l,B_finetuned_unsupervised,grid_search,4.0,0.5,time_inference,107.91
rtdetr-l,C_finetuned_supervised,bo_exploration,3.0,-0.12,time_inference,35.12
rtdetr-l,C_finetuned_supervised,bo_exploitation,3.0,0.49,time_inference,68.97
rtdetr-l,C_finetuned_supervised,grid_search,4.0,0.0,time_inference,41.97
yolo11n,A_unfinetuned,baseline,0.0,0.0,time_inference,3.06
yolo11n,A_unfinetuned,bo_exploration,4.0,0.45,time_inference,75.05
yolo11n,A_unfinetuned,bo_exploitation,4.0,0.48,time_inference,75.12
yolo11n,A_unfinetuned,grid_search,4.0,0.5,time_inference,75.08
yolo11n,B_finetuned_unsupervised,baseline,0.0,0.0,time_inference,3.04
yolo11n,B_finetuned_unsupervised,bo_exploration,4.0,0.62,time_inference,71.74
yolo11n,B_finetuned_unsupervised,bo_exploitation,3.0,0.48,time_inference,51.59
yolo11n,B_finetuned_unsupervised,grid_search,4.0,0.5,time_inference,71.27
yolo11n,C_finetuned_supervised,bo_exploration,3.0,-0.12,time_inference,26.5
yolo11n,C_finetuned_supervised,bo_exploitation,4.0,-0.12,time_inference,28.8
yolo11n,C_finetuned_supervised,grid_search,4.0,0.0,time_inference,28.82
yolo11m,A_unfinetuned,baseline,0.0,0.0,time_inference,3.43
yolo11m,B_finetuned_unsupervised,baseline,0.0,0.0,time_inference,3.36
yolo11m,B_finetuned_unsupervised,bo_exploration,3.0,0.62,time_inference,51.79
yolo11m,B_finetuned_unsupervised,bo_exploitation,2.0,-0.01,time_inference,17.8
yolo11m,B_finetuned_unsupervised,grid_search,4.0,0.5,time_inference,69.41
yolo11m,C_finetuned_supervised,bo_exploration,3.0,-0.12,time_inference,26.2
yolo11m,C_finetuned_supervised,bo_exploitation,3.0,0.59,time_inference,52.77
yolo11m,C_finetuned_supervised,grid_search,4.0,0.0,time_inference,28.04
rtdetr-l,A_unfinetuned,baseline,0.0,0.0,time_inference,3.94
rtdetr-l,A_unfinetuned,bo_exploration,1.0,0.62,time_inference,7.61
rtdetr-l,A_unfinetuned,bo_exploitation,3.0,0.62,time_inference,68.78
rtdetr-l,A_unfinetuned,grid_search,4.0,0.5,time_inference,108.5
rtdetr-l,B_finetuned_unsupervised,baseline,0.0,0.0,time_inference,4.4
rtdetr-l,B_finetuned_unsupervised,bo_exploration,4.0,0.59,time_inference,112.2
rtdetr-l,B_finetuned_unsupervised,bo_exploitation,2.0,0.03,time_inference,22.11
rtdetr-l,B_finetuned_unsupervised,grid_search,4.0,0.5,time_inference,109.32
rtdetr-l,C_finetuned_supervised,bo_exploration,4.0,-0.12,time_inference,43.92
rtdetr-l,C_finetuned_supervised,bo_exploitation,3.0,-0.07,time_inference,36.89
rtdetr-l,C_finetuned_supervised,grid_search,4.0,0.0,time_inference,44.06
yolo11n,A_unfinetuned,baseline,0.0,0.0,time_inference,3.43
yolo11n,A_unfinetuned,bo_exploration,4.0,0.15,time_inference,40.0
yolo11n,A_unfinetuned,bo_exploitation,4.0,0.55,time_inference,73.32
yolo11n,A_unfinetuned,grid_search,4.0,0.5,time_inference,73.19
yolo11n,B_finetuned_unsupervised,baseline,0.0,0.0,time_inference,2.8
yolo11n,B_finetuned_unsupervised,bo_exploration,4.0,0.62,time_inference,66.8
yolo11n,B_finetuned_unsupervised,bo_exploitation,4.0,0.59,time_inference,65.29
yolo11n,B_finetuned_unsupervised,grid_search,4.0,0.5,time_inference,65.2
yolo11n,C_finetuned_supervised,bo_exploration,3.0,0.19,time_inference,29.31
yolo11n,C_finetuned_supervised,bo_exploitation,4.0,-0.12,time_inference,26.29
yolo11n,C_finetuned_supervised,grid_search,4.0,0.0,time_inference,26.3
yolo11m,A_unfinetuned,baseline,0.0,0.0,time_inference,3.7
yolo11m,A_unfinetuned,bo_exploration,3.0,0.35,time_inference,33.78
yolo11m,A_unfinetuned,bo_exploitation,3.0,0.21,time_inference,33.77
yolo11m,A_unfinetuned,grid_search,4.0,0.5,time_inference,73.73
yolo11m,B_finetuned_unsupervised,baseline,0.0,0.0,time_inference,3.26
rtdetr-l,A_unfinetuned,baseline,0.0,0.0,time_inference,4.36
rtdetr-l,B_finetuned_unsupervised,baseline,0.0,0.0,time_inference,4.12
rtdetr-l,A_unfinetuned,baseline,0.0,0.0,time_inference,4.69
rtdetr-l,A_unfinetuned,bo_exploration,2.0,0.35,time_inference,36.37
rtdetr-l,A_unfinetuned,bo_exploitation,2.0,-0.03,time_inference,21.18
rtdetr-l,A_unfinetuned,grid_search,4.0,0.5,time_inference,112.79
rtdetr-l,B_finetuned_unsupervised,baseline,0.0,0.0,time_inference,3.91
rtdetr-l,B_finetuned_unsupervised,bo_exploration,2.0,0.48,time_inference,43.5
rtdetr-l,B_finetuned_unsupervised,bo_exploitation,4.0,0.47,time_inference,110.4
rtdetr-l,B_finetuned_unsupervised,grid_search,4.0,0.5,time_inference,110.16
rtdetr-l,C_finetuned_supervised,bo_exploration,4.0,-0.11,time_inference,42.39
rtdetr-l,C_finetuned_supervised,bo_exploitation,4.0,0.11,time_inference,42.53
rtdetr-l,C_finetuned_supervised,grid_search,4.0,0.0,time_inference,42.57
rtdetr-l,A_unfinetuned,baseline,0.0,0.0,time_inference,4.73
rtdetr-l,A_unfinetuned,bo_exploration,4.0,0.62,time_inference,110.6
rtdetr-l,A_unfinetuned,bo_exploitation,3.0,0.0,time_inference,36.78
rtdetr-l,A_unfinetuned,grid_search,4.0,0.5,time_inference,110.58
rtdetr-l,B_finetuned_unsupervised,baseline,0.0,0.0,time_inference,4.32
rtdetr-l,B_finetuned_unsupervised,bo_exploration,3.0,0.62,time_inference,75.94
rtdetr-l,B_finetuned_unsupervised,bo_exploitation,4.0,0.43,time_inference,118.21
rtdetr-l,B_finetuned_unsupervised,grid_search,4.0,0.5,time_inference,118.68
rtdetr-l,C_finetuned_supervised,bo_exploration,4.0,-0.12,time_inference,46.06
rtdetr-l,C_finetuned_supervised,bo_exploitation,3.0,0.5,time_inference,77.11
rtdetr-l,C_finetuned_supervised,grid_search,4.0,0.0,time_inference,45.91
yolo11n,A_unfinetuned,baseline,0.0,0.0,time_inference,3.38
yolo11n,A_unfinetuned,bo_exploration,4.0,0.62,time_inference,71.57
yolo11n,A_unfinetuned,bo_exploitation,2.0,0.23,time_inference,30.18
yolo11n,A_unfinetuned,grid_search,4.0,0.5,time_inference,72.28
yolo11n,B_finetuned_unsupervised,baseline,0.0,0.0,time_inference,2.9
yolo11n,B_finetuned_unsupervised,bo_exploration,2.0,0.58,time_inference,33.22
yolo11n,B_finetuned_unsupervised,bo_exploitation,2.0,0.13,time_inference,28.14
yolo11n,B_finetuned_unsupervised,grid_search,4.0,0.5,time_inference,65.39
yolo11m,A_unfinetuned,baseline,0.0,0.0,time_inference,3.43
yolo11m,A_unfinetuned,bo_exploration,4.0,-0.12,time_inference,28.92
yolo11m,A_unfinetuned,bo_exploitation,4.0,0.45,time_inference,71.22
yolo11m,A_unfinetuned,grid_search,4.0,0.5,time_inference,71.04
yolo11m,B_finetuned_unsupervised,baseline,0.0,0.0,time_inference,3.41
yolo11m,B_finetuned_unsupervised,bo_exploration,4.0,0.62,time_inference,69.53
yolo11m,B_finetuned_unsupervised,bo_exploitation,1.0,0.33,time_inference,6.53
yolo11m,B_finetuned_unsupervised,grid_search,4.0,0.5,time_inference,69.79
yolo11m,C_finetuned_supervised,bo_exploration,4.0,-0.12,time_inference,28.19
yolo11m,C_finetuned_supervised,bo_exploitation,4.0,0.0,time_inference,28.11
yolo11m,C_finetuned_supervised,grid_search,4.0,0.0,time_inference,28.37
yolo11n,A_unfinetuned,baseline,0.0,0.0,time_inference,3.03
yolo11n,A_unfinetuned,bo_exploration,3.0,0.2,time_inference,32.97
yolo11n,A_unfinetuned,bo_exploitation,4.0,0.4,time_inference,74.58
yolo11n,A_unfinetuned,grid_search,4.0,0.5,time_inference,74.35
yolo11n,B_finetuned_unsupervised,baseline,0.0,0.0,time_inference,3.22
yolo11n,B_finetuned_unsupervised,bo_exploration,4.0,0.5,time_inference,71.93
yolo11n,B_finetuned_unsupervised,bo_exploitation,4.0,0.48,time_inference,71.95
yolo11n,B_finetuned_unsupervised,grid_search,4.0,0.5,time_inference,72.18
yolo11n,C_finetuned_supervised,bo_exploration,3.0,-0.12,time_inference,27.28
yolo11n,C_finetuned_supervised,bo_exploitation,4.0,0.26,time_inference,39.69
yolo11n,C_finetuned_supervised,grid_search,4.0,0.0,time_inference,29.33
yolo11m,A_unfinetuned,baseline,0.0,0.0,time_inference,4.25
yolo11m,A_unfinetuned,bo_exploration,4.0,0.62,time_inference,82.43
yolo11m,A_unfinetuned,bo_exploitation,3.0,0.62,time_inference,62.52
yolo11m,A_unfinetuned,grid_search,4.0,0.5,time_inference,82.51
yolo11m,B_finetuned_unsupervised,baseline,0.0,0.0,time_inference,3.41
yolo11m,B_finetuned_unsupervised,bo_exploration,3.0,0.42,time_inference,51.06
yolo11m,B_finetuned_unsupervised,bo_exploitation,2.0,0.48,time_inference,35.56
yolo11m,B_finetuned_unsupervised,grid_search,4.0,0.5,time_inference,69.2
yolo11m,C_finetuned_supervised,bo_exploration,3.0,-0.12,time_inference,26.21
yolo11m,C_finetuned_supervised,bo_exploitation,1.0,0.52,time_inference,6.41
yolo11m,C_finetuned_supervised,grid_search,4.0,0.0,time_inference,29.01
yolo11n,A_unfinetuned,baseline,0.0,0.0,time_inference,3.11
yolo11n,A_unfinetuned,bo_exploration,4.0,0.55,time_inference,71.99
yolo11n,A_unfinetuned,bo_exploitation,3.0,0.47,time_inference,52.31
yolo11n,A_unfinetuned,grid_search,4.0,0.5,time_inference,71.73
yolo11n,B_finetuned_unsupervised,baseline,0.0,0.0,time_inference,2.79
yolo11n,B_finetuned_unsupervised,bo_exploration,4.0,0.62,time_inference,65.68
yolo11n,B_finetuned_unsupervised,bo_exploitation,3.0,0.62,time_inference,47.55
yolo11n,B_finetuned_unsupervised,grid_search,4.0,0.5,time_inference,65.45
yolo11n,C_finetuned_supervised,bo_exploration,4.0,-0.12,time_inference,26.46
yolo11n,C_finetuned_supervised,bo_exploitation,3.0,0.51,time_inference,47.53
yolo11n,C_finetuned_supervised,grid_search,4.0,0.0,time_inference,26.46
yolo11m,A_unfinetuned,baseline,0.0,0.0,time_inference,4.21
yolo11m,A_unfinetuned,bo_exploration,4.0,0.62,time_inference,74.56
yolo11m,A_unfinetuned,bo_exploitation,3.0,0.45,time_inference,57.74
yolo11m,A_unfinetuned,grid_search,4.0,0.5,time_inference,74.6
yolo11m,B_finetuned_unsupervised,baseline,0.0,0.0,time_inference,3.46
yolo11m,B_finetuned_unsupervised,bo_exploration,3.0,0.39,time_inference,51.04
yolo11m,B_finetuned_unsupervised,bo_exploitation,4.0,0.51,time_inference,69.68
yolo11m,B_finetuned_unsupervised,grid_search,4.0,0.5,time_inference,69.55
yolo11m,C_finetuned_supervised,bo_exploration,4.0,-0.06,time_inference,28.21
yolo11m,C_finetuned_supervised,bo_exploitation,4.0,0.5,time_inference,69.58
yolo11m,C_finetuned_supervised,grid_search,4.0,0.0,time_inference,28.2
rtdetr-l,A_unfinetuned,baseline,0.0,0.0,time_inference,5.2
rtdetr-l,A_unfinetuned,bo_exploration,3.0,0.27,time_inference,44.28
rtdetr-l,A_unfinetuned,bo_exploitation,4.0,0.48,time_inference,113.38
rtdetr-l,A_unfinetuned,grid_search,4.0,0.5,time_inference,112.24
rtdetr-l,B_finetuned_unsupervised,baseline,0.0,0.0,time_inference,4.74
rtdetr-l,B_finetuned_unsupervised,bo_exploration,3.0,-0.12,time_inference,37.58
rtdetr-l,B_finetuned_unsupervised,bo_exploitation,2.0,-0.08,time_inference,21.93
rtdetr-l,B_finetuned_unsupervised,grid_search,4.0,0.5,time_inference,114.14
rtdetr-l,C_finetuned_supervised,bo_exploration,4.0,0.62,time_inference,114.02
rtdetr-l,C_finetuned_supervised,bo_exploitation,4.0,-0.09,time_inference,44.53
rtdetr-l,C_finetuned_supervised,grid_search,4.0,0.5,time_inference,114.15
yolo11n,A_unfinetuned,baseline,0.0,0.0,time_inference,3.06
yolo11n,B_finetuned_unsupervised,baseline,0.0,0.0,time_inference,2.76
yolo11n,B_finetuned_unsupervised,bo_exploration,3.0,0.62,time_inference,47.33
yolo11n,B_finetuned_unsupervised,bo_exploitation,3.0,0.2,time_inference,29.39
yolo11n,B_finetuned_unsupervised,grid_search,4.0,0.5,time_inference,65.33
yolo11n,C_finetuned_supervised,bo_exploration,1.0,0.31,time_inference,4.88
yolo11n,C_finetuned_supervised,bo_exploitation,3.0,-0.02,time_inference,24.29
yolo11n,C_finetuned_supervised,grid_search,4.0,0.0,time_inference,26.41
yolo11m,A_unfinetuned,baseline,0.0,0.0,time_inference,3.45
yolo11m,A_unfinetuned,bo_exploration,4.0,0.61,time_inference,79.52
yolo11m,A_unfinetuned,bo_exploitation,1.0,0.62,time_inference,6.72
yolo11m,A_unfinetuned,grid_search,4.0,0.5,time_inference,79.33
yolo11m,B_finetuned_unsupervised,baseline,0.0,0.0,time_inference,3.42
yolo11m,B_finetuned_unsupervised,bo_exploration,3.0,0.39,time_inference,51.4
yolo11m,B_finetuned_unsupervised,bo_exploitation,2.0,0.48,time_inference,35.94
yolo11m,B_finetuned_unsupervised,grid_search,4.0,0.5,time_inference,69.48
yolo11m,C_finetuned_supervised,bo_exploration,2.0,0.36,time_inference,30.09
yolo11m,C_finetuned_supervised,bo_exploitation,2.0,-0.03,time_inference,17.68
yolo11m,C_finetuned_supervised,grid_search,4.0,0.0,time_inference,27.98
rtdetr-l,A_unfinetuned,baseline,0.0,0.0,time_inference,4.46
rtdetr-l,A_unfinetuned,bo_exploration,4.0,-0.08,time_inference,44.19
rtdetr-l,A_unfinetuned,bo_exploitation,3.0,0.57,time_inference,74.68
rtdetr-l,A_unfinetuned,grid_search,4.0,0.5,time_inference,116.41
rtdetr-l,B_finetuned_unsupervised,baseline,0.0,0.0,time_inference,4.83
rtdetr-l,B_finetuned_unsupervised,bo_exploration,4.0,0.03,time_inference,44.94
rtdetr-l,B_finetuned_unsupervised,bo_exploitation,1.0,0.39,time_inference,9.48
rtdetr-l,B_finetuned_unsupervised,grid_search,4.0,0.5,time_inference,115.54
rtdetr-l,C_finetuned_supervised,bo_exploration,3.0,-0.12,time_inference,38.14
rtdetr-l,C_finetuned_supervised,bo_exploitation,3.0,0.39,time_inference,75.36
rtdetr-l,C_finetuned_supervised,grid_search,4.0,0.0,time_inference,46.26
yolo11n,A_unfinetuned,baseline,0.0,0.0,time_inference,2.91
yolo11n,A_unfinetuned,bo_exploration,2.0,0.09,time_inference,16.76
yolo11n,A_unfinetuned,bo_exploitation,4.0,0.62,time_inference,74.76
yolo11n,A_unfinetuned,grid_search,4.0,0.5,time_inference,74.73
yolo11n,B_finetuned_unsupervised,baseline,0.0,0.0,time_inference,2.78
yolo11n,B_finetuned_unsupervised,bo_exploration,4.0,0.62,time_inference,65.72
yolo11n,B_finetuned_unsupervised,bo_exploitation,4.0,0.51,time_inference,65.67
yolo11n,B_finetuned_unsupervised,grid_search,4.0,0.5,time_inference,65.4
yolo11m,A_unfinetuned,baseline,0.0,0.0,time_inference,3.98
yolo11m,A_unfinetuned,bo_exploration,3.0,0.56,time_inference,61.81
yolo11m,B_finetuned_unsupervised,baseline,0.0,0.0,time_inference,3.82
yolo11m,B_finetuned_unsupervised,bo_exploration,1.0,-0.06,time_inference,6.55
yolo11m,B_finetuned_unsupervised,bo_exploitation,2.0,0.15,time_inference,30.65
yolo11m,B_finetuned_unsupervised,grid_search,4.0,0.5,time_inference,70.65
yolo11m,C_finetuned_supervised,bo_exploration,4.0,0.1,time_inference,28.72
yolo11m,C_finetuned_supervised,bo_exploitation,4.0,0.31,time_inference,38.62
yolo11m,C_finetuned_supervised,grid_search,4.0,0.0,time_inference,28.55
rtdetr-l,A_unfinetuned,baseline,0.0,0.0,time_inference,4.83
rtdetr-l,A_unfinetuned,bo_exploration,3.0,-0.06,time_inference,36.7
rtdetr-l,A_unfinetuned,bo_exploitation,4.0,0.47,time_inference,112.83
rtdetr-l,A_unfinetuned,grid_search,4.0,0.5,time_inference,115.52
rtdetr-l,B_finetuned_unsupervised,baseline,0.0,0.0,time_inference,4.19
rtdetr-l,B_finetuned_unsupervised,bo_exploration,4.0,0.62,time_inference,111.08
rtdetr-l,B_finetuned_unsupervised,bo_exploitation,3.0,-0.08,time_inference,36.37
rtdetr-l,B_finetuned_unsupervised,grid_search,4.0,0.5,time_inference,111.03
rtdetr-l,C_finetuned_supervised,bo_exploration,4.0,0.1,time_inference,42.01
rtdetr-l,C_finetuned_supervised,bo_exploitation,4.0,-0.08,time_inference,42.06
rtdetr-l,C_finetuned_supervised,grid_search,4.0,0.0,time_inference,41.94
yolo11n,A_unfinetuned,baseline,0.0,0.0,time_inference,2.93
yolo11n,A_unfinetuned,bo_exploration,4.0,0.38,time_inference,73.28
yolo11n,A_unfinetuned,bo_exploitation,2.0,0.62,time_inference,35.7
yolo11n,A_unfinetuned,grid_search,4.0,0.5,time_inference,73.32
yolo11n,B_finetuned_unsupervised,baseline,0.0,0.0,time_inference,2.73
yolo11m,A_unfinetuned,baseline,0.0,0.0,time_inference,3.2
yolo11m,A_unfinetuned,bo_exploration,2.0,0.29,time_inference,32.67
yolo11m,A_unfinetuned,bo_exploitation,1.0,0.06,time_inference,6.2
yolo11m,A_unfinetuned,grid_search,4.0,0.5,time_inference,80.46
yolo11m,B_finetuned_unsupervised,baseline,0.0,0.0,time_inference,3.42
yolo11m,B_finetuned_unsupervised,bo_exploration,2.0,0.01,time_inference,17.94
yolo11m,B_finetuned_unsupervised,bo_exploitation,4.0,0.6,time_inference,69.55
yolo11m,B_finetuned_unsupervised,grid_search,4.0,0.5,time_inference,69.59
rtdetr-l,A_unfinetuned,baseline,0.0,0.0,time_inference,4.53
rtdetr-l,A_unfinetuned,bo_exploration,3.0,0.06,time_inference,37.75
rtdetr-l,A_unfinetuned,bo_exploitation,2.0,0.46,time_inference,45.7
rtdetr-l,A_unfinetuned,grid_search,4.0,0.5,time_inference,113.38
rtdetr-l,B_finetuned_unsupervised,baseline,0.0,0.0,time_inference,4.57
rtdetr-l,B_finetuned_unsupervised,bo_exploration,1.0,0.44,time_inference,8.79
rtdetr-l,B_finetuned_unsupervised,bo_exploitation,2.0,0.18,time_inference,36.75
rtdetr-l,B_finetuned_unsupervised,grid_search,4.0,0.5,time_inference,112.99
rtdetr-l,C_finetuned_supervised,bo_exploration,4.0,0.2,time_inference,60.29
rtdetr-l,C_finetuned_supervised,bo_exploitation,4.0,0.34,time_inference,60.29
rtdetr-l,C_finetuned_supervised,grid_search,4.0,0.25,time_inference,60.28
rtdetr-l,A_unfinetuned,baseline,0.0,0.0,time_inference,4.8
rtdetr-l,A_unfinetuned,bo_exploration,1.0,0.62,time_inference,9.22
rtdetr-l,A_unfinetuned,bo_exploitation,4.0,0.47,time_inference,111.64
rtdetr-l,A_unfinetuned,grid_search,4.0,0.5,time_inference,114.21
rtdetr-l,B_finetuned_unsupervised,baseline,0.0,0.0,time_inference,4.8
rtdetr-l,B_finetuned_unsupervised,bo_exploration,4.0,-0.12,time_inference,42.85
rtdetr-l,B_finetuned_unsupervised,bo_exploitation,1.0,0.14,time_inference,9.27
rtdetr-l,B_finetuned_unsupervised,grid_search,4.0,0.5,time_inference,109.85
rtdetr-l,C_finetuned_supervised,bo_exploration,4.0,-0.03,time_inference,42.87
rtdetr-l,C_finetuned_supervised,bo_exploitation,3.0,0.34,time_inference,43.61
rtdetr-l,C_finetuned_supervised,grid_search,4.0,0.0,time_inference,43.06
rtdetr-l,A_unfinetuned,baseline,0.0,0.0,time_inference,3.56
rtdetr-l,A_unfinetuned,bo_exploration,4.0,0.62,time_inference,110.14
rtdetr-l,A_unfinetuned,bo_exploitation,3.0,-0.02,time_inference,35.93
rtdetr-l,A_unfinetuned,grid_search,4.0,0.5,time_inference,110.33
rtdetr-l,B_finetuned_unsupervised,baseline,0.0,0.0,time_inference,4.65
rtdetr-l,B_finetuned_unsupervised,bo_exploration,4.0,0.62,time_inference,108.07
rtdetr-l,B_finetuned_unsupervised,bo_exploitation,3.0,0.45,time_inference,69.27
rtdetr-l,B_finetuned_unsupervised,grid_search,4.0,0.5,time_inference,108.03
rtdetr-l,C_finetuned_supervised,bo_exploration,3.0,-0.12,time_inference,35.44
yolo11n,A_unfinetuned,baseline,0.0,0.0,time_inference,3.19
yolo11n,A_unfinetuned,bo_exploration,4.0,0.62,time_inference,71.15
yolo11n,A_unfinetuned,bo_exploitation,2.0,0.51,time_inference,36.25
yolo11n,A_unfinetuned,grid_search,4.0,0.5,time_inference,71.32
yolo11n,B_finetuned_unsupervised,baseline,0.0,0.0,time_inference,2.8
yolo11n,B_finetuned_unsupervised,bo_exploration,3.0,0.62,time_inference,47.53
yolo11n,B_finetuned_unsupervised,bo_exploitation,1.0,0.62,time_inference,5.02
yolo11n,B_finetuned_unsupervised,grid_search,4.0,0.5,time_inference,65.72
yolo11n,C_finetuned_supervised,bo_exploration,4.0,-0.12,time_inference,26.54
yolo11n,C_finetuned_supervised,bo_exploitation,3.0,0.07,time_inference,24.41
yolo11n,C_finetuned_supervised,grid_search,4.0,0.0,time_inference,26.5
yolo11m,A_unfinetuned,baseline,0.0,0.0,time_inference,3.62
yolo11m,A_unfinetuned,bo_exploration,4.0,0.62,time_inference,78.9
yolo11m,A_unfinetuned,bo_exploitation,2.0,-0.03,time_inference,19.69
yolo11m,A_unfinetuned,grid_search,4.0,0.5,time_inference,78.86
yolo11m,B_finetuned_unsupervised,baseline,0.0,0.0,time_inference,3.36
yolo11m,B_finetuned_unsupervised,bo_exploration,3.0,0.03,time_inference,25.85
yolo11m,B_finetuned_unsupervised,bo_exploitation,3.0,0.62,time_inference,49.51
yolo11m,B_finetuned_unsupervised,grid_search,4.0,0.5,time_inference,67.04
yolo11m,C_finetuned_supervised,bo_exploration,3.0,-0.08,time_inference,25.83
yolo11m,C_finetuned_supervised,bo_exploitation,4.0,-0.12,time_inference,27.51
yolo11m,C_finetuned_supervised,grid_search,4.0,0.0,time_inference,27.54
yolo11n,A_unfinetuned,baseline,0.0,0.0,time_inference,3.31
yolo11n,A_unfinetuned,bo_exploration,4.0,0.62,time_inference,71.91
yolo11n,A_unfinetuned,bo_exploitation,2.0,0.62,time_inference,36.85
yolo11n,A_unfinetuned,grid_search,4.0,0.5,time_inference,72.02
yolo11n,B_finetuned_unsupervised,baseline,0.0,0.0,time_inference,3.09
yolo11n,B_finetuned_unsupervised,bo_exploration,2.0,0.17,time_inference,29.8
yolo11n,B_finetuned_unsupervised,bo_exploitation,1.0,-0.06,time_inference,5.82
yolo11n,B_finetuned_unsupervised,grid_search,4.0,0.5,time_inference,71.92
yolo11n,C_finetuned_supervised,bo_exploration,4.0,-0.11,time_inference,28.9
yolo11n,C_finetuned_supervised,bo_exploitation,3.0,0.15,time_inference,32.05
yolo11n,C_finetuned_supervised,grid_search,4.0,0.0,time_inference,28.86
yolo11m,A_unfinetuned,baseline,0.0,0.0,time_inference,3.75
yolo11m,A_unfinetuned,bo_exploration,3.0,0.43,time_inference,56.67
yolo11m,A_unfinetuned,bo_exploitation,3.0,0.42,time_inference,56.73
yolo11m,A_unfinetuned,grid_search,4.0,0.5,time_inference,78.91
yolo11m,B_finetuned_unsupervised,baseline,0.0,0.0,time_inference,3.32
yolo11m,B_finetuned_unsupervised,bo_exploration,2.0,0.52,time_inference,35.21
yolo11m,B_finetuned_unsupervised,bo_exploitation,2.0,0.23,time_inference,29.52
yolo11m,B_finetuned_unsupervised,grid_search,4.0,0.5,time_inference,67.92
yolo11n,A_unfinetuned,baseline,0.0,0.0,time_inference,3.24
yolo11n,A_unfinetuned,bo_exploration,2.0,0.61,time_inference,36.54
yolo11n,A_unfinetuned,bo_exploitation,1.0,-0.01,time_inference,6.44
yolo11n,A_unfinetuned,grid_search,4.0,0.5,time_inference,75.41
yolo11n,B_finetuned_unsupervised,baseline,0.0,0.0,time_inference,2.79
yolo11n,B_finetuned_unsupervised,bo_exploration,3.0,0.62,time_inference,47.25
yolo11n,B_finetuned_unsupervised,bo_exploitation,3.0,0.56,time_inference,47.31
yolo11n,B_finetuned_unsupervised,grid_search,4.0,0.5,time_inference,65.16
yolo11n,C_finetuned_supervised,bo_exploration,3.0,0.23,time_inference,29.35
yolo11n,C_finetuned_supervised,bo_exploitation,3.0,-0.12,time_inference,24.32
yolo11n,C_finetuned_supervised,grid_search,4.0,0.0,time_inference,26.36
yolo11m,A_unfinetuned,baseline,0.0,0.0,time_inference,3.21
yolo11m,A_unfinetuned,bo_exploration,4.0,0.54,time_inference,78.17
yolo11m,A_unfinetuned,bo_exploitation,3.0,0.4,time_inference,56.13
yolo11m,A_unfinetuned,grid_search,4.0,0.5,time_inference,77.85
yolo11m,B_finetuned_unsupervised,baseline,0.0,0.0,time_inference,3.28
yolo11m,B_finetuned_unsupervised,bo_exploration,3.0,0.43,time_inference,50.47
yolo11m,B_finetuned_unsupervised,bo_exploitation,2.0,-0.1,time_inference,17.65
yolo11m,B_finetuned_unsupervised,grid_search,4.0,0.5,time_inference,68.43
yolo11m,C_finetuned_supervised,bo_exploration,4.0,-0.12,time_inference,28.0
yolo11m,C_finetuned_supervised,bo_exploitation,2.0,0.55,time_inference,35.37
yolo11m,C_finetuned_supervised,grid_search,4.0,0.0,time_inference,28.0
rtdetr-l,A_unfinetuned,baseline,0.0,0.0,time_inference,4.79
rtdetr-l,A_unfinetuned,bo_exploration,3.0,0.62,time_inference,71.77
rtdetr-l,A_unfinetuned,bo_exploitation,3.0,0.3,time_inference,44.27
rtdetr-l,A_unfinetuned,grid_search,4.0,0.5,time_inference,111.08
rtdetr-l,B_finetuned_unsupervised,baseline,0.0,0.0,time_inference,4.38
rtdetr-l,B_finetuned_unsupervised,bo_exploration,2.0,0.52,time_inference,44.69
rtdetr-l,B_finetuned_unsupervised,bo_exploitation,4.0,0.62,time_inference,111.18
rtdetr-l,B_finetuned_unsupervised,grid_search,4.0,0.5,time_inference,111.41
rtdetr-l,C_finetuned_supervised,bo_exploration,3.0,0.24,time_inference,43.8
rtdetr-l,C_finetuned_supervised,bo_exploitation,2.0,-0.12,time_inference,21.77
rtdetr-l,C_finetuned_supervised,grid_search,4.0,0.0,time_inference,43.44
yolo11n,A_unfinetuned,baseline,0.0,0.0,time_inference,3.04
yolo11n,A_unfinetuned,bo_exploration,4.0,0.62,time_inference,72.91
yolo11n,A_unfinetuned,bo_exploitation,4.0,0.47,time_inference,73.01
yolo11n,A_unfinetuned,grid_search,4.0,0.5,time_inference,72.86
yolo11n,B_finetuned_unsupervised,baseline,0.0,0.0,time_inference,2.79
yolo11n,B_finetuned_unsupervised,bo_exploration,4.0,0.62,time_inference,65.66
yolo11n,B_finetuned_unsupervised,bo_exploitation,3.0,0.44,time_inference,47.74
yolo11n,B_finetuned_unsupervised,grid_search,4.0,0.5,time_inference,65.82
yolo11n,C_finetuned_supervised,bo_exploration,4.0,0.09,time_inference,26.59
yolo11n,C_finetuned_supervised,bo_exploitation,4.0,-0.08,time_inference,26.61
yolo11n,C_finetuned_supervised,grid_search,4.0,0.0,time_inference,26.58
yolo11m,A_unfinetuned,baseline,0.0,0.0,time_inference,4.29
yolo11m,A_unfinetuned,bo_exploration,3.0,0.59,time_inference,57.65
yolo11m,A_unfinetuned,bo_exploitation,4.0,0.47,time_inference,81.52
yolo11m,A_unfinetuned,grid_search,4.0,0.5,time_inference,81.48
yolo11m,B_finetuned_unsupervised,baseline,0.0,0.0,time_inference,3.32
yolo11m,B_finetuned_unsupervised,bo_exploration,3.0,0.62,time_inference,50.9
yolo11m,B_finetuned_unsupervised,bo_exploitation,4.0,0.27,time_inference,38.19
yolo11m,B_finetuned_unsupervised,grid_search,4.0,0.5,time_inference,68.93
yolo11m,C_finetuned_supervised,bo_exploration,4.0,0.05,time_inference,28.18
yolo11m,C_finetuned_supervised,bo_exploitation,2.0,0.26,time_inference,30.0
yolo11m,C_finetuned_supervised,grid_search,4.0,0.0,time_inference,28.21
rtdetr-l,A_unfinetuned,baseline,0.0,0.0,time_inference,4.28
rtdetr-l,A_unfinetuned,bo_exploration,3.0,0.62,time_inference,72.58
rtdetr-l,A_unfinetuned,bo_exploitation,2.0,0.39,time_inference,45.06
rtdetr-l,A_unfinetuned,grid_search,4.0,0.5,time_inference,113.93
rtdetr-l,B_finetuned_unsupervised,baseline,0.0,0.0,time_inference,4.67
rtdetr-l,B_finetuned_unsupervised,bo_exploration,4.0,0.62,time_inference,111.94
rtdetr-l,B_finetuned_unsupervised,bo_exploitation,3.0,-0.11,time_inference,37.5
rtdetr-l,B_finetuned_unsupervised,grid_search,4.0,0.5,time_inference,112.05
rtdetr-l,C_finetuned_supervised,bo_exploration,4.0,0.05,time_inference,43.96
rtdetr-l,C_finetuned_supervised,bo_exploitation,2.0,-0.12,time_inference,22.23
rtdetr-l,C_finetuned_supervised,grid_search,4.0,0.5,time_inference,112.02
yolo11n,A_unfinetuned,baseline,0.0,0.0,time_inference,2.94
yolo11n,A_unfinetuned,bo_exploration,3.0,0.62,time_inference,54.82
yolo11n,A_unfinetuned,bo_exploitation,2.0,0.4,time_inference,36.06
yolo11n,A_unfinetuned,grid_search,4.0,0.5,time_inference,77.74
yolo11n,B_finetuned_unsupervised,baseline,0.0,0.0,time_inference,2.83
yolo11n,B_finetuned_unsupervised,bo_exploration,3.0,0.6,time_inference,47.34
yolo11n,B_finetuned_unsupervised,bo_exploitation,3.0,0.26,time_inference,29.44
yolo11n,B_finetuned_unsupervised,grid_search,4.0,0.5,time_inference,65.27
yolo11n,C_finetuned_supervised,bo_exploration,3.0,0.1,time_inference,24.33
yolo11n,C_finetuned_supervised,bo_exploitation,4.0,0.07,time_inference,26.45
yolo11n,C_finetuned_supervised,grid_search,4.0,0.0,time_inference,26.45
yolo11m,A_unfinetuned,baseline,0.0,0.0,time_inference,3.66
yolo11m,A_unfinetuned,bo_exploration,3.0,0.4,time_inference,54.99
yolo11m,A_unfinetuned,bo_exploitation,4.0,0.23,time_inference,40.44
yolo11m,A_unfinetuned,grid_search,4.0,0.5,time_inference,73.74
yolo11m,B_finetuned_unsupervised,baseline,0.0,0.0,time_inference,3.24
yolo11m,B_finetuned_unsupervised,bo_exploration,3.0,0.62,time_inference,50.0
yolo11m,B_finetuned_unsupervised,bo_exploitation,4.0,0.47,time_inference,67.81
yolo11m,B_finetuned_unsupervised,grid_search,4.0,0.5,time_inference,67.93
yolo11m,C_finetuned_supervised,bo_exploration,3.0,0.04,time_inference,25.96
yolo11m,C_finetuned_supervised,bo_exploitation,4.0,0.43,time_inference,67.97
yolo11m,C_finetuned_supervised,grid_search,4.0,0.0,time_inference,27.71
rtdetr-l,A_unfinetuned,baseline,0.0,0.0,time_inference,4.9
rtdetr-l,A_unfinetuned,bo_exploration,3.0,0.52,time_inference,73.18
rtdetr-l,A_unfinetuned,bo_exploitation,3.0,0.55,time_inference,73.06
rtdetr-l,A_unfinetuned,grid_search,4.0,0.5,time_inference,113.28
rtdetr-l,B_finetuned_unsupervised,baseline,0.0,0.0,time_inference,3.86
rtdetr-l,B_finetuned_unsupervised,bo_exploration,4.0,0.62,time_inference,110.83
rtdetr-l,B_finetuned_unsupervised,bo_exploitation,3.0,0.22,time_inference,43.38
rtdetr-l,B_finetuned_unsupervised,grid_search,4.0,0.5,time_inference,110.79
rtdetr-l,C_finetuned_supervised,bo_exploration,3.0,0.41,time_inference,70.59
rtdetr-l,C_finetuned_supervised,bo_exploitation,3.0,-0.12,time_inference,36.11
rtdetr-l,C_finetuned_supervised,grid_search,4.0,0.0,time_inference,43.08
yolo11n,A_unfinetuned,baseline,0.0,0.0,time_inference,2.91
yolo11n,A_unfinetuned,bo_exploration,3.0,0.62,time_inference,52.67
yolo11n,A_unfinetuned,bo_exploitation,3.0,0.51,time_inference,52.76
yolo11n,A_unfinetuned,grid_search,4.0,0.5,time_inference,72.07
yolo11n,B_finetuned_unsupervised,baseline,0.0,0.0,time_inference,3.06
yolo11n,B_finetuned_unsupervised,bo_exploration,4.0,0.62,time_inference,71.7
yolo11n,B_finetuned_unsupervised,bo_exploitation,3.0,0.42,time_inference,51.63
yolo11n,B_finetuned_unsupervised,grid_search,4.0,0.5,time_inference,71.67
yolo11n,C_finetuned_supervised,bo_exploration,1.0,0.47,time_inference,5.84
yolo11n,C_finetuned_supervised,bo_exploitation,4.0,0.06,time_inference,28.79
yolo11n,C_finetuned_supervised,grid_search,4.0,0.0,time_inference,28.77
yolo11m,A_unfinetuned,baseline,0.0,0.0,time_inference,3.72
yolo11m,A_unfinetuned,bo_exploration,2.0,0.14,time_inference,31.84
yolo11m,A_unfinetuned,bo_exploitation,1.0,0.44,time_inference,7.4
yolo11m,A_unfinetuned,grid_search,4.0,0.5,time_inference,73.93
yolo11m,B_finetuned_unsupervised,baseline,0.0,0.0,time_inference,3.39
yolo11m,B_finetuned_unsupervised,bo_exploration,4.0,0.62,time_inference,69.6
yolo11m,B_finetuned_unsupervised,bo_exploitation,4.0,-0.1,time_inference,28.19
yolo11m,B_finetuned_unsupervised,grid_search,4.0,0.5,time_inference,69.54
yolo11m,C_finetuned_supervised,bo_exploration,4.0,-0.09,time_inference,28.19
yolo11m,C_finetuned_supervised,bo_exploitation,3.0,0.31,time_inference,31.93
yolo11m,C_finetuned_supervised,grid_search,4.0,0.0,time_inference,28.2
rtdetr-l,A_unfinetuned,baseline,0.0,0.0,time_inference,4.38
rtdetr-l,B_finetuned_unsupervised,baseline,0.0,0.0,time_inference,4.01
rtdetr-l,B_finetuned_unsupervised,bo_exploration,3.0,0.48,time_inference,69.96
rtdetr-l,B_finetuned_unsupervised,bo_exploitation,3.0,-0.12,time_inference,35.69
rtdetr-l,B_finetuned_unsupervised,grid_search,4.0,0.5,time_inference,110.15
rtdetr-l,C_finetuned_supervised,bo_exploration,4.0,-0.12,time_inference,42.96
rtdetr-l,C_finetuned_supervised,bo_exploitation,3.0,-0.11,time_inference,35.84
rtdetr-l,C_finetuned_supervised,grid_search,4.0,0.0,time_inference,42.94
rtdetr-l,A_unfinetuned,baseline,0.0,0.0,time_inference,4.52
rtdetr-l,A_unfinetuned,bo_exploration,3.0,0.44,time_inference,73.05
rtdetr-l,A_unfinetuned,bo_exploitation,3.0,-0.12,time_inference,37.39
rtdetr-l,A_unfinetuned,grid_search,4.0,0.5,time_inference,113.5
rtdetr-l,B_finetuned_unsupervised,baseline,0.0,0.0,time_inference,4.92
rtdetr-l,B_finetuned_unsupervised,bo_exploration,1.0,0.61,time_inference,9.61
rtdetr-l,B_finetuned_unsupervised,bo_exploitation,3.0,-0.04,time_inference,37.95
rtdetr-l,B_finetuned_unsupervised,grid_search,4.0,0.5,time_inference,111.96
rtdetr-l,C_finetuned_supervised,bo_exploration,4.0,-0.12,time_inference,43.89
rtdetr-l,C_finetuned_supervised,bo_exploitation,4.0,-0.11,time_inference,43.86
rtdetr-l,C_finetuned_supervised,grid_search,4.0,0.5,time_inference,111.98
rtdetr-l,A_unfinetuned,baseline,0.0,0.0,time_inference,4.62
rtdetr-l,A_unfinetuned,bo_exploration,4.0,0.51,time_inference,113.53
rtdetr-l,A_unfinetuned,bo_exploitation,3.0,0.45,time_inference,72.74
rtdetr-l,A_unfinetuned,grid_search,4.0,0.5,time_inference,113.8
rtdetr-l,B_finetuned_unsupervised,baseline,0.0,0.0,time_inference,4.5
rtdetr-l,B_finetuned_unsupervised,bo_exploration,2.0,-0.08,time_inference,21.4
rtdetr-l,B_finetuned_unsupervised,bo_exploitation,4.0,0.62,time_inference,108.53
rtdetr-l,B_finetuned_unsupervised,grid_search,4.0,0.5,time_inference,108.38
rtdetr-l,C_finetuned_supervised,bo_exploration,4.0,0.62,time_inference,108.84
rtdetr-l,C_finetuned_supervised,bo_exploitation,4.0,-0.12,time_inference,42.51
rtdetr-l,C_finetuned_supervised,grid_search,4.0,0.0,time_inference,42.48
yolo11n,A_unfinetuned,baseline,0.0,0.0,time_inference,2.97
yolo11n,A_unfinetuned,bo_exploration,4.0,0.61,time_inference,70.87
yolo11n,A_unfinetuned,bo_exploitation,3.0,0.18,time_inference,33.77
yolo11n,A_unfinetuned,grid_search,4.0,0.5,time_inference,70.84
yolo11n,B_finetuned_unsupervised,baseline,0.0,0.0,time_inference,2.96
yolo11n,B_finetuned_unsupervised,bo_exploration,3.0,0.58,time_inference,52.5
yolo11n,B_finetuned_unsupervised,bo_exploitation,2.0,0.62,time_inference,34.93
yolo11n,B_finetuned_unsupervised,grid_search,4.0,0.5,time_inference,71.45
yolo11n,C_finetuned_supervised,bo_exploration,3.0,0.44,time_inference,52.36
yolo11n,C_finetuned_supervised,bo_exploitation,3.0,0.17,time_inference,32.51
yolo11n,C_finetuned_supervised,grid_search,4.0,0.0,time_inference,28.82
yolo11m,A_unfinetuned,baseline,0.0,0.0,time_inference,3.08
yolo11m,A_unfinetuned,bo_exploration,4.0,0.62,time_inference,75.52
yolo11m,A_unfinetuned,bo_exploitation,4.0,0.62,time_inference,75.68
yolo11m,A_unfinetuned,grid_search,4.0,0.5,time_inference,75.6
yolo11m,B_finetuned_unsupervised,baseline,0.0,0.0,time_inference,3.34
yolo11m,B_finetuned_unsupervised,bo_exploration,3.0,0.62,time_inference,51.38
yolo11m,B_finetuned_unsupervised,bo_exploitation,4.0,0.62,time_inference,69.51
yolo11m,B_finetuned_unsupervised,grid_search,4.0,0.5,time_inference,69.54
yolo11n,A_unfinetuned,baseline,0.0,0.0,time_inference,3.5
yolo11n,A_unfinetuned,bo_exploration,4.0,0.36,time_inference,39.13
yolo11n,A_unfinetuned,bo_exploitation,3.0,0.58,time_inference,52.16
yolo11n,A_unfinetuned,grid_search,4.0,0.5,time_inference,71.36
yolo11n,B_finetuned_unsupervised,baseline,0.0,0.0,time_inference,2.93
yolo11m,A_unfinetuned,baseline,0.0,0.0,time_inference,4.0
yolo11m,A_unfinetuned,bo_exploration,3.0,0.45,time_inference,60.49
yolo11m,A_unfinetuned,bo_exploitation,1.0,0.15,time_inference,7.91
yolo11m,A_unfinetuned,grid_search,4.0,0.5,time_inference,80.41
yolo11m,B_finetuned_unsupervised,baseline,0.0,0.0,time_inference,3.48
yolo11m,B_finetuned_unsupervised,bo_exploration,3.0,0.22,time_inference,31.87
yolo11m,B_finetuned_unsupervised,bo_exploitation,1.0,0.41,time_inference,6.7
yolo11m,B_finetuned_unsupervised,grid_search,4.0,0.5,time_inference,69.01
yolo11m,C_finetuned_supervised,bo_exploration,3.0,-0.12,time_inference,26.39
yolo11m,C_finetuned_supervised,bo_exploitation,4.0,0.11,time_inference,28.16
yolo11m,C_finetuned_supervised,grid_search,4.0,0.0,time_inference,28.14
yolo11n,A_unfinetuned,baseline,0.0,0.0,time_inference,3.09
yolo11n,A_unfinetuned,bo_exploration,3.0,0.62,time_inference,53.21
yolo11n,A_unfinetuned,bo_exploitation,3.0,0.62,time_inference,53.33
yolo11n,A_unfinetuned,grid_search,4.0,0.5,time_inference,76.78
yolo11n,B_finetuned_unsupervised,baseline,0.0,0.0,time_inference,2.94
yolo11n,B_finetuned_unsupervised,bo_exploration,4.0,0.62,time_inference,65.98
yolo11n,B_finetuned_unsupervised,bo_exploitation,3.0,0.46,time_inference,48.02
yolo11n,B_finetuned_unsupervised,grid_search,4.0,0.5,time_inference,65.98
yolo11n,C_finetuned_supervised,bo_exploration,4.0,-0.12,time_inference,26.81
yolo11n,C_finetuned_supervised,bo_exploitation,4.0,-0.12,time_inference,26.73
yolo11n,C_finetuned_supervised,grid_search,4.0,0.0,time_inference,26.68
yolo11m,A_unfinetuned,baseline,0.0,0.0,time_inference,3.12
yolo11m,A_unfinetuned,bo_exploration,3.0,0.4,time_inference,55.94
yolo11m,A_unfinetuned,bo_exploitation,3.0,0.41,time_inference,55.96
yolo11m,A_unfinetuned,grid_search,4.0,0.5,time_inference,77.81
yolo11m,B_finetuned_unsupervised,baseline,0.0,0.0,time_inference,3.35
yolo11m,B_finetuned_unsupervised,bo_exploration,4.0,0.45,time_inference,70.81
yolo11m,B_finetuned_unsupervised,bo_exploitation,4.0,0.33,time_inference,38.88
yolo11m,B_finetuned_unsupervised,grid_search,4.0,0.5,time_inference,69.79
yolo11m,C_finetuned_supervised,bo_exploration,4.0,-0.12,time_inference,28.55
yolo11m,C_finetuned_supervised,bo_exploitation,3.0,0.0,time_inference,26.74
yolo11m,C_finetuned_supervised,grid_search,4.0,0.0,time_inference,28.45
rtdetr-l,A_unfinetuned,baseline,0.0,0.0,time_inference,4.46
rtdetr-l,A_unfinetuned,bo_exploration,4.0,0.59,time_inference,113.55
rtdetr-l,A_unfinetuned,bo_exploitation,2.0,0.4,time_inference,44.31
rtdetr-l,A_unfinetuned,grid_search,4.0,0.5,time_inference,113.14
rtdetr-l,B_finetuned_unsupervised,baseline,0.0,0.0,time_inference,4.02
rtdetr-l,B_finetuned_unsupervised,bo_exploration,3.0,0.62,time_inference,70.55
rtdetr-l,B_finetuned_unsupervised,bo_exploitation,3.0,0.62,time_inference,71.57
rtdetr-l,B_finetuned_unsupervised,grid_search,4.0,0.5,time_inference,114.84
rtdetr-l,C_finetuned_supervised,bo_exploration,3.0,-0.12,time_inference,36.59
rtdetr-l,C_finetuned_supervised,bo_exploitation,3.0,-0.09,time_inference,36.55
rtdetr-l,C_finetuned_supervised,grid_search,4.0,0.0,time_inference,44.44
yolo11n,A_unfinetuned,baseline,0.0,0.0,time_inference,3.19
yolo11n,A_unfinetuned,bo_exploration,2.0,-0.11,time_inference,18.13
yolo11n,A_unfinetuned,bo_exploitation,3.0,0.37,time_inference,32.88
yolo11n,A_unfinetuned,grid_search,4.0,0.5,time_inference,73.28
yolo11n,B_finetuned_unsupervised,baseline,0.0,0.0,time_inference,2.76
yolo11n,B_finetuned_unsupervised,bo_exploration,3.0,0.62,time_inference,47.46
yolo11n,B_finetuned_unsupervised,bo_exploitation,3.0,0.2,time_inference,29.48
yolo11n,B_finetuned_unsupervised,grid_search,4.0,0.5,time_inference,65.52
yolo11n,C_finetuned_supervised,bo_exploration,4.0,-0.09,time_inference,26.46
yolo11n,C_finetuned_supervised,bo_exploitation,3.0,-0.06,time_inference,24.36
yolo11n,C_finetuned_supervised,grid_search,4.0,0.0,time_inference,26.38
yolo11m,A_unfinetuned,baseline,0.0,0.0,time_inference,3.31
yolo11m,A_unfinetuned,bo_exploration,4.0,0.62,time_inference,73.86
yolo11m,A_unfinetuned,bo_exploitation,3.0,0.25,time_inference,33.55
yolo11m,A_unfinetuned,grid_search,4.0,0.5,time_inference,73.88
yolo11m,B_finetuned_unsupervised,baseline,0.0,0.0,time_inference,3.36
yolo11m,B_finetuned_unsupervised,bo_exploration,3.0,0.24,time_inference,31.67
yolo11m,B_finetuned_unsupervised,bo_exploitation,3.0,0.4,time_inference,50.48
yolo11m,B_finetuned_unsupervised,grid_search,4.0,0.5,time_inference,68.36
yolo11m,C_finetuned_supervised,bo_exploration,3.0,0.37,time_inference,31.68
yolo11m,C_finetuned_supervised,bo_exploitation,3.0,0.34,time_inference,31.83
yolo11m,C_finetuned_supervised,grid_search,4.0,0.0,time_inference,28.13
rtdetr-l,A_unfinetuned,baseline,0.0,0.0,time_inference,4.59
rtdetr-l,A_unfinetuned,bo_exploration,4.0,0.62,time_inference,117.43
rtdetr-l,A_unfinetuned,bo_exploitation,3.0,-0.01,time_inference,37.99
rtdetr-l,A_unfinetuned,grid_search,4.0,0.5,time_inference,116.76
rtdetr-l,B_finetuned_unsupervised,baseline,0.0,0.0,time_inference,4.79
rtdetr-l,B_finetuned_unsupervised,bo_exploration,2.0,-0.08,time_inference,23.38
rtdetr-l,B_finetuned_unsupervised,bo_exploitation,4.0,0.62,time_inference,114.83
rtdetr-l,B_finetuned_unsupervised,grid_search,4.0,0.5,time_inference,114.41
rtdetr-l,C_finetuned_supervised,bo_exploration,4.0,-0.12,time_inference,45.24
rtdetr-l,C_finetuned_supervised,bo_exploitation,4.0,0.04,time_inference,44.69
rtdetr-l,C_finetuned_supervised,grid_search,4.0,0.0,time_inference,45.53
yolo11n,A_unfinetuned,baseline,0.0,0.0,time_inference,3.32
yolo11n,A_unfinetuned,bo_exploration,4.0,0.62,time_inference,76.24
yolo11n,A_unfinetuned,bo_exploitation,4.0,0.62,time_inference,76.34
yolo11n,A_unfinetuned,grid_search,4.0,0.5,time_inference,76.25
yolo11n,B_finetuned_unsupervised,baseline,0.0,0.0,time_inference,2.69
yolo11n,B_finetuned_unsupervised,bo_exploration,4.0,0.58,time_inference,67.61
yolo11n,B_finetuned_unsupervised,bo_exploitation,4.0,0.03,time_inference,27.7
yolo11n,B_finetuned_unsupervised,grid_search,4.0,0.5,time_inference,67.6
yolo11n,C_finetuned_supervised,bo_exploration,3.0,0.22,time_inference,30.19
yolo11n,C_finetuned_supervised,bo_exploitation,4.0,0.05,time_inference,27.54
yolo11n,C_finetuned_supervised,grid_search,4.0,0.0,time_inference,27.57
yolo11m,A_unfinetuned,baseline,0.0,0.0,time_inference,3.19
yolo11m,B_finetuned_unsupervised,baseline,0.0,0.0,time_inference,3.33
yolo11m,B_finetuned_unsupervised,bo_exploration,3.0,0.62,time_inference,50.67
yolo11m,B_finetuned_unsupervised,bo_exploitation,4.0,0.17,time_inference,37.77
yolo11m,B_finetuned_unsupervised,grid_search,4.0,0.5,time_inference,68.7
yolo11m,C_finetuned_supervised,bo_exploration,3.0,-0.12,time_inference,26.08
yolo11m,C_finetuned_supervised,bo_exploitation,3.0,0.02,time_inference,26.08
yolo11m,C_finetuned_supervised,grid_search,4.0,0.0,time_inference,27.85
rtdetr-l,A_unfinetuned,baseline,0.0,0.0,time_inference,4.66
rtdetr-l,A_unfinetuned,bo_exploration,4.0,0.62,time_inference,115.67
rtdetr-l,A_unfinetuned,bo_exploitation,3.0,0.58,time_inference,73.82
rtdetr-l,A_unfinetuned,grid_search,4.0,0.5,time_inference,115.41
rtdetr-l,B_finetuned_unsupervised,baseline,0.0,0.0,time_inference,3.84
rtdetr-l,B_finetuned_unsupervised,bo_exploration,4.0,0.62,time_inference,108.31
rtdetr-l,B_finetuned_unsupervised,bo_exploitation,1.0,0.2,time_inference,7.46
rtdetr-l,B_finetuned_unsupervised,grid_search,4.0,0.5,time_inference,109.24
rtdetr-l,C_finetuned_supervised,bo_exploration,4.0,-0.12,time_inference,42.29
rtdetr-l,C_finetuned_supervised,bo_exploitation,3.0,-0.11,time_inference,36.62
rtdetr-l,C_finetuned_supervised,grid_search,4.0,0.0,time_inference,41.98
yolo11n,A_unfinetuned,baseline,0.0,0.0,time_inference,3.22
yolo11n,A_unfinetuned,bo_exploration,4.0,0.1,time_inference,29.2
yolo11n,A_unfinetuned,bo_exploitation,3.0,0.31,time_inference,32.75
yolo11n,A_unfinetuned,grid_search,4.0,0.5,time_inference,72.27
yolo11n,B_finetuned_unsupervised,baseline,0.0,0.0,time_inference,3.12
yolo11n,B_finetuned_unsupervised,bo_exploration,4.0,0.62,time_inference,71.91
yolo11n,B_finetuned_unsupervised,bo_exploitation,3.0,0.08,time_inference,26.65
yolo11n,B_finetuned_unsupervised,grid_search,4.0,0.5,time_inference,72.12
yolo11n,C_finetuned_supervised,bo_exploration,4.0,0.0,time_inference,28.76
yolo11n,C_finetuned_supervised,bo_exploitation,4.0,-0.12,time_inference,28.77
yolo11n,C_finetuned_supervised,grid_search,4.0,0.0,time_inference,28.83
yolo11m,A_unfinetuned,baseline,0.0,0.0,time_inference,3.42
yolo11m,A_unfinetuned,bo_exploration,4.0,0.62,time_inference,76.59
yolo11m,A_unfinetuned,bo_exploitation,3.0,0.52,time_inference,55.3
yolo11m,A_unfinetuned,grid_search,4.0,0.5,time_inference,76.95
yolo11m,B_finetuned_unsupervised,baseline,0.0,0.0,time_inference,8.02
yolo11m,B_finetuned_unsupervised,bo_exploration,3.0,-0.05,time_inference,27.04
yolo11m,B_finetuned_unsupervised,bo_exploitation,3.0,0.54,time_inference,52.75
yolo11m,B_finetuned_unsupervised,grid_search,4.0,0.5,time_inference,71.22
yolo11m,C_finetuned_supervised,bo_exploration,3.0,-0.03,time_inference,26.31
yolo11m,C_finetuned_supervised,bo_exploitation,3.0,0.16,time_inference,32.57
yolo11m,C_finetuned_supervised,grid_search,4.0,0.0,time_inference,28.98
rtdetr-l,A_unfinetuned,baseline,0.0,0.0,time_inference,4.58
rtdetr-l,A_unfinetuned,bo_exploration,3.0,-0.12,time_inference,37.94
rtdetr-l,A_unfinetuned,bo_exploitation,2.0,0.43,time_inference,45.62
rtdetr-l,A_unfinetuned,grid_search,4.0,0.5,time_inference,115.77
rtdetr-l,B_finetuned_unsupervised,baseline,0.0,0.0,time_inference,4.61
rtdetr-l,B_finetuned_unsupervised,bo_exploration,4.0,0.4,time_inference,112.73
rtdetr-l,B_finetuned_unsupervised,bo_exploitation,3.0,0.52,time_inference,72.69
rtdetr-l,B_finetuned_unsupervised,grid_search,4.0,0.5,time_inference,112.44
rtdetr-l,C_finetuned_supervised,bo_exploration,4.0,0.08,time_inference,43.74
rtdetr-l,C_finetuned_supervised,bo_exploitation,2.0,0.47,time_inference,44.21
rtdetr-l,C_finetuned_supervised,grid_search,4.0,0.0,time_inference,43.77
rtdetr-l,A_unfinetuned,baseline,0.0,0.0,time_inference,4.24
rtdetr-l,B_finetuned_unsupervised,baseline,0.0,0.0,time_inference,4.59
rtdetr-l,B_finetuned_unsupervised,bo_exploration,2.0,0.61,time_inference,44.77
rtdetr-l,B_finetuned_unsupervised,bo_exploitation,4.0,0.3,time_inference,59.87
rtdetr-l,B_finetuned_unsupervised,grid_search,4.0,0.5,time_inference,111.31
rtdetr-l,C_finetuned_supervised,bo_exploration,3.0,0.56,time_inference,71.33
rtdetr-l,C_finetuned_supervised,bo_exploitation,3.0,0.52,time_inference,71.25
rtdetr-l,C_finetuned_supervised,grid_search,4.0,0.0,time_inference,43.75
rtdetr-l,A_unfinetuned,baseline,0.0,0.0,time_inference,4.64
rtdetr-l,A_unfinetuned,bo_exploration,2.0,0.59,time_inference,43.88
rtdetr-l,A_unfinetuned,bo_exploitation,4.0,0.03,time_inference,43.72
rtdetr-l,A_unfinetuned,grid_search,4.0,0.5,time_inference,112.04
rtdetr-l,B_finetuned_unsupervised,baseline,0.0,0.0,time_inference,4.15
rtdetr-l,B_finetuned_unsupervised,bo_exploration,4.0,0.62,time_inference,107.69
rtdetr-l,B_finetuned_unsupervised,bo_exploitation,4.0,-0.0,time_inference,42.17
rtdetr-l,B_finetuned_unsupervised,grid_search,4.0,0.5,time_inference,107.78
rtdetr-l,C_finetuned_supervised,bo_exploration,3.0,0.35,time_inference,42.37
rtdetr-l,C_finetuned_supervised,bo_exploitation,3.0,0.44,time_inference,68.77
rtdetr-l,C_finetuned_supervised,grid_search,4.0,0.0,time_inference,42.29
yolo11n,A_unfinetuned,baseline,0.0,0.0,time_inference,3.55
yolo11n,A_unfinetuned,bo_exploration,4.0,0.62,time_inference,76.87
yolo11n,A_unfinetuned,bo_exploitation,4.0,0.62,time_inference,76.66
yolo11n,A_unfinetuned,grid_search,4.0,0.5,time_inference,76.73
yolo11n,B_finetuned_unsupervised,baseline,0.0,0.0,time_inference,3.01
yolo11n,B_finetuned_unsupervised,bo_exploration,3.0,0.47,time_inference,47.93
yolo11n,B_finetuned_unsupervised,bo_exploitation,3.0,0.43,time_inference,48.06
yolo11n,B_finetuned_unsupervised,grid_search,4.0,0.5,time_inference,66.33
yolo11n,C_finetuned_supervised,bo_exploration,4.0,0.62,time_inference,66.22
yolo11n,C_finetuned_supervised,bo_exploitation,2.0,0.38,time_inference,32.7
yolo11n,C_finetuned_supervised,grid_search,4.0,0.0,time_inference,26.68
yolo11m,A_unfinetuned,baseline,0.0,0.0,time_inference,3.5
yolo11m,A_unfinetuned,bo_exploration,3.0,0.38,time_inference,58.82
yolo11m,A_unfinetuned,bo_exploitation,3.0,0.62,time_inference,58.92
yolo11m,A_unfinetuned,grid_search,4.0,0.5,time_inference,78.66
yolo11m,B_finetuned_unsupervised,baseline,0.0,0.0,time_inference,3.38
yolo11m,B_finetuned_unsupervised,bo_exploration,4.0,0.47,time_inference,68.16
yolo11m,B_finetuned_unsupervised,bo_exploitation,3.0,-0.11,time_inference,26.32
yolo11m,B_finetuned_unsupervised,grid_search,4.0,0.5,time_inference,68.22
yolo11m,C_finetuned_supervised,bo_exploration,3.0,-0.12,time_inference,26.43
yolo11m,C_finetuned_supervised,bo_exploitation,4.0,-0.11,time_inference,28.09
yolo11m,C_finetuned_supervised,grid_search,4.0,0.0,time_inference,28.07
yolo11n,A_unfinetuned,baseline,0.0,0.0,time_inference,3.39
yolo11n,A_unfinetuned,bo_exploration,4.0,0.42,time_inference,72.85
yolo11n,A_unfinetuned,bo_exploitation,4.0,0.23,time_inference,39.87
yolo11n,A_unfinetuned,grid_search,4.0,0.5,time_inference,72.65
yolo11n,B_finetuned_unsupervised,baseline,0.0,0.0,time_inference,2.99
yolo11n,B_finetuned_unsupervised,bo_exploration,1.0,0.28,time_inference,5.56
yolo11n,B_finetuned_unsupervised,bo_exploitation,3.0,0.39,time_inference,52.99
yolo11n,B_finetuned_unsupervised,grid_search,4.0,0.5,time_inference,71.92
yolo11n,C_finetuned_supervised,bo_exploration,4.0,-0.12,time_inference,28.99
yolo11n,C_finetuned_supervised,bo_exploitation,4.0,0.24,time_inference,39.44
yolo11n,C_finetuned_supervised,grid_search,4.0,0.0,time_inference,29.12
yolo11m,A_unfinetuned,baseline,0.0,0.0,time_inference,3.67
yolo11m,A_unfinetuned,bo_exploration,3.0,0.62,time_inference,58.31
yolo11m,A_unfinetuned,bo_exploitation,1.0,0.19,time_inference,7.35
yolo11m,A_unfinetuned,grid_search,4.0,0.5,time_inference,76.78
yolo11m,B_finetuned_unsupervised,baseline,0.0,0.0,time_inference,3.42
yolo11m,B_finetuned_unsupervised,bo_exploration,4.0,0.62,time_inference,68.99
yolo11m,B_finetuned_unsupervised,bo_exploitation,3.0,-0.09,time_inference,26.36
yolo11m,B_finetuned_unsupervised,grid_search,4.0,0.5,time_inference,68.35
yolo11m,C_finetuned_supervised,bo_exploration,3.0,-0.01,time_inference,26.58
yolo11m,C_finetuned_supervised,bo_exploitation,4.0,-0.12,time_inference,28.08
yolo11m,C_finetuned_supervised,grid_search,4.0,0.0,time_inference,28.09
yolo11n,A_unfinetuned,baseline,0.0,0.0,time_inference,2.95
yolo11n,A_unfinetuned,bo_exploration,4.0,0.62,time_inference,75.53
yolo11n,A_unfinetuned,bo_exploitation,3.0,0.35,time_inference,33.24
yolo11n,A_unfinetuned,grid_search,4.0,0.5,time_inference,75.49
yolo11n,B_finetuned_unsupervised,baseline,0.0,0.0,time_inference,2.94
yolo11n,B_finetuned_unsupervised,bo_exploration,4.0,0.62,time_inference,67.28
yolo11n,B_finetuned_unsupervised,bo_exploitation,3.0,0.28,time_inference,31.33
yolo11n,B_finetuned_unsupervised,grid_search,4.0,0.5,time_inference,67.31
yolo11n,C_finetuned_supervised,bo_exploration,3.0,0.22,time_inference,31.22
yolo11n,C_finetuned_supervised,bo_exploitation,2.0,0.06,time_inference,16.58
yolo11n,C_finetuned_supervised,grid_search,4.0,0.0,time_inference,27.3
yolo11m,A_unfinetuned,baseline,0.0,0.0,time_inference,3.25
yolo11m,A_unfinetuned,bo_exploration,3.0,0.34,time_inference,32.76
yolo11m,A_unfinetuned,bo_exploitation,4.0,0.62,time_inference,70.65
yolo11m,A_unfinetuned,grid_search,4.0,0.5,time_inference,70.49
yolo11m,B_finetuned_unsupervised,baseline,0.0,0.0,time_inference,3.37
yolo11m,B_finetuned_unsupervised,bo_exploration,3.0,0.45,time_inference,50.91
yolo11m,B_finetuned_unsupervised,bo_exploitation,3.0,-0.11,time_inference,26.3
yolo11m,B_finetuned_unsupervised,grid_search,4.0,0.5,time_inference,68.95
yolo11m,C_finetuned_supervised,bo_exploration,4.0,0.03,time_inference,28.05
yolo11m,C_finetuned_supervised,bo_exploitation,4.0,0.22,time_inference,37.89
yolo11m,C_finetuned_supervised,grid_search,4.0,0.0,time_inference,28.05
rtdetr-l,A_unfinetuned,baseline,0.0,0.0,time_inference,4.77
rtdetr-l,A_unfinetuned,bo_exploration,4.0,0.62,time_inference,111.85
rtdetr-l,A_unfinetuned,bo_exploitation,4.0,0.59,time_inference,111.35
rtdetr-l,A_unfinetuned,grid_search,4.0,0.5,time_inference,111.65
rtdetr-l,B_finetuned_unsupervised,baseline,0.0,0.0,time_inference,4.74
rtdetr-l,B_finetuned_unsupervised,bo_exploration,4.0,0.59,time_inference,111.16
rtdetr-l,B_finetuned_unsupervised,bo_exploitation,3.0,-0.08,time_inference,36.66
rtdetr-l,B_finetuned_unsupervised,grid_search,4.0,0.5,time_inference,109.73
rtdetr-l,C_finetuned_supervised,bo_exploration,4.0,-0.12,time_inference,42.61
rtdetr-l,C_finetuned_supervised,bo_exploitation,4.0,-0.06,time_inference,42.7
rtdetr-l,C_finetuned_supervised,grid_search,4.0,0.0,time_inference,42.59
yolo11n,A_unfinetuned,baseline,0.0,0.0,time_inference,2.89
yolo11n,A_unfinetuned,bo_exploration,3.0,-0.12,time_inference,26.51
yolo11n,A_unfinetuned,bo_exploitation,4.0,0.54,time_inference,72.38
yolo11n,A_unfinetuned,grid_search,4.0,0.5,time_inference,72.19
yolo11n,B_finetuned_unsupervised,baseline,0.0,0.0,time_inference,2.86
yolo11n,B_finetuned_unsupervised,bo_exploration,3.0,0.24,time_inference,29.68
yolo11n,B_finetuned_unsupervised,bo_exploitation,4.0,0.61,time_inference,65.97
yolo11n,B_finetuned_unsupervised,grid_search,4.0,0.5,time_inference,65.9
yolo11n,C_finetuned_supervised,bo_exploration,3.0,0.12,time_inference,24.53
yolo11n,C_finetuned_supervised,bo_exploitation,3.0,-0.12,time_inference,24.5
yolo11n,C_finetuned_supervised,grid_search,4.0,0.0,time_inference,26.55
yolo11m,A_unfinetuned,baseline,0.0,0.0,time_inference,3.67
yolo11m,A_unfinetuned,bo_exploration,4.0,0.62,time_inference,71.65
yolo11m,A_unfinetuned,bo_exploitation,4.0,0.42,time_inference,71.73
yolo11m,A_unfinetuned,grid_search,4.0,0.5,time_inference,71.78
yolo11m,B_finetuned_unsupervised,baseline,0.0,0.0,time_inference,3.33
yolo11m,B_finetuned_unsupervised,bo_exploration,3.0,0.52,time_inference,51.66
yolo11m,B_finetuned_unsupervised,bo_exploitation,3.0,0.45,time_inference,51.66
yolo11m,B_finetuned_unsupervised,grid_search,4.0,0.5,time_inference,69.66
yolo11m,C_finetuned_supervised,bo_exploration,3.0,-0.08,time_inference,26.6
yolo11m,C_finetuned_supervised,bo_exploitation,2.0,-0.11,time_inference,17.83
yolo11m,C_finetuned_supervised,grid_search,4.0,0.0,time_inference,28.35
rtdetr-l,A_unfinetuned,baseline,0.0,0.0,time_inference,4.42
rtdetr-l,A_unfinetuned,bo_exploration,3.0,0.62,time_inference,71.6
rtdetr-l,A_unfinetuned,bo_exploitation,2.0,0.4,time_inference,45.83
rtdetr-l,A_unfinetuned,grid_search,4.0,0.5,time_inference,118.03
rtdetr-l,B_finetuned_unsupervised,baseline,0.0,0.0,time_inference,4.54
rtdetr-l,B_finetuned_unsupervised,bo_exploration,4.0,0.59,time_inference,111.91
rtdetr-l,B_finetuned_unsupervised,bo_exploitation,3.0,0.55,time_inference,73.26
rtdetr-l,B_finetuned_unsupervised,grid_search,4.0,0.5,time_inference,111.91
rtdetr-l,C_finetuned_supervised,bo_exploration,4.0,0.17,time_inference,60.03
rtdetr-l,C_finetuned_supervised,bo_exploitation,4.0,0.42,time_inference,111.82
rtdetr-l,C_finetuned_supervised,grid_search,4.0,0.0,time_inference,43.63
yolo11n,A_unfinetuned,baseline,0.0,0.0,time_inference,3.13
yolo11n,A_unfinetuned,bo_exploration,3.0,0.62,time_inference,52.47
yolo11n,A_unfinetuned,bo_exploitation,4.0,0.47,time_inference,74.47
yolo11n,A_unfinetuned,grid_search,4.0,0.5,time_inference,74.67
yolo11n,B_finetuned_unsupervised,baseline,0.0,0.0,time_inference,2.83
yolo11n,B_finetuned_unsupervised,bo_exploration,2.0,0.39,time_inference,32.38
yolo11n,B_finetuned_unsupervised,bo_exploitation,3.0,0.14,time_inference,29.77
yolo11n,B_finetuned_unsupervised,grid_search,4.0,0.5,time_inference,65.81
yolo11n,C_finetuned_supervised,bo_exploration,4.0,-0.03,time_inference,26.74
yolo11n,C_finetuned_supervised,bo_exploitation,3.0,-0.12,time_inference,24.6
yolo11n,C_finetuned_supervised,grid_search,4.0,0.0,time_inference,26.68
yolo11m,A_unfinetuned,baseline,0.0,0.0,time_inference,3.07
yolo11m,A_unfinetuned,bo_exploration,2.0,0.07,time_inference,18.59
yolo11m,A_unfinetuned,bo_exploitation,3.0,0.54,time_inference,57.45
yolo11m,A_unfinetuned,grid_search,4.0,0.5,time_inference,76.54
yolo11m,B_finetuned_unsupervised,baseline,0.0,0.0,time_inference,3.36
yolo11m,B_finetuned_unsupervised,bo_exploration,2.0,0.39,time_inference,35.8
yolo11m,B_finetuned_unsupervised,bo_exploitation,4.0,0.45,time_inference,69.06
yolo11m,B_finetuned_unsupervised,grid_search,4.0,0.5,time_inference,68.97
yolo11m,C_finetuned_supervised,bo_exploration,4.0,-0.12,time_inference,28.24
yolo11m,C_finetuned_supervised,bo_exploitation,3.0,0.11,time_inference,26.44
yolo11m,C_finetuned_supervised,grid_search,4.0,0.0,time_inference,28.21
rtdetr-l,A_unfinetuned,baseline,0.0,0.0,time_inference,4.97
rtdetr-l,A_unfinetuned,bo_exploration,3.0,-0.12,time_inference,37.54
rtdetr-l,A_unfinetuned,bo_exploitation,4.0,0.62,time_inference,113.12
rtdetr-l,A_unfinetuned,grid_search,4.0,0.5,time_inference,112.83
rtdetr-l,B_finetuned_unsupervised,baseline,0.0,0.0,time_inference,5.27
rtdetr-l,B_finetuned_unsupervised,bo_exploration,4.0,0.62,time_inference,114.52
rtdetr-l,B_finetuned_unsupervised,bo_exploitation,2.0,0.41,time_inference,46.63
rtdetr-l,B_finetuned_unsupervised,grid_search,4.0,0.5,time_inference,114.55
rtdetr-l,C_finetuned_supervised,bo_exploration,3.0,0.1,time_inference,38.06
rtdetr-l,C_finetuned_supervised,bo_exploitation,4.0,-0.06,time_inference,44.76
rtdetr-l,C_finetuned_supervised,grid_search,4.0,0.0,time_inference,44.8
yolo11n,A_unfinetuned,baseline,0.0,0.0,time_inference,3.49
yolo11n,A_unfinetuned,bo_exploration,3.0,0.62,time_inference,51.99
yolo11n,A_unfinetuned,bo_exploitation,3.0,-0.12,time_inference,27.07
yolo11n,A_unfinetuned,grid_search,4.0,0.5,time_inference,70.63
yolo11n,B_finetuned_unsupervised,baseline,0.0,0.0,time_inference,2.81
yolo11n,B_finetuned_unsupervised,bo_exploration,3.0,0.16,time_inference,29.56
yolo11n,B_finetuned_unsupervised,bo_exploitation,3.0,0.56,time_inference,47.56
yolo11n,B_finetuned_unsupervised,grid_search,4.0,0.5,time_inference,65.52
yolo11n,C_finetuned_supervised,bo_exploration,3.0,-0.12,time_inference,24.46
yolo11n,C_finetuned_supervised,bo_exploitation,3.0,-0.12,time_inference,24.49
yolo11n,C_finetuned_supervised,grid_search,4.0,0.0,time_inference,26.53
yolo11m,A_unfinetuned,baseline,0.0,0.0,time_inference,4.09
yolo11m,A_unfinetuned,bo_exploration,3.0,0.62,time_inference,58.49
yolo11m,A_unfinetuned,bo_exploitation,4.0,0.48,time_inference,75.97
yolo11m,A_unfinetuned,grid_search,4.0,0.5,time_inference,75.92
yolo11m,B_finetuned_unsupervised,baseline,0.0,0.0,time_inference,3.31
yolo11m,B_finetuned_unsupervised,bo_exploration,4.0,0.24,time_inference,37.73
yolo11m,B_finetuned_unsupervised,bo_exploitation,4.0,0.38,time_inference,68.77
yolo11m,B_finetuned_unsupervised,grid_search,4.0,0.5,time_inference,68.73
yolo11m,C_finetuned_supervised,bo_exploration,3.0,-0.12,time_inference,26.07
yolo11m,C_finetuned_supervised,bo_exploitation,4.0,0.01,time_inference,27.83
yolo11m,C_finetuned_supervised,grid_search,4.0,0.0,time_inference,27.79
rtdetr-l,A_unfinetuned,baseline,0.0,0.0,time_inference,4.66
rtdetr-l,A_unfinetuned,bo_exploration,4.0,0.55,time_inference,111.59
rtdetr-l,A_unfinetuned,bo_exploitation,1.0,-0.07,time_inference,9.07
rtdetr-l,A_unfinetuned,grid_search,4.0,0.5,time_inference,111.47
rtdetr-l,B_finetuned_unsupervised,baseline,0.0,0.0,time_inference,4.72
rtdetr-l,B_finetuned_unsupervised,bo_exploration,2.0,0.62,time_inference,44.31
rtdetr-l,B_finetuned_unsupervised,bo_exploitation,4.0,0.47,time_inference,110.44
rtdetr-l,B_finetuned_unsupervised,grid_search,4.0,0.5,time_inference,110.78
rtdetr-l,C_finetuned_supervised,bo_exploration,3.0,-0.12,time_inference,36.04
rtdetr-l,C_finetuned_supervised,bo_exploitation,3.0,0.04,time_inference,36.12
rtdetr-l,C_finetuned_supervised,grid_search,4.0,0.0,time_inference,43.13
rtdetr-l,A_unfinetuned,baseline,0.0,0.0,time_inference,4.5
rtdetr-l,A_unfinetuned,bo_exploration,2.0,0.62,time_inference,44.48
rtdetr-l,A_unfinetuned,bo_exploitation,3.0,0.38,time_inference,72.24
rtdetr-l,A_unfinetuned,grid_search,4.0,0.5,time_inference,113.0
rtdetr-l,B_finetuned_unsupervised,baseline,0.0,0.0,time_inference,3.83
rtdetr-l,B_finetuned_unsupervised,bo_exploration,4.0,0.25,time_inference,57.69
rtdetr-l,B_finetuned_unsupervised,bo_exploitation,4.0,0.55,time_inference,107.84
rtdetr-l,B_finetuned_unsupervised,grid_search,4.0,0.5,time_inference,108.02
rtdetr-l,A_unfinetuned,baseline,0.0,0.0,time_inference,4.55
rtdetr-l,A_unfinetuned,bo_exploration,2.0,0.41,time_inference,44.57
rtdetr-l,A_unfinetuned,bo_exploitation,1.0,0.62,time_inference,8.9
rtdetr-l,A_unfinetuned,grid_search,4.0,0.5,time_inference,109.49
rtdetr-l,B_finetuned_unsupervised,baseline,0.0,0.0,time_inference,4.68
rtdetr-l,B_finetuned_unsupervised,bo_exploration,4.0,0.62,time_inference,108.09
rtdetr-l,B_finetuned_unsupervised,bo_exploitation,3.0,0.53,time_inference,69.77
rtdetr-l,B_finetuned_unsupervised,grid_search,4.0,0.5,time_inference,108.0
rtdetr-l,C_finetuned_supervised,bo_exploration,3.0,0.2,time_inference,42.93
rtdetr-l,C_finetuned_supervised,bo_exploitation,4.0,0.1,time_inference,42.24
rtdetr-l,C_finetuned_supervised,grid_search,4.0,0.25,time_inference,57.89
yolo11n,A_unfinetuned,baseline,0.0,0.0,time_inference,3.1
yolo11n,A_unfinetuned,bo_exploration,4.0,0.6,time_inference,80.75
yolo11n,A_unfinetuned,bo_exploitation,4.0,0.5,time_inference,80.27
yolo11n,A_unfinetuned,grid_search,4.0,0.5,time_inference,79.9
yolo11n,B_finetuned_unsupervised,baseline,0.0,0.0,time_inference,3.15
yolo11n,B_finetuned_unsupervised,bo_exploration,4.0,0.62,time_inference,76.05
yolo11n,B_finetuned_unsupervised,bo_exploitation,4.0,0.46,time_inference,74.09
yolo11n,B_finetuned_unsupervised,grid_search,4.0,0.5,time_inference,73.99
yolo11n,C_finetuned_supervised,bo_exploration,4.0,-0.02,time_inference,29.85
yolo11n,C_finetuned_supervised,bo_exploitation,4.0,0.09,time_inference,29.91
yolo11n,C_finetuned_supervised,grid_search,4.0,0.0,time_inference,29.94
yolo11m,A_unfinetuned,baseline,0.0,0.0,time_inference,4.32
yolo11m,A_unfinetuned,bo_exploration,4.0,0.47,time_inference,80.75
yolo11m,A_unfinetuned,bo_exploitation,4.0,0.62,time_inference,80.86
yolo11m,A_unfinetuned,grid_search,4.0,0.5,time_inference,80.83
yolo11m,B_finetuned_unsupervised,baseline,0.0,0.0,time_inference,3.53
yolo11m,B_finetuned_unsupervised,bo_exploration,2.0,0.62,time_inference,38.05
yolo11m,B_finetuned_unsupervised,bo_exploitation,1.0,0.58,time_inference,7.17
yolo11m,B_finetuned_unsupervised,grid_search,4.0,0.5,time_inference,72.84
yolo11m,C_finetuned_supervised,bo_exploration,3.0,0.62,time_inference,56.14
yolo11m,C_finetuned_supervised,bo_exploitation,4.0,-0.12,time_inference,29.7
yolo11m,C_finetuned_supervised,grid_search,4.0,0.0,time_inference,29.88
yolo11n,A_unfinetuned,baseline,0.0,0.0,time_inference,2.92
yolo11n,A_unfinetuned,bo_exploration,2.0,0.43,time_inference,34.46
yolo11n,A_unfinetuned,bo_exploitation,1.0,0.49,time_inference,5.29
yolo11n,A_unfinetuned,grid_search,4.0,0.5,time_inference,70.55
yolo11n,B_finetuned_unsupervised,baseline,0.0,0.0,time_inference,2.83
yolo11n,B_finetuned_unsupervised,bo_exploration,4.0,0.62,time_inference,65.24
yolo11n,B_finetuned_unsupervised,bo_exploitation,2.0,0.37,time_inference,27.21
yolo11n,B_finetuned_unsupervised,grid_search,4.0,0.5,time_inference,65.14
yolo11n,C_finetuned_supervised,bo_exploration,4.0,0.33,time_inference,35.66
yolo11n,C_finetuned_supervised,bo_exploitation,3.0,-0.1,time_inference,24.34
yolo11n,C_finetuned_supervised,grid_search,4.0,0.0,time_inference,26.35
yolo11m,A_unfinetuned,baseline,0.0,0.0,time_inference,3.67
yolo11m,A_unfinetuned,bo_exploration,3.0,-0.12,time_inference,29.26
yolo11m,A_unfinetuned,bo_exploitation,3.0,0.38,time_inference,56.43
yolo11m,A_unfinetuned,grid_search,4.0,0.5,time_inference,77.88
yolo11m,B_finetuned_unsupervised,baseline,0.0,0.0,time_inference,3.38
yolo11m,B_finetuned_unsupervised,bo_exploration,3.0,0.23,time_inference,32.2
yolo11m,B_finetuned_unsupervised,bo_exploitation,3.0,0.16,time_inference,32.02
yolo11m,B_finetuned_unsupervised,grid_search,4.0,0.5,time_inference,69.15
yolo11m,C_finetuned_supervised,bo_exploration,4.0,-0.12,time_inference,27.71
yolo11m,C_finetuned_supervised,bo_exploitation,3.0,0.61,time_inference,50.13
yolo11m,C_finetuned_supervised,grid_search,4.0,0.0,time_inference,27.7
yolo11n,A_unfinetuned,baseline,0.0,0.0,time_inference,3.81
yolo11n,A_unfinetuned,bo_exploration,3.0,0.02,time_inference,30.72
yolo11n,A_unfinetuned,bo_exploitation,1.0,0.21,time_inference,7.33
yolo11n,A_unfinetuned,grid_search,4.0,0.5,time_inference,81.54
yolo11n,B_finetuned_unsupervised,baseline,0.0,0.0,time_inference,2.87
yolo11n,B_finetuned_unsupervised,bo_exploration,4.0,0.62,time_inference,65.23
yolo11n,B_finetuned_unsupervised,bo_exploitation,4.0,0.38,time_inference,65.26
yolo11n,B_finetuned_unsupervised,grid_search,4.0,0.5,time_inference,65.3
yolo11n,C_finetuned_supervised,bo_exploration,4.0,0.44,time_inference,65.71
yolo11m,A_unfinetuned,baseline,0.0,0.0,time_inference,3.28
yolo11m,A_unfinetuned,bo_exploration,3.0,0.62,time_inference,57.3
yolo11m,A_unfinetuned,bo_exploitation,2.0,0.62,time_inference,38.35
yolo11m,A_unfinetuned,grid_search,4.0,0.5,time_inference,77.39
yolo11m,B_finetuned_unsupervised,baseline,0.0,0.0,time_inference,4.43
yolo11m,B_finetuned_unsupervised,bo_exploration,3.0,0.51,time_inference,52.34
yolo11m,B_finetuned_unsupervised,bo_exploitation,4.0,0.62,time_inference,70.99
yolo11m,B_finetuned_unsupervised,grid_search,4.0,0.5,time_inference,71.01
yolo11m,C_finetuned_supervised,bo_exploration,3.0,-0.12,time_inference,27.23
yolo11m,C_finetuned_supervised,bo_exploitation,2.0,0.15,time_inference,30.09
yolo11m,C_finetuned_supervised,grid_search,4.0,0.0,time_inference,29.1
rtdetr-l,A_unfinetuned,baseline,0.0,0.0,time_inference,3.94
rtdetr-l,A_unfinetuned,bo_exploration,4.0,0.38,time_inference,108.6
rtdetr-l,A_unfinetuned,bo_exploitation,3.0,0.54,time_inference,73.61
rtdetr-l,A_unfinetuned,grid_search,4.0,0.5,time_inference,112.63
rtdetr-l,B_finetuned_unsupervised,baseline,0.0,0.0,time_inference,5.4
rtdetr-l,B_finetuned_unsupervised,bo_exploration,3.0,0.08,time_inference,36.86
rtdetr-l,B_finetuned_unsupervised,bo_exploitation,3.0,0.22,time_inference,44.27
rtdetr-l,B_finetuned_unsupervised,grid_search,4.0,0.5,time_inference,112.18
rtdetr-l,C_finetuned_supervised,bo_exploration,2.0,0.52,time_inference,44.6
rtdetr-l,C_finetuned_supervised,bo_exploitation,3.0,-0.09,time_inference,36.8
rtdetr-l,C_finetuned_supervised,grid_search,4.0,0.0,time_inference,43.54
yolo11n,A_unfinetuned,baseline,0.0,0.0,time_inference,3.23
yolo11n,A_unfinetuned,bo_exploration,3.0,0.61,time_inference,50.97
yolo11n,A_unfinetuned,bo_exploitation,1.0,0.5,time_inference,6.39
yolo11n,A_unfinetuned,grid_search,4.0,0.5,time_inference,69.95
yolo11n,B_finetuned_unsupervised,baseline,0.0,0.0,time_inference,2.81
yolo11n,B_finetuned_unsupervised,bo_exploration,3.0,-0.1,time_inference,24.38
yolo11n,B_finetuned_unsupervised,bo_exploitation,3.0,0.49,time_inference,47.51
yolo11n,B_finetuned_unsupervised,grid_search,4.0,0.5,time_inference,65.49
yolo11m,A_unfinetuned,baseline,0.0,0.0,time_inference,3.33
yolo11m,A_unfinetuned,bo_exploration,3.0,0.62,time_inference,58.74
yolo11m,A_unfinetuned,bo_exploitation,4.0,0.43,time_inference,77.22
yolo11m,A_unfinetuned,grid_search,4.0,0.5,time_inference,77.21
yolo11m,B_finetuned_unsupervised,baseline,0.0,0.0,time_inference,3.28
yolo11m,B_finetuned_unsupervised,bo_exploration,1.0,0.62,time_inference,6.34
yolo11m,B_finetuned_unsupervised,bo_exploitation,4.0,0.62,time_inference,67.71
yolo11m,B_finetuned_unsupervised,grid_search,4.0,0.5,time_inference,67.81
yolo11m,C_finetuned_supervised,bo_exploration,3.0,0.14,time_inference,31.34
yolo11m,C_finetuned_supervised,bo_exploitation,4.0,-0.08,time_inference,27.73
yolo11m,C_finetuned_supervised,grid_search,4.0,0.0,time_inference,27.73
rtdetr-l,A_unfinetuned,baseline,0.0,0.0,time_inference,4.36
rtdetr-l,A_unfinetuned,bo_exploration,3.0,0.62,time_inference,68.91
rtdetr-l,A_unfinetuned,bo_exploitation,4.0,0.62,time_inference,108.09
rtdetr-l,A_unfinetuned,grid_search,4.0,0.5,time_inference,108.18
rtdetr-l,B_finetuned_unsupervised,baseline,0.0,0.0,time_inference,5.11
rtdetr-l,B_finetuned_unsupervised,bo_exploration,1.0,0.62,time_inference,9.99
rtdetr-l,B_finetuned_unsupervised,bo_exploitation,3.0,0.08,time_inference,39.81
rtdetr-l,B_finetuned_unsupervised,grid_search,4.0,0.5,time_inference,116.36
rtdetr-l,C_finetuned_supervised,bo_exploration,2.0,-0.12,time_inference,24.0
rtdetr-l,C_finetuned_supervised,bo_exploitation,4.0,-0.12,time_inference,45.41
rtdetr-l,C_finetuned_supervised,grid_search,4.0,0.0,time_inference,45.6
yolo11n,A_unfinetuned,baseline,0.0,0.0,time_inference,2.98
yolo11n,A_unfinetuned,bo_exploration,2.0,0.34,time_inference,30.05
yolo11n,A_unfinetuned,bo_exploitation,2.0,0.59,time_inference,35.77
yolo11n,A_unfinetuned,grid_search,4.0,0.5,time_inference,75.71
yolo11n,B_finetuned_unsupervised,baseline,0.0,0.0,time_inference,2.76
yolo11n,B_finetuned_unsupervised,bo_exploration,3.0,0.62,time_inference,47.67
yolo11n,B_finetuned_unsupervised,bo_exploitation,3.0,0.62,time_inference,47.74
yolo11n,B_finetuned_unsupervised,grid_search,4.0,0.5,time_inference,65.7
yolo11n,C_finetuned_supervised,bo_exploration,3.0,0.38,time_inference,47.63
yolo11n,C_finetuned_supervised,bo_exploitation,4.0,0.6,time_inference,65.48
yolo11n,C_finetuned_supervised,grid_search,4.0,0.0,time_inference,26.56
yolo11m,A_unfinetuned,baseline,0.0,0.0,time_inference,3.69
yolo11m,A_unfinetuned,bo_exploration,4.0,0.62,time_inference,80.6
yolo11m,A_unfinetuned,bo_exploitation,2.0,0.01,time_inference,20.08
yolo11m,A_unfinetuned,grid_search,4.0,0.5,time_inference,80.63
yolo11m,B_finetuned_unsupervised,baseline,0.0,0.0,time_inference,3.34
yolo11m,B_finetuned_unsupervised,bo_exploration,4.0,0.62,time_inference,69.51
yolo11m,B_finetuned_unsupervised,bo_exploitation,4.0,0.62,time_inference,69.75
yolo11m,B_finetuned_unsupervised,grid_search,4.0,0.5,time_inference,69.95
yolo11m,C_finetuned_supervised,bo_exploration,4.0,-0.12,time_inference,28.51
yolo11m,C_finetuned_supervised,bo_exploitation,4.0,-0.12,time_inference,28.41
yolo11m,C_finetuned_supervised,grid_search,4.0,0.0,time_inference,28.41
rtdetr-l,A_unfinetuned,baseline,0.0,0.0,time_inference,4.37
rtdetr-l,A_unfinetuned,bo_exploration,3.0,0.62,time_inference,69.67
rtdetr-l,A_unfinetuned,bo_exploitation,4.0,0.62,time_inference,110.66
rtdetr-l,A_unfinetuned,grid_search,4.0,0.5,time_inference,110.18
rtdetr-l,B_finetuned_unsupervised,baseline,0.0,0.0,time_inference,4.63
rtdetr-l,B_finetuned_unsupervised,bo_exploration,4.0,0.46,time_inference,110.53
rtdetr-l,B_finetuned_unsupervised,bo_exploitation,2.0,0.16,time_inference,38.26
rtdetr-l,B_finetuned_unsupervised,grid_search,4.0,0.5,time_inference,110.59
rtdetr-l,C_finetuned_supervised,bo_exploration,4.0,0.27,time_inference,59.48
rtdetr-l,C_finetuned_supervised,bo_exploitation,4.0,0.01,time_inference,43.17
rtdetr-l,C_finetuned_supervised,grid_search,4.0,0.25,time_inference,59.5
yolo11n,A_unfinetuned,baseline,0.0,0.0,time_inference,3.4
yolo11n,A_unfinetuned,bo_exploration,3.0,0.62,time_inference,56.71
yolo11n,A_unfinetuned,bo_exploitation,2.0,0.05,time_inference,18.43
yolo11n,A_unfinetuned,grid_search,4.0,0.5,time_inference,78.97
yolo11n,B_finetuned_unsupervised,baseline,0.0,0.0,time_inference,2.78
yolo11n,B_finetuned_unsupervised,bo_exploration,4.0,0.62,time_inference,65.77
yolo11n,B_finetuned_unsupervised,bo_exploitation,3.0,0.62,time_inference,47.64
yolo11n,B_finetuned_unsupervised,grid_search,4.0,0.5,time_inference,65.74
yolo11n,C_finetuned_supervised,bo_exploration,4.0,-0.12,time_inference,26.59
yolo11n,C_finetuned_supervised,bo_exploitation,2.0,-0.12,time_inference,15.78
yolo11n,C_finetuned_supervised,grid_search,4.0,0.0,time_inference,26.53
yolo11m,A_unfinetuned,baseline,0.0,0.0,time_inference,4.55
yolo11m,A_unfinetuned,bo_exploration,4.0,0.42,time_inference,88.04
yolo11m,A_unfinetuned,bo_exploitation,4.0,0.62,time_inference,88.31
yolo11m,A_unfinetuned,grid_search,4.0,0.5,time_inference,88.73
yolo11m,B_finetuned_unsupervised,baseline,0.0,0.0,time_inference,3.34
yolo11m,B_finetuned_unsupervised,bo_exploration,3.0,0.5,time_inference,50.96
yolo11m,B_finetuned_unsupervised,bo_exploitation,2.0,0.49,time_inference,35.52
yolo11m,B_finetuned_unsupervised,grid_search,4.0,0.5,time_inference,68.82
yolo11m,C_finetuned_supervised,bo_exploration,3.0,-0.08,time_inference,26.37
yolo11m,C_finetuned_supervised,bo_exploitation,4.0,-0.09,time_inference,28.08
yolo11m,C_finetuned_supervised,grid_search,4.0,0.0,time_inference,28.06
rtdetr-l,A_unfinetuned,baseline,0.0,0.0,time_inference,4.02
rtdetr-l,A_unfinetuned,bo_exploration,3.0,0.6,time_inference,69.3
rtdetr-l,A_unfinetuned,bo_exploitation,2.0,-0.03,time_inference,20.29
rtdetr-l,A_unfinetuned,grid_search,4.0,0.5,time_inference,110.41
rtdetr-l,B_finetuned_unsupervised,baseline,0.0,0.0,time_inference,4.6
rtdetr-l,B_finetuned_unsupervised,bo_exploration,3.0,0.07,time_inference,36.18
rtdetr-l,B_finetuned_unsupervised,bo_exploitation,3.0,0.02,time_inference,36.17
rtdetr-l,B_finetuned_unsupervised,grid_search,4.0,0.5,time_inference,110.42
rtdetr-l,A_unfinetuned,baseline,0.0,0.0,time_inference,4.22
rtdetr-l,B_finetuned_unsupervised,baseline,0.0,0.0,time_inference,3.59
rtdetr-l,B_finetuned_unsupervised,bo_exploration,4.0,0.62,time_inference,104.94
rtdetr-l,B_finetuned_unsupervised,bo_exploitation,2.0,-0.08,time_inference,18.98
rtdetr-l,B_finetuned_unsupervised,grid_search,4.0,0.5,time_inference,105.26
rtdetr-l,C_finetuned_supervised,bo_exploration,1.0,0.09,time_inference,6.87
rtdetr-l,C_finetuned_supervised,bo_exploitation,4.0,0.58,time_inference,104.87
rtdetr-l,C_finetuned_supervised,grid_search,4.0,0.5,time_inference,105.49
rtdetr-l,A_unfinetuned,baseline,0.0,0.0,time_inference,7.8
rtdetr-l,A_unfinetuned,bo_exploration,3.0,0.62,time_inference,74.38
rtdetr-l,A_unfinetuned,bo_exploitation,4.0,0.42,time_inference,111.95
rtdetr-l,A_unfinetuned,grid_search,4.0,0.5,time_inference,112.24
rtdetr-l,B_finetuned_unsupervised,baseline,0.0,0.0,time_inference,4.45
rtdetr-l,B_finetuned_unsupervised,bo_exploration,3.0,0.62,time_inference,71.05
rtdetr-l,B_finetuned_unsupervised,bo_exploitation,3.0,-0.12,time_inference,36.68
rtdetr-l,B_finetuned_unsupervised,grid_search,4.0,0.5,time_inference,109.91
rtdetr-l,C_finetuned_supervised,bo_exploration,3.0,0.1,time_inference,37.89
rtdetr-l,C_finetuned_supervised,bo_exploitation,3.0,0.06,time_inference,37.92
rtdetr-l,C_finetuned_supervised,grid_search,4.0,0.0,time_inference,45.1
yolo11n,A_unfinetuned,baseline,0.0,0.0,time_inference,3.42
yolo11n,B_finetuned_unsupervised,baseline,0.0,0.0,time_inference,3.43
yolo11n,B_finetuned_unsupervised,bo_exploration,3.0,0.47,time_inference,55.4
yolo11n,B_finetuned_unsupervised,bo_exploitation,4.0,0.62,time_inference,75.21
yolo11n,B_finetuned_unsupervised,grid_search,4.0,0.5,time_inference,74.95
yolo11n,C_finetuned_supervised,bo_exploration,3.0,0.19,time_inference,34.25
yolo11n,C_finetuned_supervised,bo_exploitation,3.0,0.13,time_inference,34.29
yolo11n,C_finetuned_supervised,grid_search,4.0,0.0,time_inference,30.27
yolo11m,A_unfinetuned,baseline,0.0,0.0,time_inference,3.93
yolo11m,A_unfinetuned,bo_exploration,4.0,0.42,time_inference,73.0
yolo11m,A_unfinetuned,bo_exploitation,3.0,0.29,time_inference,33.26
yolo11m,A_unfinetuned,grid_search,4.0,0.5,time_inference,72.99
yolo11m,B_finetuned_unsupervised,baseline,0.0,0.0,time_inference,3.65
yolo11m,B_finetuned_unsupervised,bo_exploration,4.0,0.4,time_inference,69.93
yolo11m,B_finetuned_unsupervised,bo_exploitation,3.0,0.44,time_inference,51.82
yolo11m,B_finetuned_unsupervised,grid_search,4.0,0.5,time_inference,70.11
yolo11m,C_finetuned_supervised,bo_exploration,2.0,0.55,time_inference,36.52
yolo11m,C_finetuned_supervised,bo_exploitation,3.0,0.05,time_inference,27.03
yolo11m,C_finetuned_supervised,grid_search,4.0,0.0,time_inference,28.73
yolo11n,A_unfinetuned,baseline,0.0,0.0,time_inference,3.29
yolo11n,A_unfinetuned,bo_exploration,3.0,0.52,time_inference,55.08
yolo11n,A_unfinetuned,bo_exploitation,2.0,0.62,time_inference,37.88
yolo11n,A_unfinetuned,grid_search,4.0,0.5,time_inference,73.87
yolo11n,B_finetuned_unsupervised,baseline,0.0,0.0,time_inference,3.03
yolo11n,B_finetuned_unsupervised,bo_exploration,3.0,0.62,time_inference,47.66
yolo11n,B_finetuned_unsupervised,bo_exploitation,2.0,0.62,time_inference,32.68
yolo11n,B_finetuned_unsupervised,grid_search,4.0,0.5,time_inference,65.97
yolo11n,C_finetuned_supervised,bo_exploration,3.0,-0.01,time_inference,24.65
yolo11n,C_finetuned_supervised,bo_exploitation,3.0,0.29,time_inference,29.63
yolo11n,C_finetuned_supervised,grid_search,4.0,0.0,time_inference,26.69
yolo11m,A_unfinetuned,baseline,0.0,0.0,time_inference,4.17
yolo11m,A_unfinetuned,bo_exploration,2.0,0.61,time_inference,39.63
yolo11m,A_unfinetuned,bo_exploitation,3.0,0.3,time_inference,36.7
yolo11m,A_unfinetuned,grid_search,4.0,0.5,time_inference,80.85
yolo11m,B_finetuned_unsupervised,baseline,0.0,0.0,time_inference,3.34
yolo11m,B_finetuned_unsupervised,bo_exploration,2.0,0.38,time_inference,36.09
yolo11m,B_finetuned_unsupervised,bo_exploitation,2.0,-0.11,time_inference,17.68
yolo11m,B_finetuned_unsupervised,grid_search,4.0,0.5,time_inference,69.87
yolo11m,C_finetuned_supervised,bo_exploration,3.0,-0.11,time_inference,26.5
yolo11m,C_finetuned_supervised,bo_exploitation,3.0,-0.1,time_inference,26.58
yolo11m,C_finetuned_supervised,grid_search,4.0,0.0,time_inference,28.21
yolo11n,A_unfinetuned,baseline,0.0,0.0,time_inference,3.16
yolo11n,A_unfinetuned,bo_exploration,3.0,0.52,time_inference,51.62
yolo11n,A_unfinetuned,bo_exploitation,2.0,0.45,time_inference,35.71
yolo11n,A_unfinetuned,grid_search,4.0,0.5,time_inference,69.91
yolo11n,B_finetuned_unsupervised,baseline,0.0,0.0,time_inference,3.9
yolo11n,B_finetuned_unsupervised,bo_exploration,4.0,0.62,time_inference,65.14
yolo11n,B_finetuned_unsupervised,bo_exploitation,4.0,0.31,time_inference,35.86
yolo11n,B_finetuned_unsupervised,grid_search,4.0,0.5,time_inference,65.37
yolo11n,C_finetuned_supervised,bo_exploration,3.0,-0.12,time_inference,24.37
yolo11n,C_finetuned_supervised,bo_exploitation,4.0,0.56,time_inference,65.32
yolo11n,C_finetuned_supervised,grid_search,4.0,0.0,time_inference,27.5
yolo11m,A_unfinetuned,baseline,0.0,0.0,time_inference,3.5
yolo11m,A_unfinetuned,bo_exploration,2.0,0.61,time_inference,37.8
yolo11m,A_unfinetuned,bo_exploitation,4.0,0.36,time_inference,41.94
yolo11m,A_unfinetuned,grid_search,4.0,0.5,time_inference,76.88
yolo11m,B_finetuned_unsupervised,baseline,0.0,0.0,time_inference,3.35
yolo11m,B_finetuned_unsupervised,bo_exploration,4.0,0.62,time_inference,68.51
yolo11m,B_finetuned_unsupervised,bo_exploitation,1.0,0.27,time_inference,6.38
yolo11m,B_finetuned_unsupervised,grid_search,4.0,0.5,time_inference,68.28
yolo11m,C_finetuned_supervised,bo_exploration,4.0,-0.12,time_inference,28.02
yolo11m,C_finetuned_supervised,bo_exploitation,3.0,0.11,time_inference,26.21
yolo11m,C_finetuned_supervised,grid_search,4.0,0.0,time_inference,28.03
rtdetr-l,A_unfinetuned,baseline,0.0,0.0,time_inference,4.98
rtdetr-l,A_unfinetuned,bo_exploration,2.0,0.5,time_inference,46.18
rtdetr-l,A_unfinetuned,bo_exploitation,2.0,0.07,time_inference,22.57
rtdetr-l,A_unfinetuned,grid_search,4.0,0.5,time_inference,113.1
rtdetr-l,B_finetuned_unsupervised,baseline,0.0,0.0,time_inference,3.65
rtdetr-l,B_finetuned_unsupervised,bo_exploration,3.0,0.62,time_inference,71.4
rtdetr-l,B_finetuned_unsupervised,bo_exploitation,4.0,0.46,time_inference,115.61
rtdetr-l,B_finetuned_unsupervised,grid_search,4.0,0.5,time_inference,115.19
rtdetr-l,C_finetuned_supervised,bo_exploration,3.0,0.02,time_inference,37.34
rtdetr-l,C_finetuned_supervised,bo_exploitation,2.0,0.19,time_inference,36.76
rtdetr-l,C_finetuned_supervised,grid_search,4.0,0.0,time_inference,46.09
yolo11n,A_unfinetuned,baseline,0.0,0.0,time_inference,3.64
yolo11n,A_unfinetuned,bo_exploration,2.0,0.18,time_inference,31.18
yolo11n,A_unfinetuned,bo_exploitation,3.0,0.43,time_inference,53.79
yolo11n,A_unfinetuned,grid_search,4.0,0.5,time_inference,72.54
yolo11n,B_finetuned_unsupervised,baseline,0.0,0.0,time_inference,2.84
yolo11n,B_finetuned_unsupervised,bo_exploration,4.0,0.49,time_inference,65.35
yolo11n,B_finetuned_unsupervised,bo_exploitation,1.0,0.18,time_inference,5.0
yolo11n,B_finetuned_unsupervised,grid_search,4.0,0.5,time_inference,65.61
yolo11n,C_finetuned_supervised,bo_exploration,3.0,0.18,time_inference,29.56
yolo11n,C_finetuned_supervised,bo_exploitation,3.0,0.3,time_inference,29.54
yolo11n,C_finetuned_supervised,grid_search,4.0,0.0,time_inference,26.54
yolo11m,A_unfinetuned,baseline,0.0,0.0,time_inference,3.66
yolo11m,A_unfinetuned,bo_exploration,4.0,0.45,time_inference,75.87
yolo11m,A_unfinetuned,bo_exploitation,4.0,0.18,time_inference,41.49
yolo11m,A_unfinetuned,grid_search,4.0,0.5,time_inference,75.89
yolo11m,B_finetuned_unsupervised,baseline,0.0,0.0,time_inference,3.26
yolo11m,B_finetuned_unsupervised,bo_exploration,2.0,0.55,time_inference,38.1
yolo11m,B_finetuned_unsupervised,bo_exploitation,4.0,0.45,time_inference,72.29
yolo11m,B_finetuned_unsupervised,grid_search,4.0,0.5,time_inference,70.99
yolo11m,C_finetuned_supervised,bo_exploration,3.0,0.57,time_inference,51.93
yolo11m,C_finetuned_supervised,bo_exploitation,4.0,0.09,time_inference,29.24
yolo11m,C_finetuned_supervised,grid_search,4.0,0.0,time_inference,29.14
rtdetr-l,A_unfinetuned,baseline,0.0,0.0,time_inference,4.79
rtdetr-l,A_unfinetuned,bo_exploration,3.0,-0.05,time_inference,36.62
rtdetr-l,A_unfinetuned,bo_exploitation,3.0,0.47,time_inference,71.28
rtdetr-l,A_unfinetuned,grid_search,4.0,0.5,time_inference,111.6
rtdetr-l,B_finetuned_unsupervised,baseline,0.0,0.0,time_inference,5.92
rtdetr-l,B_finetuned_unsupervised,bo_exploration,4.0,0.55,time_inference,115.36
rtdetr-l,B_finetuned_unsupervised,bo_exploitation,4.0,0.09,time_inference,44.69
rtdetr-l,B_finetuned_unsupervised,grid_search,4.0,0.5,time_inference,115.26
rtdetr-l,C_finetuned_supervised,bo_exploration,3.0,-0.12,time_inference,38.52
rtdetr-l,C_finetuned_supervised,bo_exploitation,3.0,-0.03,time_inference,38.56
rtdetr-l,C_finetuned_supervised,grid_search,4.0,0.0,time_inference,46.33
yolo11n,A_unfinetuned,baseline,0.0,0.0,time_inference,3.03
yolo11n,A_unfinetuned,bo_exploration,4.0,0.45,time_inference,74.74
yolo11n,A_unfinetuned,bo_exploitation,3.0,0.03,time_inference,27.83
yolo11n,A_unfinetuned,grid_search,4.0,0.5,time_inference,74.8
yolo11n,B_finetuned_unsupervised,baseline,0.0,0.0,time_inference,4.13
yolo11n,B_finetuned_unsupervised,bo_exploration,4.0,0.62,time_inference,65.74
yolo11n,B_finetuned_unsupervised,bo_exploitation,4.0,0.58,time_inference,65.73
yolo11n,B_finetuned_unsupervised,grid_search,4.0,0.5,time_inference,65.76
yolo11n,C_finetuned_supervised,bo_exploration,1.0,0.02,time_inference,4.88
yolo11n,C_finetuned_supervised,bo_exploitation,4.0,0.08,time_inference,26.63
yolo11n,C_finetuned_supervised,grid_search,4.0,0.0,time_inference,26.55
yolo11m,A_unfinetuned,baseline,0.0,0.0,time_inference,3.25
yolo11m,A_unfinetuned,bo_exploration,4.0,-0.12,time_inference,29.04
yolo11m,A_unfinetuned,bo_exploitation,2.0,0.53,time_inference,35.62
yolo11m,A_unfinetuned,grid_search,4.0,0.5,time_inference,70.62
yolo11m,B_finetuned_unsupervised,baseline,0.0,0.0,time_inference,3.3
yolo11m,B_finetuned_unsupervised,bo_exploration,2.0,0.21,time_inference,30.11
yolo11m,B_finetuned_unsupervised,bo_exploitation,4.0,-0.1,time_inference,28.26
yolo11m,B_finetuned_unsupervised,grid_search,4.0,0.5,time_inference,69.35
yolo11m,C_finetuned_supervised,bo_exploration,4.0,0.09,time_inference,28.49
yolo11m,C_finetuned_supervised,bo_exploitation,2.0,0.28,time_inference,30.35
yolo11m,C_finetuned_supervised,grid_search,4.0,0.0,time_inference,28.51
rtdetr-l,A_unfinetuned,baseline,0.0,0.0,time_inference,4.24
rtdetr-l,A_unfinetuned,bo_exploration,3.0,0.21,time_inference,43.55
rtdetr-l,A_unfinetuned,bo_exploitation,2.0,0.21,time_inference,37.13
rtdetr-l,A_unfinetuned,grid_search,4.0,0.5,time_inference,110.16
rtdetr-l,B_finetuned_unsupervised,baseline,0.0,0.0,time_inference,4.13
rtdetr-l,B_finetuned_unsupervised,bo_exploration,3.0,0.62,time_inference,70.83
rtdetr-l,B_finetuned_unsupervised,bo_exploitation,4.0,0.52,time_inference,110.61
rtdetr-l,B_finetuned_unsupervised,grid_search,4.0,0.5,time_inference,110.6
rtdetr-l,C_finetuned_supervised,bo_exploration,2.0,0.01,time_inference,21.36
yolo11n,A_unfinetuned,baseline,0.0,0.0,time_inference,3.06
yolo11n,A_unfinetuned,bo_exploration,3.0,0.55,time_inference,51.87
yolo11n,A_unfinetuned,bo_exploitation,3.0,0.14,time_inference,32.22
yolo11n,A_unfinetuned,grid_search,4.0,0.5,time_inference,69.74
yolo11n,B_finetuned_unsupervised,baseline,0.0,0.0,time_inference,2.87
yolo11n,B_finetuned_unsupervised,bo_exploration,4.0,0.62,time_inference,65.43
yolo11n,B_finetuned_unsupervised,bo_exploitation,2.0,0.59,time_inference,32.45
yolo11n,B_finetuned_unsupervised,grid_search,4.0,0.5,time_inference,65.64
yolo11n,C_finetuned_supervised,bo_exploration,3.0,-0.01,time_inference,24.53
yolo11n,C_finetuned_supervised,bo_exploitation,3.0,0.4,time_inference,47.61
yolo11n,C_finetuned_supervised,grid_search,4.0,0.0,time_inference,26.5
yolo11m,A_unfinetuned,baseline,0.0,0.0,time_inference,3.84
yolo11m,A_unfinetuned,bo_exploration,3.0,0.34,time_inference,35.39
yolo11m,A_unfinetuned,bo_exploitation,2.0,0.45,time_inference,38.87
yolo11m,A_unfinetuned,grid_search,4.0,0.5,time_inference,77.97
yolo11m,B_finetuned_unsupervised,baseline,0.0,0.0,time_inference,3.33
yolo11m,B_finetuned_unsupervised,bo_exploration,4.0,0.44,time_inference,68.13
yolo11m,B_finetuned_unsupervised,bo_exploitation,2.0,0.33,time_inference,29.72
yolo11m,B_finetuned_unsupervised,grid_search,4.0,0.5,time_inference,68.2
yolo11m,C_finetuned_supervised,bo_exploration,4.0,-0.12,time_inference,27.71
yolo11m,C_finetuned_supervised,bo_exploitation,3.0,0.31,time_inference,31.42
yolo11m,C_finetuned_supervised,grid_search,4.0,0.0,time_inference,27.63
rtdetr-l,A_unfinetuned,baseline,0.0,0.0,time_inference,4.72
rtdetr-l,A_unfinetuned,bo_exploration,2.0,0.46,time_inference,44.89
rtdetr-l,A_unfinetuned,bo_exploitation,3.0,0.57,time_inference,72.95
rtdetr-l,A_unfinetuned,grid_search,4.0,0.5,time_inference,112.53
rtdetr-l,B_finetuned_unsupervised,baseline,0.0,0.0,time_inference,3.68
rtdetr-l,B_finetuned_unsupervised,bo_exploration,4.0,0.62,time_inference,114.07
rtdetr-l,B_finetuned_unsupervised,bo_exploitation,1.0,0.2,time_inference,7.1
rtdetr-l,B_finetuned_unsupervised,grid_search,4.0,0.5,time_inference,113.68
rtdetr-l,C_finetuned_supervised,bo_exploration,4.0,-0.12,time_inference,47.75
rtdetr-l,C_finetuned_supervised,bo_exploitation,4.0,-0.12,time_inference,47.74
rtdetr-l,C_finetuned_supervised,grid_search,4.0,0.0,time_inference,45.9
rtdetr-l,A_unfinetuned,baseline,0.0,0.0,time_inference,4.34
rtdetr-l,A_unfinetuned,bo_exploration,4.0,0.54,time_inference,111.53
rtdetr-l,A_unfinetuned,bo_exploitation,3.0,0.44,time_inference,71.22
rtdetr-l,A_unfinetuned,grid_search,4.0,0.5,time_inference,111.71
rtdetr-l,B_finetuned_unsupervised,baseline,0.0,0.0,time_inference,5.15
rtdetr-l,A_unfinetuned,baseline,0.0,0.0,time_inference,4.57
rtdetr-l,A_unfinetuned,bo_exploration,3.0,-0.0,time_inference,37.24
rtdetr-l,A_unfinetuned,bo_exploitation,2.0,0.55,time_inference,45.29
rtdetr-l,A_unfinetuned,grid_search,4.0,0.5,time_inference,115.72
rtdetr-l,B_finetuned_unsupervised,baseline,0.0,0.0,time_inference,4.03
rtdetr-l,B_finetuned_unsupervised,bo_exploration,4.0,0.62,time_inference,114.71
rtdetr-l,B_finetuned_unsupervised,bo_exploitation,2.0,0.41,time_inference,43.9
rtdetr-l,B_finetuned_unsupervised,grid_search,4.0,0.5,time_inference,114.04
rtdetr-l,C_finetuned_supervised,bo_exploration,3.0,-0.07,time_inference,36.88
rtdetr-l,C_finetuned_supervised,bo_exploitation,2.0,0.36,time_inference,36.61
rtdetr-l,C_finetuned_supervised,grid_search,4.0,0.0,time_inference,44.17
yolo11n,A_unfinetuned,baseline,0.0,0.0,time_inference,2.95
yolo11n,A_unfinetuned,bo_exploration,4.0,0.62,time_inference,68.3
yolo11n,A_unfinetuned,bo_exploitation,3.0,-0.05,time_inference,25.27
yolo11n,A_unfinetuned,grid_search,4.0,0.5,time_inference,69.37
yolo11n,B_finetuned_unsupervised,baseline,0.0,0.0,time_inference,2.84
yolo11n,B_finetuned_unsupervised,bo_exploration,4.0,0.62,time_inference,66.26
yolo11n,B_finetuned_unsupervised,bo_exploitation,3.0,0.17,time_inference,29.87
yolo11n,B_finetuned_unsupervised,grid_search,4.0,0.5,time_inference,65.63
yolo11n,C_finetuned_supervised,bo_exploration,3.0,-0.12,time_inference,24.5
yolo11n,C_finetuned_supervised,bo_exploitation,3.0,0.14,time_inference,29.65
yolo11n,C_finetuned_supervised,grid_search,4.0,0.0,time_inference,26.66
yolo11m,A_unfinetuned,baseline,0.0,0.0,time_inference,3.67
yolo11m,A_unfinetuned,bo_exploration,3.0,-0.05,time_inference,29.15
yolo11m,A_unfinetuned,bo_exploitation,3.0,0.29,time_inference,34.95
yolo11m,A_unfinetuned,grid_search,4.0,0.5,time_inference,76.23
yolo11m,B_finetuned_unsupervised,baseline,0.0,0.0,time_inference,3.43
yolo11m,B_finetuned_unsupervised,bo_exploration,4.0,0.62,time_inference,69.61
yolo11n,A_unfinetuned,baseline,0.0,0.0,time_inference,3.66
yolo11n,A_unfinetuned,bo_exploration,4.0,0.62,time_inference,77.11
yolo11n,A_unfinetuned,bo_exploitation,3.0,0.47,time_inference,55.43
yolo11n,A_unfinetuned,grid_search,4.0,0.5,time_inference,76.96
yolo11n,B_finetuned_unsupervised,baseline,0.0,0.0,time_inference,2.78
yolo11n,B_finetuned_unsupervised,bo_exploration,3.0,0.48,time_inference,48.7
yolo11n,B_finetuned_unsupervised,bo_exploitation,3.0,0.62,time_inference,47.74
yolo11n,B_finetuned_unsupervised,grid_search,4.0,0.5,time_inference,65.74
yolo11n,C_finetuned_supervised,bo_exploration,3.0,0.02,time_inference,24.47
yolo11n,C_finetuned_supervised,bo_exploitation,4.0,0.06,time_inference,26.52
yolo11n,C_finetuned_supervised,grid_search,4.0,0.0,time_inference,26.5
yolo11m,A_unfinetuned,baseline,0.0,0.0,time_inference,4.03
yolo11m,A_unfinetuned,bo_exploration,3.0,0.62,time_inference,54.54
yolo11m,A_unfinetuned,bo_exploitation,3.0,0.44,time_inference,54.66
yolo11m,A_unfinetuned,grid_search,4.0,0.5,time_inference,71.48
yolo11m,B_finetuned_unsupervised,baseline,0.0,0.0,time_inference,3.44
yolo11m,B_finetuned_unsupervised,bo_exploration,4.0,0.61,time_inference,70.48
yolo11m,B_finetuned_unsupervised,bo_exploitation,3.0,0.62,time_inference,52.2
yolo11m,B_finetuned_unsupervised,grid_search,4.0,0.5,time_inference,70.71
yolo11m,C_finetuned_supervised,bo_exploration,4.0,-0.1,time_inference,29.06
yolo11m,C_finetuned_supervised,bo_exploitation,3.0,0.25,time_inference,32.76
yolo11m,C_finetuned_supervised,grid_search,4.0,0.0,time_inference,28.87
yolo11n,A_unfinetuned,baseline,0.0,0.0,time_inference,3.42
yolo11n,A_unfinetuned,bo_exploration,3.0,-0.12,time_inference,28.25
yolo11n,A_unfinetuned,bo_exploitation,3.0,0.47,time_inference,54.66
yolo11n,A_unfinetuned,grid_search,4.0,0.5,time_inference,77.64
yolo11n,B_finetuned_unsupervised,baseline,0.0,0.0,time_inference,2.87
yolo11n,B_finetuned_unsupervised,bo_exploration,2.0,0.13,time_inference,27.17
yolo11n,B_finetuned_unsupervised,bo_exploitation,2.0,0.48,time_inference,32.1
yolo11n,B_finetuned_unsupervised,grid_search,4.0,0.5,time_inference,65.01
yolo11n,C_finetuned_supervised,bo_exploration,4.0,0.09,time_inference,26.41
yolo11n,C_finetuned_supervised,bo_exploitation,3.0,-0.12,time_inference,24.38
yolo11n,C_finetuned_supervised,grid_search,4.0,0.0,time_inference,26.39
yolo11m,A_unfinetuned,baseline,0.0,0.0,time_inference,3.58
yolo11m,A_unfinetuned,bo_exploration,3.0,0.62,time_inference,54.21
yolo11m,A_unfinetuned,bo_exploitation,3.0,0.49,time_inference,54.19
yolo11m,A_unfinetuned,grid_search,4.0,0.5,time_inference,76.31
yolo11m,B_finetuned_unsupervised,baseline,0.0,0.0,time_inference,3.28
yolo11m,B_finetuned_unsupervised,bo_exploration,1.0,0.19,time_inference,6.35
yolo11m,B_finetuned_unsupervised,bo_exploitation,4.0,0.53,time_inference,67.79
yolo11m,B_finetuned_unsupervised,grid_search,4.0,0.5,time_inference,67.76
yolo11m,C_finetuned_supervised,bo_exploration,4.0,0.46,time_inference,67.51
yolo11m,C_finetuned_supervised,bo_exploitation,4.0,-0.12,time_inference,27.46
yolo11m,C_finetuned_supervised,grid_search,4.0,0.0,time_inference,27.47
rtdetr-l,A_unfinetuned,baseline,0.0,0.0,time_inference,4.48
rtdetr-l,A_unfinetuned,bo_exploration,3.0,0.62,time_inference,71.21
rtdetr-l,A_unfinetuned,bo_exploitation,4.0,0.62,time_inference,111.19
rtdetr-l,A_unfinetuned,grid_search,4.0,0.5,time_inference,110.6
rtdetr-l,B_finetuned_unsupervised,baseline,0.0,0.0,time_inference,4.07
rtdetr-l,B_finetuned_unsupervised,bo_exploration,3.0,0.57,time_inference,68.35
rtdetr-l,B_finetuned_unsupervised,bo_exploitation,4.0,0.0,time_inference,42.05
rtdetr-l,B_finetuned_unsupervised,grid_search,4.0,0.5,time_inference,107.64
rtdetr-l,C_finetuned_supervised,bo_exploration,4.0,-0.12,time_inference,42.0
rtdetr-l,C_finetuned_supervised,bo_exploitation,4.0,0.52,time_inference,107.51
rtdetr-l,C_finetuned_supervised,grid_search,4.0,0.0,time_inference,41.85
yolo11n,A_unfinetuned,baseline,0.0,0.0,time_inference,3.33
yolo11n,A_unfinetuned,bo_exploration,4.0,0.62,time_inference,70.23
yolo11n,A_unfinetuned,bo_exploitation,4.0,0.13,time_inference,38.49
yolo11n,A_unfinetuned,grid_search,4.0,0.5,time_inference,70.36
yolo11n,B_finetuned_unsupervised,baseline,0.0,0.0,time_inference,2.95
yolo11m,A_unfinetuned,baseline,0.0,0.0,time_inference,3.54
yolo11m,A_unfinetuned,bo_exploration,4.0,0.62,time_inference,72.4
yolo11m,A_unfinetuned,bo_exploitation,3.0,0.26,time_inference,32.86
yolo11m,A_unfinetuned,grid_search,4.0,0.5,time_inference,72.48
yolo11m,B_finetuned_unsupervised,baseline,0.0,0.0,time_inference,3.29
yolo11m,B_finetuned_unsupervised,bo_exploration,4.0,0.21,time_inference,37.44
yolo11m,B_finetuned_unsupervised,bo_exploitation,4.0,0.16,time_inference,37.39
yolo11m,B_finetuned_unsupervised,grid_search,4.0,0.5,time_inference,67.69
yolo11m,C_finetuned_supervised,bo_exploration,3.0,-0.0,time_inference,25.76
yolo11m,C_finetuned_supervised,bo_exploitation,2.0,0.14,time_inference,29.38
yolo11m,C_finetuned_supervised,grid_search,4.0,0.0,time_inference,27.46
rtdetr-l,A_unfinetuned,baseline,0.0,0.0,time_inference,4.41
rtdetr-l,A_unfinetuned,bo_exploration,4.0,0.62,time_inference,111.03
rtdetr-l,A_unfinetuned,bo_exploitation,3.0,0.56,time_inference,70.53
rtdetr-l,A_unfinetuned,grid_search,4.0,0.5,time_inference,111.24
rtdetr-l,B_finetuned_unsupervised,baseline,0.0,0.0,time_inference,5.28
rtdetr-l,B_finetuned_unsupervised,bo_exploration,3.0,0.46,time_inference,77.5
rtdetr-l,B_finetuned_unsupervised,bo_exploitation,3.0,0.33,time_inference,47.69
rtdetr-l,B_finetuned_unsupervised,grid_search,4.0,0.5,time_inference,115.77
rtdetr-l,C_finetuned_supervised,bo_exploration,4.0,0.31,time_inference,62.2
rtdetr-l,C_finetuned_supervised,bo_exploitation,2.0,0.58,time_inference,49.46
rtdetr-l,C_finetuned_supervised,grid_search,4.0,0.5,time_inference,115.52
yolo11n,A_unfinetuned,baseline,0.0,0.0,time_inference,3.12
yolo11n,A_unfinetuned,bo_exploration,3.0,0.22,time_inference,32.56
yolo11n,A_unfinetuned,bo_exploitation,3.0,0.62,time_inference,52.26
yolo11n,A_unfinetuned,grid_search,4.0,0.5,time_inference,72.71
yolo11n,B_finetuned_unsupervised,baseline,0.0,0.0,time_inference,2.76
yolo11n,B_finetuned_unsupervised,bo_exploration,3.0,0.62,time_inference,47.63
yolo11n,B_finetuned_unsupervised,bo_exploitation,2.0,0.26,time_inference,27.46
yolo11n,B_finetuned_unsupervised,grid_search,4.0,0.5,time_inference,65.81
yolo11n,C_finetuned_supervised,bo_exploration,2.0,0.36,time_inference,27.3
yolo11n,C_finetuned_supervised,bo_exploitation,2.0,0.2,time_inference,27.26
yolo11n,C_finetuned_supervised,grid_search,4.0,0.0,time_inference,26.42
yolo11m,A_unfinetuned,baseline,0.0,0.0,time_inference,3.88
yolo11m,A_unfinetuned,bo_exploration,4.0,0.62,time_inference,75.48
yolo11m,A_unfinetuned,bo_exploitation,3.0,0.44,time_inference,57.29
yolo11m,A_unfinetuned,grid_search,4.0,0.5,time_inference,75.51
yolo11m,B_finetuned_unsupervised,baseline,0.0,0.0,time_inference,3.42
yolo11m,B_finetuned_unsupervised,bo_exploration,4.0,0.62,time_inference,69.24
yolo11m,B_finetuned_unsupervised,bo_exploitation,4.0,0.21,time_inference,38.19
yolo11m,B_finetuned_unsupervised,grid_search,4.0,0.5,time_inference,69.2
yolo11m,C_finetuned_supervised,bo_exploration,3.0,-0.06,time_inference,26.34
yolo11m,C_finetuned_supervised,bo_exploitation,1.0,0.56,time_inference,6.54
yolo11m,C_finetuned_supervised,grid_search,4.0,0.0,time_inference,28.1
rtdetr-l,A_unfinetuned,baseline,0.0,0.0,time_inference,4.83
rtdetr-l,A_unfinetuned,bo_exploration,4.0,0.62,time_inference,110.88
rtdetr-l,A_unfinetuned,bo_exploitation,3.0,0.52,time_inference,71.3
rtdetr-l,A_unfinetuned,grid_search,4.0,0.5,time_inference,111.11
rtdetr-l,B_finetuned_unsupervised,baseline,0.0,0.0,time_inference,4.49
rtdetr-l,B_finetuned_unsupervised,bo_exploration,3.0,-0.06,time_inference,36.69
rtdetr-l,B_finetuned_unsupervised,bo_exploitation,3.0,0.03,time_inference,36.7
rtdetr-l,B_finetuned_unsupervised,grid_search,4.0,0.5,time_inference,110.8
rtdetr-l,C_finetuned_supervised,bo_exploration,4.0,-0.05,time_inference,43.49
rtdetr-l,C_finetuned_supervised,bo_exploitation,1.0,0.2,time_inference,8.89
rtdetr-l,C_finetuned_supervised,grid_search,4.0,0.0,time_inference,43.44
yolo11n,A_unfinetuned,baseline,0.0,0.0,time_inference,3.06
yolo11n,A_unfinetuned,bo_exploration,3.0,0.24,time_inference,35.19
yolo11n,A_unfinetuned,bo_exploitation,2.0,0.15,time_inference,31.09
yolo11n,A_unfinetuned,grid_search,4.0,0.5,time_inference,83.56
yolo11n,B_finetuned_unsupervised,baseline,0.0,0.0,time_inference,2.84
yolo11n,B_finetuned_unsupervised,bo_exploration,4.0,0.62,time_inference,65.49
yolo11n,B_finetuned_unsupervised,bo_exploitation,3.0,0.52,time_inference,47.64
yolo11n,B_finetuned_unsupervised,grid_search,4.0,0.5,time_inference,65.53
yolo11n,C_finetuned_supervised,bo_exploration,3.0,-0.05,time_inference,24.53
yolo11n,C_finetuned_supervised,bo_exploitation,3.0,0.35,time_inference,29.55
yolo11n,C_finetuned_supervised,grid_search,4.0,0.0,time_inference,26.48
yolo11m,A_unfinetuned,baseline,0.0,0.0,time_inference,4.35
yolo11m,A_unfinetuned,bo_exploration,4.0,0.62,time_inference,77.51
yolo11m,A_unfinetuned,bo_exploitation,2.0,0.54,time_inference,39.48
yolo11m,A_unfinetuned,grid_search,4.0,0.5,time_inference,77.62
yolo11m,B_finetuned_unsupervised,baseline,0.0,0.0,time_inference,3.28
yolo11m,B_finetuned_unsupervised,bo_exploration,1.0,0.35,time_inference,6.38
yolo11m,B_finetuned_unsupervised,bo_exploitation,3.0,0.45,time_inference,51.09
yolo11m,B_finetuned_unsupervised,grid_search,4.0,0.5,time_inference,69.45
yolo11m,C_finetuned_supervised,bo_exploration,3.0,0.45,time_inference,51.05
yolo11m,C_finetuned_supervised,bo_exploitation,4.0,-0.08,time_inference,28.16
yolo11m,C_finetuned_supervised,grid_search,4.0,0.0,time_inference,28.19
rtdetr-l,A_unfinetuned,baseline,0.0,0.0,time_inference,4.25
rtdetr-l,A_unfinetuned,bo_exploration,2.0,0.61,time_inference,43.54
rtdetr-l,A_unfinetuned,bo_exploitation,3.0,0.41,time_inference,70.12
rtdetr-l,A_unfinetuned,grid_search,4.0,0.5,time_inference,110.01
rtdetr-l,B_finetuned_unsupervised,baseline,0.0,0.0,time_inference,3.93
rtdetr-l,B_finetuned_unsupervised,bo_exploration,3.0,0.39,time_inference,69.13
rtdetr-l,B_finetuned_unsupervised,bo_exploitation,3.0,-0.08,time_inference,35.05
rtdetr-l,B_finetuned_unsupervised,grid_search,4.0,0.5,time_inference,109.58
rtdetr-l,C_finetuned_supervised,bo_exploration,2.0,0.36,time_inference,35.16
rtdetr-l,C_finetuned_supervised,bo_exploitation,4.0,-0.12,time_inference,42.43
rtdetr-l,C_finetuned_supervised,grid_search,4.0,0.0,time_inference,42.34
rtdetr-l,A_unfinetuned,baseline,0.0,0.0,time_inference,4.6
rtdetr-l,A_unfinetuned,bo_exploration,4.0,0.62,time_inference,110.46
rtdetr-l,A_unfinetuned,bo_exploitation,3.0,0.22,time_inference,43.7
rtdetr-l,A_unfinetuned,grid_search,4.0,0.5,time_inference,110.55
rtdetr-l,B_finetuned_unsupervised,baseline,0.0,0.0,time_inference,4.9
rtdetr-l,B_finetuned_unsupervised,bo_exploration,3.0,0.62,time_inference,75.8
rtdetr-l,B_finetuned_unsupervised,bo_exploitation,3.0,0.6,time_inference,75.85
rtdetr-l,B_finetuned_unsupervised,grid_search,4.0,0.5,time_inference,113.83
rtdetr-l,C_finetuned_supervised,bo_exploration,4.0,0.21,time_inference,61.17
rtdetr-l,C_finetuned_supervised,bo_exploitation,2.0,0.1,time_inference,23.42
rtdetr-l,C_finetuned_supervised,grid_search,4.0,0.0,time_inference,44.58
rtdetr-l,A_unfinetuned,baseline,0.0,0.0,time_inference,4.87
rtdetr-l,A_unfinetuned,bo_exploration,2.0,0.13,time_inference,38.23
rtdetr-l,A_unfinetuned,bo_exploitation,4.0,0.38,time_inference,114.27
rtdetr-l,A_unfinetuned,grid_search,4.0,0.5,time_inference,114.31
rtdetr-l,B_finetuned_unsupervised,baseline,0.0,0.0,time_inference,5.78
rtdetr-l,B_finetuned_unsupervised,bo_exploration,3.0,0.62,time_inference,69.99
rtdetr-l,B_finetuned_unsupervised,bo_exploitation,4.0,0.0,time_inference,42.8
rtdetr-l,B_finetuned_unsupervised,grid_search,4.0,0.5,time_inference,107.62
rtdetr-l,C_finetuned_supervised,bo_exploration,4.0,0.05,time_inference,41.94
rtdetr-l,C_finetuned_supervised,bo_exploitation,2.0,0.09,time_inference,21.04
rtdetr-l,C_finetuned_supervised,grid_search,4.0,0.0,time_inference,42.59
yolo11n,A_unfinetuned,baseline,0.0,0.0,map50,0.0
yolo11n,A_unfinetuned,bo_exploration,4.0,0.62,map50,0.777
yolo11n,A_unfinetuned,bo_exploitation,2.0,0.53,map50,0.5692
yolo11n,A_unfinetuned,grid_search,4.0,0.5,map50,0.777
yolo11n,B_finetuned_unsupervised,baseline,0.0,0.0,map50,0.0
yolo11n,B_finetuned_unsupervised,bo_exploration,3.0,0.34,map50,0.755
yolo11n,B_finetuned_unsupervised,bo_exploitation,2.0,0.62,map50,0.6046
yolo11n,B_finetuned_unsupervised,grid_search,4.0,0.5,map50,0.7933
yolo11n,C_finetuned_supervised,bo_exploration,4.0,-0.12,map50,0.8175
yolo11n,C_finetuned_supervised,bo_exploitation,3.0,0.29,map50,0.755
yolo11n,C_finetuned_supervised,grid_search,4.0,0.0,map50,0.8175
yolo11m,A_unfinetuned,baseline,0.0,0.0,map50,0.0003
yolo11m,B_finetuned_unsupervised,baseline,0.0,0.0,map50,0.0005
yolo11m,B_finetuned_unsupervised,bo_exploration,3.0,0.41,map50,0.6949
yolo11m,B_finetuned_unsupervised,bo_exploitation,3.0,0.62,map50,0.6949
yolo11m,B_finetuned_unsupervised,grid_search,4.0,0.5,map50,0.7156
yolo11m,C_finetuned_supervised,bo_exploration,4.0,-0.12,map50,0.7349
yolo11n,A_unfinetuned,baseline,0.0,0.0,map50,0.0
yolo11n,A_unfinetuned,bo_exploration,4.0,0.62,map50,0.7643
yolo11n,A_unfinetuned,bo_exploitation,3.0,0.48,map50,0.7122
yolo11n,A_unfinetuned,grid_search,4.0,0.5,map50,0.7643
yolo11n,B_finetuned_unsupervised,baseline,0.0,0.0,map50,0.0
yolo11n,B_finetuned_unsupervised,bo_exploration,3.0,0.62,map50,0.7523
yolo11n,B_finetuned_unsupervised,bo_exploitation,1.0,0.54,map50,0.0468
yolo11n,B_finetuned_unsupervised,grid_search,4.0,0.5,map50,0.7937
yolo11n,C_finetuned_supervised,bo_exploration,4.0,-0.12,map50,0.8176
yolo11n,C_finetuned_supervised,bo_exploitation,3.0,0.23,map50,0.7554
yolo11n,C_finetuned_supervised,grid_search,4.0,0.0,map50,0.8176
yolo11m,A_unfinetuned,baseline,0.0,0.0,map50,0.0007
yolo11m,A_unfinetuned,bo_exploration,4.0,0.33,map50,0.7069
yolo11m,A_unfinetuned,bo_exploitation,2.0,0.55,map50,0.5929
yolo11m,A_unfinetuned,grid_search,4.0,0.5,map50,0.7073
yolo11m,B_finetuned_unsupervised,baseline,0.0,0.0,map50,0.0005
yolo11m,B_finetuned_unsupervised,bo_exploration,3.0,0.5,map50,0.6947
yolo11m,B_finetuned_unsupervised,bo_exploitation,3.0,0.57,map50,0.6947
yolo11m,B_finetuned_unsupervised,grid_search,4.0,0.5,map50,0.7152
yolo11m,C_finetuned_supervised,bo_exploration,3.0,-0.12,map50,0.6892
yolo11m,C_finetuned_supervised,bo_exploitation,3.0,0.06,map50,0.6892
yolo11m,C_finetuned_supervised,grid_search,4.0,0.0,map50,0.7344
yolo11n,A_unfinetuned,baseline,0.0,0.0,map50,0.0001
yolo11n,A_unfinetuned,bo_exploration,4.0,0.62,map50,0.7125
yolo11n,A_unfinetuned,bo_exploitation,3.0,0.22,map50,0.6867
yolo11n,A_unfinetuned,grid_search,4.0,0.5,map50,0.7125
yolo11n,B_finetuned_unsupervised,baseline,0.0,0.0,map50,0.0
yolo11n,B_finetuned_unsupervised,bo_exploration,4.0,0.62,map50,0.7947
yolo11n,B_finetuned_unsupervised,bo_exploitation,2.0,0.61,map50,0.6055
yolo11n,B_finetuned_unsupervised,grid_search,4.0,0.5,map50,0.7947
yolo11m,A_unfinetuned,baseline,0.0,0.0,map50,0.0002
yolo11m,A_unfinetuned,bo_exploration,4.0,0.09,map50,0.658
yolo11m,A_unfinetuned,bo_exploitation,3.0,0.4,map50,0.6396
yolo11m,A_unfinetuned,grid_search,4.0,0.5,map50,0.6482
yolo11m,B_finetuned_unsupervised,baseline,0.0,0.0,map50,0.0
yolo11m,B_finetuned_unsupervised,bo_exploration,3.0,0.62,map50,0.755
yolo11m,B_finetuned_unsupervised,bo_exploitation,4.0,0.39,map50,0.7712
yolo11m,B_finetuned_unsupervised,grid_search,4.0,0.5,map50,0.7712
yolo11m,C_finetuned_supervised,bo_exploration,1.0,0.08,map50,0.0148
yolo11m,C_finetuned_supervised,bo_exploitation,2.0,0.23,map50,0.619
yolo11m,C_finetuned_supervised,grid_search,4.0,0.0,map50,0.7869
rtdetr-l,A_unfinetuned,baseline,0.0,0.0,map50,0.0001
rtdetr-l,A_unfinetuned,bo_exploration,4.0,0.62,map50,0.6147
rtdetr-l,A_unfinetuned,bo_exploitation,4.0,0.52,map50,0.6147
rtdetr-l,A_unfinetuned,grid_search,4.0,0.5,map50,0.6147
rtdetr-l,B_finetuned_unsupervised,baseline,0.0,0.0,map50,0.0009
rtdetr-l,B_finetuned_unsupervised,bo_exploration,4.0,0.3,map50,0.7193
rtdetr-l,B_finetuned_unsupervised,bo_exploitation,2.0,0.42,map50,0.5469
rtdetr-l,B_finetuned_unsupervised,grid_search,4.0,0.5,map50,0.7257
rtdetr-l,C_finetuned_supervised,bo_exploration,4.0,0.0,map50,0.7289
rtdetr-l,C_finetuned_supervised,bo_exploitation,3.0,0.62,map50,0.6999
rtdetr-l,C_finetuned_supervised,grid_search,4.0,0.0,map50,0.7289
yolo11n,A_unfinetuned,baseline,0.0,0.0,map50,0.0003
yolo11n,A_unfinetuned,bo_exploration,3.0,0.39,map50,0.7046
yolo11n,A_unfinetuned,bo_exploitation,4.0,0.14,map50,0.7507
yolo11n,A_unfinetuned,grid_search,4.0,0.5,map50,0.7437
yolo11n,B_finetuned_unsupervised,baseline,0.0,0.0,map50,0.0
yolo11n,B_finetuned_unsupervised,bo_exploration,3.0,0.56,map50,0.7523
yolo11n,B_finetuned_unsupervised,bo_exploitation,3.0,0.02,map50,0.7479
yolo11n,B_finetuned_unsupervised,grid_search,4.0,0.5,map50,0.7941
yolo11n,C_finetuned_supervised,bo_exploration,4.0,-0.12,map50,0.8177
yolo11n,C_finetuned_supervised,bo_exploitation,3.0,0.03,map50,0.7479
yolo11n,C_finetuned_supervised,grid_search,4.0,0.0,map50,0.8177
yolo11m,A_unfinetuned,baseline,0.0,0.0,map50,0.0005
yolo11m,A_unfinetuned,bo_exploration,4.0,0.61,map50,0.6733
yolo11m,A_unfinetuned,bo_exploitation,4.0,0.54,map50,0.6733
yolo11m,A_unfinetuned,grid_search,4.0,0.5,map50,0.6733
yolo11m,B_finetuned_unsupervised,baseline,0.0,0.0,map50,0.0005
yolo11m,B_finetuned_unsupervised,bo_exploration,3.0,0.62,map50,0.6947
yolo11m,B_finetuned_unsupervised,bo_exploitation,3.0,0.51,map50,0.6947
yolo11m,B_finetuned_unsupervised,grid_search,4.0,0.5,map50,0.7154
yolo11m,C_finetuned_supervised,bo_exploration,4.0,0.2,map50,0.7192
yolo11m,C_finetuned_supervised,bo_exploitation,3.0,-0.09,map50,0.6891
yolo11m,C_finetuned_supervised,grid_search,4.0,0.0,map50,0.7344
rtdetr-l,A_unfinetuned,baseline,0.0,0.0,map50,0.0007
rtdetr-l,A_unfinetuned,bo_exploration,3.0,0.13,map50,0.5779
rtdetr-l,A_unfinetuned,bo_exploitation,1.0,0.13,map50,0.0049
rtdetr-l,A_unfinetuned,grid_search,4.0,0.5,map50,0.6018
rtdetr-l,B_finetuned_unsupervised,baseline,0.0,0.0,map50,0.0073
rtdetr-l,B_finetuned_unsupervised,bo_exploration,4.0,0.47,map50,0.6731
rtdetr-l,B_finetuned_unsupervised,bo_exploitation,2.0,0.29,map50,0.5122
rtdetr-l,B_finetuned_unsupervised,grid_search,4.0,0.5,map50,0.6731
rtdetr-l,C_finetuned_supervised,bo_exploration,2.0,0.31,map50,0.5122
rtdetr-l,C_finetuned_supervised,bo_exploitation,4.0,-0.08,map50,0.6807
rtdetr-l,C_finetuned_supervised,grid_search,4.0,0.0,map50,0.6807
yolo11n,A_unfinetuned,baseline,0.0,0.0,map50,0.0
yolo11n,A_unfinetuned,bo_exploration,4.0,0.62,map50,0.7679
yolo11n,A_unfinetuned,bo_exploitation,3.0,0.62,map50,0.7412
yolo11n,A_unfinetuned,grid_search,4.0,0.5,map50,0.7679
yolo11n,B_finetuned_unsupervised,baseline,0.0,0.0,map50,0.0
yolo11n,B_finetuned_unsupervised,bo_exploration,3.0,0.62,map50,0.7528
yolo11n,B_finetuned_unsupervised,bo_exploitation,3.0,0.62,map50,0.7528
yolo11n,B_finetuned_unsupervised,grid_search,4.0,0.5,map50,0.7941
yolo11n,C_finetuned_supervised,bo_exploration,2.0,0.27,map50,0.6037
yolo11n,C_finetuned_supervised,bo_exploitation,4.0,-0.01,map50,0.8181
yolo11n,C_finetuned_supervised,grid_search,4.0,0.0,map50,0.8181
yolo11m,A_unfinetuned,baseline,0.0,0.0,map50,0.0004
yolo11m,A_unfinetuned,bo_exploration,3.0,0.62,map50,0.6954
yolo11m,A_unfinetuned,bo_exploitation,3.0,-0.01,map50,0.6922
yolo11m,A_unfinetuned,grid_search,4.0,0.5,map50,0.7088
yolo11m,B_finetuned_unsupervised,baseline,0.0,0.0,map50,0.0005
yolo11m,B_finetuned_unsupervised,bo_exploration,4.0,0.56,map50,0.7162
yolo11m,B_finetuned_unsupervised,bo_exploitation,3.0,0.39,map50,0.6956
yolo11m,B_finetuned_unsupervised,grid_search,4.0,0.5,map50,0.7162
yolo11m,C_finetuned_supervised,bo_exploration,2.0,0.29,map50,0.5799
yolo11m,C_finetuned_supervised,bo_exploitation,4.0,-0.12,map50,0.7352
yolo11m,C_finetuned_supervised,grid_search,4.0,0.0,map50,0.7352
rtdetr-l,A_unfinetuned,baseline,0.0,0.0,map50,0.0003
rtdetr-l,A_unfinetuned,bo_exploration,1.0,0.47,map50,0.0028
rtdetr-l,A_unfinetuned,bo_exploitation,1.0,0.4,map50,0.0028
rtdetr-l,A_unfinetuned,grid_search,4.0,0.5,map50,0.6475
rtdetr-l,B_finetuned_unsupervised,baseline,0.0,0.0,map50,0.0006
rtdetr-l,B_finetuned_unsupervised,bo_exploration,3.0,0.62,map50,0.6312
rtdetr-l,B_finetuned_unsupervised,bo_exploitation,2.0,0.45,map50,0.4678
rtdetr-l,B_finetuned_unsupervised,grid_search,4.0,0.5,map50,0.6611
rtdetr-l,C_finetuned_supervised,bo_exploration,4.0,-0.12,map50,0.6645
rtdetr-l,C_finetuned_supervised,bo_exploitation,2.0,0.16,map50,0.469
rtdetr-l,C_finetuned_supervised,grid_search,4.0,0.0,map50,0.6645
yolo11n,A_unfinetuned,baseline,0.0,0.0,map50,0.0
yolo11n,A_unfinetuned,bo_exploration,2.0,0.62,map50,0.5539
yolo11n,A_unfinetuned,bo_exploitation,4.0,0.3,map50,0.8099
yolo11n,A_unfinetuned,grid_search,4.0,0.5,map50,0.8022
yolo11n,B_finetuned_unsupervised,baseline,0.0,0.0,map50,0.0004
yolo11n,B_finetuned_unsupervised,bo_exploration,4.0,0.62,map50,0.7319
yolo11n,B_finetuned_unsupervised,bo_exploitation,4.0,0.62,map50,0.7319
yolo11n,B_finetuned_unsupervised,grid_search,4.0,0.5,map50,0.7319
yolo11n,C_finetuned_supervised,bo_exploration,4.0,-0.12,map50,0.7696
yolo11n,C_finetuned_supervised,bo_exploitation,4.0,-0.06,map50,0.7696
yolo11n,C_finetuned_supervised,grid_search,4.0,0.0,map50,0.7696
yolo11m,A_unfinetuned,baseline,0.0,0.0,map50,0.0001
yolo11m,A_unfinetuned,bo_exploration,3.0,0.38,map50,0.6933
yolo11m,A_unfinetuned,bo_exploitation,1.0,0.36,map50,0.0189
yolo11m,A_unfinetuned,grid_search,4.0,0.5,map50,0.7131
yolo11m,B_finetuned_unsupervised,baseline,0.0,0.0,map50,0.0005
yolo11m,B_finetuned_unsupervised,bo_exploration,4.0,0.59,map50,0.7159
yolo11m,B_finetuned_unsupervised,bo_exploitation,3.0,0.18,map50,0.6951
yolo11m,B_finetuned_unsupervised,grid_search,4.0,0.5,map50,0.7159
yolo11m,C_finetuned_supervised,bo_exploration,4.0,-0.12,map50,0.735
yolo11m,C_finetuned_supervised,bo_exploitation,4.0,-0.12,map50,0.735
yolo11m,C_finetuned_supervised,grid_search,4.0,0.0,map50,0.735
rtdetr-l,A_unfinetuned,baseline,0.0,0.0,map50,0.0012
rtdetr-l,A_unfinetuned,bo_exploration,4.0,0.62,map50,0.6846
rtdetr-l,A_unfinetuned,bo_exploitation,1.0,0.37,map50,0.0067
rtdetr-l,A_unfinetuned,grid_search,4.0,0.5,map50,0.6846
rtdetr-l,B_finetuned_unsupervised,baseline,0.0,0.0,map50,0.0002
rtdetr-l,B_finetuned_unsupervised,bo_exploration,3.0,0.44,map50,0.6132
rtdetr-l,B_finetuned_unsupervised,bo_exploitation,3.0,0.62,map50,0.6132
rtdetr-l,B_finetuned_unsupervised,grid_search,4.0,0.5,map50,0.657
rtdetr-l,C_finetuned_supervised,bo_exploration,3.0,-0.12,map50,0.6005
rtdetr-l,C_finetuned_supervised,bo_exploitation,4.0,0.21,map50,0.6491
rtdetr-l,C_finetuned_supervised,grid_search,4.0,0.0,map50,0.656
rtdetr-l,A_unfinetuned,baseline,0.0,0.0,map50,0.0006
rtdetr-l,A_unfinetuned,bo_exploration,4.0,0.5,map50,0.6768
rtdetr-l,A_unfinetuned,bo_exploitation,3.0,0.62,map50,0.6508
rtdetr-l,A_unfinetuned,grid_search,4.0,0.5,map50,0.6768
rtdetr-l,B_finetuned_unsupervised,baseline,0.0,0.0,map50,0.002
rtdetr-l,B_finetuned_unsupervised,bo_exploration,2.0,0.53,map50,0.4976
rtdetr-l,B_finetuned_unsupervised,bo_exploitation,3.0,0.62,map50,0.6308
rtdetr-l,B_finetuned_unsupervised,grid_search,4.0,0.5,map50,0.6559
rtdetr-l,C_finetuned_supervised,bo_exploration,4.0,-0.12,map50,0.6521
rtdetr-l,C_finetuned_supervised,bo_exploitation,3.0,0.62,map50,0.6308
rtdetr-l,C_finetuned_supervised,grid_search,4.0,0.5,map50,0.6559
rtdetr-l,A_unfinetuned,baseline,0.0,0.0,map50,0.0007
rtdetr-l,B_finetuned_unsupervised,baseline,0.0,0.0,map50,0.0
rtdetr-l,B_finetuned_unsupervised,bo_exploration,4.0,0.62,map50,0.6827
rtdetr-l,B_finetuned_unsupervised,bo_exploitation,4.0,0.51,map50,0.6827
rtdetr-l,B_finetuned_unsupervised,grid_search,4.0,0.5,map50,0.6827
rtdetr-l,C_finetuned_supervised,bo_exploration,3.0,-0.12,map50,0.6429
rtdetr-l,C_finetuned_supervised,bo_exploitation,2.0,0.05,map50,0.4817
rtdetr-l,C_finetuned_supervised,grid_search,4.0,0.0,map50,0.6933
yolo11n,A_unfinetuned,baseline,0.0,0.0,map50,0.0
yolo11n,A_unfinetuned,bo_exploration,4.0,0.62,map50,0.7957
yolo11n,A_unfinetuned,bo_exploitation,3.0,0.52,map50,0.7737
yolo11n,A_unfinetuned,grid_search,4.0,0.5,map50,0.7957
yolo11n,B_finetuned_unsupervised,baseline,0.0,0.0,map50,0.0
yolo11n,B_finetuned_unsupervised,bo_exploration,3.0,0.62,map50,0.753
yolo11n,B_finetuned_unsupervised,bo_exploitation,3.0,0.47,map50,0.753
yolo11n,B_finetuned_unsupervised,grid_search,4.0,0.5,map50,0.7939
yolo11n,C_finetuned_supervised,bo_exploration,1.0,0.23,map50,0.0472
yolo11n,C_finetuned_supervised,bo_exploitation,3.0,-0.12,map50,0.7487
yolo11n,C_finetuned_supervised,grid_search,4.0,0.0,map50,0.818
yolo11m,A_unfinetuned,baseline,0.0,0.0,map50,0.0
yolo11m,A_unfinetuned,bo_exploration,1.0,0.62,map50,0.0185
yolo11m,A_unfinetuned,bo_exploitation,3.0,0.62,map50,0.7053
yolo11m,A_unfinetuned,grid_search,4.0,0.5,map50,0.7216
yolo11m,B_finetuned_unsupervised,baseline,0.0,0.0,map50,0.0005
yolo11m,B_finetuned_unsupervised,bo_exploration,2.0,0.33,map50,0.581
yolo11m,B_finetuned_unsupervised,bo_exploitation,1.0,-0.02,map50,0.0256
yolo11m,B_finetuned_unsupervised,grid_search,4.0,0.5,map50,0.7164
yolo11n,A_unfinetuned,baseline,0.0,0.0,map50,0.0
yolo11n,A_unfinetuned,bo_exploration,4.0,0.62,map50,0.7315
yolo11n,A_unfinetuned,bo_exploitation,3.0,0.52,map50,0.7017
yolo11n,A_unfinetuned,grid_search,4.0,0.5,map50,0.7315
yolo11n,B_finetuned_unsupervised,baseline,0.0,0.0,map50,0.0004
yolo11n,B_finetuned_unsupervised,bo_exploration,1.0,0.05,map50,0.0189
yolo11n,B_finetuned_unsupervised,bo_exploitation,3.0,0.61,map50,0.6921
yolo11n,B_finetuned_unsupervised,grid_search,4.0,0.5,map50,0.7319
yolo11n,C_finetuned_supervised,bo_exploration,3.0,0.02,map50,0.7042
yolo11n,C_finetuned_supervised,bo_exploitation,3.0,-0.08,map50,0.7042
yolo11n,C_finetuned_supervised,grid_search,4.0,0.0,map50,0.7696
yolo11m,A_unfinetuned,baseline,0.0,0.0,map50,0.0
yolo11m,A_unfinetuned,bo_exploration,2.0,0.58,map50,0.531
yolo11m,B_finetuned_unsupervised,baseline,0.0,0.0,map50,0.0005
yolo11m,B_finetuned_unsupervised,bo_exploration,4.0,0.19,map50,0.7197
yolo11m,B_finetuned_unsupervised,bo_exploitation,2.0,0.54,map50,0.5781
yolo11m,B_finetuned_unsupervised,grid_search,4.0,0.5,map50,0.7159
yolo11m,C_finetuned_supervised,bo_exploration,4.0,-0.12,map50,0.735
yolo11m,C_finetuned_supervised,bo_exploitation,3.0,0.03,map50,0.6897
yolo11m,C_finetuned_supervised,grid_search,4.0,0.0,map50,0.735
yolo11n,A_unfinetuned,baseline,0.0,0.0,map50,0.0
yolo11n,A_unfinetuned,bo_exploration,4.0,0.62,map50,0.7814
yolo11n,A_unfinetuned,bo_exploitation,3.0,0.32,map50,0.7541
yolo11n,A_unfinetuned,grid_search,4.0,0.5,map50,0.7814
yolo11n,B_finetuned_unsupervised,baseline,0.0,0.0,map50,0.0
yolo11n,B_finetuned_unsupervised,bo_exploration,3.0,-0.12,map50,0.7478
yolo11n,B_finetuned_unsupervised,bo_exploitation,2.0,0.18,map50,0.6033
yolo11n,B_finetuned_unsupervised,grid_search,4.0,0.5,map50,0.7937
yolo11n,C_finetuned_supervised,bo_exploration,4.0,-0.01,map50,0.8176
yolo11n,C_finetuned_supervised,bo_exploitation,3.0,0.35,map50,0.7554
yolo11n,C_finetuned_supervised,grid_search,4.0,0.0,map50,0.8176
yolo11m,A_unfinetuned,baseline,0.0,0.0,map50,0.0001
yolo11m,A_unfinetuned,bo_exploration,3.0,0.62,map50,0.6378
yolo11m,A_unfinetuned,bo_exploitation,2.0,-0.01,map50,0.5107
yolo11m,A_unfinetuned,grid_search,4.0,0.5,map50,0.6649
yolo11m,B_finetuned_unsupervised,baseline,0.0,0.0,map50,0.0005
yolo11m,B_finetuned_unsupervised,bo_exploration,1.0,0.23,map50,0.0253
yolo11m,B_finetuned_unsupervised,bo_exploitation,1.0,0.17,map50,0.0253
yolo11m,B_finetuned_unsupervised,grid_search,4.0,0.5,map50,0.7152
yolo11m,C_finetuned_supervised,bo_exploration,2.0,-0.12,map50,0.5864
yolo11m,C_finetuned_supervised,bo_exploitation,2.0,0.27,map50,0.5793
yolo11m,C_finetuned_supervised,grid_search,4.0,0.0,map50,0.7344
rtdetr-l,A_unfinetuned,baseline,0.0,0.0,map50,0.0016
rtdetr-l,A_unfinetuned,bo_exploration,4.0,-0.12,map50,0.6646
rtdetr-l,A_unfinetuned,bo_exploitation,3.0,-0.02,map50,0.6178
rtdetr-l,A_unfinetuned,grid_search,4.0,0.5,map50,0.6494
rtdetr-l,B_finetuned_unsupervised,baseline,0.0,0.0,map50,0.0082
rtdetr-l,B_finetuned_unsupervised,bo_exploration,2.0,-0.05,map50,0.48
rtdetr-l,B_finetuned_unsupervised,bo_exploitation,2.0,0.56,map50,0.479
rtdetr-l,B_finetuned_unsupervised,grid_search,4.0,0.5,map50,0.6315
rtdetr-l,C_finetuned_supervised,bo_exploration,4.0,-0.12,map50,0.6409
rtdetr-l,C_finetuned_supervised,bo_exploitation,4.0,-0.09,map50,0.6409
rtdetr-l,C_finetuned_supervised,grid_search,4.0,0.0,map50,0.6409
yolo11n,A_unfinetuned,baseline,0.0,0.0,map50,0.0
yolo11n,A_unfinetuned,bo_exploration,3.0,-0.12,map50,0.7377
yolo11n,A_unfinetuned,bo_exploitation,3.0,0.62,map50,0.7344
yolo11n,A_unfinetuned,grid_search,4.0,0.5,map50,0.7587
yolo11n,B_finetuned_unsupervised,baseline,0.0,0.0,map50,0.0
yolo11n,B_finetuned_unsupervised,bo_exploration,2.0,0.62,map50,0.6049
yolo11n,B_finetuned_unsupervised,bo_exploitation,1.0,0.56,map50,0.0468
yolo11n,B_finetuned_unsupervised,grid_search,4.0,0.5,map50,0.7941
yolo11n,C_finetuned_supervised,bo_exploration,3.0,0.53,map50,0.7529
yolo11n,C_finetuned_supervised,bo_exploitation,2.0,0.35,map50,0.6035
yolo11n,C_finetuned_supervised,grid_search,4.0,0.0,map50,0.8182
yolo11m,A_unfinetuned,baseline,0.0,0.0,map50,0.0004
yolo11m,A_unfinetuned,bo_exploration,4.0,0.2,map50,0.637
yolo11m,A_unfinetuned,bo_exploitation,3.0,0.04,map50,0.6063
yolo11m,A_unfinetuned,grid_search,4.0,0.5,map50,0.6314
yolo11m,B_finetuned_unsupervised,baseline,0.0,0.0,map50,0.0002
yolo11m,B_finetuned_unsupervised,bo_exploration,2.0,-0.12,map50,0.5583
yolo11m,B_finetuned_unsupervised,bo_exploitation,3.0,0.58,map50,0.6862
yolo11m,B_finetuned_unsupervised,grid_search,4.0,0.5,map50,0.7122
yolo11m,C_finetuned_supervised,bo_exploration,4.0,-0.12,map50,0.7315
yolo11m,C_finetuned_supervised,bo_exploitation,4.0,-0.09,map50,0.7315
yolo11m,C_finetuned_supervised,grid_search,4.0,0.0,map50,0.7315
rtdetr-l,A_unfinetuned,baseline,0.0,0.0,map50,0.0057
rtdetr-l,A_unfinetuned,bo_exploration,4.0,0.6,map50,0.6378
rtdetr-l,A_unfinetuned,bo_exploitation,2.0,0.09,map50,0.4733
rtdetr-l,A_unfinetuned,grid_search,4.0,0.5,map50,0.6378
rtdetr-l,B_finetuned_unsupervised,baseline,0.0,0.0,map50,0.0014
rtdetr-l,B_finetuned_unsupervised,bo_exploration,3.0,0.62,map50,0.666
rtdetr-l,B_finetuned_unsupervised,bo_exploitation,4.0,0.41,map50,0.6921
rtdetr-l,B_finetuned_unsupervised,grid_search,4.0,0.5,map50,0.6921
rtdetr-l,C_finetuned_supervised,bo_exploration,3.0,-0.12,map50,0.6508
rtdetr-l,C_finetuned_supervised,bo_exploitation,3.0,0.28,map50,0.6554
rtdetr-l,C_finetuned_supervised,grid_search,4.0,0.25,map50,0.6883
yolo11n,A_unfinetuned,baseline,0.0,0.0,map50,0.0011
yolo11n,A_unfinetuned,bo_exploration,4.0,0.62,map50,0.7335
yolo11n,A_unfinetuned,bo_exploitation,3.0,0.26,map50,0.7059
yolo11n,A_unfinetuned,grid_search,4.0,0.5,map50,0.7335
yolo11n,B_finetuned_unsupervised,baseline,0.0,0.0,map50,0.0
yolo11n,B_finetuned_unsupervised,bo_exploration,4.0,0.62,map50,0.7935
yolo11n,B_finetuned_unsupervised,bo_exploitation,3.0,0.36,map50,0.7554
yolo11n,B_finetuned_unsupervised,grid_search,4.0,0.5,map50,0.7935
yolo11n,C_finetuned_supervised,bo_exploration,4.0,-0.12,map50,0.8177
yolo11n,C_finetuned_supervised,bo_exploitation,3.0,-0.12,map50,0.748
yolo11n,C_finetuned_supervised,grid_search,4.0,0.0,map50,0.8177
yolo11m,A_unfinetuned,baseline,0.0,0.0,map50,0.0008
yolo11m,A_unfinetuned,bo_exploration,3.0,0.62,map50,0.7069
yolo11m,A_unfinetuned,bo_exploitation,3.0,0.62,map50,0.7069
yolo11m,A_unfinetuned,grid_search,4.0,0.5,map50,0.7208
yolo11m,B_finetuned_unsupervised,baseline,0.0,0.0,map50,0.0005
yolo11m,B_finetuned_unsupervised,bo_exploration,4.0,0.62,map50,0.7151
yolo11m,B_finetuned_unsupervised,bo_exploitation,3.0,0.62,map50,0.6947
yolo11m,B_finetuned_unsupervised,grid_search,4.0,0.5,map50,0.7151
yolo11m,C_finetuned_supervised,bo_exploration,2.0,0.62,map50,0.5775
yolo11m,C_finetuned_supervised,bo_exploitation,4.0,0.08,map50,0.7342
yolo11m,C_finetuned_supervised,grid_search,4.0,0.0,map50,0.7342
rtdetr-l,A_unfinetuned,baseline,0.0,0.0,map50,0.0018
rtdetr-l,A_unfinetuned,bo_exploration,4.0,0.62,map50,0.6701
rtdetr-l,A_unfinetuned,bo_exploitation,2.0,0.61,map50,0.4884
rtdetr-l,A_unfinetuned,grid_search,4.0,0.5,map50,0.6701
rtdetr-l,B_finetuned_unsupervised,baseline,0.0,0.0,map50,0.0002
rtdetr-l,B_finetuned_unsupervised,bo_exploration,4.0,0.21,map50,0.763
rtdetr-l,B_finetuned_unsupervised,bo_exploitation,1.0,0.56,map50,0.003
rtdetr-l,B_finetuned_unsupervised,grid_search,4.0,0.5,map50,0.7623
rtdetr-l,C_finetuned_supervised,bo_exploration,4.0,-0.12,map50,0.7763
rtdetr-l,C_finetuned_supervised,bo_exploitation,4.0,0.23,map50,0.763
rtdetr-l,C_finetuned_supervised,grid_search,4.0,0.0,map50,0.7763
yolo11n,A_unfinetuned,baseline,0.0,0.0,map50,0.0003
yolo11n,A_unfinetuned,bo_exploration,2.0,0.62,map50,0.5849
yolo11n,A_unfinetuned,bo_exploitation,2.0,0.39,map50,0.5849
yolo11n,A_unfinetuned,grid_search,4.0,0.5,map50,0.7556
yolo11n,B_finetuned_unsupervised,baseline,0.0,0.0,map50,0.0003
yolo11n,B_finetuned_unsupervised,bo_exploration,3.0,0.62,map50,0.7259
yolo11n,B_finetuned_unsupervised,bo_exploitation,3.0,-0.01,map50,0.7299
yolo11n,B_finetuned_unsupervised,grid_search,4.0,0.5,map50,0.7551
yolo11n,C_finetuned_supervised,bo_exploration,4.0,-0.12,map50,0.7886
yolo11n,C_finetuned_supervised,bo_exploitation,4.0,-0.12,map50,0.7886
yolo11n,C_finetuned_supervised,grid_search,4.0,0.0,map50,0.7886
yolo11m,A_unfinetuned,baseline,0.0,0.0,map50,0.0
yolo11m,A_unfinetuned,bo_exploration,3.0,0.27,map50,0.709
yolo11m,A_unfinetuned,bo_exploitation,3.0,0.62,map50,0.7053
yolo11m,A_unfinetuned,grid_search,4.0,0.5,map50,0.7314
yolo11m,B_finetuned_unsupervised,baseline,0.0,0.0,map50,0.0
yolo11m,B_finetuned_unsupervised,bo_exploration,4.0,0.12,map50,0.7693
yolo11m,B_finetuned_unsupervised,bo_exploitation,4.0,0.62,map50,0.7469
yolo11m,B_finetuned_unsupervised,grid_search,4.0,0.5,map50,0.7469
yolo11m,C_finetuned_supervised,bo_exploration,4.0,-0.12,map50,0.7693
yolo11m,C_finetuned_supervised,bo_exploitation,4.0,0.28,map50,0.7513
yolo11m,C_finetuned_supervised,grid_search,4.0,0.25,map50,0.7513
rtdetr-l,A_unfinetuned,baseline,0.0,0.0,map50,0.002
rtdetr-l,A_unfinetuned,bo_exploration,4.0,0.62,map50,0.5951
rtdetr-l,A_unfinetuned,bo_exploitation,4.0,0.57,map50,0.5951
rtdetr-l,A_unfinetuned,grid_search,4.0,0.5,map50,0.5951
rtdetr-l,B_finetuned_unsupervised,baseline,0.0,0.0,map50,0.0023
rtdetr-l,B_finetuned_unsupervised,bo_exploration,4.0,0.47,map50,0.711
rtdetr-l,B_finetuned_unsupervised,bo_exploitation,4.0,-0.12,map50,0.7077
rtdetr-l,B_finetuned_unsupervised,grid_search,4.0,0.5,map50,0.711
rtdetr-l,C_finetuned_supervised,bo_exploration,4.0,-0.08,map50,0.7077
rtdetr-l,C_finetuned_supervised,bo_exploitation,2.0,0.29,map50,0.5368
rtdetr-l,C_finetuned_supervised,grid_search,4.0,0.5,map50,0.711
rtdetr-l,A_unfinetuned,baseline,0.0,0.0,map50,0.0009
rtdetr-l,A_unfinetuned,bo_exploration,3.0,0.47,map50,0.5391
rtdetr-l,A_unfinetuned,bo_exploitation,3.0,0.51,map50,0.5391
rtdetr-l,A_unfinetuned,grid_search,4.0,0.5,map50,0.5694
rtdetr-l,B_finetuned_unsupervised,baseline,0.0,0.0,map50,0.0089
rtdetr-l,B_finetuned_unsupervised,bo_exploration,3.0,0.12,map50,0.6706
rtdetr-l,B_finetuned_unsupervised,bo_exploitation,4.0,0.55,map50,0.704
rtdetr-l,B_finetuned_unsupervised,grid_search,4.0,0.5,map50,0.704
rtdetr-l,C_finetuned_supervised,bo_exploration,4.0,-0.09,map50,0.7138
rtdetr-l,C_finetuned_supervised,bo_exploitation,1.0,0.61,map50,0.0424
rtdetr-l,C_finetuned_supervised,grid_search,4.0,0.0,map50,0.7138
rtdetr-l,A_unfinetuned,baseline,0.0,0.0,map50,0.0007
rtdetr-l,A_unfinetuned,bo_exploration,3.0,0.62,map50,0.6083
rtdetr-l,A_unfinetuned,bo_exploitation,4.0,0.28,map50,0.6276
rtdetr-l,A_unfinetuned,grid_search,4.0,0.5,map50,0.631
rtdetr-l,B_finetuned_unsupervised,baseline,0.0,0.0,map50,0.0004
yolo11n,A_unfinetuned,baseline,0.0,0.0,map50,0.0
yolo11n,A_unfinetuned,bo_exploration,4.0,0.62,map50,0.7442
yolo11n,A_unfinetuned,bo_exploitation,2.0,0.42,map50,0.5409
yolo11n,A_unfinetuned,grid_search,4.0,0.5,map50,0.7442
yolo11n,B_finetuned_unsupervised,baseline,0.0,0.0,map50,0.0
yolo11n,B_finetuned_unsupervised,bo_exploration,3.0,0.52,map50,0.7519
yolo11n,B_finetuned_unsupervised,bo_exploitation,4.0,0.56,map50,0.7933
yolo11n,B_finetuned_unsupervised,grid_search,4.0,0.5,map50,0.7933
yolo11n,C_finetuned_supervised,bo_exploration,4.0,-0.12,map50,0.8176
yolo11n,C_finetuned_supervised,bo_exploitation,4.0,-0.12,map50,0.8176
yolo11n,C_finetuned_supervised,grid_search,4.0,0.0,map50,0.8176
yolo11m,A_unfinetuned,baseline,0.0,0.0,map50,0.0001
yolo11m,A_unfinetuned,bo_exploration,4.0,0.62,map50,0.7222
yolo11m,A_unfinetuned,bo_exploitation,3.0,-0.12,map50,0.6992
yolo11m,A_unfinetuned,grid_search,4.0,0.5,map50,0.7222
yolo11m,B_finetuned_unsupervised,baseline,0.0,0.0,map50,0.0005
yolo11m,B_finetuned_unsupervised,bo_exploration,4.0,0.37,map50,0.719
yolo11m,B_finetuned_unsupervised,bo_exploitation,3.0,0.38,map50,0.6947
yolo11m,B_finetuned_unsupervised,grid_search,4.0,0.5,map50,0.7152
yolo11m,C_finetuned_supervised,bo_exploration,3.0,-0.12,map50,0.6891
yolo11m,C_finetuned_supervised,bo_exploitation,3.0,0.32,map50,0.6945
yolo11m,C_finetuned_supervised,grid_search,4.0,0.0,map50,0.7346
yolo11n,A_unfinetuned,baseline,0.0,0.0,map50,0.0002
yolo11n,A_unfinetuned,bo_exploration,3.0,0.62,map50,0.7367
yolo11n,A_unfinetuned,bo_exploitation,3.0,0.56,map50,0.7367
yolo11n,A_unfinetuned,grid_search,4.0,0.5,map50,0.7673
yolo11n,B_finetuned_unsupervised,baseline,0.0,0.0,map50,0.0
yolo11n,B_finetuned_unsupervised,bo_exploration,4.0,0.62,map50,0.794
yolo11n,B_finetuned_unsupervised,bo_exploitation,3.0,0.62,map50,0.7526
yolo11n,B_finetuned_unsupervised,grid_search,4.0,0.5,map50,0.794
yolo11n,C_finetuned_supervised,bo_exploration,3.0,0.53,map50,0.7526
yolo11n,C_finetuned_supervised,bo_exploitation,3.0,0.02,map50,0.7482
yolo11n,C_finetuned_supervised,grid_search,4.0,0.0,map50,0.8181
yolo11m,A_unfinetuned,baseline,0.0,0.0,map50,0.0
yolo11m,A_unfinetuned,bo_exploration,3.0,0.62,map50,0.6998
yolo11m,A_unfinetuned,bo_exploitation,3.0,0.41,map50,0.6998
yolo11m,A_unfinetuned,grid_search,4.0,0.5,map50,0.7299
yolo11m,B_finetuned_unsupervised,baseline,0.0,0.0,map50,0.0005
yolo11m,B_finetuned_unsupervised,bo_exploration,4.0,0.62,map50,0.7157
yolo11m,B_finetuned_unsupervised,bo_exploitation,3.0,-0.12,map50,0.6895
yolo11m,B_finetuned_unsupervised,grid_search,4.0,0.5,map50,0.7157
yolo11m,C_finetuned_supervised,bo_exploration,4.0,0.54,map50,0.7157
yolo11m,C_finetuned_supervised,bo_exploitation,3.0,0.28,map50,0.695
yolo11m,C_finetuned_supervised,grid_search,4.0,0.0,map50,0.735
yolo11n,A_unfinetuned,baseline,0.0,0.0,map50,0.0012
yolo11n,A_unfinetuned,bo_exploration,1.0,0.36,map50,0.0385
yolo11n,A_unfinetuned,bo_exploitation,4.0,0.62,map50,0.7828
yolo11n,A_unfinetuned,grid_search,4.0,0.5,map50,0.7828
yolo11n,B_finetuned_unsupervised,baseline,0.0,0.0,map50,0.0
yolo11m,A_unfinetuned,baseline,0.0,0.0,map50,0.0009
yolo11m,A_unfinetuned,bo_exploration,4.0,0.62,map50,0.669
yolo11m,A_unfinetuned,bo_exploitation,1.0,0.34,map50,0.0294
yolo11m,A_unfinetuned,grid_search,4.0,0.5,map50,0.669
yolo11m,B_finetuned_unsupervised,baseline,0.0,0.0,map50,0.0005
yolo11m,B_finetuned_unsupervised,bo_exploration,3.0,0.62,map50,0.6951
yolo11m,B_finetuned_unsupervised,bo_exploitation,1.0,0.19,map50,0.0251
yolo11m,B_finetuned_unsupervised,grid_search,4.0,0.5,map50,0.7157
yolo11m,C_finetuned_supervised,bo_exploration,2.0,0.31,map50,0.5795
yolo11m,C_finetuned_supervised,bo_exploitation,3.0,-0.02,map50,0.6895
yolo11m,C_finetuned_supervised,grid_search,4.0,0.0,map50,0.735
rtdetr-l,A_unfinetuned,baseline,0.0,0.0,map50,0.0003
rtdetr-l,A_unfinetuned,bo_exploration,1.0,0.46,map50,0.0031
rtdetr-l,A_unfinetuned,bo_exploitation,3.0,0.46,map50,0.6166
rtdetr-l,A_unfinetuned,grid_search,4.0,0.5,map50,0.6665
rtdetr-l,B_finetuned_unsupervised,baseline,0.0,0.0,map50,0.0106
rtdetr-l,B_finetuned_unsupervised,bo_exploration,3.0,0.62,map50,0.511
rtdetr-l,B_finetuned_unsupervised,bo_exploitation,1.0,0.3,map50,0.03
rtdetr-l,B_finetuned_unsupervised,grid_search,4.0,0.5,map50,0.5604
rtdetr-l,C_finetuned_supervised,bo_exploration,4.0,-0.12,map50,0.5864
rtdetr-l,C_finetuned_supervised,bo_exploitation,4.0,-0.06,map50,0.5864
rtdetr-l,C_finetuned_supervised,grid_search,4.0,0.0,map50,0.5864
yolo11n,A_unfinetuned,baseline,0.0,0.0,map50,0.0
yolo11n,B_finetuned_unsupervised,baseline,0.0,0.0,map50,0.0003
yolo11n,B_finetuned_unsupervised,bo_exploration,4.0,0.62,map50,0.7633
yolo11n,B_finetuned_unsupervised,bo_exploitation,4.0,0.62,map50,0.7633
yolo11n,B_finetuned_unsupervised,grid_search,4.0,0.5,map50,0.7633
yolo11n,C_finetuned_supervised,bo_exploration,2.0,-0.05,map50,0.5706
yolo11n,C_finetuned_supervised,bo_exploitation,3.0,0.08,map50,0.7387
yolo11n,C_finetuned_supervised,grid_search,4.0,0.0,map50,0.7928
yolo11m,A_unfinetuned,baseline,0.0,0.0,map50,0.0003
yolo11m,A_unfinetuned,bo_exploration,2.0,0.62,map50,0.556
yolo11m,A_unfinetuned,bo_exploitation,4.0,0.5,map50,0.71
yolo11m,A_unfinetuned,grid_search,4.0,0.5,map50,0.71
yolo11m,B_finetuned_unsupervised,baseline,0.0,0.0,map50,0.0005
yolo11m,B_finetuned_unsupervised,bo_exploration,3.0,-0.1,map50,0.689
yolo11m,B_finetuned_unsupervised,bo_exploitation,3.0,0.62,map50,0.6944
yolo11m,B_finetuned_unsupervised,grid_search,4.0,0.5,map50,0.7149
yolo11m,C_finetuned_supervised,bo_exploration,2.0,0.43,map50,0.5783
yolo11m,C_finetuned_supervised,bo_exploitation,4.0,-0.07,map50,0.7341
yolo11m,C_finetuned_supervised,grid_search,4.0,0.0,map50,0.7341
rtdetr-l,A_unfinetuned,baseline,0.0,0.0,map50,0.0002
rtdetr-l,A_unfinetuned,bo_exploration,4.0,0.16,map50,0.6458
rtdetr-l,A_unfinetuned,bo_exploitation,4.0,0.58,map50,0.6496
rtdetr-l,A_unfinetuned,grid_search,4.0,0.5,map50,0.6496
rtdetr-l,B_finetuned_unsupervised,baseline,0.0,0.0,map50,0.0006
rtdetr-l,B_finetuned_unsupervised,bo_exploration,4.0,0.62,map50,0.7619
rtdetr-l,B_finetuned_unsupervised,bo_exploitation,3.0,0.4,map50,0.7372
rtdetr-l,B_finetuned_unsupervised,grid_search,4.0,0.5,map50,0.7619
rtdetr-l,C_finetuned_supervised,bo_exploration,3.0,-0.12,map50,0.726
rtdetr-l,C_finetuned_supervised,bo_exploitation,3.0,0.49,map50,0.7372
rtdetr-l,C_finetuned_supervised,grid_search,4.0,0.0,map50,0.7695
yolo11n,A_unfinetuned,baseline,0.0,0.0,map50,0.0
yolo11n,A_unfinetuned,bo_exploration,4.0,0.45,map50,0.7425
yolo11n,A_unfinetuned,bo_exploitation,4.0,0.48,map50,0.7425
yolo11n,A_unfinetuned,grid_search,4.0,0.5,map50,0.7425
yolo11n,B_finetuned_unsupervised,baseline,0.0,0.0,map50,0.0002
yolo11n,B_finetuned_unsupervised,bo_exploration,4.0,0.62,map50,0.7639
yolo11n,B_finetuned_unsupervised,bo_exploitation,3.0,0.48,map50,0.7257
yolo11n,B_finetuned_unsupervised,grid_search,4.0,0.5,map50,0.7639
yolo11n,C_finetuned_supervised,bo_exploration,3.0,-0.12,map50,0.7334
yolo11n,C_finetuned_supervised,bo_exploitation,4.0,-0.12,map50,0.7962
yolo11n,C_finetuned_supervised,grid_search,4.0,0.0,map50,0.7962
yolo11m,A_unfinetuned,baseline,0.0,0.0,map50,0.0004
yolo11m,B_finetuned_unsupervised,baseline,0.0,0.0,map50,0.0005
yolo11m,B_finetuned_unsupervised,bo_exploration,3.0,0.62,map50,0.6945
yolo11m,B_finetuned_unsupervised,bo_exploitation,2.0,-0.01,map50,0.5861
yolo11m,B_finetuned_unsupervised,grid_search,4.0,0.5,map50,0.715
yolo11m,C_finetuned_supervised,bo_exploration,3.0,-0.12,map50,0.689
yolo11m,C_finetuned_supervised,bo_exploitation,3.0,0.59,map50,0.6945
yolo11m,C_finetuned_supervised,grid_search,4.0,0.0,map50,0.7345
rtdetr-l,A_unfinetuned,baseline,0.0,0.0,map50,0.0008
rtdetr-l,A_unfinetuned,bo_exploration,1.0,0.62,map50,0.0074
rtdetr-l,A_unfinetuned,bo_exploitation,3.0,0.62,map50,0.711
rtdetr-l,A_unfinetuned,grid_search,4.0,0.5,map50,0.7353
rtdetr-l,B_finetuned_unsupervised,baseline,0.0,0.0,map50,0.0011
rtdetr-l,B_finetuned_unsupervised,bo_exploration,4.0,0.59,map50,0.6815
rtdetr-l,B_finetuned_unsupervised,bo_exploitation,2.0,0.03,map50,0.4962
rtdetr-l,B_finetuned_unsupervised,grid_search,4.0,0.5,map50,0.6815
rtdetr-l,C_finetuned_supervised,bo_exploration,4.0,-0.12,map50,0.685
rtdetr-l,C_finetuned_supervised,bo_exploitation,3.0,-0.07,map50,0.636
rtdetr-l,C_finetuned_supervised,grid_search,4.0,0.0,map50,0.685
yolo11n,A_unfinetuned,baseline,0.0,0.0,map50,0.0028
yolo11n,A_unfinetuned,bo_exploration,4.0,0.15,map50,0.7186
yolo11n,A_unfinetuned,bo_exploitation,4.0,0.55,map50,0.7111
yolo11n,A_unfinetuned,grid_search,4.0,0.5,map50,0.7111
yolo11n,B_finetuned_unsupervised,baseline,0.0,0.0,map50,0.0
yolo11n,B_finetuned_unsupervised,bo_exploration,4.0,0.62,map50,0.7936
yolo11n,B_finetuned_unsupervised,bo_exploitation,4.0,0.59,map50,0.7936
yolo11n,B_finetuned_unsupervised,grid_search,4.0,0.5,map50,0.7936
yolo11n,C_finetuned_supervised,bo_exploration,3.0,0.19,map50,0.7556
yolo11n,C_finetuned_supervised,bo_exploitation,4.0,-0.12,map50,0.818
yolo11n,C_finetuned_supervised,grid_search,4.0,0.0,map50,0.818
yolo11m,A_unfinetuned,baseline,0.0,0.0,map50,0.0003
yolo11m,A_unfinetuned,bo_exploration,3.0,0.35,map50,0.6497
yolo11m,A_unfinetuned,bo_exploitation,3.0,0.21,map50,0.6497
yolo11m,A_unfinetuned,grid_search,4.0,0.5,map50,0.6715
yolo11m,B_finetuned_unsupervised,baseline,0.0,0.0,map50,0.0005
rtdetr-l,A_unfinetuned,baseline,0.0,0.0,map50,0.0008
rtdetr-l,B_finetuned_unsupervised,baseline,0.0,0.0,map50,0.0025
rtdetr-l,A_unfinetuned,baseline,0.0,0.0,map50,0.0015
rtdetr-l,A_unfinetuned,bo_exploration,2.0,0.35,map50,0.431
rtdetr-l,A_unfinetuned,bo_exploitation,2.0,-0.03,map50,0.4282
rtdetr-l,A_unfinetuned,grid_search,4.0,0.5,map50,0.5966
rtdetr-l,B_finetuned_unsupervised,baseline,0.0,0.0,map50,0.0002
rtdetr-l,B_finetuned_unsupervised,bo_exploration,2.0,0.48,map50,0.5464
rtdetr-l,B_finetuned_unsupervised,bo_exploitation,4.0,0.47,map50,0.7655
rtdetr-l,B_finetuned_unsupervised,grid_search,4.0,0.5,map50,0.7655
rtdetr-l,C_finetuned_supervised,bo_exploration,4.0,-0.11,map50,0.7792
rtdetr-l,C_finetuned_supervised,bo_exploitation,4.0,0.11,map50,0.7792
rtdetr-l,C_finetuned_supervised,grid_search,4.0,0.0,map50,0.7792
rtdetr-l,A_unfinetuned,baseline,0.0,0.0,map50,0.0015
rtdetr-l,A_unfinetuned,bo_exploration,4.0,0.62,map50,0.6354
rtdetr-l,A_unfinetuned,bo_exploitation,3.0,0.0,map50,0.5977
rtdetr-l,A_unfinetuned,grid_search,4.0,0.5,map50,0.6354
rtdetr-l,B_finetuned_unsupervised,baseline,0.0,0.0,map50,0.0005
rtdetr-l,B_finetuned_unsupervised,bo_exploration,3.0,0.62,map50,0.5722
rtdetr-l,B_finetuned_unsupervised,bo_exploitation,4.0,0.43,map50,0.62
rtdetr-l,B_finetuned_unsupervised,grid_search,4.0,0.5,map50,0.62
rtdetr-l,C_finetuned_supervised,bo_exploration,4.0,-0.12,map50,0.6329
rtdetr-l,C_finetuned_supervised,bo_exploitation,3.0,0.5,map50,0.5722
rtdetr-l,C_finetuned_supervised,grid_search,4.0,0.0,map50,0.6329
yolo11n,A_unfinetuned,baseline,0.0,0.0,map50,0.0
yolo11n,A_unfinetuned,bo_exploration,4.0,0.62,map50,0.7427
yolo11n,A_unfinetuned,bo_exploitation,2.0,0.23,map50,0.521
yolo11n,A_unfinetuned,grid_search,4.0,0.5,map50,0.7427
yolo11n,B_finetuned_unsupervised,baseline,0.0,0.0,map50,0.0
yolo11n,B_finetuned_unsupervised,bo_exploration,2.0,0.58,map50,0.6052
yolo11n,B_finetuned_unsupervised,bo_exploitation,2.0,0.13,map50,0.6037
yolo11n,B_finetuned_unsupervised,grid_search,4.0,0.5,map50,0.793
yolo11m,A_unfinetuned,baseline,0.0,0.0,map50,0.0
yolo11m,A_unfinetuned,bo_exploration,4.0,-0.12,map50,0.7179
yolo11m,A_unfinetuned,bo_exploitation,4.0,0.45,map50,0.6967
yolo11m,A_unfinetuned,grid_search,4.0,0.5,map50,0.6967
yolo11m,B_finetuned_unsupervised,baseline,0.0,0.0,map50,0.0005
yolo11m,B_finetuned_unsupervised,bo_exploration,4.0,0.62,map50,0.7146
yolo11m,B_finetuned_unsupervised,bo_exploitation,1.0,0.33,map50,0.0253
yolo11m,B_finetuned_unsupervised,grid_search,4.0,0.5,map50,0.7146
yolo11m,C_finetuned_supervised,bo_exploration,4.0,-0.12,map50,0.7338
yolo11m,C_finetuned_supervised,bo_exploitation,4.0,0.0,map50,0.7338
yolo11m,C_finetuned_supervised,grid_search,4.0,0.0,map50,0.7338
yolo11n,A_unfinetuned,baseline,0.0,0.0,map50,0.0
yolo11n,A_unfinetuned,bo_exploration,3.0,0.2,map50,0.7359
yolo11n,A_unfinetuned,bo_exploitation,4.0,0.4,map50,0.7615
yolo11n,A_unfinetuned,grid_search,4.0,0.5,map50,0.7615
yolo11n,B_finetuned_unsupervised,baseline,0.0,0.0,map50,0.0003
yolo11n,B_finetuned_unsupervised,bo_exploration,4.0,0.5,map50,0.7639
yolo11n,B_finetuned_unsupervised,bo_exploitation,4.0,0.48,map50,0.7639
yolo11n,B_finetuned_unsupervised,grid_search,4.0,0.5,map50,0.7639
yolo11n,C_finetuned_supervised,bo_exploration,3.0,-0.12,map50,0.7385
yolo11n,C_finetuned_supervised,bo_exploitation,4.0,0.26,map50,0.7751
yolo11n,C_finetuned_supervised,grid_search,4.0,0.0,map50,0.7935
yolo11m,A_unfinetuned,baseline,0.0,0.0,map50,0.0005
yolo11m,A_unfinetuned,bo_exploration,4.0,0.62,map50,0.62
yolo11m,A_unfinetuned,bo_exploitation,3.0,0.62,map50,0.5806
yolo11m,A_unfinetuned,grid_search,4.0,0.5,map50,0.62
yolo11m,B_finetuned_unsupervised,baseline,0.0,0.0,map50,0.0005
yolo11m,B_finetuned_unsupervised,bo_exploration,3.0,0.42,map50,0.6944
yolo11m,B_finetuned_unsupervised,bo_exploitation,2.0,0.48,map50,0.5773
yolo11m,B_finetuned_unsupervised,grid_search,4.0,0.5,map50,0.7151
yolo11m,C_finetuned_supervised,bo_exploration,3.0,-0.12,map50,0.6889
yolo11m,C_finetuned_supervised,bo_exploitation,1.0,0.52,map50,0.0252
yolo11m,C_finetuned_supervised,grid_search,4.0,0.0,map50,0.7345
yolo11n,A_unfinetuned,baseline,0.0,0.0,map50,0.0
yolo11n,A_unfinetuned,bo_exploration,4.0,0.55,map50,0.7417
yolo11n,A_unfinetuned,bo_exploitation,3.0,0.47,map50,0.6966
yolo11n,A_unfinetuned,grid_search,4.0,0.5,map50,0.7417
yolo11n,B_finetuned_unsupervised,baseline,0.0,0.0,map50,0.0
yolo11n,B_finetuned_unsupervised,bo_exploration,4.0,0.62,map50,0.7934
yolo11n,B_finetuned_unsupervised,bo_exploitation,3.0,0.62,map50,0.7522
yolo11n,B_finetuned_unsupervised,grid_search,4.0,0.5,map50,0.7934
yolo11n,C_finetuned_supervised,bo_exploration,4.0,-0.12,map50,0.8176
yolo11n,C_finetuned_supervised,bo_exploitation,3.0,0.51,map50,0.7522
yolo11n,C_finetuned_supervised,grid_search,4.0,0.0,map50,0.8176
yolo11m,A_unfinetuned,baseline,0.0,0.0,map50,0.002
yolo11m,A_unfinetuned,bo_exploration,4.0,0.62,map50,0.6174
yolo11m,A_unfinetuned,bo_exploitation,3.0,0.45,map50,0.5969
yolo11m,A_unfinetuned,grid_search,4.0,0.5,map50,0.6174
yolo11m,B_finetuned_unsupervised,baseline,0.0,0.0,map50,0.0005
yolo11m,B_finetuned_unsupervised,bo_exploration,3.0,0.39,map50,0.6947
yolo11m,B_finetuned_unsupervised,bo_exploitation,4.0,0.51,map50,0.7153
yolo11m,B_finetuned_unsupervised,grid_search,4.0,0.5,map50,0.7153
yolo11m,C_finetuned_supervised,bo_exploration,4.0,-0.06,map50,0.7345
yolo11m,C_finetuned_supervised,bo_exploitation,4.0,0.5,map50,0.7153
yolo11m,C_finetuned_supervised,grid_search,4.0,0.0,map50,0.7345
rtdetr-l,A_unfinetuned,baseline,0.0,0.0,map50,0.0016
rtdetr-l,A_unfinetuned,bo_exploration,3.0,0.27,map50,0.6294
rtdetr-l,A_unfinetuned,bo_exploitation,4.0,0.48,map50,0.6567
rtdetr-l,A_unfinetuned,grid_search,4.0,0.5,map50,0.6567
rtdetr-l,B_finetuned_unsupervised,baseline,0.0,0.0,map50,0.0034
rtdetr-l,B_finetuned_unsupervised,bo_exploration,3.0,-0.12,map50,0.551
rtdetr-l,B_finetuned_unsupervised,bo_exploitation,2.0,-0.08,map50,0.3799
rtdetr-l,B_finetuned_unsupervised,grid_search,4.0,0.5,map50,0.5975
rtdetr-l,C_finetuned_supervised,bo_exploration,4.0,0.62,map50,0.5975
rtdetr-l,C_finetuned_supervised,bo_exploitation,4.0,-0.09,map50,0.603
rtdetr-l,C_finetuned_supervised,grid_search,4.0,0.5,map50,0.5975
yolo11n,A_unfinetuned,baseline,0.0,0.0,map50,0.0004
yolo11n,B_finetuned_unsupervised,baseline,0.0,0.0,map50,0.0
yolo11n,B_finetuned_unsupervised,bo_exploration,3.0,0.62,map50,0.7523
yolo11n,B_finetuned_unsupervised,bo_exploitation,3.0,0.2,map50,0.7555
yolo11n,B_finetuned_unsupervised,grid_search,4.0,0.5,map50,0.7941
yolo11n,C_finetuned_supervised,bo_exploration,1.0,0.31,map50,0.0462
yolo11n,C_finetuned_supervised,bo_exploitation,3.0,-0.02,map50,0.7479
yolo11n,C_finetuned_supervised,grid_search,4.0,0.0,map50,0.8177
yolo11m,A_unfinetuned,baseline,0.0,0.0,map50,0.0005
yolo11m,A_unfinetuned,bo_exploration,4.0,0.61,map50,0.6875
yolo11m,A_unfinetuned,bo_exploitation,1.0,0.62,map50,0.0257
yolo11m,A_unfinetuned,grid_search,4.0,0.5,map50,0.6875
yolo11m,B_finetuned_unsupervised,baseline,0.0,0.0,map50,0.0005
yolo11m,B_finetuned_unsupervised,bo_exploration,3.0,0.39,map50,0.6947
yolo11m,B_finetuned_unsupervised,bo_exploitation,2.0,0.48,map50,0.5774
yolo11m,B_finetuned_unsupervised,grid_search,4.0,0.5,map50,0.7154
yolo11m,C_finetuned_supervised,bo_exploration,2.0,0.36,map50,0.5789
yolo11m,C_finetuned_supervised,bo_exploitation,2.0,-0.03,map50,0.586
yolo11m,C_finetuned_supervised,grid_search,4.0,0.0,map50,0.7344
rtdetr-l,A_unfinetuned,baseline,0.0,0.0,map50,0.0021
rtdetr-l,A_unfinetuned,bo_exploration,4.0,-0.08,map50,0.6505
rtdetr-l,A_unfinetuned,bo_exploitation,3.0,0.57,map50,0.6164
rtdetr-l,A_unfinetuned,grid_search,4.0,0.5,map50,0.6403
rtdetr-l,B_finetuned_unsupervised,baseline,0.0,0.0,map50,0.0063
rtdetr-l,B_finetuned_unsupervised,bo_exploration,4.0,0.03,map50,0.5927
rtdetr-l,B_finetuned_unsupervised,bo_exploitation,1.0,0.39,map50,0.0179
rtdetr-l,B_finetuned_unsupervised,grid_search,4.0,0.5,map50,0.5935
rtdetr-l,C_finetuned_supervised,bo_exploration,3.0,-0.12,map50,0.5571
rtdetr-l,C_finetuned_supervised,bo_exploitation,3.0,0.39,map50,0.5737
rtdetr-l,C_finetuned_supervised,grid_search,4.0,0.0,map50,0.5927
yolo11n,A_unfinetuned,baseline,0.0,0.0,map50,0.0
yolo11n,A_unfinetuned,bo_exploration,2.0,0.09,map50,0.5277
yolo11n,A_unfinetuned,bo_exploitation,4.0,0.62,map50,0.7665
yolo11n,A_unfinetuned,grid_search,4.0,0.5,map50,0.7665
yolo11n,B_finetuned_unsupervised,baseline,0.0,0.0,map50,0.0
yolo11n,B_finetuned_unsupervised,bo_exploration,4.0,0.62,map50,0.7938
yolo11n,B_finetuned_unsupervised,bo_exploitation,4.0,0.51,map50,0.7938
yolo11n,B_finetuned_unsupervised,grid_search,4.0,0.5,map50,0.7938
yolo11m,A_unfinetuned,baseline,0.0,0.0,map50,0.0006
yolo11m,A_unfinetuned,bo_exploration,3.0,0.56,map50,0.5764
yolo11m,B_finetuned_unsupervised,baseline,0.0,0.0,map50,0.0005
yolo11m,B_finetuned_unsupervised,bo_exploration,1.0,-0.06,map50,0.0253
yolo11m,B_finetuned_unsupervised,bo_exploitation,2.0,0.15,map50,0.5793
yolo11m,B_finetuned_unsupervised,grid_search,4.0,0.5,map50,0.7158
yolo11m,C_finetuned_supervised,bo_exploration,4.0,0.1,map50,0.7349
yolo11m,C_finetuned_supervised,bo_exploitation,4.0,0.31,map50,0.7196
yolo11m,C_finetuned_supervised,grid_search,4.0,0.0,map50,0.7349
rtdetr-l,A_unfinetuned,baseline,0.0,0.0,map50,0.0009
rtdetr-l,A_unfinetuned,bo_exploration,3.0,-0.06,map50,0.5583
rtdetr-l,A_unfinetuned,bo_exploitation,4.0,0.47,map50,0.5957
rtdetr-l,A_unfinetuned,grid_search,4.0,0.5,map50,0.5957
rtdetr-l,B_finetuned_unsupervised,baseline,0.0,0.0,map50,0.0002
rtdetr-l,B_finetuned_unsupervised,bo_exploration,4.0,0.62,map50,0.7707
rtdetr-l,B_finetuned_unsupervised,bo_exploitation,3.0,-0.08,map50,0.7276
rtdetr-l,B_finetuned_unsupervised,grid_search,4.0,0.5,map50,0.7707
rtdetr-l,C_finetuned_supervised,bo_exploration,4.0,0.1,map50,0.7713
rtdetr-l,C_finetuned_supervised,bo_exploitation,4.0,-0.08,map50,0.7713
rtdetr-l,C_finetuned_supervised,grid_search,4.0,0.0,map50,0.7713
yolo11n,A_unfinetuned,baseline,0.0,0.0,map50,0.0
yolo11n,A_unfinetuned,bo_exploration,4.0,0.38,map50,0.787
yolo11n,A_unfinetuned,bo_exploitation,2.0,0.62,map50,0.5668
yolo11n,A_unfinetuned,grid_search,4.0,0.5,map50,0.787
yolo11n,B_finetuned_unsupervised,baseline,0.0,0.0,map50,0.0
yolo11m,A_unfinetuned,baseline,0.0,0.0,map50,0.0
yolo11m,A_unfinetuned,bo_exploration,2.0,0.29,map50,0.5984
yolo11m,A_unfinetuned,bo_exploitation,1.0,0.06,map50,0.0217
yolo11m,A_unfinetuned,grid_search,4.0,0.5,map50,0.7248
yolo11m,B_finetuned_unsupervised,baseline,0.0,0.0,map50,0.0005
yolo11m,B_finetuned_unsupervised,bo_exploration,2.0,0.01,map50,0.586
yolo11m,B_finetuned_unsupervised,bo_exploitation,4.0,0.6,map50,0.7155
yolo11m,B_finetuned_unsupervised,grid_search,4.0,0.5,map50,0.7155
rtdetr-l,A_unfinetuned,baseline,0.0,0.0,map50,0.0002
rtdetr-l,A_unfinetuned,bo_exploration,3.0,0.06,map50,0.6151
rtdetr-l,A_unfinetuned,bo_exploitation,2.0,0.46,map50,0.4569
rtdetr-l,A_unfinetuned,grid_search,4.0,0.5,map50,0.6567
rtdetr-l,B_finetuned_unsupervised,baseline,0.0,0.0,map50,0.0005
rtdetr-l,B_finetuned_unsupervised,bo_exploration,1.0,0.44,map50,0.0042
rtdetr-l,B_finetuned_unsupervised,bo_exploitation,2.0,0.18,map50,0.4467
rtdetr-l,B_finetuned_unsupervised,grid_search,4.0,0.5,map50,0.6306
rtdetr-l,C_finetuned_supervised,bo_exploration,4.0,0.2,map50,0.6266
rtdetr-l,C_finetuned_supervised,bo_exploitation,4.0,0.34,map50,0.6266
rtdetr-l,C_finetuned_supervised,grid_search,4.0,0.25,map50,0.6266
rtdetr-l,A_unfinetuned,baseline,0.0,0.0,map50,0.0009
rtdetr-l,A_unfinetuned,bo_exploration,1.0,0.62,map50,0.007
rtdetr-l,A_unfinetuned,bo_exploitation,4.0,0.47,map50,0.6253
rtdetr-l,A_unfinetuned,grid_search,4.0,0.5,map50,0.6253
rtdetr-l,B_finetuned_unsupervised,baseline,0.0,0.0,map50,0.0037
rtdetr-l,B_finetuned_unsupervised,bo_exploration,4.0,-0.12,map50,0.6102
rtdetr-l,B_finetuned_unsupervised,bo_exploitation,1.0,0.14,map50,0.0149
rtdetr-l,B_finetuned_unsupervised,grid_search,4.0,0.5,map50,0.6018
rtdetr-l,C_finetuned_supervised,bo_exploration,4.0,-0.03,map50,0.6102
rtdetr-l,C_finetuned_supervised,bo_exploitation,3.0,0.34,map50,0.5701
rtdetr-l,C_finetuned_supervised,grid_search,4.0,0.0,map50,0.6102
rtdetr-l,A_unfinetuned,baseline,0.0,0.0,map50,0.0002
rtdetr-l,A_unfinetuned,bo_exploration,4.0,0.62,map50,0.7687
rtdetr-l,A_unfinetuned,bo_exploitation,3.0,-0.02,map50,0.7315
rtdetr-l,A_unfinetuned,grid_search,4.0,0.5,map50,0.7687
rtdetr-l,B_finetuned_unsupervised,baseline,0.0,0.0,map50,0.0002
rtdetr-l,B_finetuned_unsupervised,bo_exploration,4.0,0.62,map50,0.6559
rtdetr-l,B_finetuned_unsupervised,bo_exploitation,3.0,0.45,map50,0.6255
rtdetr-l,B_finetuned_unsupervised,grid_search,4.0,0.5,map50,0.6559
rtdetr-l,C_finetuned_supervised,bo_exploration,3.0,-0.12,map50,0.6145
yolo11n,A_unfinetuned,baseline,0.0,0.0,map50,0.0
yolo11n,A_unfinetuned,bo_exploration,4.0,0.62,map50,0.7538
yolo11n,A_unfinetuned,bo_exploitation,2.0,0.51,map50,0.5304
yolo11n,A_unfinetuned,grid_search,4.0,0.5,map50,0.7538
yolo11n,B_finetuned_unsupervised,baseline,0.0,0.0,map50,0.0
yolo11n,B_finetuned_unsupervised,bo_exploration,3.0,0.62,map50,0.7523
yolo11n,B_finetuned_unsupervised,bo_exploitation,1.0,0.62,map50,0.047
yolo11n,B_finetuned_unsupervised,grid_search,4.0,0.5,map50,0.7934
yolo11n,C_finetuned_supervised,bo_exploration,4.0,-0.12,map50,0.8174
yolo11n,C_finetuned_supervised,bo_exploitation,3.0,0.07,map50,0.7482
yolo11n,C_finetuned_supervised,grid_search,4.0,0.0,map50,0.8174
yolo11m,A_unfinetuned,baseline,0.0,0.0,map50,0.0005
yolo11m,A_unfinetuned,bo_exploration,4.0,0.62,map50,0.7031
yolo11m,A_unfinetuned,bo_exploitation,2.0,-0.03,map50,0.577
yolo11m,A_unfinetuned,grid_search,4.0,0.5,map50,0.7031
yolo11m,B_finetuned_unsupervised,baseline,0.0,0.0,map50,0.0005
yolo11m,B_finetuned_unsupervised,bo_exploration,3.0,0.03,map50,0.6896
yolo11m,B_finetuned_unsupervised,bo_exploitation,3.0,0.62,map50,0.6952
yolo11m,B_finetuned_unsupervised,grid_search,4.0,0.5,map50,0.7158
yolo11m,C_finetuned_supervised,bo_exploration,3.0,-0.08,map50,0.6896
yolo11m,C_finetuned_supervised,bo_exploitation,4.0,-0.12,map50,0.735
yolo11m,C_finetuned_supervised,grid_search,4.0,0.0,map50,0.735
yolo11n,A_unfinetuned,baseline,0.0,0.0,map50,0.0006
yolo11n,A_unfinetuned,bo_exploration,4.0,0.62,map50,0.7052
yolo11n,A_unfinetuned,bo_exploitation,2.0,0.62,map50,0.5019
yolo11n,A_unfinetuned,grid_search,4.0,0.5,map50,0.7052
yolo11n,B_finetuned_unsupervised,baseline,0.0,0.0,map50,0.0002
yolo11n,B_finetuned_unsupervised,bo_exploration,2.0,0.17,map50,0.5714
yolo11n,B_finetuned_unsupervised,bo_exploitation,1.0,-0.06,map50,0.0269
yolo11n,B_finetuned_unsupervised,grid_search,4.0,0.5,map50,0.7639
yolo11n,C_finetuned_supervised,bo_exploration,4.0,-0.11,map50,0.7962
yolo11n,C_finetuned_supervised,bo_exploitation,3.0,0.15,map50,0.7352
yolo11n,C_finetuned_supervised,grid_search,4.0,0.0,map50,0.7962
yolo11m,A_unfinetuned,baseline,0.0,0.0,map50,0.0009
yolo11m,A_unfinetuned,bo_exploration,3.0,0.43,map50,0.6618
yolo11m,A_unfinetuned,bo_exploitation,3.0,0.42,map50,0.6618
yolo11m,A_unfinetuned,grid_search,4.0,0.5,map50,0.6651
yolo11m,B_finetuned_unsupervised,baseline,0.0,0.0,map50,0.0005
yolo11m,B_finetuned_unsupervised,bo_exploration,2.0,0.52,map50,0.5775
yolo11m,B_finetuned_unsupervised,bo_exploitation,2.0,0.23,map50,0.5792
yolo11m,B_finetuned_unsupervised,grid_search,4.0,0.5,map50,0.715
yolo11n,A_unfinetuned,baseline,0.0,0.0,map50,0.0005
yolo11n,A_unfinetuned,bo_exploration,2.0,0.61,map50,0.5293
yolo11n,A_unfinetuned,bo_exploitation,1.0,-0.01,map50,0.0236
yolo11n,A_unfinetuned,grid_search,4.0,0.5,map50,0.7235
yolo11n,B_finetuned_unsupervised,baseline,0.0,0.0,map50,0.0
yolo11n,B_finetuned_unsupervised,bo_exploration,3.0,0.62,map50,0.7523
yolo11n,B_finetuned_unsupervised,bo_exploitation,3.0,0.56,map50,0.7523
yolo11n,B_finetuned_unsupervised,grid_search,4.0,0.5,map50,0.7937
yolo11n,C_finetuned_supervised,bo_exploration,3.0,0.23,map50,0.7554
yolo11n,C_finetuned_supervised,bo_exploitation,3.0,-0.12,map50,0.7479
yolo11n,C_finetuned_supervised,grid_search,4.0,0.0,map50,0.8175
yolo11m,A_unfinetuned,baseline,0.0,0.0,map50,0.0004
yolo11m,A_unfinetuned,bo_exploration,4.0,0.54,map50,0.7345
yolo11m,A_unfinetuned,bo_exploitation,3.0,0.4,map50,0.7076
yolo11m,A_unfinetuned,grid_search,4.0,0.5,map50,0.7345
yolo11m,B_finetuned_unsupervised,baseline,0.0,0.0,map50,0.0005
yolo11m,B_finetuned_unsupervised,bo_exploration,3.0,0.43,map50,0.6952
yolo11m,B_finetuned_unsupervised,bo_exploitation,2.0,-0.1,map50,0.5869
yolo11m,B_finetuned_unsupervised,grid_search,4.0,0.5,map50,0.7157
yolo11m,C_finetuned_supervised,bo_exploration,4.0,-0.12,map50,0.7349
yolo11m,C_finetuned_supervised,bo_exploitation,2.0,0.55,map50,0.5782
yolo11m,C_finetuned_supervised,grid_search,4.0,0.0,map50,0.7349
rtdetr-l,A_unfinetuned,baseline,0.0,0.0,map50,0.0001
rtdetr-l,A_unfinetuned,bo_exploration,3.0,0.62,map50,0.5923
rtdetr-l,A_unfinetuned,bo_exploitation,3.0,0.3,map50,0.5901
rtdetr-l,A_unfinetuned,grid_search,4.0,0.5,map50,0.62
rtdetr-l,B_finetuned_unsupervised,baseline,0.0,0.0,map50,0.0007
rtdetr-l,B_finetuned_unsupervised,bo_exploration,2.0,0.52,map50,0.4824
rtdetr-l,B_finetuned_unsupervised,bo_exploitation,4.0,0.62,map50,0.6591
rtdetr-l,B_finetuned_unsupervised,grid_search,4.0,0.5,map50,0.6591
rtdetr-l,C_finetuned_supervised,bo_exploration,3.0,0.24,map50,0.6286
rtdetr-l,C_finetuned_supervised,bo_exploitation,2.0,-0.12,map50,0.4854
rtdetr-l,C_finetuned_supervised,grid_search,4.0,0.0,map50,0.6689
yolo11n,A_unfinetuned,baseline,0.0,0.0,map50,0.0
yolo11n,A_unfinetuned,bo_exploration,4.0,0.62,map50,0.7521
yolo11n,A_unfinetuned,bo_exploitation,4.0,0.47,map50,0.7521
yolo11n,A_unfinetuned,grid_search,4.0,0.5,map50,0.7521
yolo11n,B_finetuned_unsupervised,baseline,0.0,0.0,map50,0.0
yolo11n,B_finetuned_unsupervised,bo_exploration,4.0,0.62,map50,0.7937
yolo11n,B_finetuned_unsupervised,bo_exploitation,3.0,0.44,map50,0.7523
yolo11n,B_finetuned_unsupervised,grid_search,4.0,0.5,map50,0.7937
yolo11n,C_finetuned_supervised,bo_exploration,4.0,0.09,map50,0.8177
yolo11n,C_finetuned_supervised,bo_exploitation,4.0,-0.08,map50,0.8177
yolo11n,C_finetuned_supervised,grid_search,4.0,0.0,map50,0.8177
yolo11m,A_unfinetuned,baseline,0.0,0.0,map50,0.0006
yolo11m,A_unfinetuned,bo_exploration,3.0,0.59,map50,0.5623
yolo11m,A_unfinetuned,bo_exploitation,4.0,0.47,map50,0.5831
yolo11m,A_unfinetuned,grid_search,4.0,0.5,map50,0.5831
yolo11m,B_finetuned_unsupervised,baseline,0.0,0.0,map50,0.0005
yolo11m,B_finetuned_unsupervised,bo_exploration,3.0,0.62,map50,0.6953
yolo11m,B_finetuned_unsupervised,bo_exploitation,4.0,0.27,map50,0.7198
yolo11m,B_finetuned_unsupervised,grid_search,4.0,0.5,map50,0.7159
yolo11m,C_finetuned_supervised,bo_exploration,4.0,0.05,map50,0.7351
yolo11m,C_finetuned_supervised,bo_exploitation,2.0,0.26,map50,0.5797
yolo11m,C_finetuned_supervised,grid_search,4.0,0.0,map50,0.7351
rtdetr-l,A_unfinetuned,baseline,0.0,0.0,map50,0.0005
rtdetr-l,A_unfinetuned,bo_exploration,3.0,0.62,map50,0.6569
rtdetr-l,A_unfinetuned,bo_exploitation,2.0,0.39,map50,0.4925
rtdetr-l,A_unfinetuned,grid_search,4.0,0.5,map50,0.6787
rtdetr-l,B_finetuned_unsupervised,baseline,0.0,0.0,map50,0.0049
rtdetr-l,B_finetuned_unsupervised,bo_exploration,4.0,0.62,map50,0.6418
rtdetr-l,B_finetuned_unsupervised,bo_exploitation,3.0,-0.11,map50,0.6005
rtdetr-l,B_finetuned_unsupervised,grid_search,4.0,0.5,map50,0.6418
rtdetr-l,C_finetuned_supervised,bo_exploration,4.0,0.05,map50,0.6467
rtdetr-l,C_finetuned_supervised,bo_exploitation,2.0,-0.12,map50,0.4805
rtdetr-l,C_finetuned_supervised,grid_search,4.0,0.5,map50,0.6418
yolo11n,A_unfinetuned,baseline,0.0,0.0,map50,0.0
yolo11n,A_unfinetuned,bo_exploration,3.0,0.62,map50,0.7386
yolo11n,A_unfinetuned,bo_exploitation,2.0,0.4,map50,0.5708
yolo11n,A_unfinetuned,grid_search,4.0,0.5,map50,0.7635
yolo11n,B_finetuned_unsupervised,baseline,0.0,0.0,map50,0.0
yolo11n,B_finetuned_unsupervised,bo_exploration,3.0,0.6,map50,0.7531
yolo11n,B_finetuned_unsupervised,bo_exploitation,3.0,0.26,map50,0.7559
yolo11n,B_finetuned_unsupervised,grid_search,4.0,0.5,map50,0.7942
yolo11n,C_finetuned_supervised,bo_exploration,3.0,0.1,map50,0.7485
yolo11n,C_finetuned_supervised,bo_exploitation,4.0,0.07,map50,0.8181
yolo11n,C_finetuned_supervised,grid_search,4.0,0.0,map50,0.8181
yolo11m,A_unfinetuned,baseline,0.0,0.0,map50,0.0001
yolo11m,A_unfinetuned,bo_exploration,3.0,0.4,map50,0.6371
yolo11m,A_unfinetuned,bo_exploitation,4.0,0.23,map50,0.6581
yolo11m,A_unfinetuned,grid_search,4.0,0.5,map50,0.6572
yolo11m,B_finetuned_unsupervised,baseline,0.0,0.0,map50,0.0005
yolo11m,B_finetuned_unsupervised,bo_exploration,3.0,0.62,map50,0.6954
yolo11m,B_finetuned_unsupervised,bo_exploitation,4.0,0.47,map50,0.7162
yolo11m,B_finetuned_unsupervised,grid_search,4.0,0.5,map50,0.7162
yolo11m,C_finetuned_supervised,bo_exploration,3.0,0.04,map50,0.6897
yolo11m,C_finetuned_supervised,bo_exploitation,4.0,0.43,map50,0.7162
yolo11m,C_finetuned_supervised,grid_search,4.0,0.0,map50,0.7353
rtdetr-l,A_unfinetuned,baseline,0.0,0.0,map50,0.002
rtdetr-l,A_unfinetuned,bo_exploration,3.0,0.52,map50,0.5683
rtdetr-l,A_unfinetuned,bo_exploitation,3.0,0.55,map50,0.5683
rtdetr-l,A_unfinetuned,grid_search,4.0,0.5,map50,0.5885
rtdetr-l,B_finetuned_unsupervised,baseline,0.0,0.0,map50,0.0007
rtdetr-l,B_finetuned_unsupervised,bo_exploration,4.0,0.62,map50,0.7463
rtdetr-l,B_finetuned_unsupervised,bo_exploitation,3.0,0.22,map50,0.7195
rtdetr-l,B_finetuned_unsupervised,grid_search,4.0,0.5,map50,0.7463
rtdetr-l,C_finetuned_supervised,bo_exploration,3.0,0.41,map50,0.7236
rtdetr-l,C_finetuned_supervised,bo_exploitation,3.0,-0.12,map50,0.7154
rtdetr-l,C_finetuned_supervised,grid_search,4.0,0.0,map50,0.7553
yolo11n,A_unfinetuned,baseline,0.0,0.0,map50,0.0
yolo11n,A_unfinetuned,bo_exploration,3.0,0.62,map50,0.7515
yolo11n,A_unfinetuned,bo_exploitation,3.0,0.51,map50,0.7515
yolo11n,A_unfinetuned,grid_search,4.0,0.5,map50,0.7831
yolo11n,B_finetuned_unsupervised,baseline,0.0,0.0,map50,0.0002
yolo11n,B_finetuned_unsupervised,bo_exploration,4.0,0.62,map50,0.7633
yolo11n,B_finetuned_unsupervised,bo_exploitation,3.0,0.42,map50,0.7252
yolo11n,B_finetuned_unsupervised,grid_search,4.0,0.5,map50,0.7633
yolo11n,C_finetuned_supervised,bo_exploration,1.0,0.47,map50,0.0266
yolo11n,C_finetuned_supervised,bo_exploitation,4.0,0.06,map50,0.7954
yolo11n,C_finetuned_supervised,grid_search,4.0,0.0,map50,0.7954
yolo11m,A_unfinetuned,baseline,0.0,0.0,map50,0.0004
yolo11m,A_unfinetuned,bo_exploration,2.0,0.14,map50,0.5232
yolo11m,A_unfinetuned,bo_exploitation,1.0,0.44,map50,0.0177
yolo11m,A_unfinetuned,grid_search,4.0,0.5,map50,0.6675
yolo11m,B_finetuned_unsupervised,baseline,0.0,0.0,map50,0.0005
yolo11m,B_finetuned_unsupervised,bo_exploration,4.0,0.62,map50,0.7147
yolo11m,B_finetuned_unsupervised,bo_exploitation,4.0,-0.1,map50,0.734
yolo11m,B_finetuned_unsupervised,grid_search,4.0,0.5,map50,0.7147
yolo11m,C_finetuned_supervised,bo_exploration,4.0,-0.09,map50,0.734
yolo11m,C_finetuned_supervised,bo_exploitation,3.0,0.31,map50,0.6941
yolo11m,C_finetuned_supervised,grid_search,4.0,0.0,map50,0.734
rtdetr-l,A_unfinetuned,baseline,0.0,0.0,map50,0.0017
rtdetr-l,B_finetuned_unsupervised,baseline,0.0,0.0,map50,0.0016
rtdetr-l,B_finetuned_unsupervised,bo_exploration,3.0,0.48,map50,0.7039
rtdetr-l,B_finetuned_unsupervised,bo_exploitation,3.0,-0.12,map50,0.6854
rtdetr-l,B_finetuned_unsupervised,grid_search,4.0,0.5,map50,0.7316
rtdetr-l,C_finetuned_supervised,bo_exploration,4.0,-0.12,map50,0.7337
rtdetr-l,C_finetuned_supervised,bo_exploitation,3.0,-0.11,map50,0.6854
rtdetr-l,C_finetuned_supervised,grid_search,4.0,0.0,map50,0.7337
rtdetr-l,A_unfinetuned,baseline,0.0,0.0,map50,0.0007
rtdetr-l,A_unfinetuned,bo_exploration,3.0,0.44,map50,0.5999
rtdetr-l,A_unfinetuned,bo_exploitation,3.0,-0.12,map50,0.5925
rtdetr-l,A_unfinetuned,grid_search,4.0,0.5,map50,0.6349
rtdetr-l,B_finetuned_unsupervised,baseline,0.0,0.0,map50,0.0011
rtdetr-l,B_finetuned_unsupervised,bo_exploration,1.0,0.61,map50,0.0059
rtdetr-l,B_finetuned_unsupervised,bo_exploitation,3.0,-0.04,map50,0.5771
rtdetr-l,B_finetuned_unsupervised,grid_search,4.0,0.5,map50,0.6151
rtdetr-l,C_finetuned_supervised,bo_exploration,4.0,-0.12,map50,0.6172
rtdetr-l,C_finetuned_supervised,bo_exploitation,4.0,-0.11,map50,0.6172
rtdetr-l,C_finetuned_supervised,grid_search,4.0,0.5,map50,0.6151
rtdetr-l,A_unfinetuned,baseline,0.0,0.0,map50,0.0074
rtdetr-l,A_unfinetuned,bo_exploration,4.0,0.51,map50,0.6289
rtdetr-l,A_unfinetuned,bo_exploitation,3.0,0.45,map50,0.6092
rtdetr-l,A_unfinetuned,grid_search,4.0,0.5,map50,0.6289
rtdetr-l,B_finetuned_unsupervised,baseline,0.0,0.0,map50,0.0055
rtdetr-l,B_finetuned_unsupervised,bo_exploration,2.0,-0.08,map50,0.4914
rtdetr-l,B_finetuned_unsupervised,bo_exploitation,4.0,0.62,map50,0.6498
rtdetr-l,B_finetuned_unsupervised,grid_search,4.0,0.5,map50,0.6498
rtdetr-l,C_finetuned_supervised,bo_exploration,4.0,0.62,map50,0.6498
rtdetr-l,C_finetuned_supervised,bo_exploitation,4.0,-0.12,map50,0.6577
rtdetr-l,C_finetuned_supervised,grid_search,4.0,0.0,map50,0.6577
yolo11n,A_unfinetuned,baseline,0.0,0.0,map50,0.0
yolo11n,A_unfinetuned,bo_exploration,4.0,0.61,map50,0.7744
yolo11n,A_unfinetuned,bo_exploitation,3.0,0.18,map50,0.7362
yolo11n,A_unfinetuned,grid_search,4.0,0.5,map50,0.7744
yolo11n,B_finetuned_unsupervised,baseline,0.0,0.0,map50,0.0003
yolo11n,B_finetuned_unsupervised,bo_exploration,3.0,0.58,map50,0.7322
yolo11n,B_finetuned_unsupervised,bo_exploitation,2.0,0.62,map50,0.5486
yolo11n,B_finetuned_unsupervised,grid_search,4.0,0.5,map50,0.7643
yolo11n,C_finetuned_supervised,bo_exploration,3.0,0.44,map50,0.7322
yolo11n,C_finetuned_supervised,bo_exploitation,3.0,0.17,map50,0.7424
yolo11n,C_finetuned_supervised,grid_search,4.0,0.0,map50,0.7941
yolo11m,A_unfinetuned,baseline,0.0,0.0,map50,0.0006
yolo11m,A_unfinetuned,bo_exploration,4.0,0.62,map50,0.7631
yolo11m,A_unfinetuned,bo_exploitation,4.0,0.62,map50,0.7631
yolo11m,A_unfinetuned,grid_search,4.0,0.5,map50,0.7631
yolo11m,B_finetuned_unsupervised,baseline,0.0,0.0,map50,0.0005
yolo11m,B_finetuned_unsupervised,bo_exploration,3.0,0.62,map50,0.6949
yolo11m,B_finetuned_unsupervised,bo_exploitation,4.0,0.62,map50,0.7153
yolo11m,B_finetuned_unsupervised,grid_search,4.0,0.5,map50,0.7153
yolo11n,A_unfinetuned,baseline,0.0,0.0,map50,0.0003
yolo11n,A_unfinetuned,bo_exploration,4.0,0.36,map50,0.6828
yolo11n,A_unfinetuned,bo_exploitation,3.0,0.58,map50,0.6355
yolo11n,A_unfinetuned,grid_search,4.0,0.5,map50,0.6756
yolo11n,B_finetuned_unsupervised,baseline,0.0,0.0,map50,0.0008
yolo11m,A_unfinetuned,baseline,0.0,0.0,map50,0.0002
yolo11m,A_unfinetuned,bo_exploration,3.0,0.45,map50,0.613
yolo11m,A_unfinetuned,bo_exploitation,1.0,0.15,map50,0.0155
yolo11m,A_unfinetuned,grid_search,4.0,0.5,map50,0.6345
yolo11m,B_finetuned_unsupervised,baseline,0.0,0.0,map50,0.0004
yolo11m,B_finetuned_unsupervised,bo_exploration,3.0,0.22,map50,0.6956
yolo11m,B_finetuned_unsupervised,bo_exploitation,1.0,0.41,map50,0.0253
yolo11m,B_finetuned_unsupervised,grid_search,4.0,0.5,map50,0.7162
yolo11m,C_finetuned_supervised,bo_exploration,3.0,-0.12,map50,0.6902
yolo11m,C_finetuned_supervised,bo_exploitation,4.0,0.11,map50,0.7356
yolo11m,C_finetuned_supervised,grid_search,4.0,0.0,map50,0.7356
yolo11n,A_unfinetuned,baseline,0.0,0.0,map50,0.0
yolo11n,A_unfinetuned,bo_exploration,3.0,0.62,map50,0.7178
yolo11n,A_unfinetuned,bo_exploitation,3.0,0.62,map50,0.7178
yolo11n,A_unfinetuned,grid_search,4.0,0.5,map50,0.751
yolo11n,B_finetuned_unsupervised,baseline,0.0,0.0,map50,0.0
yolo11n,B_finetuned_unsupervised,bo_exploration,4.0,0.62,map50,0.794
yolo11n,B_finetuned_unsupervised,bo_exploitation,3.0,0.46,map50,0.7526
yolo11n,B_finetuned_unsupervised,grid_search,4.0,0.5,map50,0.794
yolo11n,C_finetuned_supervised,bo_exploration,4.0,-0.12,map50,0.8179
yolo11n,C_finetuned_supervised,bo_exploitation,4.0,-0.12,map50,0.8179
yolo11n,C_finetuned_supervised,grid_search,4.0,0.0,map50,0.8179
yolo11m,A_unfinetuned,baseline,0.0,0.0,map50,0.0
yolo11m,A_unfinetuned,bo_exploration,3.0,0.4,map50,0.7523
yolo11m,A_unfinetuned,bo_exploitation,3.0,0.41,map50,0.7523
yolo11m,A_unfinetuned,grid_search,4.0,0.5,map50,0.7709
yolo11m,B_finetuned_unsupervised,baseline,0.0,0.0,map50,0.0005
yolo11m,B_finetuned_unsupervised,bo_exploration,4.0,0.45,map50,0.7158
yolo11m,B_finetuned_unsupervised,bo_exploitation,4.0,0.33,map50,0.7197
yolo11m,B_finetuned_unsupervised,grid_search,4.0,0.5,map50,0.7158
yolo11m,C_finetuned_supervised,bo_exploration,4.0,-0.12,map50,0.7349
yolo11m,C_finetuned_supervised,bo_exploitation,3.0,0.0,map50,0.6895
yolo11m,C_finetuned_supervised,grid_search,4.0,0.0,map50,0.7349
rtdetr-l,A_unfinetuned,baseline,0.0,0.0,map50,0.0003
rtdetr-l,A_unfinetuned,bo_exploration,4.0,0.59,map50,0.659
rtdetr-l,A_unfinetuned,bo_exploitation,2.0,0.4,map50,0.4646
rtdetr-l,A_unfinetuned,grid_search,4.0,0.5,map50,0.659
rtdetr-l,B_finetuned_unsupervised,baseline,0.0,0.0,map50,0.0
rtdetr-l,B_finetuned_unsupervised,bo_exploration,3.0,0.62,map50,0.6538
rtdetr-l,B_finetuned_unsupervised,bo_exploitation,3.0,0.62,map50,0.6538
rtdetr-l,B_finetuned_unsupervised,grid_search,4.0,0.5,map50,0.6963
rtdetr-l,C_finetuned_supervised,bo_exploration,3.0,-0.12,map50,0.6418
rtdetr-l,C_finetuned_supervised,bo_exploitation,3.0,-0.09,map50,0.6418
rtdetr-l,C_finetuned_supervised,grid_search,4.0,0.0,map50,0.7005
yolo11n,A_unfinetuned,baseline,0.0,0.0,map50,0.0002
yolo11n,A_unfinetuned,bo_exploration,2.0,-0.11,map50,0.5855
yolo11n,A_unfinetuned,bo_exploitation,3.0,0.37,map50,0.7464
yolo11n,A_unfinetuned,grid_search,4.0,0.5,map50,0.7716
yolo11n,B_finetuned_unsupervised,baseline,0.0,0.0,map50,0.0
yolo11n,B_finetuned_unsupervised,bo_exploration,3.0,0.62,map50,0.7522
yolo11n,B_finetuned_unsupervised,bo_exploitation,3.0,0.2,map50,0.7557
yolo11n,B_finetuned_unsupervised,grid_search,4.0,0.5,map50,0.7937
yolo11n,C_finetuned_supervised,bo_exploration,4.0,-0.09,map50,0.8178
yolo11n,C_finetuned_supervised,bo_exploitation,3.0,-0.06,map50,0.748
yolo11n,C_finetuned_supervised,grid_search,4.0,0.0,map50,0.8178
yolo11m,A_unfinetuned,baseline,0.0,0.0,map50,0.0005
yolo11m,A_unfinetuned,bo_exploration,4.0,0.62,map50,0.7376
yolo11m,A_unfinetuned,bo_exploitation,3.0,0.25,map50,0.7321
yolo11m,A_unfinetuned,grid_search,4.0,0.5,map50,0.7376
yolo11m,B_finetuned_unsupervised,baseline,0.0,0.0,map50,0.0005
yolo11m,B_finetuned_unsupervised,bo_exploration,3.0,0.24,map50,0.6949
yolo11m,B_finetuned_unsupervised,bo_exploitation,3.0,0.4,map50,0.6952
yolo11m,B_finetuned_unsupervised,grid_search,4.0,0.5,map50,0.7156
yolo11m,C_finetuned_supervised,bo_exploration,3.0,0.37,map50,0.6949
yolo11m,C_finetuned_supervised,bo_exploitation,3.0,0.34,map50,0.6949
yolo11m,C_finetuned_supervised,grid_search,4.0,0.0,map50,0.7348
rtdetr-l,A_unfinetuned,baseline,0.0,0.0,map50,0.002
rtdetr-l,A_unfinetuned,bo_exploration,4.0,0.62,map50,0.6472
rtdetr-l,A_unfinetuned,bo_exploitation,3.0,-0.01,map50,0.6208
rtdetr-l,A_unfinetuned,grid_search,4.0,0.5,map50,0.6472
rtdetr-l,B_finetuned_unsupervised,baseline,0.0,0.0,map50,0.002
rtdetr-l,B_finetuned_unsupervised,bo_exploration,2.0,-0.08,map50,0.418
rtdetr-l,B_finetuned_unsupervised,bo_exploitation,4.0,0.62,map50,0.5989
rtdetr-l,B_finetuned_unsupervised,grid_search,4.0,0.5,map50,0.5989
rtdetr-l,C_finetuned_supervised,bo_exploration,4.0,-0.12,map50,0.6051
rtdetr-l,C_finetuned_supervised,bo_exploitation,4.0,0.04,map50,0.6051
rtdetr-l,C_finetuned_supervised,grid_search,4.0,0.0,map50,0.6051
yolo11n,A_unfinetuned,baseline,0.0,0.0,map50,0.0001
yolo11n,A_unfinetuned,bo_exploration,4.0,0.62,map50,0.7302
yolo11n,A_unfinetuned,bo_exploitation,4.0,0.62,map50,0.7302
yolo11n,A_unfinetuned,grid_search,4.0,0.5,map50,0.7302
yolo11n,B_finetuned_unsupervised,baseline,0.0,0.0,map50,0.0
yolo11n,B_finetuned_unsupervised,bo_exploration,4.0,0.58,map50,0.7933
yolo11n,B_finetuned_unsupervised,bo_exploitation,4.0,0.03,map50,0.8175
yolo11n,B_finetuned_unsupervised,grid_search,4.0,0.5,map50,0.7933
yolo11n,C_finetuned_supervised,bo_exploration,3.0,0.22,map50,0.755
yolo11n,C_finetuned_supervised,bo_exploitation,4.0,0.05,map50,0.8175
yolo11n,C_finetuned_supervised,grid_search,4.0,0.0,map50,0.8175
yolo11m,A_unfinetuned,baseline,0.0,0.0,map50,0.0
yolo11m,B_finetuned_unsupervised,baseline,0.0,0.0,map50,0.0005
yolo11m,B_finetuned_unsupervised,bo_exploration,3.0,0.62,map50,0.6949
yolo11m,B_finetuned_unsupervised,bo_exploitation,4.0,0.17,map50,0.7194
yolo11m,B_finetuned_unsupervised,grid_search,4.0,0.5,map50,0.7156
yolo11m,C_finetuned_supervised,bo_exploration,3.0,-0.12,map50,0.6894
yolo11m,C_finetuned_supervised,bo_exploitation,3.0,0.02,map50,0.6894
yolo11m,C_finetuned_supervised,grid_search,4.0,0.0,map50,0.7349
rtdetr-l,A_unfinetuned,baseline,0.0,0.0,map50,0.0021
rtdetr-l,A_unfinetuned,bo_exploration,4.0,0.62,map50,0.6102
rtdetr-l,A_unfinetuned,bo_exploitation,3.0,0.58,map50,0.5964
rtdetr-l,A_unfinetuned,grid_search,4.0,0.5,map50,0.6102
rtdetr-l,B_finetuned_unsupervised,baseline,0.0,0.0,map50,0.0006
rtdetr-l,B_finetuned_unsupervised,bo_exploration,4.0,0.62,map50,0.7321
rtdetr-l,B_finetuned_unsupervised,bo_exploitation,1.0,0.2,map50,0.006
rtdetr-l,B_finetuned_unsupervised,grid_search,4.0,0.5,map50,0.7321
rtdetr-l,C_finetuned_supervised,bo_exploration,4.0,-0.12,map50,0.7371
rtdetr-l,C_finetuned_supervised,bo_exploitation,3.0,-0.11,map50,0.6782
rtdetr-l,C_finetuned_supervised,grid_search,4.0,0.0,map50,0.7371
yolo11n,A_unfinetuned,baseline,0.0,0.0,map50,0.0011
yolo11n,A_unfinetuned,bo_exploration,4.0,0.1,map50,0.7664
yolo11n,A_unfinetuned,bo_exploitation,3.0,0.31,map50,0.7201
yolo11n,A_unfinetuned,grid_search,4.0,0.5,map50,0.7408
yolo11n,B_finetuned_unsupervised,baseline,0.0,0.0,map50,0.0002
yolo11n,B_finetuned_unsupervised,bo_exploration,4.0,0.62,map50,0.7633
yolo11n,B_finetuned_unsupervised,bo_exploitation,3.0,0.08,map50,0.7328
yolo11n,B_finetuned_unsupervised,grid_search,4.0,0.5,map50,0.7633
yolo11n,C_finetuned_supervised,bo_exploration,4.0,0.0,map50,0.7954
yolo11n,C_finetuned_supervised,bo_exploitation,4.0,-0.12,map50,0.7954
yolo11n,C_finetuned_supervised,grid_search,4.0,0.0,map50,0.7954
yolo11m,A_unfinetuned,baseline,0.0,0.0,map50,0.0003
yolo11m,A_unfinetuned,bo_exploration,4.0,0.62,map50,0.6925
yolo11m,A_unfinetuned,bo_exploitation,3.0,0.52,map50,0.6827
yolo11m,A_unfinetuned,grid_search,4.0,0.5,map50,0.6925
yolo11m,B_finetuned_unsupervised,baseline,0.0,0.0,map50,0.0005
yolo11m,B_finetuned_unsupervised,bo_exploration,3.0,-0.05,map50,0.6886
yolo11m,B_finetuned_unsupervised,bo_exploitation,3.0,0.54,map50,0.6944
yolo11m,B_finetuned_unsupervised,grid_search,4.0,0.5,map50,0.7147
yolo11m,C_finetuned_supervised,bo_exploration,3.0,-0.03,map50,0.6886
yolo11m,C_finetuned_supervised,bo_exploitation,3.0,0.16,map50,0.6941
yolo11m,C_finetuned_supervised,grid_search,4.0,0.0,map50,0.734
rtdetr-l,A_unfinetuned,baseline,0.0,0.0,map50,0.001
rtdetr-l,A_unfinetuned,bo_exploration,3.0,-0.12,map50,0.5889
rtdetr-l,A_unfinetuned,bo_exploitation,2.0,0.43,map50,0.4538
rtdetr-l,A_unfinetuned,grid_search,4.0,0.5,map50,0.6204
rtdetr-l,B_finetuned_unsupervised,baseline,0.0,0.0,map50,0.0019
rtdetr-l,B_finetuned_unsupervised,bo_exploration,4.0,0.4,map50,0.6009
rtdetr-l,B_finetuned_unsupervised,bo_exploitation,3.0,0.52,map50,0.5771
rtdetr-l,B_finetuned_unsupervised,grid_search,4.0,0.5,map50,0.6009
rtdetr-l,C_finetuned_supervised,bo_exploration,4.0,0.08,map50,0.6117
rtdetr-l,C_finetuned_supervised,bo_exploitation,2.0,0.47,map50,0.4388
rtdetr-l,C_finetuned_supervised,grid_search,4.0,0.0,map50,0.6117
rtdetr-l,A_unfinetuned,baseline,0.0,0.0,map50,0.0006
rtdetr-l,B_finetuned_unsupervised,baseline,0.0,0.0,map50,0.0026
rtdetr-l,B_finetuned_unsupervised,bo_exploration,2.0,0.61,map50,0.4895
rtdetr-l,B_finetuned_unsupervised,bo_exploitation,4.0,0.3,map50,0.6482
rtdetr-l,B_finetuned_unsupervised,grid_search,4.0,0.5,map50,0.6525
rtdetr-l,C_finetuned_supervised,bo_exploration,3.0,0.56,map50,0.636
rtdetr-l,C_finetuned_supervised,bo_exploitation,3.0,0.52,map50,0.636
rtdetr-l,C_finetuned_supervised,grid_search,4.0,0.0,map50,0.6571
rtdetr-l,A_unfinetuned,baseline,0.0,0.0,map50,0.0014
rtdetr-l,A_unfinetuned,bo_exploration,2.0,0.59,map50,0.4533
rtdetr-l,A_unfinetuned,bo_exploitation,4.0,0.03,map50,0.6202
rtdetr-l,A_unfinetuned,grid_search,4.0,0.5,map50,0.6153
rtdetr-l,B_finetuned_unsupervised,baseline,0.0,0.0,map50,0.0011
rtdetr-l,B_finetuned_unsupervised,bo_exploration,4.0,0.62,map50,0.7129
rtdetr-l,B_finetuned_unsupervised,bo_exploitation,4.0,-0.0,map50,0.7201
rtdetr-l,B_finetuned_unsupervised,grid_search,4.0,0.5,map50,0.7129
rtdetr-l,C_finetuned_supervised,bo_exploration,3.0,0.35,map50,0.6783
rtdetr-l,C_finetuned_supervised,bo_exploitation,3.0,0.44,map50,0.6863
rtdetr-l,C_finetuned_supervised,grid_search,4.0,0.0,map50,0.7201
yolo11n,A_unfinetuned,baseline,0.0,0.0,map50,0.0017
yolo11n,A_unfinetuned,bo_exploration,4.0,0.62,map50,0.7282
yolo11n,A_unfinetuned,bo_exploitation,4.0,0.62,map50,0.7282
yolo11n,A_unfinetuned,grid_search,4.0,0.5,map50,0.7282
yolo11n,B_finetuned_unsupervised,baseline,0.0,0.0,map50,0.0
yolo11n,B_finetuned_unsupervised,bo_exploration,3.0,0.47,map50,0.7522
yolo11n,B_finetuned_unsupervised,bo_exploitation,3.0,0.43,map50,0.7522
yolo11n,B_finetuned_unsupervised,grid_search,4.0,0.5,map50,0.7937
yolo11n,C_finetuned_supervised,bo_exploration,4.0,0.62,map50,0.7937
yolo11n,C_finetuned_supervised,bo_exploitation,2.0,0.38,map50,0.6049
yolo11n,C_finetuned_supervised,grid_search,4.0,0.0,map50,0.8178
yolo11m,A_unfinetuned,baseline,0.0,0.0,map50,0.0002
yolo11m,A_unfinetuned,bo_exploration,3.0,0.38,map50,0.6884
yolo11m,A_unfinetuned,bo_exploitation,3.0,0.62,map50,0.6884
yolo11m,A_unfinetuned,grid_search,4.0,0.5,map50,0.7142
yolo11m,B_finetuned_unsupervised,baseline,0.0,0.0,map50,0.0005
yolo11m,B_finetuned_unsupervised,bo_exploration,4.0,0.47,map50,0.7158
yolo11m,B_finetuned_unsupervised,bo_exploitation,3.0,-0.11,map50,0.6894
yolo11m,B_finetuned_unsupervised,grid_search,4.0,0.5,map50,0.7158
yolo11m,C_finetuned_supervised,bo_exploration,3.0,-0.12,map50,0.6894
yolo11m,C_finetuned_supervised,bo_exploitation,4.0,-0.11,map50,0.7349
yolo11m,C_finetuned_supervised,grid_search,4.0,0.0,map50,0.7349
yolo11n,A_unfinetuned,baseline,0.0,0.0,map50,0.0002
yolo11n,A_unfinetuned,bo_exploration,4.0,0.42,map50,0.7433
yolo11n,A_unfinetuned,bo_exploitation,4.0,0.23,map50,0.7522
yolo11n,A_unfinetuned,grid_search,4.0,0.5,map50,0.7433
yolo11n,B_finetuned_unsupervised,baseline,0.0,0.0,map50,0.0003
yolo11n,B_finetuned_unsupervised,bo_exploration,1.0,0.28,map50,0.0261
yolo11n,B_finetuned_unsupervised,bo_exploitation,3.0,0.39,map50,0.7316
yolo11n,B_finetuned_unsupervised,grid_search,4.0,0.5,map50,0.7633
yolo11n,C_finetuned_supervised,bo_exploration,4.0,-0.12,map50,0.7928
yolo11n,C_finetuned_supervised,bo_exploitation,4.0,0.24,map50,0.7746
yolo11n,C_finetuned_supervised,grid_search,4.0,0.0,map50,0.7928
yolo11m,A_unfinetuned,baseline,0.0,0.0,map50,0.0001
yolo11m,A_unfinetuned,bo_exploration,3.0,0.62,map50,0.6148
yolo11m,A_unfinetuned,bo_exploitation,1.0,0.19,map50,0.0162
yolo11m,A_unfinetuned,grid_search,4.0,0.5,map50,0.6513
yolo11m,B_finetuned_unsupervised,baseline,0.0,0.0,map50,0.0005
yolo11m,B_finetuned_unsupervised,bo_exploration,4.0,0.62,map50,0.7149
yolo11m,B_finetuned_unsupervised,bo_exploitation,3.0,-0.09,map50,0.689
yolo11m,B_finetuned_unsupervised,grid_search,4.0,0.5,map50,0.7149
yolo11m,C_finetuned_supervised,bo_exploration,3.0,-0.01,map50,0.689
yolo11m,C_finetuned_supervised,bo_exploitation,4.0,-0.12,map50,0.7341
yolo11m,C_finetuned_supervised,grid_search,4.0,0.0,map50,0.7341
yolo11n,A_unfinetuned,baseline,0.0,0.0,map50,0.0006
yolo11n,A_unfinetuned,bo_exploration,4.0,0.62,map50,0.7607
yolo11n,A_unfinetuned,bo_exploitation,3.0,0.35,map50,0.7368
yolo11n,A_unfinetuned,grid_search,4.0,0.5,map50,0.7607
yolo11n,B_finetuned_unsupervised,baseline,0.0,0.0,map50,0.0
yolo11n,B_finetuned_unsupervised,bo_exploration,4.0,0.62,map50,0.7617
yolo11n,B_finetuned_unsupervised,bo_exploitation,3.0,0.28,map50,0.7439
yolo11n,B_finetuned_unsupervised,grid_search,4.0,0.5,map50,0.7617
yolo11n,C_finetuned_supervised,bo_exploration,3.0,0.22,map50,0.7439
yolo11n,C_finetuned_supervised,bo_exploitation,2.0,0.06,map50,0.5664
yolo11n,C_finetuned_supervised,grid_search,4.0,0.0,map50,0.8055
yolo11m,A_unfinetuned,baseline,0.0,0.0,map50,0.0
yolo11m,A_unfinetuned,bo_exploration,3.0,0.34,map50,0.7284
yolo11m,A_unfinetuned,bo_exploitation,4.0,0.62,map50,0.7491
yolo11m,A_unfinetuned,grid_search,4.0,0.5,map50,0.7491
yolo11m,B_finetuned_unsupervised,baseline,0.0,0.0,map50,0.0005
yolo11m,B_finetuned_unsupervised,bo_exploration,3.0,0.45,map50,0.6959
yolo11m,B_finetuned_unsupervised,bo_exploitation,3.0,-0.11,map50,0.6903
yolo11m,B_finetuned_unsupervised,grid_search,4.0,0.5,map50,0.7166
yolo11m,C_finetuned_supervised,bo_exploration,4.0,0.03,map50,0.7358
yolo11m,C_finetuned_supervised,bo_exploitation,4.0,0.22,map50,0.7204
yolo11m,C_finetuned_supervised,grid_search,4.0,0.0,map50,0.7358
rtdetr-l,A_unfinetuned,baseline,0.0,0.0,map50,0.0013
rtdetr-l,A_unfinetuned,bo_exploration,4.0,0.62,map50,0.603
rtdetr-l,A_unfinetuned,bo_exploitation,4.0,0.59,map50,0.603
rtdetr-l,A_unfinetuned,grid_search,4.0,0.5,map50,0.603
rtdetr-l,B_finetuned_unsupervised,baseline,0.0,0.0,map50,0.0009
rtdetr-l,B_finetuned_unsupervised,bo_exploration,4.0,0.59,map50,0.6128
rtdetr-l,B_finetuned_unsupervised,bo_exploitation,3.0,-0.08,map50,0.5807
rtdetr-l,B_finetuned_unsupervised,grid_search,4.0,0.5,map50,0.6128
rtdetr-l,C_finetuned_supervised,bo_exploration,4.0,-0.12,map50,0.6245
rtdetr-l,C_finetuned_supervised,bo_exploitation,4.0,-0.06,map50,0.6245
rtdetr-l,C_finetuned_supervised,grid_search,4.0,0.0,map50,0.6245
yolo11n,A_unfinetuned,baseline,0.0,0.0,map50,0.0
yolo11n,A_unfinetuned,bo_exploration,3.0,-0.12,map50,0.7458
yolo11n,A_unfinetuned,bo_exploitation,4.0,0.54,map50,0.7832
yolo11n,A_unfinetuned,grid_search,4.0,0.5,map50,0.7832
yolo11n,B_finetuned_unsupervised,baseline,0.0,0.0,map50,0.0
yolo11n,B_finetuned_unsupervised,bo_exploration,3.0,0.24,map50,0.7554
yolo11n,B_finetuned_unsupervised,bo_exploitation,4.0,0.61,map50,0.7938
yolo11n,B_finetuned_unsupervised,grid_search,4.0,0.5,map50,0.7938
yolo11n,C_finetuned_supervised,bo_exploration,3.0,0.12,map50,0.7478
yolo11n,C_finetuned_supervised,bo_exploitation,3.0,-0.12,map50,0.7478
yolo11n,C_finetuned_supervised,grid_search,4.0,0.0,map50,0.8179
yolo11m,A_unfinetuned,baseline,0.0,0.0,map50,0.0006
yolo11m,A_unfinetuned,bo_exploration,4.0,0.62,map50,0.6949
yolo11m,A_unfinetuned,bo_exploitation,4.0,0.42,map50,0.6949
yolo11m,A_unfinetuned,grid_search,4.0,0.5,map50,0.6949
yolo11m,B_finetuned_unsupervised,baseline,0.0,0.0,map50,0.0005
yolo11m,B_finetuned_unsupervised,bo_exploration,3.0,0.52,map50,0.6951
yolo11m,B_finetuned_unsupervised,bo_exploitation,3.0,0.45,map50,0.6951
yolo11m,B_finetuned_unsupervised,grid_search,4.0,0.5,map50,0.7156
yolo11m,C_finetuned_supervised,bo_exploration,3.0,-0.08,map50,0.6892
yolo11m,C_finetuned_supervised,bo_exploitation,2.0,-0.11,map50,0.586
yolo11m,C_finetuned_supervised,grid_search,4.0,0.0,map50,0.7347
rtdetr-l,A_unfinetuned,baseline,0.0,0.0,map50,0.0012
rtdetr-l,A_unfinetuned,bo_exploration,3.0,0.62,map50,0.6261
rtdetr-l,A_unfinetuned,bo_exploitation,2.0,0.4,map50,0.4684
rtdetr-l,A_unfinetuned,grid_search,4.0,0.5,map50,0.6464
rtdetr-l,B_finetuned_unsupervised,baseline,0.0,0.0,map50,0.0005
rtdetr-l,B_finetuned_unsupervised,bo_exploration,4.0,0.59,map50,0.6718
rtdetr-l,B_finetuned_unsupervised,bo_exploitation,3.0,0.55,map50,0.6458
rtdetr-l,B_finetuned_unsupervised,grid_search,4.0,0.5,map50,0.6718
rtdetr-l,C_finetuned_supervised,bo_exploration,4.0,0.17,map50,0.6653
rtdetr-l,C_finetuned_supervised,bo_exploitation,4.0,0.42,map50,0.6718
rtdetr-l,C_finetuned_supervised,grid_search,4.0,0.0,map50,0.6731
yolo11n,A_unfinetuned,baseline,0.0,0.0,map50,0.0008
yolo11n,A_unfinetuned,bo_exploration,3.0,0.62,map50,0.7413
yolo11n,A_unfinetuned,bo_exploitation,4.0,0.47,map50,0.767
yolo11n,A_unfinetuned,grid_search,4.0,0.5,map50,0.767
yolo11n,B_finetuned_unsupervised,baseline,0.0,0.0,map50,0.0
yolo11n,B_finetuned_unsupervised,bo_exploration,2.0,0.39,map50,0.6052
yolo11n,B_finetuned_unsupervised,bo_exploitation,3.0,0.14,map50,0.7557
yolo11n,B_finetuned_unsupervised,grid_search,4.0,0.5,map50,0.7937
yolo11n,C_finetuned_supervised,bo_exploration,4.0,-0.03,map50,0.8177
yolo11n,C_finetuned_supervised,bo_exploitation,3.0,-0.12,map50,0.748
yolo11n,C_finetuned_supervised,grid_search,4.0,0.0,map50,0.8177
yolo11m,A_unfinetuned,baseline,0.0,0.0,map50,0.0013
yolo11m,A_unfinetuned,bo_exploration,2.0,0.07,map50,0.6102
yolo11m,A_unfinetuned,bo_exploitation,3.0,0.54,map50,0.7035
yolo11m,A_unfinetuned,grid_search,4.0,0.5,map50,0.7241
yolo11m,B_finetuned_unsupervised,baseline,0.0,0.0,map50,0.0005
yolo11m,B_finetuned_unsupervised,bo_exploration,2.0,0.39,map50,0.5781
yolo11m,B_finetuned_unsupervised,bo_exploitation,4.0,0.45,map50,0.7159
yolo11m,B_finetuned_unsupervised,grid_search,4.0,0.5,map50,0.7159
yolo11m,C_finetuned_supervised,bo_exploration,4.0,-0.12,map50,0.7351
yolo11m,C_finetuned_supervised,bo_exploitation,3.0,0.11,map50,0.6896
yolo11m,C_finetuned_supervised,grid_search,4.0,0.0,map50,0.7351
rtdetr-l,A_unfinetuned,baseline,0.0,0.0,map50,0.002
rtdetr-l,A_unfinetuned,bo_exploration,3.0,-0.12,map50,0.6072
rtdetr-l,A_unfinetuned,bo_exploitation,4.0,0.62,map50,0.6363
rtdetr-l,A_unfinetuned,grid_search,4.0,0.5,map50,0.6363
rtdetr-l,B_finetuned_unsupervised,baseline,0.0,0.0,map50,0.0192
rtdetr-l,B_finetuned_unsupervised,bo_exploration,4.0,0.62,map50,0.5107
rtdetr-l,B_finetuned_unsupervised,bo_exploitation,2.0,0.41,map50,0.3156
rtdetr-l,B_finetuned_unsupervised,grid_search,4.0,0.5,map50,0.5107
rtdetr-l,C_finetuned_supervised,bo_exploration,3.0,0.1,map50,0.4674
rtdetr-l,C_finetuned_supervised,bo_exploitation,4.0,-0.06,map50,0.5239
rtdetr-l,C_finetuned_supervised,grid_search,4.0,0.0,map50,0.5239
yolo11n,A_unfinetuned,baseline,0.0,0.0,map50,0.0008
yolo11n,A_unfinetuned,bo_exploration,3.0,0.62,map50,0.6609
yolo11n,A_unfinetuned,bo_exploitation,3.0,-0.12,map50,0.6664
yolo11n,A_unfinetuned,grid_search,4.0,0.5,map50,0.6956
yolo11n,B_finetuned_unsupervised,baseline,0.0,0.0,map50,0.0
yolo11n,B_finetuned_unsupervised,bo_exploration,3.0,0.16,map50,0.7557
yolo11n,B_finetuned_unsupervised,bo_exploitation,3.0,0.56,map50,0.7525
yolo11n,B_finetuned_unsupervised,grid_search,4.0,0.5,map50,0.7934
yolo11n,C_finetuned_supervised,bo_exploration,3.0,-0.12,map50,0.7479
yolo11n,C_finetuned_supervised,bo_exploitation,3.0,-0.12,map50,0.7479
yolo11n,C_finetuned_supervised,grid_search,4.0,0.0,map50,0.8177
yolo11m,A_unfinetuned,baseline,0.0,0.0,map50,0.0005
yolo11m,A_unfinetuned,bo_exploration,3.0,0.62,map50,0.5893
yolo11m,A_unfinetuned,bo_exploitation,4.0,0.48,map50,0.6076
yolo11m,A_unfinetuned,grid_search,4.0,0.5,map50,0.6076
yolo11m,B_finetuned_unsupervised,baseline,0.0,0.0,map50,0.0005
yolo11m,B_finetuned_unsupervised,bo_exploration,4.0,0.24,map50,0.7191
yolo11m,B_finetuned_unsupervised,bo_exploitation,4.0,0.38,map50,0.7153
yolo11m,B_finetuned_unsupervised,grid_search,4.0,0.5,map50,0.7153
yolo11m,C_finetuned_supervised,bo_exploration,3.0,-0.12,map50,0.6894
yolo11m,C_finetuned_supervised,bo_exploitation,4.0,0.01,map50,0.7344
yolo11m,C_finetuned_supervised,grid_search,4.0,0.0,map50,0.7344
rtdetr-l,A_unfinetuned,baseline,0.0,0.0,map50,0.0015
rtdetr-l,A_unfinetuned,bo_exploration,4.0,0.55,map50,0.6165
rtdetr-l,A_unfinetuned,bo_exploitation,1.0,-0.07,map50,0.008
rtdetr-l,A_unfinetuned,grid_search,4.0,0.5,map50,0.6165
rtdetr-l,B_finetuned_unsupervised,baseline,0.0,0.0,map50,0.0025
rtdetr-l,B_finetuned_unsupervised,bo_exploration,2.0,0.62,map50,0.4322
rtdetr-l,B_finetuned_unsupervised,bo_exploitation,4.0,0.47,map50,0.607
rtdetr-l,B_finetuned_unsupervised,grid_search,4.0,0.5,map50,0.607
rtdetr-l,C_finetuned_supervised,bo_exploration,3.0,-0.12,map50,0.5589
rtdetr-l,C_finetuned_supervised,bo_exploitation,3.0,0.04,map50,0.5589
rtdetr-l,C_finetuned_supervised,grid_search,4.0,0.0,map50,0.6071
rtdetr-l,A_unfinetuned,baseline,0.0,0.0,map50,0.0005
rtdetr-l,A_unfinetuned,bo_exploration,2.0,0.62,map50,0.4276
rtdetr-l,A_unfinetuned,bo_exploitation,3.0,0.38,map50,0.5985
rtdetr-l,A_unfinetuned,grid_search,4.0,0.5,map50,0.6265
rtdetr-l,B_finetuned_unsupervised,baseline,0.0,0.0,map50,0.001
rtdetr-l,B_finetuned_unsupervised,bo_exploration,4.0,0.25,map50,0.7531
rtdetr-l,B_finetuned_unsupervised,bo_exploitation,4.0,0.55,map50,0.7565
rtdetr-l,B_finetuned_unsupervised,grid_search,4.0,0.5,map50,0.7565
rtdetr-l,A_unfinetuned,baseline,0.0,0.0,map50,0.0008
rtdetr-l,A_unfinetuned,bo_exploration,2.0,0.41,map50,0.4539
rtdetr-l,A_unfinetuned,bo_exploitation,1.0,0.62,map50,0.0048
rtdetr-l,A_unfinetuned,grid_search,4.0,0.5,map50,0.6403
rtdetr-l,B_finetuned_unsupervised,baseline,0.0,0.0,map50,0.0018
rtdetr-l,B_finetuned_unsupervised,bo_exploration,4.0,0.62,map50,0.6263
rtdetr-l,B_finetuned_unsupervised,bo_exploitation,3.0,0.53,map50,0.5981
rtdetr-l,B_finetuned_unsupervised,grid_search,4.0,0.5,map50,0.6263
rtdetr-l,C_finetuned_supervised,bo_exploration,3.0,0.2,map50,0.5922
rtdetr-l,C_finetuned_supervised,bo_exploitation,4.0,0.1,map50,0.6298
rtdetr-l,C_finetuned_supervised,grid_search,4.0,0.25,map50,0.624
yolo11n,A_unfinetuned,baseline,0.0,0.0,map50,0.0
yolo11n,A_unfinetuned,bo_exploration,4.0,0.6,map50,0.7532
yolo11n,A_unfinetuned,bo_exploitation,4.0,0.5,map50,0.7532
yolo11n,A_unfinetuned,grid_search,4.0,0.5,map50,0.7532
yolo11n,B_finetuned_unsupervised,baseline,0.0,0.0,map50,0.0004
yolo11n,B_finetuned_unsupervised,bo_exploration,4.0,0.62,map50,0.732
yolo11n,B_finetuned_unsupervised,bo_exploitation,4.0,0.46,map50,0.732
yolo11n,B_finetuned_unsupervised,grid_search,4.0,0.5,map50,0.732
yolo11n,C_finetuned_supervised,bo_exploration,4.0,-0.02,map50,0.7696
yolo11n,C_finetuned_supervised,bo_exploitation,4.0,0.09,map50,0.7696
yolo11n,C_finetuned_supervised,grid_search,4.0,0.0,map50,0.7696
yolo11m,A_unfinetuned,baseline,0.0,0.0,map50,0.0015
yolo11m,A_unfinetuned,bo_exploration,4.0,0.47,map50,0.5896
yolo11m,A_unfinetuned,bo_exploitation,4.0,0.62,map50,0.5896
yolo11m,A_unfinetuned,grid_search,4.0,0.5,map50,0.5896
yolo11m,B_finetuned_unsupervised,baseline,0.0,0.0,map50,0.0001
yolo11m,B_finetuned_unsupervised,bo_exploration,2.0,0.62,map50,0.529
yolo11m,B_finetuned_unsupervised,bo_exploitation,1.0,0.58,map50,0.0233
yolo11m,B_finetuned_unsupervised,grid_search,4.0,0.5,map50,0.7054
yolo11m,C_finetuned_supervised,bo_exploration,3.0,0.62,map50,0.6771
yolo11m,C_finetuned_supervised,bo_exploitation,4.0,-0.12,map50,0.7132
yolo11m,C_finetuned_supervised,grid_search,4.0,0.0,map50,0.7132
yolo11n,A_unfinetuned,baseline,0.0,0.0,map50,0.0
yolo11n,A_unfinetuned,bo_exploration,2.0,0.43,map50,0.5684
yolo11n,A_unfinetuned,bo_exploitation,1.0,0.49,map50,0.0256
yolo11n,A_unfinetuned,grid_search,4.0,0.5,map50,0.7929
yolo11n,B_finetuned_unsupervised,baseline,0.0,0.0,map50,0.0
yolo11n,B_finetuned_unsupervised,bo_exploration,4.0,0.62,map50,0.7936
yolo11n,B_finetuned_unsupervised,bo_exploitation,2.0,0.37,map50,0.6037
yolo11n,B_finetuned_unsupervised,grid_search,4.0,0.5,map50,0.7936
yolo11n,C_finetuned_supervised,bo_exploration,4.0,0.33,map50,0.8013
yolo11n,C_finetuned_supervised,bo_exploitation,3.0,-0.1,map50,0.748
yolo11n,C_finetuned_supervised,grid_search,4.0,0.0,map50,0.818
yolo11m,A_unfinetuned,baseline,0.0,0.0,map50,0.0001
yolo11m,A_unfinetuned,bo_exploration,3.0,-0.12,map50,0.6563
yolo11m,A_unfinetuned,bo_exploitation,3.0,0.38,map50,0.6551
yolo11m,A_unfinetuned,grid_search,4.0,0.5,map50,0.6813
yolo11m,B_finetuned_unsupervised,baseline,0.0,0.0,map50,0.0005
yolo11m,B_finetuned_unsupervised,bo_exploration,3.0,0.23,map50,0.6945
yolo11m,B_finetuned_unsupervised,bo_exploitation,3.0,0.16,map50,0.6945
yolo11m,B_finetuned_unsupervised,grid_search,4.0,0.5,map50,0.7151
yolo11m,C_finetuned_supervised,bo_exploration,4.0,-0.12,map50,0.7343
yolo11m,C_finetuned_supervised,bo_exploitation,3.0,0.61,map50,0.6947
yolo11m,C_finetuned_supervised,grid_search,4.0,0.0,map50,0.7343
yolo11n,A_unfinetuned,baseline,0.0,0.0,map50,0.0002
yolo11n,A_unfinetuned,bo_exploration,3.0,0.02,map50,0.6264
yolo11n,A_unfinetuned,bo_exploitation,1.0,0.21,map50,0.0134
yolo11n,A_unfinetuned,grid_search,4.0,0.5,map50,0.6499
yolo11n,B_finetuned_unsupervised,baseline,0.0,0.0,map50,0.0
yolo11n,B_finetuned_unsupervised,bo_exploration,4.0,0.62,map50,0.7938
yolo11n,B_finetuned_unsupervised,bo_exploitation,4.0,0.38,map50,0.7938
yolo11n,B_finetuned_unsupervised,grid_search,4.0,0.5,map50,0.7938
yolo11n,C_finetuned_supervised,bo_exploration,4.0,0.44,map50,0.7938
yolo11m,A_unfinetuned,baseline,0.0,0.0,map50,0.0001
yolo11m,A_unfinetuned,bo_exploration,3.0,0.62,map50,0.6853
yolo11m,A_unfinetuned,bo_exploitation,2.0,0.62,map50,0.5603
yolo11m,A_unfinetuned,grid_search,4.0,0.5,map50,0.708
yolo11m,B_finetuned_unsupervised,baseline,0.0,0.0,map50,0.0005
yolo11m,B_finetuned_unsupervised,bo_exploration,3.0,0.51,map50,0.6951
yolo11m,B_finetuned_unsupervised,bo_exploitation,4.0,0.62,map50,0.7157
yolo11m,B_finetuned_unsupervised,grid_search,4.0,0.5,map50,0.7157
yolo11m,C_finetuned_supervised,bo_exploration,3.0,-0.12,map50,0.6895
yolo11m,C_finetuned_supervised,bo_exploitation,2.0,0.15,map50,0.5795
yolo11m,C_finetuned_supervised,grid_search,4.0,0.0,map50,0.735
rtdetr-l,A_unfinetuned,baseline,0.0,0.0,map50,0.0008
rtdetr-l,A_unfinetuned,bo_exploration,4.0,0.38,map50,0.7148
rtdetr-l,A_unfinetuned,bo_exploitation,3.0,0.54,map50,0.6888
rtdetr-l,A_unfinetuned,grid_search,4.0,0.5,map50,0.7148
rtdetr-l,B_finetuned_unsupervised,baseline,0.0,0.0,map50,0.0018
rtdetr-l,B_finetuned_unsupervised,bo_exploration,3.0,0.08,map50,0.5983
rtdetr-l,B_finetuned_unsupervised,bo_exploitation,3.0,0.22,map50,0.6004
rtdetr-l,B_finetuned_unsupervised,grid_search,4.0,0.5,map50,0.64
rtdetr-l,C_finetuned_supervised,bo_exploration,2.0,0.52,map50,0.4591
rtdetr-l,C_finetuned_supervised,bo_exploitation,3.0,-0.09,map50,0.5983
rtdetr-l,C_finetuned_supervised,grid_search,4.0,0.0,map50,0.6456
yolo11n,A_unfinetuned,baseline,0.0,0.0,map50,0.0001
yolo11n,A_unfinetuned,bo_exploration,3.0,0.61,map50,0.6998
yolo11n,A_unfinetuned,bo_exploitation,1.0,0.5,map50,0.0111
yolo11n,A_unfinetuned,grid_search,4.0,0.5,map50,0.7396
yolo11n,B_finetuned_unsupervised,baseline,0.0,0.0,map50,0.0
yolo11n,B_finetuned_unsupervised,bo_exploration,3.0,-0.1,map50,0.748
yolo11n,B_finetuned_unsupervised,bo_exploitation,3.0,0.49,map50,0.7523
yolo11n,B_finetuned_unsupervised,grid_search,4.0,0.5,map50,0.7936
yolo11m,A_unfinetuned,baseline,0.0,0.0,map50,0.0002
yolo11m,A_unfinetuned,bo_exploration,3.0,0.62,map50,0.6699
yolo11m,A_unfinetuned,bo_exploitation,4.0,0.43,map50,0.6869
yolo11m,A_unfinetuned,grid_search,4.0,0.5,map50,0.6869
yolo11m,B_finetuned_unsupervised,baseline,0.0,0.0,map50,0.0005
yolo11m,B_finetuned_unsupervised,bo_exploration,1.0,0.62,map50,0.0253
yolo11m,B_finetuned_unsupervised,bo_exploitation,4.0,0.62,map50,0.7151
yolo11m,B_finetuned_unsupervised,grid_search,4.0,0.5,map50,0.7151
yolo11m,C_finetuned_supervised,bo_exploration,3.0,0.14,map50,0.6945
yolo11m,C_finetuned_supervised,bo_exploitation,4.0,-0.08,map50,0.7343
yolo11m,C_finetuned_supervised,grid_search,4.0,0.0,map50,0.7343
rtdetr-l,A_unfinetuned,baseline,0.0,0.0,map50,0.0012
rtdetr-l,A_unfinetuned,bo_exploration,3.0,0.62,map50,0.6311
rtdetr-l,A_unfinetuned,bo_exploitation,4.0,0.62,map50,0.6621
rtdetr-l,A_unfinetuned,grid_search,4.0,0.5,map50,0.6621
rtdetr-l,B_finetuned_unsupervised,baseline,0.0,0.0,map50,0.001
rtdetr-l,B_finetuned_unsupervised,bo_exploration,1.0,0.62,map50,0.0062
rtdetr-l,B_finetuned_unsupervised,bo_exploitation,3.0,0.08,map50,0.5417
rtdetr-l,B_finetuned_unsupervised,grid_search,4.0,0.5,map50,0.5754
rtdetr-l,C_finetuned_supervised,bo_exploration,2.0,-0.12,map50,0.4035
rtdetr-l,C_finetuned_supervised,bo_exploitation,4.0,-0.12,map50,0.5877
rtdetr-l,C_finetuned_supervised,grid_search,4.0,0.0,map50,0.5877
yolo11n,A_unfinetuned,baseline,0.0,0.0,map50,0.001
yolo11n,A_unfinetuned,bo_exploration,2.0,0.34,map50,0.5733
yolo11n,A_unfinetuned,bo_exploitation,2.0,0.59,map50,0.5714
yolo11n,A_unfinetuned,grid_search,4.0,0.5,map50,0.788
yolo11n,B_finetuned_unsupervised,baseline,0.0,0.0,map50,0.0
yolo11n,B_finetuned_unsupervised,bo_exploration,3.0,0.62,map50,0.7525
yolo11n,B_finetuned_unsupervised,bo_exploitation,3.0,0.62,map50,0.7525
yolo11n,B_finetuned_unsupervised,grid_search,4.0,0.5,map50,0.7937
yolo11n,C_finetuned_supervised,bo_exploration,3.0,0.38,map50,0.7525
yolo11n,C_finetuned_supervised,bo_exploitation,4.0,0.6,map50,0.7937
yolo11n,C_finetuned_supervised,grid_search,4.0,0.0,map50,0.8178
yolo11m,A_unfinetuned,baseline,0.0,0.0,map50,0.0008
yolo11m,A_unfinetuned,bo_exploration,4.0,0.62,map50,0.6745
yolo11m,A_unfinetuned,bo_exploitation,2.0,0.01,map50,0.5746
yolo11m,A_unfinetuned,grid_search,4.0,0.5,map50,0.6745
yolo11m,B_finetuned_unsupervised,baseline,0.0,0.0,map50,0.0005
yolo11m,B_finetuned_unsupervised,bo_exploration,4.0,0.62,map50,0.7155
yolo11m,B_finetuned_unsupervised,bo_exploitation,4.0,0.62,map50,0.7155
yolo11m,B_finetuned_unsupervised,grid_search,4.0,0.5,map50,0.7155
yolo11m,C_finetuned_supervised,bo_exploration,4.0,-0.12,map50,0.7347
yolo11m,C_finetuned_supervised,bo_exploitation,4.0,-0.12,map50,0.7347
yolo11m,C_finetuned_supervised,grid_search,4.0,0.0,map50,0.7347
rtdetr-l,A_unfinetuned,baseline,0.0,0.0,map50,0.0017
rtdetr-l,A_unfinetuned,bo_exploration,3.0,0.62,map50,0.6179
rtdetr-l,A_unfinetuned,bo_exploitation,4.0,0.62,map50,0.6542
rtdetr-l,A_unfinetuned,grid_search,4.0,0.5,map50,0.6542
rtdetr-l,B_finetuned_unsupervised,baseline,0.0,0.0,map50,0.0023
rtdetr-l,B_finetuned_unsupervised,bo_exploration,4.0,0.46,map50,0.6065
rtdetr-l,B_finetuned_unsupervised,bo_exploitation,2.0,0.16,map50,0.4388
rtdetr-l,B_finetuned_unsupervised,grid_search,4.0,0.5,map50,0.6065
rtdetr-l,C_finetuned_supervised,bo_exploration,4.0,0.27,map50,0.6091
rtdetr-l,C_finetuned_supervised,bo_exploitation,4.0,0.01,map50,0.6197
rtdetr-l,C_finetuned_supervised,grid_search,4.0,0.25,map50,0.6091
yolo11n,A_unfinetuned,baseline,0.0,0.0,map50,0.001
yolo11n,A_unfinetuned,bo_exploration,3.0,0.62,map50,0.6868
yolo11n,A_unfinetuned,bo_exploitation,2.0,0.05,map50,0.5597
yolo11n,A_unfinetuned,grid_search,4.0,0.5,map50,0.6933
yolo11n,B_finetuned_unsupervised,baseline,0.0,0.0,map50,0.0
yolo11n,B_finetuned_unsupervised,bo_exploration,4.0,0.62,map50,0.7938
yolo11n,B_finetuned_unsupervised,bo_exploitation,3.0,0.62,map50,0.7523
yolo11n,B_finetuned_unsupervised,grid_search,4.0,0.5,map50,0.7938
yolo11n,C_finetuned_supervised,bo_exploration,4.0,-0.12,map50,0.8179
yolo11n,C_finetuned_supervised,bo_exploitation,2.0,-0.12,map50,0.6155
yolo11n,C_finetuned_supervised,grid_search,4.0,0.0,map50,0.8179
yolo11m,A_unfinetuned,baseline,0.0,0.0,map50,0.0011
yolo11m,A_unfinetuned,bo_exploration,4.0,0.42,map50,0.5471
yolo11m,A_unfinetuned,bo_exploitation,4.0,0.62,map50,0.5471
yolo11m,A_unfinetuned,grid_search,4.0,0.5,map50,0.5471
yolo11m,B_finetuned_unsupervised,baseline,0.0,0.0,map50,0.0005
yolo11m,B_finetuned_unsupervised,bo_exploration,3.0,0.5,map50,0.6951
yolo11m,B_finetuned_unsupervised,bo_exploitation,2.0,0.49,map50,0.5773
yolo11m,B_finetuned_unsupervised,grid_search,4.0,0.5,map50,0.7156
yolo11m,C_finetuned_supervised,bo_exploration,3.0,-0.08,map50,0.6892
yolo11m,C_finetuned_supervised,bo_exploitation,4.0,-0.09,map50,0.7347
yolo11m,C_finetuned_supervised,grid_search,4.0,0.0,map50,0.7347
rtdetr-l,A_unfinetuned,baseline,0.0,0.0,map50,0.0002
rtdetr-l,A_unfinetuned,bo_exploration,3.0,0.6,map50,0.6723
rtdetr-l,A_unfinetuned,bo_exploitation,2.0,-0.03,map50,0.4969
rtdetr-l,A_unfinetuned,grid_search,4.0,0.5,map50,0.7038
rtdetr-l,B_finetuned_unsupervised,baseline,0.0,0.0,map50,0.0002
rtdetr-l,B_finetuned_unsupervised,bo_exploration,3.0,0.07,map50,0.5971
rtdetr-l,B_finetuned_unsupervised,bo_exploitation,3.0,0.02,map50,0.5971
rtdetr-l,B_finetuned_unsupervised,grid_search,4.0,0.5,map50,0.6457
rtdetr-l,A_unfinetuned,baseline,0.0,0.0,map50,0.0007
rtdetr-l,B_finetuned_unsupervised,baseline,0.0,0.0,map50,0.0007
rtdetr-l,B_finetuned_unsupervised,bo_exploration,4.0,0.62,map50,0.7814
rtdetr-l,B_finetuned_unsupervised,bo_exploitation,2.0,-0.08,map50,0.573
rtdetr-l,B_finetuned_unsupervised,grid_search,4.0,0.5,map50,0.7814
rtdetr-l,C_finetuned_supervised,bo_exploration,1.0,0.09,map50,0.0079
rtdetr-l,C_finetuned_supervised,bo_exploitation,4.0,0.58,map50,0.7814
rtdetr-l,C_finetuned_supervised,grid_search,4.0,0.5,map50,0.7814
rtdetr-l,A_unfinetuned,baseline,0.0,0.0,map50,0.0016
rtdetr-l,A_unfinetuned,bo_exploration,3.0,0.62,map50,0.6579
rtdetr-l,A_unfinetuned,bo_exploitation,4.0,0.42,map50,0.6767
rtdetr-l,A_unfinetuned,grid_search,4.0,0.5,map50,0.6767
rtdetr-l,B_finetuned_unsupervised,baseline,0.0,0.0,map50,0.0002
rtdetr-l,B_finetuned_unsupervised,bo_exploration,3.0,0.62,map50,0.6199
rtdetr-l,B_finetuned_unsupervised,bo_exploitation,3.0,-0.12,map50,0.6085
rtdetr-l,B_finetuned_unsupervised,grid_search,4.0,0.5,map50,0.6388
rtdetr-l,C_finetuned_supervised,bo_exploration,3.0,0.1,map50,0.6085
rtdetr-l,C_finetuned_supervised,bo_exploitation,3.0,0.06,map50,0.6085
rtdetr-l,C_finetuned_supervised,grid_search,4.0,0.0,map50,0.6451
yolo11n,A_unfinetuned,baseline,0.0,0.0,map50,0.0
yolo11n,B_finetuned_unsupervised,baseline,0.0,0.0,map50,0.0004
yolo11n,B_finetuned_unsupervised,bo_exploration,3.0,0.47,map50,0.6921
yolo11n,B_finetuned_unsupervised,bo_exploitation,4.0,0.62,map50,0.7319
yolo11n,B_finetuned_unsupervised,grid_search,4.0,0.5,map50,0.7319
yolo11n,C_finetuned_supervised,bo_exploration,3.0,0.19,map50,0.7075
yolo11n,C_finetuned_supervised,bo_exploitation,3.0,0.13,map50,0.7075
yolo11n,C_finetuned_supervised,grid_search,4.0,0.0,map50,0.7696
yolo11m,A_unfinetuned,baseline,0.0,0.0,map50,0.0
yolo11m,A_unfinetuned,bo_exploration,4.0,0.42,map50,0.6855
yolo11m,A_unfinetuned,bo_exploitation,3.0,0.29,map50,0.6752
yolo11m,A_unfinetuned,grid_search,4.0,0.5,map50,0.6855
yolo11m,B_finetuned_unsupervised,baseline,0.0,0.0,map50,0.0005
yolo11m,B_finetuned_unsupervised,bo_exploration,4.0,0.4,map50,0.7159
yolo11m,B_finetuned_unsupervised,bo_exploitation,3.0,0.44,map50,0.6954
yolo11m,B_finetuned_unsupervised,grid_search,4.0,0.5,map50,0.7159
yolo11m,C_finetuned_supervised,bo_exploration,2.0,0.55,map50,0.5781
yolo11m,C_finetuned_supervised,bo_exploitation,3.0,0.05,map50,0.6897
yolo11m,C_finetuned_supervised,grid_search,4.0,0.0,map50,0.735
yolo11n,A_unfinetuned,baseline,0.0,0.0,map50,0.0007
yolo11n,A_unfinetuned,bo_exploration,3.0,0.52,map50,0.7155
yolo11n,A_unfinetuned,bo_exploitation,2.0,0.62,map50,0.5535
yolo11n,A_unfinetuned,grid_search,4.0,0.5,map50,0.7381
yolo11n,B_finetuned_unsupervised,baseline,0.0,0.0,map50,0.0
yolo11n,B_finetuned_unsupervised,bo_exploration,3.0,0.62,map50,0.7528
yolo11n,B_finetuned_unsupervised,bo_exploitation,2.0,0.62,map50,0.6059
yolo11n,B_finetuned_unsupervised,grid_search,4.0,0.5,map50,0.794
yolo11n,C_finetuned_supervised,bo_exploration,3.0,-0.01,map50,0.7483
yolo11n,C_finetuned_supervised,bo_exploitation,3.0,0.29,map50,0.7559
yolo11n,C_finetuned_supervised,grid_search,4.0,0.0,map50,0.818
yolo11m,A_unfinetuned,baseline,0.0,0.0,map50,0.0005
yolo11m,A_unfinetuned,bo_exploration,2.0,0.61,map50,0.4642
yolo11m,A_unfinetuned,bo_exploitation,3.0,0.3,map50,0.5692
yolo11m,A_unfinetuned,grid_search,4.0,0.5,map50,0.5798
yolo11m,B_finetuned_unsupervised,baseline,0.0,0.0,map50,0.0005
yolo11m,B_finetuned_unsupervised,bo_exploration,2.0,0.38,map50,0.5788
yolo11m,B_finetuned_unsupervised,bo_exploitation,2.0,-0.11,map50,0.5873
yolo11m,B_finetuned_unsupervised,grid_search,4.0,0.5,map50,0.7162
yolo11m,C_finetuned_supervised,bo_exploration,3.0,-0.11,map50,0.6903
yolo11m,C_finetuned_supervised,bo_exploitation,3.0,-0.1,map50,0.6903
yolo11m,C_finetuned_supervised,grid_search,4.0,0.0,map50,0.7355
yolo11n,A_unfinetuned,baseline,0.0,0.0,map50,0.0019
yolo11n,A_unfinetuned,bo_exploration,3.0,0.52,map50,0.6901
yolo11n,A_unfinetuned,bo_exploitation,2.0,0.45,map50,0.5362
yolo11n,A_unfinetuned,grid_search,4.0,0.5,map50,0.7323
yolo11n,B_finetuned_unsupervised,baseline,0.0,0.0,map50,0.0
yolo11n,B_finetuned_unsupervised,bo_exploration,4.0,0.62,map50,0.794
yolo11n,B_finetuned_unsupervised,bo_exploitation,4.0,0.31,map50,0.8016
yolo11n,B_finetuned_unsupervised,grid_search,4.0,0.5,map50,0.794
yolo11n,C_finetuned_supervised,bo_exploration,3.0,-0.12,map50,0.7477
yolo11n,C_finetuned_supervised,bo_exploitation,4.0,0.56,map50,0.794
yolo11n,C_finetuned_supervised,grid_search,4.0,0.0,map50,0.8179
yolo11m,A_unfinetuned,baseline,0.0,0.0,map50,0.0
yolo11m,A_unfinetuned,bo_exploration,2.0,0.61,map50,0.5057
yolo11m,A_unfinetuned,bo_exploitation,4.0,0.36,map50,0.6799
yolo11m,A_unfinetuned,grid_search,4.0,0.5,map50,0.6746
yolo11m,B_finetuned_unsupervised,baseline,0.0,0.0,map50,0.0005
yolo11m,B_finetuned_unsupervised,bo_exploration,4.0,0.62,map50,0.7167
yolo11m,B_finetuned_unsupervised,bo_exploitation,1.0,0.27,map50,0.0248
yolo11m,B_finetuned_unsupervised,grid_search,4.0,0.5,map50,0.7167
yolo11m,C_finetuned_supervised,bo_exploration,4.0,-0.12,map50,0.7357
yolo11m,C_finetuned_supervised,bo_exploitation,3.0,0.11,map50,0.6901
yolo11m,C_finetuned_supervised,grid_search,4.0,0.0,map50,0.7357
rtdetr-l,A_unfinetuned,baseline,0.0,0.0,map50,0.0012
rtdetr-l,A_unfinetuned,bo_exploration,2.0,0.5,map50,0.3959
rtdetr-l,A_unfinetuned,bo_exploitation,2.0,0.07,map50,0.4021
rtdetr-l,A_unfinetuned,grid_search,4.0,0.5,map50,0.5823
rtdetr-l,B_finetuned_unsupervised,baseline,0.0,0.0,map50,0.0008
rtdetr-l,B_finetuned_unsupervised,bo_exploration,3.0,0.62,map50,0.7703
rtdetr-l,B_finetuned_unsupervised,bo_exploitation,4.0,0.46,map50,0.7967
rtdetr-l,B_finetuned_unsupervised,grid_search,4.0,0.5,map50,0.7967
rtdetr-l,C_finetuned_supervised,bo_exploration,3.0,0.02,map50,0.7622
rtdetr-l,C_finetuned_supervised,bo_exploitation,2.0,0.19,map50,0.6068
rtdetr-l,C_finetuned_supervised,grid_search,4.0,0.0,map50,0.8073
yolo11n,A_unfinetuned,baseline,0.0,0.0,map50,0.001
yolo11n,A_unfinetuned,bo_exploration,2.0,0.18,map50,0.5136
yolo11n,A_unfinetuned,bo_exploitation,3.0,0.43,map50,0.6552
yolo11n,A_unfinetuned,grid_search,4.0,0.5,map50,0.6833
yolo11n,B_finetuned_unsupervised,baseline,0.0,0.0,map50,0.0
yolo11n,B_finetuned_unsupervised,bo_exploration,4.0,0.49,map50,0.7938
yolo11n,B_finetuned_unsupervised,bo_exploitation,1.0,0.18,map50,0.0471
yolo11n,B_finetuned_unsupervised,grid_search,4.0,0.5,map50,0.7938
yolo11n,C_finetuned_supervised,bo_exploration,3.0,0.18,map50,0.7558
yolo11n,C_finetuned_supervised,bo_exploitation,3.0,0.3,map50,0.7558
yolo11n,C_finetuned_supervised,grid_search,4.0,0.0,map50,0.818
yolo11m,A_unfinetuned,baseline,0.0,0.0,map50,0.0007
yolo11m,A_unfinetuned,bo_exploration,4.0,0.45,map50,0.655
yolo11m,A_unfinetuned,bo_exploitation,4.0,0.18,map50,0.6571
yolo11m,A_unfinetuned,grid_search,4.0,0.5,map50,0.655
yolo11m,B_finetuned_unsupervised,baseline,0.0,0.0,map50,0.0005
yolo11m,B_finetuned_unsupervised,bo_exploration,2.0,0.55,map50,0.5783
yolo11m,B_finetuned_unsupervised,bo_exploitation,4.0,0.45,map50,0.7157
yolo11m,B_finetuned_unsupervised,grid_search,4.0,0.5,map50,0.7157
yolo11m,C_finetuned_supervised,bo_exploration,3.0,0.57,map50,0.6954
yolo11m,C_finetuned_supervised,bo_exploitation,4.0,0.09,map50,0.7351
yolo11m,C_finetuned_supervised,grid_search,4.0,0.0,map50,0.7351
rtdetr-l,A_unfinetuned,baseline,0.0,0.0,map50,0.0002
rtdetr-l,A_unfinetuned,bo_exploration,3.0,-0.05,map50,0.5668
rtdetr-l,A_unfinetuned,bo_exploitation,3.0,0.47,map50,0.5752
rtdetr-l,A_unfinetuned,grid_search,4.0,0.5,map50,0.6056
rtdetr-l,B_finetuned_unsupervised,baseline,0.0,0.0,map50,0.0004
rtdetr-l,B_finetuned_unsupervised,bo_exploration,4.0,0.55,map50,0.6463
rtdetr-l,B_finetuned_unsupervised,bo_exploitation,4.0,0.09,map50,0.6616
rtdetr-l,B_finetuned_unsupervised,grid_search,4.0,0.5,map50,0.6463
rtdetr-l,C_finetuned_supervised,bo_exploration,3.0,-0.12,map50,0.6123
rtdetr-l,C_finetuned_supervised,bo_exploitation,3.0,-0.03,map50,0.6123
rtdetr-l,C_finetuned_supervised,grid_search,4.0,0.0,map50,0.6616
yolo11n,A_unfinetuned,baseline,0.0,0.0,map50,0.0008
yolo11n,A_unfinetuned,bo_exploration,4.0,0.45,map50,0.7599
yolo11n,A_unfinetuned,bo_exploitation,3.0,0.03,map50,0.7339
yolo11n,A_unfinetuned,grid_search,4.0,0.5,map50,0.7599
yolo11n,B_finetuned_unsupervised,baseline,0.0,0.0,map50,0.0
yolo11n,B_finetuned_unsupervised,bo_exploration,4.0,0.62,map50,0.7947
yolo11n,B_finetuned_unsupervised,bo_exploitation,4.0,0.58,map50,0.7947
yolo11n,B_finetuned_unsupervised,grid_search,4.0,0.5,map50,0.7947
yolo11n,C_finetuned_supervised,bo_exploration,1.0,0.02,map50,0.0464
yolo11n,C_finetuned_supervised,bo_exploitation,4.0,0.08,map50,0.8184
yolo11n,C_finetuned_supervised,grid_search,4.0,0.0,map50,0.8184
yolo11m,A_unfinetuned,baseline,0.0,0.0,map50,0.0
yolo11m,A_unfinetuned,bo_exploration,4.0,-0.12,map50,0.7687
yolo11m,A_unfinetuned,bo_exploitation,2.0,0.53,map50,0.5778
yolo11m,A_unfinetuned,grid_search,4.0,0.5,map50,0.7524
yolo11m,B_finetuned_unsupervised,baseline,0.0,0.0,map50,0.0
yolo11m,B_finetuned_unsupervised,bo_exploration,2.0,0.21,map50,0.619
yolo11m,B_finetuned_unsupervised,bo_exploitation,4.0,-0.1,map50,0.7869
yolo11m,B_finetuned_unsupervised,grid_search,4.0,0.5,map50,0.7712
yolo11m,C_finetuned_supervised,bo_exploration,4.0,0.09,map50,0.7869
yolo11m,C_finetuned_supervised,bo_exploitation,2.0,0.28,map50,0.619
yolo11m,C_finetuned_supervised,grid_search,4.0,0.0,map50,0.7869
rtdetr-l,A_unfinetuned,baseline,0.0,0.0,map50,0.0002
rtdetr-l,A_unfinetuned,bo_exploration,3.0,0.21,map50,0.6329
rtdetr-l,A_unfinetuned,bo_exploitation,2.0,0.21,map50,0.4639
rtdetr-l,A_unfinetuned,grid_search,4.0,0.5,map50,0.6623
rtdetr-l,B_finetuned_unsupervised,baseline,0.0,0.0,map50,0.0023
rtdetr-l,B_finetuned_unsupervised,bo_exploration,3.0,0.62,map50,0.6821
rtdetr-l,B_finetuned_unsupervised,bo_exploitation,4.0,0.52,map50,0.7078
rtdetr-l,B_finetuned_unsupervised,grid_search,4.0,0.5,map50,0.7078
rtdetr-l,C_finetuned_supervised,bo_exploration,2.0,0.01,map50,0.5381
yolo11n,A_unfinetuned,baseline,0.0,0.0,map50,0.0
yolo11n,A_unfinetuned,bo_exploration,3.0,0.55,map50,0.7374
yolo11n,A_unfinetuned,bo_exploitation,3.0,0.14,map50,0.7429
yolo11n,A_unfinetuned,grid_search,4.0,0.5,map50,0.7743
yolo11n,B_finetuned_unsupervised,baseline,0.0,0.0,map50,0.0
yolo11n,B_finetuned_unsupervised,bo_exploration,4.0,0.62,map50,0.7941
yolo11n,B_finetuned_unsupervised,bo_exploitation,2.0,0.59,map50,0.6051
yolo11n,B_finetuned_unsupervised,grid_search,4.0,0.5,map50,0.7941
yolo11n,C_finetuned_supervised,bo_exploration,3.0,-0.01,map50,0.7479
yolo11n,C_finetuned_supervised,bo_exploitation,3.0,0.4,map50,0.7523
yolo11n,C_finetuned_supervised,grid_search,4.0,0.0,map50,0.8177
yolo11m,A_unfinetuned,baseline,0.0,0.0,map50,0.0007
yolo11m,A_unfinetuned,bo_exploration,3.0,0.34,map50,0.6365
yolo11m,A_unfinetuned,bo_exploitation,2.0,0.45,map50,0.527
yolo11m,A_unfinetuned,grid_search,4.0,0.5,map50,0.6462
yolo11m,B_finetuned_unsupervised,baseline,0.0,0.0,map50,0.0005
yolo11m,B_finetuned_unsupervised,bo_exploration,4.0,0.44,map50,0.7154
yolo11m,B_finetuned_unsupervised,bo_exploitation,2.0,0.33,map50,0.5789
yolo11m,B_finetuned_unsupervised,grid_search,4.0,0.5,map50,0.7154
yolo11m,C_finetuned_supervised,bo_exploration,4.0,-0.12,map50,0.7344
yolo11m,C_finetuned_supervised,bo_exploitation,3.0,0.31,map50,0.6944
yolo11m,C_finetuned_supervised,grid_search,4.0,0.0,map50,0.7344
rtdetr-l,A_unfinetuned,baseline,0.0,0.0,map50,0.0018
rtdetr-l,A_unfinetuned,bo_exploration,2.0,0.46,map50,0.4963
rtdetr-l,A_unfinetuned,bo_exploitation,3.0,0.57,map50,0.6361
rtdetr-l,A_unfinetuned,grid_search,4.0,0.5,map50,0.6576
rtdetr-l,B_finetuned_unsupervised,baseline,0.0,0.0,map50,0.0002
rtdetr-l,B_finetuned_unsupervised,bo_exploration,4.0,0.62,map50,0.7611
rtdetr-l,B_finetuned_unsupervised,bo_exploitation,1.0,0.2,map50,0.003
rtdetr-l,B_finetuned_unsupervised,grid_search,4.0,0.5,map50,0.7611
rtdetr-l,C_finetuned_supervised,bo_exploration,4.0,-0.12,map50,0.7728
rtdetr-l,C_finetuned_supervised,bo_exploitation,4.0,-0.12,map50,0.7728
rtdetr-l,C_finetuned_supervised,grid_search,4.0,0.0,map50,0.7728
rtdetr-l,A_unfinetuned,baseline,0.0,0.0,map50,0.0052
rtdetr-l,A_unfinetuned,bo_exploration,4.0,0.54,map50,0.7095
rtdetr-l,A_unfinetuned,bo_exploitation,3.0,0.44,map50,0.6936
rtdetr-l,A_unfinetuned,grid_search,4.0,0.5,map50,0.7095
rtdetr-l,B_finetuned_unsupervised,baseline,0.0,0.0,map50,0.0006
rtdetr-l,A_unfinetuned,baseline,0.0,0.0,map50,0.0009
rtdetr-l,A_unfinetuned,bo_exploration,3.0,-0.0,map50,0.5891
rtdetr-l,A_unfinetuned,bo_exploitation,2.0,0.55,map50,0.4482
rtdetr-l,A_unfinetuned,grid_search,4.0,0.5,map50,0.6268
rtdetr-l,B_finetuned_unsupervised,baseline,0.0,0.0,map50,0.0005
rtdetr-l,B_finetuned_unsupervised,bo_exploration,4.0,0.62,map50,0.6828
rtdetr-l,B_finetuned_unsupervised,bo_exploitation,2.0,0.41,map50,0.4903
rtdetr-l,B_finetuned_unsupervised,grid_search,4.0,0.5,map50,0.6828
rtdetr-l,C_finetuned_supervised,bo_exploration,3.0,-0.07,map50,0.6437
rtdetr-l,C_finetuned_supervised,bo_exploitation,2.0,0.36,map50,0.4915
rtdetr-l,C_finetuned_supervised,grid_search,4.0,0.0,map50,0.6913
yolo11n,A_unfinetuned,baseline,0.0,0.0,map50,0.0
yolo11n,A_unfinetuned,bo_exploration,4.0,0.62,map50,0.7949
yolo11n,A_unfinetuned,bo_exploitation,3.0,-0.05,map50,0.7617
yolo11n,A_unfinetuned,grid_search,4.0,0.5,map50,0.7949
yolo11n,B_finetuned_unsupervised,baseline,0.0,0.0,map50,0.0
yolo11n,B_finetuned_unsupervised,bo_exploration,4.0,0.62,map50,0.7942
yolo11n,B_finetuned_unsupervised,bo_exploitation,3.0,0.17,map50,0.7559
yolo11n,B_finetuned_unsupervised,grid_search,4.0,0.5,map50,0.7942
yolo11n,C_finetuned_supervised,bo_exploration,3.0,-0.12,map50,0.7485
yolo11n,C_finetuned_supervised,bo_exploitation,3.0,0.14,map50,0.7559
yolo11n,C_finetuned_supervised,grid_search,4.0,0.0,map50,0.8181
yolo11m,A_unfinetuned,baseline,0.0,0.0,map50,0.0001
yolo11m,A_unfinetuned,bo_exploration,3.0,-0.05,map50,0.6594
yolo11m,A_unfinetuned,bo_exploitation,3.0,0.29,map50,0.6659
yolo11m,A_unfinetuned,grid_search,4.0,0.5,map50,0.6832
yolo11m,B_finetuned_unsupervised,baseline,0.0,0.0,map50,0.0005
yolo11m,B_finetuned_unsupervised,bo_exploration,4.0,0.62,map50,0.7162
yolo11n,A_unfinetuned,baseline,0.0,0.0,map50,0.0006
yolo11n,A_unfinetuned,bo_exploration,4.0,0.62,map50,0.6733
yolo11n,A_unfinetuned,bo_exploitation,3.0,0.47,map50,0.661
yolo11n,A_unfinetuned,grid_search,4.0,0.5,map50,0.6733
yolo11n,B_finetuned_unsupervised,baseline,0.0,0.0,map50,0.0
yolo11n,B_finetuned_unsupervised,bo_exploration,3.0,0.48,map50,0.7529
yolo11n,B_finetuned_unsupervised,bo_exploitation,3.0,0.62,map50,0.7529
yolo11n,B_finetuned_unsupervised,grid_search,4.0,0.5,map50,0.7941
yolo11n,C_finetuned_supervised,bo_exploration,3.0,0.02,map50,0.7483
yolo11n,C_finetuned_supervised,bo_exploitation,4.0,0.06,map50,0.8182
yolo11n,C_finetuned_supervised,grid_search,4.0,0.0,map50,0.8182
yolo11m,A_unfinetuned,baseline,0.0,0.0,map50,0.0012
yolo11m,A_unfinetuned,bo_exploration,3.0,0.62,map50,0.6399
yolo11m,A_unfinetuned,bo_exploitation,3.0,0.44,map50,0.6399
yolo11m,A_unfinetuned,grid_search,4.0,0.5,map50,0.6603
yolo11m,B_finetuned_unsupervised,baseline,0.0,0.0,map50,0.0002
yolo11m,B_finetuned_unsupervised,bo_exploration,4.0,0.61,map50,0.7122
yolo11m,B_finetuned_unsupervised,bo_exploitation,3.0,0.62,map50,0.6862
yolo11m,B_finetuned_unsupervised,grid_search,4.0,0.5,map50,0.7122
yolo11m,C_finetuned_supervised,bo_exploration,4.0,-0.1,map50,0.7315
yolo11m,C_finetuned_supervised,bo_exploitation,3.0,0.25,map50,0.6887
yolo11m,C_finetuned_supervised,grid_search,4.0,0.0,map50,0.7315
yolo11n,A_unfinetuned,baseline,0.0,0.0,map50,0.0003
yolo11n,A_unfinetuned,bo_exploration,3.0,-0.12,map50,0.6482
yolo11n,A_unfinetuned,bo_exploitation,3.0,0.47,map50,0.6366
yolo11n,A_unfinetuned,grid_search,4.0,0.5,map50,0.6723
yolo11n,B_finetuned_unsupervised,baseline,0.0,0.0,map50,0.0
yolo11n,B_finetuned_unsupervised,bo_exploration,2.0,0.13,map50,0.6044
yolo11n,B_finetuned_unsupervised,bo_exploitation,2.0,0.48,map50,0.6061
yolo11n,B_finetuned_unsupervised,grid_search,4.0,0.5,map50,0.7939
yolo11n,C_finetuned_supervised,bo_exploration,4.0,0.09,map50,0.818
yolo11n,C_finetuned_supervised,bo_exploitation,3.0,-0.12,map50,0.7487
yolo11n,C_finetuned_supervised,grid_search,4.0,0.0,map50,0.818
yolo11m,A_unfinetuned,baseline,0.0,0.0,map50,0.0003
yolo11m,A_unfinetuned,bo_exploration,3.0,0.62,map50,0.6519
yolo11m,A_unfinetuned,bo_exploitation,3.0,0.49,map50,0.6519
yolo11m,A_unfinetuned,grid_search,4.0,0.5,map50,0.6818
yolo11m,B_finetuned_unsupervised,baseline,0.0,0.0,map50,0.0005
yolo11m,B_finetuned_unsupervised,bo_exploration,1.0,0.19,map50,0.0256
yolo11m,B_finetuned_unsupervised,bo_exploitation,4.0,0.53,map50,0.7164
yolo11m,B_finetuned_unsupervised,grid_search,4.0,0.5,map50,0.7164
yolo11m,C_finetuned_supervised,bo_exploration,4.0,0.46,map50,0.7164
yolo11m,C_finetuned_supervised,bo_exploitation,4.0,-0.12,map50,0.7356
yolo11m,C_finetuned_supervised,grid_search,4.0,0.0,map50,0.7356
rtdetr-l,A_unfinetuned,baseline,0.0,0.0,map50,0.001
rtdetr-l,A_unfinetuned,bo_exploration,3.0,0.62,map50,0.6097
rtdetr-l,A_unfinetuned,bo_exploitation,4.0,0.62,map50,0.6395
rtdetr-l,A_unfinetuned,grid_search,4.0,0.5,map50,0.6395
rtdetr-l,B_finetuned_unsupervised,baseline,0.0,0.0,map50,0.0005
rtdetr-l,B_finetuned_unsupervised,bo_exploration,3.0,0.57,map50,0.6889
rtdetr-l,B_finetuned_unsupervised,bo_exploitation,4.0,0.0,map50,0.7288
rtdetr-l,B_finetuned_unsupervised,grid_search,4.0,0.5,map50,0.7226
rtdetr-l,C_finetuned_supervised,bo_exploration,4.0,-0.12,map50,0.7288
rtdetr-l,C_finetuned_supervised,bo_exploitation,4.0,0.52,map50,0.7226
rtdetr-l,C_finetuned_supervised,grid_search,4.0,0.0,map50,0.7288
yolo11n,A_unfinetuned,baseline,0.0,0.0,map50,0.0001
yolo11n,A_unfinetuned,bo_exploration,4.0,0.62,map50,0.7223
yolo11n,A_unfinetuned,bo_exploitation,4.0,0.13,map50,0.7341
yolo11n,A_unfinetuned,grid_search,4.0,0.5,map50,0.7223
yolo11n,B_finetuned_unsupervised,baseline,0.0,0.0,map50,0.0003
yolo11m,A_unfinetuned,baseline,0.0,0.0,map50,0.001
yolo11m,A_unfinetuned,bo_exploration,4.0,0.62,map50,0.6942
yolo11m,A_unfinetuned,bo_exploitation,3.0,0.26,map50,0.6696
yolo11m,A_unfinetuned,grid_search,4.0,0.5,map50,0.6942
yolo11m,B_finetuned_unsupervised,baseline,0.0,0.0,map50,0.0005
yolo11m,B_finetuned_unsupervised,bo_exploration,4.0,0.21,map50,0.719
yolo11m,B_finetuned_unsupervised,bo_exploitation,4.0,0.16,map50,0.719
yolo11m,B_finetuned_unsupervised,grid_search,4.0,0.5,map50,0.7151
yolo11m,C_finetuned_supervised,bo_exploration,3.0,-0.0,map50,0.6889
yolo11m,C_finetuned_supervised,bo_exploitation,2.0,0.14,map50,0.579
yolo11m,C_finetuned_supervised,grid_search,4.0,0.0,map50,0.7345
rtdetr-l,A_unfinetuned,baseline,0.0,0.0,map50,0.0007
rtdetr-l,A_unfinetuned,bo_exploration,4.0,0.62,map50,0.6591
rtdetr-l,A_unfinetuned,bo_exploitation,3.0,0.56,map50,0.6354
rtdetr-l,A_unfinetuned,grid_search,4.0,0.5,map50,0.6591
rtdetr-l,B_finetuned_unsupervised,baseline,0.0,0.0,map50,0.0015
rtdetr-l,B_finetuned_unsupervised,bo_exploration,3.0,0.46,map50,0.5218
rtdetr-l,B_finetuned_unsupervised,bo_exploitation,3.0,0.33,map50,0.5141
rtdetr-l,B_finetuned_unsupervised,grid_search,4.0,0.5,map50,0.554
rtdetr-l,C_finetuned_supervised,bo_exploration,4.0,0.31,map50,0.5516
rtdetr-l,C_finetuned_supervised,bo_exploitation,2.0,0.58,map50,0.3852
rtdetr-l,C_finetuned_supervised,grid_search,4.0,0.5,map50,0.554
yolo11n,A_unfinetuned,baseline,0.0,0.0,map50,0.0
yolo11n,A_unfinetuned,bo_exploration,3.0,0.22,map50,0.7629
yolo11n,A_unfinetuned,bo_exploitation,3.0,0.62,map50,0.7609
yolo11n,A_unfinetuned,grid_search,4.0,0.5,map50,0.786
yolo11n,B_finetuned_unsupervised,baseline,0.0,0.0,map50,0.0
yolo11n,B_finetuned_unsupervised,bo_exploration,3.0,0.62,map50,0.7524
yolo11n,B_finetuned_unsupervised,bo_exploitation,2.0,0.26,map50,0.6033
yolo11n,B_finetuned_unsupervised,grid_search,4.0,0.5,map50,0.7939
yolo11n,C_finetuned_supervised,bo_exploration,2.0,0.36,map50,0.6033
yolo11n,C_finetuned_supervised,bo_exploitation,2.0,0.2,map50,0.6033
yolo11n,C_finetuned_supervised,grid_search,4.0,0.0,map50,0.8179
yolo11m,A_unfinetuned,baseline,0.0,0.0,map50,0.0005
yolo11m,A_unfinetuned,bo_exploration,4.0,0.62,map50,0.6607
yolo11m,A_unfinetuned,bo_exploitation,3.0,0.44,map50,0.6482
yolo11m,A_unfinetuned,grid_search,4.0,0.5,map50,0.6607
yolo11m,B_finetuned_unsupervised,baseline,0.0,0.0,map50,0.0005
yolo11m,B_finetuned_unsupervised,bo_exploration,4.0,0.62,map50,0.716
yolo11m,B_finetuned_unsupervised,bo_exploitation,4.0,0.21,map50,0.7198
yolo11m,B_finetuned_unsupervised,grid_search,4.0,0.5,map50,0.716
yolo11m,C_finetuned_supervised,bo_exploration,3.0,-0.06,map50,0.6894
yolo11m,C_finetuned_supervised,bo_exploitation,1.0,0.56,map50,0.0251
yolo11m,C_finetuned_supervised,grid_search,4.0,0.0,map50,0.7351
rtdetr-l,A_unfinetuned,baseline,0.0,0.0,map50,0.0019
rtdetr-l,A_unfinetuned,bo_exploration,4.0,0.62,map50,0.606
rtdetr-l,A_unfinetuned,bo_exploitation,3.0,0.52,map50,0.5791
rtdetr-l,A_unfinetuned,grid_search,4.0,0.5,map50,0.606
rtdetr-l,B_finetuned_unsupervised,baseline,0.0,0.0,map50,0.0025
rtdetr-l,B_finetuned_unsupervised,bo_exploration,3.0,-0.06,map50,0.6322
rtdetr-l,B_finetuned_unsupervised,bo_exploitation,3.0,0.03,map50,0.6322
rtdetr-l,B_finetuned_unsupervised,grid_search,4.0,0.5,map50,0.6622
rtdetr-l,C_finetuned_supervised,bo_exploration,4.0,-0.05,map50,0.6721
rtdetr-l,C_finetuned_supervised,bo_exploitation,1.0,0.2,map50,0.0103
rtdetr-l,C_finetuned_supervised,grid_search,4.0,0.0,map50,0.6721
yolo11n,A_unfinetuned,baseline,0.0,0.0,map50,0.0002
yolo11n,A_unfinetuned,bo_exploration,3.0,0.24,map50,0.7474
yolo11n,A_unfinetuned,bo_exploitation,2.0,0.15,map50,0.5633
yolo11n,A_unfinetuned,grid_search,4.0,0.5,map50,0.7611
yolo11n,B_finetuned_unsupervised,baseline,0.0,0.0,map50,0.0
yolo11n,B_finetuned_unsupervised,bo_exploration,4.0,0.62,map50,0.7937
yolo11n,B_finetuned_unsupervised,bo_exploitation,3.0,0.52,map50,0.7523
yolo11n,B_finetuned_unsupervised,grid_search,4.0,0.5,map50,0.7937
yolo11n,C_finetuned_supervised,bo_exploration,3.0,-0.05,map50,0.7478
yolo11n,C_finetuned_supervised,bo_exploitation,3.0,0.35,map50,0.7554
yolo11n,C_finetuned_supervised,grid_search,4.0,0.0,map50,0.8176
yolo11m,A_unfinetuned,baseline,0.0,0.0,map50,0.0002
yolo11m,A_unfinetuned,bo_exploration,4.0,0.62,map50,0.5939
yolo11m,A_unfinetuned,bo_exploitation,2.0,0.54,map50,0.4636
yolo11m,A_unfinetuned,grid_search,4.0,0.5,map50,0.5939
yolo11m,B_finetuned_unsupervised,baseline,0.0,0.0,map50,0.0005
yolo11m,B_finetuned_unsupervised,bo_exploration,1.0,0.35,map50,0.0253
yolo11m,B_finetuned_unsupervised,bo_exploitation,3.0,0.45,map50,0.6947
yolo11m,B_finetuned_unsupervised,grid_search,4.0,0.5,map50,0.7152
yolo11m,C_finetuned_supervised,bo_exploration,3.0,0.45,map50,0.6947
yolo11m,C_finetuned_supervised,bo_exploitation,4.0,-0.08,map50,0.7344
yolo11m,C_finetuned_supervised,grid_search,4.0,0.0,map50,0.7344
rtdetr-l,A_unfinetuned,baseline,0.0,0.0,map50,0.0021
rtdetr-l,A_unfinetuned,bo_exploration,2.0,0.61,map50,0.4936
rtdetr-l,A_unfinetuned,bo_exploitation,3.0,0.41,map50,0.6699
rtdetr-l,A_unfinetuned,grid_search,4.0,0.5,map50,0.6981
rtdetr-l,B_finetuned_unsupervised,baseline,0.0,0.0,map50,0.0103
rtdetr-l,B_finetuned_unsupervised,bo_exploration,3.0,0.39,map50,0.6961
rtdetr-l,B_finetuned_unsupervised,bo_exploitation,3.0,-0.08,map50,0.6798
rtdetr-l,B_finetuned_unsupervised,grid_search,4.0,0.5,map50,0.7209
rtdetr-l,C_finetuned_supervised,bo_exploration,2.0,0.36,map50,0.5452
rtdetr-l,C_finetuned_supervised,bo_exploitation,4.0,-0.12,map50,0.7243
rtdetr-l,C_finetuned_supervised,grid_search,4.0,0.0,map50,0.7243
rtdetr-l,A_unfinetuned,baseline,0.0,0.0,map50,0.0009
rtdetr-l,A_unfinetuned,bo_exploration,4.0,0.62,map50,0.6391
rtdetr-l,A_unfinetuned,bo_exploitation,3.0,0.22,map50,0.6108
rtdetr-l,A_unfinetuned,grid_search,4.0,0.5,map50,0.6391
rtdetr-l,B_finetuned_unsupervised,baseline,0.0,0.0,map50,0.0037
rtdetr-l,B_finetuned_unsupervised,bo_exploration,3.0,0.62,map50,0.5591
rtdetr-l,B_finetuned_unsupervised,bo_exploitation,3.0,0.6,map50,0.5591
rtdetr-l,B_finetuned_unsupervised,grid_search,4.0,0.5,map50,0.5945
rtdetr-l,C_finetuned_supervised,bo_exploration,4.0,0.21,map50,0.5914
rtdetr-l,C_finetuned_supervised,bo_exploitation,2.0,0.1,map50,0.4368
rtdetr-l,C_finetuned_supervised,grid_search,4.0,0.0,map50,0.597
rtdetr-l,A_unfinetuned,baseline,0.0,0.0,map50,0.0004
rtdetr-l,A_unfinetuned,bo_exploration,2.0,0.13,map50,0.4227
rtdetr-l,A_unfinetuned,bo_exploitation,4.0,0.38,map50,0.6115
rtdetr-l,A_unfinetuned,grid_search,4.0,0.5,map50,0.6115
rtdetr-l,B_finetuned_unsupervised,baseline,0.0,0.0,map50,0.0012
rtdetr-l,B_finetuned_unsupervised,bo_exploration,3.0,0.62,map50,0.5968
rtdetr-l,B_finetuned_unsupervised,bo_exploitation,4.0,0.0,map50,0.6312
rtdetr-l,B_finetuned_unsupervised,grid_search,4.0,0.5,map50,0.6358
rtdetr-l,C_finetuned_supervised,bo_exploration,4.0,0.05,map50,0.6312
rtdetr-l,C_finetuned_supervised,bo_exploitation,2.0,0.09,map50,0.4363
rtdetr-l,C_finetuned_supervised,grid_search,4.0,0.0,map50,0.6312
yolo11n,A_unfinetuned,baseline,0.0,0.0,precision,0.0
yolo11n,A_unfinetuned,bo_exploration,4.0,0.62,precision,0.8231
yolo11n,A_unfinetuned,bo_exploitation,2.0,0.53,precision,0.7
yolo11n,A_unfinetuned,grid_search,4.0,0.5,precision,0.8231
yolo11n,B_finetuned_unsupervised,baseline,0.0,0.0,precision,0.0
yolo11n,B_finetuned_unsupervised,bo_exploration,3.0,0.34,precision,0.8584
yolo11n,B_finetuned_unsupervised,bo_exploitation,2.0,0.62,precision,0.7927
yolo11n,B_finetuned_unsupervised,grid_search,4.0,0.5,precision,0.8502
yolo11n,C_finetuned_supervised,bo_exploration,4.0,-0.12,precision,0.8643
yolo11n,C_finetuned_supervised,bo_exploitation,3.0,0.29,precision,0.8584
yolo11n,C_finetuned_supervised,grid_search,4.0,0.0,precision,0.8643
yolo11m,A_unfinetuned,baseline,0.0,0.0,precision,0.0005
yolo11m,B_finetuned_unsupervised,baseline,0.0,0.0,precision,0.001
yolo11m,B_finetuned_unsupervised,bo_exploration,3.0,0.41,precision,0.7832
yolo11m,B_finetuned_unsupervised,bo_exploitation,3.0,0.62,precision,0.7832
yolo11m,B_finetuned_unsupervised,grid_search,4.0,0.5,precision,0.7976
yolo11m,C_finetuned_supervised,bo_exploration,4.0,-0.12,precision,0.8029
yolo11n,A_unfinetuned,baseline,0.0,0.0,precision,0.0
yolo11n,A_unfinetuned,bo_exploration,4.0,0.62,precision,0.8326
yolo11n,A_unfinetuned,bo_exploitation,3.0,0.48,precision,0.794
yolo11n,A_unfinetuned,grid_search,4.0,0.5,precision,0.8326
yolo11n,B_finetuned_unsupervised,baseline,0.0,0.0,precision,0.0
yolo11n,B_finetuned_unsupervised,bo_exploration,3.0,0.62,precision,0.8328
yolo11n,B_finetuned_unsupervised,bo_exploitation,1.0,0.54,precision,0.0932
yolo11n,B_finetuned_unsupervised,grid_search,4.0,0.5,precision,0.8499
yolo11n,C_finetuned_supervised,bo_exploration,4.0,-0.12,precision,0.8637
yolo11n,C_finetuned_supervised,bo_exploitation,3.0,0.23,precision,0.8579
yolo11n,C_finetuned_supervised,grid_search,4.0,0.0,precision,0.8637
yolo11m,A_unfinetuned,baseline,0.0,0.0,precision,0.0014
yolo11m,A_unfinetuned,bo_exploration,4.0,0.33,precision,0.7964
yolo11m,A_unfinetuned,bo_exploitation,2.0,0.55,precision,0.7233
yolo11m,A_unfinetuned,grid_search,4.0,0.5,precision,0.7726
yolo11m,B_finetuned_unsupervised,baseline,0.0,0.0,precision,0.001
yolo11m,B_finetuned_unsupervised,bo_exploration,3.0,0.5,precision,0.7825
yolo11m,B_finetuned_unsupervised,bo_exploitation,3.0,0.57,precision,0.7825
yolo11m,B_finetuned_unsupervised,grid_search,4.0,0.5,precision,0.7964
yolo11m,C_finetuned_supervised,bo_exploration,3.0,-0.12,precision,0.7657
yolo11m,C_finetuned_supervised,bo_exploitation,3.0,0.06,precision,0.7657
yolo11m,C_finetuned_supervised,grid_search,4.0,0.0,precision,0.8016
yolo11n,A_unfinetuned,baseline,0.0,0.0,precision,0.0003
yolo11n,A_unfinetuned,bo_exploration,4.0,0.62,precision,0.7716
yolo11n,A_unfinetuned,bo_exploitation,3.0,0.22,precision,0.7755
yolo11n,A_unfinetuned,grid_search,4.0,0.5,precision,0.7716
yolo11n,B_finetuned_unsupervised,baseline,0.0,0.0,precision,0.0
yolo11n,B_finetuned_unsupervised,bo_exploration,4.0,0.62,precision,0.8509
yolo11n,B_finetuned_unsupervised,bo_exploitation,2.0,0.61,precision,0.7932
yolo11n,B_finetuned_unsupervised,grid_search,4.0,0.5,precision,0.8509
yolo11m,A_unfinetuned,baseline,0.0,0.0,precision,0.0003
yolo11m,A_unfinetuned,bo_exploration,4.0,0.09,precision,0.7346
yolo11m,A_unfinetuned,bo_exploitation,3.0,0.4,precision,0.7485
yolo11m,A_unfinetuned,grid_search,4.0,0.5,precision,0.7375
yolo11m,B_finetuned_unsupervised,baseline,0.0,0.0,precision,0.0
yolo11m,B_finetuned_unsupervised,bo_exploration,3.0,0.62,precision,0.8325
yolo11m,B_finetuned_unsupervised,bo_exploitation,4.0,0.39,precision,0.8398
yolo11m,B_finetuned_unsupervised,grid_search,4.0,0.5,precision,0.8398
yolo11m,C_finetuned_supervised,bo_exploration,1.0,0.08,precision,0.0296
yolo11m,C_finetuned_supervised,bo_exploitation,2.0,0.23,precision,0.7795
yolo11m,C_finetuned_supervised,grid_search,4.0,0.0,precision,0.8445
rtdetr-l,A_unfinetuned,baseline,0.0,0.0,precision,0.0004
rtdetr-l,A_unfinetuned,bo_exploration,4.0,0.62,precision,0.7399
rtdetr-l,A_unfinetuned,bo_exploitation,4.0,0.52,precision,0.7399
rtdetr-l,A_unfinetuned,grid_search,4.0,0.5,precision,0.7399
rtdetr-l,B_finetuned_unsupervised,baseline,0.0,0.0,precision,0.0018
rtdetr-l,B_finetuned_unsupervised,bo_exploration,4.0,0.3,precision,0.811
rtdetr-l,B_finetuned_unsupervised,bo_exploitation,2.0,0.42,precision,0.7003
rtdetr-l,B_finetuned_unsupervised,grid_search,4.0,0.5,precision,0.8181
rtdetr-l,C_finetuned_supervised,bo_exploration,4.0,0.0,precision,0.8093
rtdetr-l,C_finetuned_supervised,bo_exploitation,3.0,0.62,precision,0.7969
rtdetr-l,C_finetuned_supervised,grid_search,4.0,0.0,precision,0.8093
yolo11n,A_unfinetuned,baseline,0.0,0.0,precision,0.0007
yolo11n,A_unfinetuned,bo_exploration,3.0,0.39,precision,0.7856
yolo11n,A_unfinetuned,bo_exploitation,4.0,0.14,precision,0.8408
yolo11n,A_unfinetuned,grid_search,4.0,0.5,precision,0.815
yolo11n,B_finetuned_unsupervised,baseline,0.0,0.0,precision,0.0
yolo11n,B_finetuned_unsupervised,bo_exploration,3.0,0.56,precision,0.8325
yolo11n,B_finetuned_unsupervised,bo_exploitation,3.0,0.02,precision,0.8462
yolo11n,B_finetuned_unsupervised,grid_search,4.0,0.5,precision,0.8499
yolo11n,C_finetuned_supervised,bo_exploration,4.0,-0.12,precision,0.8636
yolo11n,C_finetuned_supervised,bo_exploitation,3.0,0.03,precision,0.8462
yolo11n,C_finetuned_supervised,grid_search,4.0,0.0,precision,0.8636
yolo11m,A_unfinetuned,baseline,0.0,0.0,precision,0.001
yolo11m,A_unfinetuned,bo_exploration,4.0,0.61,precision,0.7784
yolo11m,A_unfinetuned,bo_exploitation,4.0,0.54,precision,0.7784
yolo11m,A_unfinetuned,grid_search,4.0,0.5,precision,0.7784
yolo11m,B_finetuned_unsupervised,baseline,0.0,0.0,precision,0.001
yolo11m,B_finetuned_unsupervised,bo_exploration,3.0,0.62,precision,0.7826
yolo11m,B_finetuned_unsupervised,bo_exploitation,3.0,0.51,precision,0.7826
yolo11m,B_finetuned_unsupervised,grid_search,4.0,0.5,precision,0.7966
yolo11m,C_finetuned_supervised,bo_exploration,4.0,0.2,precision,0.7951
yolo11m,C_finetuned_supervised,bo_exploitation,3.0,-0.09,precision,0.7656
yolo11m,C_finetuned_supervised,grid_search,4.0,0.0,precision,0.8016
rtdetr-l,A_unfinetuned,baseline,0.0,0.0,precision,0.0015
rtdetr-l,A_unfinetuned,bo_exploration,3.0,0.13,precision,0.7122
rtdetr-l,A_unfinetuned,bo_exploitation,1.0,0.13,precision,0.0098
rtdetr-l,A_unfinetuned,grid_search,4.0,0.5,precision,0.7085
rtdetr-l,B_finetuned_unsupervised,baseline,0.0,0.0,precision,0.0147
rtdetr-l,B_finetuned_unsupervised,bo_exploration,4.0,0.47,precision,0.7852
rtdetr-l,B_finetuned_unsupervised,bo_exploitation,2.0,0.29,precision,0.6808
rtdetr-l,B_finetuned_unsupervised,grid_search,4.0,0.5,precision,0.7852
rtdetr-l,C_finetuned_supervised,bo_exploration,2.0,0.31,precision,0.6808
rtdetr-l,C_finetuned_supervised,bo_exploitation,4.0,-0.08,precision,0.783
rtdetr-l,C_finetuned_supervised,grid_search,4.0,0.0,precision,0.783
yolo11n,A_unfinetuned,baseline,0.0,0.0,precision,0.0
yolo11n,A_unfinetuned,bo_exploration,4.0,0.62,precision,0.8396
yolo11n,A_unfinetuned,bo_exploitation,3.0,0.62,precision,0.8242
yolo11n,A_unfinetuned,grid_search,4.0,0.5,precision,0.8396
yolo11n,B_finetuned_unsupervised,baseline,0.0,0.0,precision,0.0
yolo11n,B_finetuned_unsupervised,bo_exploration,3.0,0.62,precision,0.8334
yolo11n,B_finetuned_unsupervised,bo_exploitation,3.0,0.62,precision,0.8334
yolo11n,B_finetuned_unsupervised,grid_search,4.0,0.5,precision,0.8507
yolo11n,C_finetuned_supervised,bo_exploration,2.0,0.27,precision,0.7956
yolo11n,C_finetuned_supervised,bo_exploitation,4.0,-0.01,precision,0.8646
yolo11n,C_finetuned_supervised,grid_search,4.0,0.0,precision,0.8646
yolo11m,A_unfinetuned,baseline,0.0,0.0,precision,0.0008
yolo11m,A_unfinetuned,bo_exploration,3.0,0.62,precision,0.781
yolo11m,A_unfinetuned,bo_exploitation,3.0,-0.01,precision,0.7605
yolo11m,A_unfinetuned,grid_search,4.0,0.5,precision,0.7839
yolo11m,B_finetuned_unsupervised,baseline,0.0,0.0,precision,0.001
yolo11m,B_finetuned_unsupervised,bo_exploration,4.0,0.56,precision,0.7977
yolo11m,B_finetuned_unsupervised,bo_exploitation,3.0,0.39,precision,0.7835
yolo11m,B_finetuned_unsupervised,grid_search,4.0,0.5,precision,0.7977
yolo11m,C_finetuned_supervised,bo_exploration,2.0,0.29,precision,0.745
yolo11m,C_finetuned_supervised,bo_exploitation,4.0,-0.12,precision,0.8029
yolo11m,C_finetuned_supervised,grid_search,4.0,0.0,precision,0.8029
rtdetr-l,A_unfinetuned,baseline,0.0,0.0,precision,0.0007
rtdetr-l,A_unfinetuned,bo_exploration,1.0,0.47,precision,0.0056
rtdetr-l,A_unfinetuned,bo_exploitation,1.0,0.4,precision,0.0056
rtdetr-l,A_unfinetuned,grid_search,4.0,0.5,precision,0.7627
rtdetr-l,B_finetuned_unsupervised,baseline,0.0,0.0,precision,0.0011
rtdetr-l,B_finetuned_unsupervised,bo_exploration,3.0,0.62,precision,0.7636
rtdetr-l,B_finetuned_unsupervised,bo_exploitation,2.0,0.45,precision,0.5503
rtdetr-l,B_finetuned_unsupervised,grid_search,4.0,0.5,precision,0.763
rtdetr-l,C_finetuned_supervised,bo_exploration,4.0,-0.12,precision,0.7625
rtdetr-l,C_finetuned_supervised,bo_exploitation,2.0,0.16,precision,0.5644
rtdetr-l,C_finetuned_supervised,grid_search,4.0,0.0,precision,0.7625
yolo11n,A_unfinetuned,baseline,0.0,0.0,precision,0.0
yolo11n,A_unfinetuned,bo_exploration,2.0,0.62,precision,0.7233
yolo11n,A_unfinetuned,bo_exploitation,4.0,0.3,precision,0.8756
yolo11n,A_unfinetuned,grid_search,4.0,0.5,precision,0.8484
yolo11n,B_finetuned_unsupervised,baseline,0.0,0.0,precision,0.0007
yolo11n,B_finetuned_unsupervised,bo_exploration,4.0,0.62,precision,0.8235
yolo11n,B_finetuned_unsupervised,bo_exploitation,4.0,0.62,precision,0.8235
yolo11n,B_finetuned_unsupervised,grid_search,4.0,0.5,precision,0.8235
yolo11n,C_finetuned_supervised,bo_exploration,4.0,-0.12,precision,0.8346
yolo11n,C_finetuned_supervised,bo_exploitation,4.0,-0.06,precision,0.8346
yolo11n,C_finetuned_supervised,grid_search,4.0,0.0,precision,0.8346
yolo11m,A_unfinetuned,baseline,0.0,0.0,precision,0.0002
yolo11m,A_unfinetuned,bo_exploration,3.0,0.38,precision,0.7601
yolo11m,A_unfinetuned,bo_exploitation,1.0,0.36,precision,0.0376
yolo11m,A_unfinetuned,grid_search,4.0,0.5,precision,0.7891
yolo11m,B_finetuned_unsupervised,baseline,0.0,0.0,precision,0.001
yolo11m,B_finetuned_unsupervised,bo_exploration,4.0,0.59,precision,0.7974
yolo11m,B_finetuned_unsupervised,bo_exploitation,3.0,0.18,precision,0.7764
yolo11m,B_finetuned_unsupervised,grid_search,4.0,0.5,precision,0.7974
yolo11m,C_finetuned_supervised,bo_exploration,4.0,-0.12,precision,0.8025
yolo11m,C_finetuned_supervised,bo_exploitation,4.0,-0.12,precision,0.8025
yolo11m,C_finetuned_supervised,grid_search,4.0,0.0,precision,0.8025
rtdetr-l,A_unfinetuned,baseline,0.0,0.0,precision,0.0025
rtdetr-l,A_unfinetuned,bo_exploration,4.0,0.62,precision,0.7746
rtdetr-l,A_unfinetuned,bo_exploitation,1.0,0.37,precision,0.0134
rtdetr-l,A_unfinetuned,grid_search,4.0,0.5,precision,0.7746
rtdetr-l,B_finetuned_unsupervised,baseline,0.0,0.0,precision,0.0005
rtdetr-l,B_finetuned_unsupervised,bo_exploration,3.0,0.44,precision,0.7336
rtdetr-l,B_finetuned_unsupervised,bo_exploitation,3.0,0.62,precision,0.7336
rtdetr-l,B_finetuned_unsupervised,grid_search,4.0,0.5,precision,0.75
rtdetr-l,C_finetuned_supervised,bo_exploration,3.0,-0.12,precision,0.7134
rtdetr-l,C_finetuned_supervised,bo_exploitation,4.0,0.21,precision,0.77
rtdetr-l,C_finetuned_supervised,grid_search,4.0,0.0,precision,0.7515
rtdetr-l,A_unfinetuned,baseline,0.0,0.0,precision,0.0013
rtdetr-l,A_unfinetuned,bo_exploration,4.0,0.5,precision,0.7758
rtdetr-l,A_unfinetuned,bo_exploitation,3.0,0.62,precision,0.7663
rtdetr-l,A_unfinetuned,grid_search,4.0,0.5,precision,0.7758
rtdetr-l,B_finetuned_unsupervised,baseline,0.0,0.0,precision,0.0041
rtdetr-l,B_finetuned_unsupervised,bo_exploration,2.0,0.53,precision,0.6369
rtdetr-l,B_finetuned_unsupervised,bo_exploitation,3.0,0.62,precision,0.7387
rtdetr-l,B_finetuned_unsupervised,grid_search,4.0,0.5,precision,0.7589
rtdetr-l,C_finetuned_supervised,bo_exploration,4.0,-0.12,precision,0.7386
rtdetr-l,C_finetuned_supervised,bo_exploitation,3.0,0.62,precision,0.7387
rtdetr-l,C_finetuned_supervised,grid_search,4.0,0.5,precision,0.7589
rtdetr-l,A_unfinetuned,baseline,0.0,0.0,precision,0.0014
rtdetr-l,B_finetuned_unsupervised,baseline,0.0,0.0,precision,0.0
rtdetr-l,B_finetuned_unsupervised,bo_exploration,4.0,0.62,precision,0.7819
rtdetr-l,B_finetuned_unsupervised,bo_exploitation,4.0,0.51,precision,0.7819
rtdetr-l,B_finetuned_unsupervised,grid_search,4.0,0.5,precision,0.7819
rtdetr-l,C_finetuned_supervised,bo_exploration,3.0,-0.12,precision,0.7487
rtdetr-l,C_finetuned_supervised,bo_exploitation,2.0,0.05,precision,0.6645
rtdetr-l,C_finetuned_supervised,grid_search,4.0,0.0,precision,0.7901
yolo11n,A_unfinetuned,baseline,0.0,0.0,precision,0.0
yolo11n,A_unfinetuned,bo_exploration,4.0,0.62,precision,0.8618
yolo11n,A_unfinetuned,bo_exploitation,3.0,0.52,precision,0.8414
yolo11n,A_unfinetuned,grid_search,4.0,0.5,precision,0.8618
yolo11n,B_finetuned_unsupervised,baseline,0.0,0.0,precision,0.0
yolo11n,B_finetuned_unsupervised,bo_exploration,3.0,0.62,precision,0.8328
yolo11n,B_finetuned_unsupervised,bo_exploitation,3.0,0.47,precision,0.8328
yolo11n,B_finetuned_unsupervised,grid_search,4.0,0.5,precision,0.8502
yolo11n,C_finetuned_supervised,bo_exploration,1.0,0.23,precision,0.0939
yolo11n,C_finetuned_supervised,bo_exploitation,3.0,-0.12,precision,0.8467
yolo11n,C_finetuned_supervised,grid_search,4.0,0.0,precision,0.864
yolo11m,A_unfinetuned,baseline,0.0,0.0,precision,0.0
yolo11m,A_unfinetuned,bo_exploration,1.0,0.62,precision,0.0368
yolo11m,A_unfinetuned,bo_exploitation,3.0,0.62,precision,0.7886
yolo11m,A_unfinetuned,grid_search,4.0,0.5,precision,0.8131
yolo11m,B_finetuned_unsupervised,baseline,0.0,0.0,precision,0.001
yolo11m,B_finetuned_unsupervised,bo_exploration,2.0,0.33,precision,0.7454
yolo11m,B_finetuned_unsupervised,bo_exploitation,1.0,-0.02,precision,0.0507
yolo11m,B_finetuned_unsupervised,grid_search,4.0,0.5,precision,0.7973
yolo11n,A_unfinetuned,baseline,0.0,0.0,precision,0.0
yolo11n,A_unfinetuned,bo_exploration,4.0,0.62,precision,0.7961
yolo11n,A_unfinetuned,bo_exploitation,3.0,0.52,precision,0.7941
yolo11n,A_unfinetuned,grid_search,4.0,0.5,precision,0.7961
yolo11n,B_finetuned_unsupervised,baseline,0.0,0.0,precision,0.0007
yolo11n,B_finetuned_unsupervised,bo_exploration,1.0,0.05,precision,0.0375
yolo11n,B_finetuned_unsupervised,bo_exploitation,3.0,0.61,precision,0.7789
yolo11n,B_finetuned_unsupervised,grid_search,4.0,0.5,precision,0.8235
yolo11n,C_finetuned_supervised,bo_exploration,3.0,0.02,precision,0.7769
yolo11n,C_finetuned_supervised,bo_exploitation,3.0,-0.08,precision,0.7769
yolo11n,C_finetuned_supervised,grid_search,4.0,0.0,precision,0.8346
yolo11m,A_unfinetuned,baseline,0.0,0.0,precision,0.0
yolo11m,A_unfinetuned,bo_exploration,2.0,0.58,precision,0.6408
yolo11m,B_finetuned_unsupervised,baseline,0.0,0.0,precision,0.001
yolo11m,B_finetuned_unsupervised,bo_exploration,4.0,0.19,precision,0.7959
yolo11m,B_finetuned_unsupervised,bo_exploitation,2.0,0.54,precision,0.7404
yolo11m,B_finetuned_unsupervised,grid_search,4.0,0.5,precision,0.7974
yolo11m,C_finetuned_supervised,bo_exploration,4.0,-0.12,precision,0.8025
yolo11m,C_finetuned_supervised,bo_exploitation,3.0,0.03,precision,0.7665
yolo11m,C_finetuned_supervised,grid_search,4.0,0.0,precision,0.8025
yolo11n,A_unfinetuned,baseline,0.0,0.0,precision,0.0
yolo11n,A_unfinetuned,bo_exploration,4.0,0.62,precision,0.8424
yolo11n,A_unfinetuned,bo_exploitation,3.0,0.32,precision,0.831
yolo11n,A_unfinetuned,grid_search,4.0,0.5,precision,0.8424
yolo11n,B_finetuned_unsupervised,baseline,0.0,0.0,precision,0.0
yolo11n,B_finetuned_unsupervised,bo_exploration,3.0,-0.12,precision,0.8462
yolo11n,B_finetuned_unsupervised,bo_exploitation,2.0,0.18,precision,0.7949
yolo11n,B_finetuned_unsupervised,grid_search,4.0,0.5,precision,0.8499
yolo11n,C_finetuned_supervised,bo_exploration,4.0,-0.01,precision,0.8637
yolo11n,C_finetuned_supervised,bo_exploitation,3.0,0.35,precision,0.8579
yolo11n,C_finetuned_supervised,grid_search,4.0,0.0,precision,0.8637
yolo11m,A_unfinetuned,baseline,0.0,0.0,precision,0.0004
yolo11m,A_unfinetuned,bo_exploration,3.0,0.62,precision,0.7157
yolo11m,A_unfinetuned,bo_exploitation,2.0,-0.01,precision,0.6357
yolo11m,A_unfinetuned,grid_search,4.0,0.5,precision,0.7421
yolo11m,B_finetuned_unsupervised,baseline,0.0,0.0,precision,0.001
yolo11m,B_finetuned_unsupervised,bo_exploration,1.0,0.23,precision,0.0502
yolo11m,B_finetuned_unsupervised,bo_exploitation,1.0,0.17,precision,0.0502
yolo11m,B_finetuned_unsupervised,grid_search,4.0,0.5,precision,0.7964
yolo11m,C_finetuned_supervised,bo_exploration,2.0,-0.12,precision,0.763
yolo11m,C_finetuned_supervised,bo_exploitation,2.0,0.27,precision,0.7445
yolo11m,C_finetuned_supervised,grid_search,4.0,0.0,precision,0.8016
rtdetr-l,A_unfinetuned,baseline,0.0,0.0,precision,0.0031
rtdetr-l,A_unfinetuned,bo_exploration,4.0,-0.12,precision,0.7701
rtdetr-l,A_unfinetuned,bo_exploitation,3.0,-0.02,precision,0.7489
rtdetr-l,A_unfinetuned,grid_search,4.0,0.5,precision,0.7588
rtdetr-l,B_finetuned_unsupervised,baseline,0.0,0.0,precision,0.0164
rtdetr-l,B_finetuned_unsupervised,bo_exploration,2.0,-0.05,precision,0.6608
rtdetr-l,B_finetuned_unsupervised,bo_exploitation,2.0,0.56,precision,0.6327
rtdetr-l,B_finetuned_unsupervised,grid_search,4.0,0.5,precision,0.7539
rtdetr-l,C_finetuned_supervised,bo_exploration,4.0,-0.12,precision,0.7524
rtdetr-l,C_finetuned_supervised,bo_exploitation,4.0,-0.09,precision,0.7524
rtdetr-l,C_finetuned_supervised,grid_search,4.0,0.0,precision,0.7524
yolo11n,A_unfinetuned,baseline,0.0,0.0,precision,0.0
yolo11n,A_unfinetuned,bo_exploration,3.0,-0.12,precision,0.81
yolo11n,A_unfinetuned,bo_exploitation,3.0,0.62,precision,0.8207
yolo11n,A_unfinetuned,grid_search,4.0,0.5,precision,0.789
yolo11n,B_finetuned_unsupervised,baseline,0.0,0.0,precision,0.0
yolo11n,B_finetuned_unsupervised,bo_exploration,2.0,0.62,precision,0.7924
yolo11n,B_finetuned_unsupervised,bo_exploitation,1.0,0.56,precision,0.0931
yolo11n,B_finetuned_unsupervised,grid_search,4.0,0.5,precision,0.8504
yolo11n,C_finetuned_supervised,bo_exploration,3.0,0.53,precision,0.8334
yolo11n,C_finetuned_supervised,bo_exploitation,2.0,0.35,precision,0.7951
yolo11n,C_finetuned_supervised,grid_search,4.0,0.0,precision,0.8645
yolo11m,A_unfinetuned,baseline,0.0,0.0,precision,0.0008
yolo11m,A_unfinetuned,bo_exploration,4.0,0.2,precision,0.7235
yolo11m,A_unfinetuned,bo_exploitation,3.0,0.04,precision,0.6925
yolo11m,A_unfinetuned,grid_search,4.0,0.5,precision,0.7273
yolo11m,B_finetuned_unsupervised,baseline,0.0,0.0,precision,0.0005
yolo11m,B_finetuned_unsupervised,bo_exploration,2.0,-0.12,precision,0.73
yolo11m,B_finetuned_unsupervised,bo_exploitation,3.0,0.58,precision,0.7681
yolo11m,B_finetuned_unsupervised,grid_search,4.0,0.5,precision,0.7922
yolo11m,C_finetuned_supervised,bo_exploration,4.0,-0.12,precision,0.7973
yolo11m,C_finetuned_supervised,bo_exploitation,4.0,-0.09,precision,0.7973
yolo11m,C_finetuned_supervised,grid_search,4.0,0.0,precision,0.7973
rtdetr-l,A_unfinetuned,baseline,0.0,0.0,precision,0.0114
rtdetr-l,A_unfinetuned,bo_exploration,4.0,0.6,precision,0.7486
rtdetr-l,A_unfinetuned,bo_exploitation,2.0,0.09,precision,0.6447
rtdetr-l,A_unfinetuned,grid_search,4.0,0.5,precision,0.7486
rtdetr-l,B_finetuned_unsupervised,baseline,0.0,0.0,precision,0.0027
rtdetr-l,B_finetuned_unsupervised,bo_exploration,3.0,0.62,precision,0.7801
rtdetr-l,B_finetuned_unsupervised,bo_exploitation,4.0,0.41,precision,0.8049
rtdetr-l,B_finetuned_unsupervised,grid_search,4.0,0.5,precision,0.8049
rtdetr-l,C_finetuned_supervised,bo_exploration,3.0,-0.12,precision,0.72
rtdetr-l,C_finetuned_supervised,bo_exploitation,3.0,0.28,precision,0.7676
rtdetr-l,C_finetuned_supervised,grid_search,4.0,0.25,precision,0.7946
yolo11n,A_unfinetuned,baseline,0.0,0.0,precision,0.0021
yolo11n,A_unfinetuned,bo_exploration,4.0,0.62,precision,0.8207
yolo11n,A_unfinetuned,bo_exploitation,3.0,0.26,precision,0.8027
yolo11n,A_unfinetuned,grid_search,4.0,0.5,precision,0.8207
yolo11n,B_finetuned_unsupervised,baseline,0.0,0.0,precision,0.0
yolo11n,B_finetuned_unsupervised,bo_exploration,4.0,0.62,precision,0.8502
yolo11n,B_finetuned_unsupervised,bo_exploitation,3.0,0.36,precision,0.8584
yolo11n,B_finetuned_unsupervised,grid_search,4.0,0.5,precision,0.8502
yolo11n,C_finetuned_supervised,bo_exploration,4.0,-0.12,precision,0.8643
yolo11n,C_finetuned_supervised,bo_exploitation,3.0,-0.12,precision,0.847
yolo11n,C_finetuned_supervised,grid_search,4.0,0.0,precision,0.8643
yolo11m,A_unfinetuned,baseline,0.0,0.0,precision,0.0016
yolo11m,A_unfinetuned,bo_exploration,3.0,0.62,precision,0.7998
yolo11m,A_unfinetuned,bo_exploitation,3.0,0.62,precision,0.7998
yolo11m,A_unfinetuned,grid_search,4.0,0.5,precision,0.7959
yolo11m,B_finetuned_unsupervised,baseline,0.0,0.0,precision,0.001
yolo11m,B_finetuned_unsupervised,bo_exploration,4.0,0.62,precision,0.797
yolo11m,B_finetuned_unsupervised,bo_exploitation,3.0,0.62,precision,0.783
yolo11m,B_finetuned_unsupervised,grid_search,4.0,0.5,precision,0.797
yolo11m,C_finetuned_supervised,bo_exploration,2.0,0.62,precision,0.7402
yolo11m,C_finetuned_supervised,bo_exploitation,4.0,0.08,precision,0.802
yolo11m,C_finetuned_supervised,grid_search,4.0,0.0,precision,0.802
rtdetr-l,A_unfinetuned,baseline,0.0,0.0,precision,0.0036
rtdetr-l,A_unfinetuned,bo_exploration,4.0,0.62,precision,0.7765
rtdetr-l,A_unfinetuned,bo_exploitation,2.0,0.61,precision,0.6431
rtdetr-l,A_unfinetuned,grid_search,4.0,0.5,precision,0.7765
rtdetr-l,B_finetuned_unsupervised,baseline,0.0,0.0,precision,0.0003
rtdetr-l,B_finetuned_unsupervised,bo_exploration,4.0,0.21,precision,0.8496
rtdetr-l,B_finetuned_unsupervised,bo_exploitation,1.0,0.56,precision,0.006
rtdetr-l,B_finetuned_unsupervised,grid_search,4.0,0.5,precision,0.8385
rtdetr-l,C_finetuned_supervised,bo_exploration,4.0,-0.12,precision,0.8376
rtdetr-l,C_finetuned_supervised,bo_exploitation,4.0,0.23,precision,0.8496
rtdetr-l,C_finetuned_supervised,grid_search,4.0,0.0,precision,0.8376
yolo11n,A_unfinetuned,baseline,0.0,0.0,precision,0.0007
yolo11n,A_unfinetuned,bo_exploration,2.0,0.62,precision,0.722
yolo11n,A_unfinetuned,bo_exploitation,2.0,0.39,precision,0.722
yolo11n,A_unfinetuned,grid_search,4.0,0.5,precision,0.8133
yolo11n,B_finetuned_unsupervised,baseline,0.0,0.0,precision,0.0008
yolo11n,B_finetuned_unsupervised,bo_exploration,3.0,0.62,precision,0.791
yolo11n,B_finetuned_unsupervised,bo_exploitation,3.0,-0.01,precision,0.7904
yolo11n,B_finetuned_unsupervised,grid_search,4.0,0.5,precision,0.8156
yolo11n,C_finetuned_supervised,bo_exploration,4.0,-0.12,precision,0.8334
yolo11n,C_finetuned_supervised,bo_exploitation,4.0,-0.12,precision,0.8334
yolo11n,C_finetuned_supervised,grid_search,4.0,0.0,precision,0.8334
yolo11m,A_unfinetuned,baseline,0.0,0.0,precision,0.0
yolo11m,A_unfinetuned,bo_exploration,3.0,0.27,precision,0.8009
yolo11m,A_unfinetuned,bo_exploitation,3.0,0.62,precision,0.7751
yolo11m,A_unfinetuned,grid_search,4.0,0.5,precision,0.8211
yolo11m,B_finetuned_unsupervised,baseline,0.0,0.0,precision,0.0
yolo11m,B_finetuned_unsupervised,bo_exploration,4.0,0.12,precision,0.83
yolo11m,B_finetuned_unsupervised,bo_exploitation,4.0,0.62,precision,0.8199
yolo11m,B_finetuned_unsupervised,grid_search,4.0,0.5,precision,0.8199
yolo11m,C_finetuned_supervised,bo_exploration,4.0,-0.12,precision,0.83
yolo11m,C_finetuned_supervised,bo_exploitation,4.0,0.28,precision,0.8178
yolo11m,C_finetuned_supervised,grid_search,4.0,0.25,precision,0.8178
rtdetr-l,A_unfinetuned,baseline,0.0,0.0,precision,0.0045
rtdetr-l,A_unfinetuned,bo_exploration,4.0,0.62,precision,0.7292
rtdetr-l,A_unfinetuned,bo_exploitation,4.0,0.57,precision,0.7292
rtdetr-l,A_unfinetuned,grid_search,4.0,0.5,precision,0.7292
rtdetr-l,B_finetuned_unsupervised,baseline,0.0,0.0,precision,0.0046
rtdetr-l,B_finetuned_unsupervised,bo_exploration,4.0,0.47,precision,0.8138
rtdetr-l,B_finetuned_unsupervised,bo_exploitation,4.0,-0.12,precision,0.7981
rtdetr-l,B_finetuned_unsupervised,grid_search,4.0,0.5,precision,0.8138
rtdetr-l,C_finetuned_supervised,bo_exploration,4.0,-0.08,precision,0.7981
rtdetr-l,C_finetuned_supervised,bo_exploitation,2.0,0.29,precision,0.7128
rtdetr-l,C_finetuned_supervised,grid_search,4.0,0.5,precision,0.8138
rtdetr-l,A_unfinetuned,baseline,0.0,0.0,precision,0.0021
rtdetr-l,A_unfinetuned,bo_exploration,3.0,0.47,precision,0.6705
rtdetr-l,A_unfinetuned,bo_exploitation,3.0,0.51,precision,0.6705
rtdetr-l,A_unfinetuned,grid_search,4.0,0.5,precision,0.7024
rtdetr-l,B_finetuned_unsupervised,baseline,0.0,0.0,precision,0.0178
rtdetr-l,B_finetuned_unsupervised,bo_exploration,3.0,0.12,precision,0.7711
rtdetr-l,B_finetuned_unsupervised,bo_exploitation,4.0,0.55,precision,0.8028
rtdetr-l,B_finetuned_unsupervised,grid_search,4.0,0.5,precision,0.8028
rtdetr-l,C_finetuned_supervised,bo_exploration,4.0,-0.09,precision,0.8019
rtdetr-l,C_finetuned_supervised,bo_exploitation,1.0,0.61,precision,0.0838
rtdetr-l,C_finetuned_supervised,grid_search,4.0,0.0,precision,0.8019
rtdetr-l,A_unfinetuned,baseline,0.0,0.0,precision,0.0016
rtdetr-l,A_unfinetuned,bo_exploration,3.0,0.62,precision,0.7298
rtdetr-l,A_unfinetuned,bo_exploitation,4.0,0.28,precision,0.7523
rtdetr-l,A_unfinetuned,grid_search,4.0,0.5,precision,0.7516
rtdetr-l,B_finetuned_unsupervised,baseline,0.0,0.0,precision,0.0008
yolo11n,A_unfinetuned,baseline,0.0,0.0,precision,0.0
yolo11n,A_unfinetuned,bo_exploration,4.0,0.62,precision,0.827
yolo11n,A_unfinetuned,bo_exploitation,2.0,0.42,precision,0.6477
yolo11n,A_unfinetuned,grid_search,4.0,0.5,precision,0.827
yolo11n,B_finetuned_unsupervised,baseline,0.0,0.0,precision,0.0
yolo11n,B_finetuned_unsupervised,bo_exploration,3.0,0.52,precision,0.8329
yolo11n,B_finetuned_unsupervised,bo_exploitation,4.0,0.56,precision,0.85
yolo11n,B_finetuned_unsupervised,grid_search,4.0,0.5,precision,0.85
yolo11n,C_finetuned_supervised,bo_exploration,4.0,-0.12,precision,0.8642
yolo11n,C_finetuned_supervised,bo_exploitation,4.0,-0.12,precision,0.8642
yolo11n,C_finetuned_supervised,grid_search,4.0,0.0,precision,0.8642
yolo11m,A_unfinetuned,baseline,0.0,0.0,precision,0.0007
yolo11m,A_unfinetuned,bo_exploration,4.0,0.62,precision,0.778
yolo11m,A_unfinetuned,bo_exploitation,3.0,-0.12,precision,0.782
yolo11m,A_unfinetuned,grid_search,4.0,0.5,precision,0.778
yolo11m,B_finetuned_unsupervised,baseline,0.0,0.0,precision,0.001
yolo11m,B_finetuned_unsupervised,bo_exploration,4.0,0.37,precision,0.7953
yolo11m,B_finetuned_unsupervised,bo_exploitation,3.0,0.38,precision,0.7829
yolo11m,B_finetuned_unsupervised,grid_search,4.0,0.5,precision,0.7968
yolo11m,C_finetuned_supervised,bo_exploration,3.0,-0.12,precision,0.766
yolo11m,C_finetuned_supervised,bo_exploitation,3.0,0.32,precision,0.7757
yolo11m,C_finetuned_supervised,grid_search,4.0,0.0,precision,0.802
yolo11n,A_unfinetuned,baseline,0.0,0.0,precision,0.0005
yolo11n,A_unfinetuned,bo_exploration,3.0,0.62,precision,0.8177
yolo11n,A_unfinetuned,bo_exploitation,3.0,0.56,precision,0.8177
yolo11n,A_unfinetuned,grid_search,4.0,0.5,precision,0.8237
yolo11n,B_finetuned_unsupervised,baseline,0.0,0.0,precision,0.0
yolo11n,B_finetuned_unsupervised,bo_exploration,4.0,0.62,precision,0.8503
yolo11n,B_finetuned_unsupervised,bo_exploitation,3.0,0.62,precision,0.8331
yolo11n,B_finetuned_unsupervised,grid_search,4.0,0.5,precision,0.8503
yolo11n,C_finetuned_supervised,bo_exploration,3.0,0.53,precision,0.8331
yolo11n,C_finetuned_supervised,bo_exploitation,3.0,0.02,precision,0.8466
yolo11n,C_finetuned_supervised,grid_search,4.0,0.0,precision,0.8643
yolo11m,A_unfinetuned,baseline,0.0,0.0,precision,0.0
yolo11m,A_unfinetuned,bo_exploration,3.0,0.62,precision,0.7627
yolo11m,A_unfinetuned,bo_exploitation,3.0,0.41,precision,0.7627
yolo11m,A_unfinetuned,grid_search,4.0,0.5,precision,0.8094
yolo11m,B_finetuned_unsupervised,baseline,0.0,0.0,precision,0.001
yolo11m,B_finetuned_unsupervised,bo_exploration,4.0,0.62,precision,0.7969
yolo11m,B_finetuned_unsupervised,bo_exploitation,3.0,-0.12,precision,0.766
yolo11m,B_finetuned_unsupervised,grid_search,4.0,0.5,precision,0.7969
yolo11m,C_finetuned_supervised,bo_exploration,4.0,0.54,precision,0.7969
yolo11m,C_finetuned_supervised,bo_exploitation,3.0,0.28,precision,0.7758
yolo11m,C_finetuned_supervised,grid_search,4.0,0.0,precision,0.8023
yolo11n,A_unfinetuned,baseline,0.0,0.0,precision,0.0023
yolo11n,A_unfinetuned,bo_exploration,1.0,0.36,precision,0.0765
yolo11n,A_unfinetuned,bo_exploitation,4.0,0.62,precision,0.8566
yolo11n,A_unfinetuned,grid_search,4.0,0.5,precision,0.8566
yolo11n,B_finetuned_unsupervised,baseline,0.0,0.0,precision,0.0
yolo11m,A_unfinetuned,baseline,0.0,0.0,precision,0.0018
yolo11m,A_unfinetuned,bo_exploration,4.0,0.62,precision,0.7799
yolo11m,A_unfinetuned,bo_exploitation,1.0,0.34,precision,0.0581
yolo11m,A_unfinetuned,grid_search,4.0,0.5,precision,0.7799
yolo11m,B_finetuned_unsupervised,baseline,0.0,0.0,precision,0.001
yolo11m,B_finetuned_unsupervised,bo_exploration,3.0,0.62,precision,0.7828
yolo11m,B_finetuned_unsupervised,bo_exploitation,1.0,0.19,precision,0.0498
yolo11m,B_finetuned_unsupervised,grid_search,4.0,0.5,precision,0.7969
yolo11m,C_finetuned_supervised,bo_exploration,2.0,0.31,precision,0.7448
yolo11m,C_finetuned_supervised,bo_exploitation,3.0,-0.02,precision,0.766
yolo11m,C_finetuned_supervised,grid_search,4.0,0.0,precision,0.8023
rtdetr-l,A_unfinetuned,baseline,0.0,0.0,precision,0.0008
rtdetr-l,A_unfinetuned,bo_exploration,1.0,0.46,precision,0.0061
rtdetr-l,A_unfinetuned,bo_exploitation,3.0,0.46,precision,0.737
rtdetr-l,A_unfinetuned,grid_search,4.0,0.5,precision,0.7818
rtdetr-l,B_finetuned_unsupervised,baseline,0.0,0.0,precision,0.0212
rtdetr-l,B_finetuned_unsupervised,bo_exploration,3.0,0.62,precision,0.6272
rtdetr-l,B_finetuned_unsupervised,bo_exploitation,1.0,0.3,precision,0.0592
rtdetr-l,B_finetuned_unsupervised,grid_search,4.0,0.5,precision,0.6972
rtdetr-l,C_finetuned_supervised,bo_exploration,4.0,-0.12,precision,0.7043
rtdetr-l,C_finetuned_supervised,bo_exploitation,4.0,-0.06,precision,0.7043
rtdetr-l,C_finetuned_supervised,grid_search,4.0,0.0,precision,0.7043
yolo11n,A_unfinetuned,baseline,0.0,0.0,precision,0.0
yolo11n,B_finetuned_unsupervised,baseline,0.0,0.0,precision,0.0006
yolo11n,B_finetuned_unsupervised,bo_exploration,4.0,0.62,precision,0.8188
yolo11n,B_finetuned_unsupervised,bo_exploitation,4.0,0.62,precision,0.8188
yolo11n,B_finetuned_unsupervised,grid_search,4.0,0.5,precision,0.8188
yolo11n,C_finetuned_supervised,bo_exploration,2.0,-0.05,precision,0.7188
yolo11n,C_finetuned_supervised,bo_exploitation,3.0,0.08,precision,0.7853
yolo11n,C_finetuned_supervised,grid_search,4.0,0.0,precision,0.8316
yolo11m,A_unfinetuned,baseline,0.0,0.0,precision,0.0006
yolo11m,A_unfinetuned,bo_exploration,2.0,0.62,precision,0.6877
yolo11m,A_unfinetuned,bo_exploitation,4.0,0.5,precision,0.8046
yolo11m,A_unfinetuned,grid_search,4.0,0.5,precision,0.8046
yolo11m,B_finetuned_unsupervised,baseline,0.0,0.0,precision,0.001
yolo11m,B_finetuned_unsupervised,bo_exploration,3.0,-0.1,precision,0.7653
yolo11m,B_finetuned_unsupervised,bo_exploitation,3.0,0.62,precision,0.782
yolo11m,B_finetuned_unsupervised,grid_search,4.0,0.5,precision,0.796
yolo11m,C_finetuned_supervised,bo_exploration,2.0,0.43,precision,0.7402
yolo11m,C_finetuned_supervised,bo_exploitation,4.0,-0.07,precision,0.8012
yolo11m,C_finetuned_supervised,grid_search,4.0,0.0,precision,0.8012
rtdetr-l,A_unfinetuned,baseline,0.0,0.0,precision,0.0006
rtdetr-l,A_unfinetuned,bo_exploration,4.0,0.16,precision,0.7735
rtdetr-l,A_unfinetuned,bo_exploitation,4.0,0.58,precision,0.7684
rtdetr-l,A_unfinetuned,grid_search,4.0,0.5,precision,0.7684
rtdetr-l,B_finetuned_unsupervised,baseline,0.0,0.0,precision,0.0012
rtdetr-l,B_finetuned_unsupervised,bo_exploration,4.0,0.62,precision,0.8335
rtdetr-l,B_finetuned_unsupervised,bo_exploitation,3.0,0.4,precision,0.82
rtdetr-l,B_finetuned_unsupervised,grid_search,4.0,0.5,precision,0.8335
rtdetr-l,C_finetuned_supervised,bo_exploration,3.0,-0.12,precision,0.8023
rtdetr-l,C_finetuned_supervised,bo_exploitation,3.0,0.49,precision,0.82
rtdetr-l,C_finetuned_supervised,grid_search,4.0,0.0,precision,0.8446
yolo11n,A_unfinetuned,baseline,0.0,0.0,precision,0.0
yolo11n,A_unfinetuned,bo_exploration,4.0,0.45,precision,0.8251
yolo11n,A_unfinetuned,bo_exploitation,4.0,0.48,precision,0.8251
yolo11n,A_unfinetuned,grid_search,4.0,0.5,precision,0.8251
yolo11n,B_finetuned_unsupervised,baseline,0.0,0.0,precision,0.0005
yolo11n,B_finetuned_unsupervised,bo_exploration,4.0,0.62,precision,0.823
yolo11n,B_finetuned_unsupervised,bo_exploitation,3.0,0.48,precision,0.7969
yolo11n,B_finetuned_unsupervised,grid_search,4.0,0.5,precision,0.823
yolo11n,C_finetuned_supervised,bo_exploration,3.0,-0.12,precision,0.7958
yolo11n,C_finetuned_supervised,bo_exploitation,4.0,-0.12,precision,0.8369
yolo11n,C_finetuned_supervised,grid_search,4.0,0.0,precision,0.8369
yolo11m,A_unfinetuned,baseline,0.0,0.0,precision,0.0008
yolo11m,B_finetuned_unsupervised,baseline,0.0,0.0,precision,0.001
yolo11m,B_finetuned_unsupervised,bo_exploration,3.0,0.62,precision,0.7822
yolo11m,B_finetuned_unsupervised,bo_exploitation,2.0,-0.01,precision,0.7626
yolo11m,B_finetuned_unsupervised,grid_search,4.0,0.5,precision,0.7965
yolo11m,C_finetuned_supervised,bo_exploration,3.0,-0.12,precision,0.7656
yolo11m,C_finetuned_supervised,bo_exploitation,3.0,0.59,precision,0.7822
yolo11m,C_finetuned_supervised,grid_search,4.0,0.0,precision,0.8017
rtdetr-l,A_unfinetuned,baseline,0.0,0.0,precision,0.0018
rtdetr-l,A_unfinetuned,bo_exploration,1.0,0.62,precision,0.0149
rtdetr-l,A_unfinetuned,bo_exploitation,3.0,0.62,precision,0.8145
rtdetr-l,A_unfinetuned,grid_search,4.0,0.5,precision,0.8244
rtdetr-l,B_finetuned_unsupervised,baseline,0.0,0.0,precision,0.0022
rtdetr-l,B_finetuned_unsupervised,bo_exploration,4.0,0.59,precision,0.7896
rtdetr-l,B_finetuned_unsupervised,bo_exploitation,2.0,0.03,precision,0.693
rtdetr-l,B_finetuned_unsupervised,grid_search,4.0,0.5,precision,0.7896
rtdetr-l,C_finetuned_supervised,bo_exploration,4.0,-0.12,precision,0.7902
rtdetr-l,C_finetuned_supervised,bo_exploitation,3.0,-0.07,precision,0.7337
rtdetr-l,C_finetuned_supervised,grid_search,4.0,0.0,precision,0.7902
yolo11n,A_unfinetuned,baseline,0.0,0.0,precision,0.0056
yolo11n,A_unfinetuned,bo_exploration,4.0,0.15,precision,0.7983
yolo11n,A_unfinetuned,bo_exploitation,4.0,0.55,precision,0.7686
yolo11n,A_unfinetuned,grid_search,4.0,0.5,precision,0.7686
yolo11n,B_finetuned_unsupervised,baseline,0.0,0.0,precision,0.0
yolo11n,B_finetuned_unsupervised,bo_exploration,4.0,0.62,precision,0.8496
yolo11n,B_finetuned_unsupervised,bo_exploitation,4.0,0.59,precision,0.8496
yolo11n,B_finetuned_unsupervised,grid_search,4.0,0.5,precision,0.8496
yolo11n,C_finetuned_supervised,bo_exploration,3.0,0.19,precision,0.8581
yolo11n,C_finetuned_supervised,bo_exploitation,4.0,-0.12,precision,0.8639
yolo11n,C_finetuned_supervised,grid_search,4.0,0.0,precision,0.8639
yolo11m,A_unfinetuned,baseline,0.0,0.0,precision,0.0008
yolo11m,A_unfinetuned,bo_exploration,3.0,0.35,precision,0.74
yolo11m,A_unfinetuned,bo_exploitation,3.0,0.21,precision,0.74
yolo11m,A_unfinetuned,grid_search,4.0,0.5,precision,0.7782
yolo11m,B_finetuned_unsupervised,baseline,0.0,0.0,precision,0.001
rtdetr-l,A_unfinetuned,baseline,0.0,0.0,precision,0.0015
rtdetr-l,B_finetuned_unsupervised,baseline,0.0,0.0,precision,0.0049
rtdetr-l,A_unfinetuned,baseline,0.0,0.0,precision,0.0033
rtdetr-l,A_unfinetuned,bo_exploration,2.0,0.35,precision,0.5904
rtdetr-l,A_unfinetuned,bo_exploitation,2.0,-0.03,precision,0.6059
rtdetr-l,A_unfinetuned,grid_search,4.0,0.5,precision,0.7132
rtdetr-l,B_finetuned_unsupervised,baseline,0.0,0.0,precision,0.0007
rtdetr-l,B_finetuned_unsupervised,bo_exploration,2.0,0.48,precision,0.6982
rtdetr-l,B_finetuned_unsupervised,bo_exploitation,4.0,0.47,precision,0.8424
rtdetr-l,B_finetuned_unsupervised,grid_search,4.0,0.5,precision,0.8424
rtdetr-l,C_finetuned_supervised,bo_exploration,4.0,-0.11,precision,0.8517
rtdetr-l,C_finetuned_supervised,bo_exploitation,4.0,0.11,precision,0.8517
rtdetr-l,C_finetuned_supervised,grid_search,4.0,0.0,precision,0.8517
rtdetr-l,A_unfinetuned,baseline,0.0,0.0,precision,0.0032
rtdetr-l,A_unfinetuned,bo_exploration,4.0,0.62,precision,0.7428
rtdetr-l,A_unfinetuned,bo_exploitation,3.0,0.0,precision,0.7096
rtdetr-l,A_unfinetuned,grid_search,4.0,0.5,precision,0.7428
rtdetr-l,B_finetuned_unsupervised,baseline,0.0,0.0,precision,0.001
rtdetr-l,B_finetuned_unsupervised,bo_exploration,3.0,0.62,precision,0.7128
rtdetr-l,B_finetuned_unsupervised,bo_exploitation,4.0,0.43,precision,0.7199
rtdetr-l,B_finetuned_unsupervised,grid_search,4.0,0.5,precision,0.7199
rtdetr-l,C_finetuned_supervised,bo_exploration,4.0,-0.12,precision,0.754
rtdetr-l,C_finetuned_supervised,bo_exploitation,3.0,0.5,precision,0.7128
rtdetr-l,C_finetuned_supervised,grid_search,4.0,0.0,precision,0.754
yolo11n,A_unfinetuned,baseline,0.0,0.0,precision,0.0
yolo11n,A_unfinetuned,bo_exploration,4.0,0.62,precision,0.8141
yolo11n,A_unfinetuned,bo_exploitation,2.0,0.23,precision,0.6485
yolo11n,A_unfinetuned,grid_search,4.0,0.5,precision,0.8141
yolo11n,B_finetuned_unsupervised,baseline,0.0,0.0,precision,0.0
yolo11n,B_finetuned_unsupervised,bo_exploration,2.0,0.58,precision,0.7926
yolo11n,B_finetuned_unsupervised,bo_exploitation,2.0,0.13,precision,0.7953
yolo11n,B_finetuned_unsupervised,grid_search,4.0,0.5,precision,0.8494
yolo11m,A_unfinetuned,baseline,0.0,0.0,precision,0.0
yolo11m,A_unfinetuned,bo_exploration,4.0,-0.12,precision,0.7895
yolo11m,A_unfinetuned,bo_exploitation,4.0,0.45,precision,0.7805
yolo11m,A_unfinetuned,grid_search,4.0,0.5,precision,0.7805
yolo11m,B_finetuned_unsupervised,baseline,0.0,0.0,precision,0.001
yolo11m,B_finetuned_unsupervised,bo_exploration,4.0,0.62,precision,0.7961
yolo11m,B_finetuned_unsupervised,bo_exploitation,1.0,0.33,precision,0.0503
yolo11m,B_finetuned_unsupervised,grid_search,4.0,0.5,precision,0.7961
yolo11m,C_finetuned_supervised,bo_exploration,4.0,-0.12,precision,0.8015
yolo11m,C_finetuned_supervised,bo_exploitation,4.0,0.0,precision,0.8015
yolo11m,C_finetuned_supervised,grid_search,4.0,0.0,precision,0.8015
yolo11n,A_unfinetuned,baseline,0.0,0.0,precision,0.0
yolo11n,A_unfinetuned,bo_exploration,3.0,0.2,precision,0.8103
yolo11n,A_unfinetuned,bo_exploitation,4.0,0.4,precision,0.8041
yolo11n,A_unfinetuned,grid_search,4.0,0.5,precision,0.8041
yolo11n,B_finetuned_unsupervised,baseline,0.0,0.0,precision,0.0006
yolo11n,B_finetuned_unsupervised,bo_exploration,4.0,0.5,precision,0.8195
yolo11n,B_finetuned_unsupervised,bo_exploitation,4.0,0.48,precision,0.8195
yolo11n,B_finetuned_unsupervised,grid_search,4.0,0.5,precision,0.8195
yolo11n,C_finetuned_supervised,bo_exploration,3.0,-0.12,precision,0.7856
yolo11n,C_finetuned_supervised,bo_exploitation,4.0,0.26,precision,0.8197
yolo11n,C_finetuned_supervised,grid_search,4.0,0.0,precision,0.8323
yolo11m,A_unfinetuned,baseline,0.0,0.0,precision,0.001
yolo11m,A_unfinetuned,bo_exploration,4.0,0.62,precision,0.7378
yolo11m,A_unfinetuned,bo_exploitation,3.0,0.62,precision,0.6991
yolo11m,A_unfinetuned,grid_search,4.0,0.5,precision,0.7378
yolo11m,B_finetuned_unsupervised,baseline,0.0,0.0,precision,0.001
yolo11m,B_finetuned_unsupervised,bo_exploration,3.0,0.42,precision,0.7826
yolo11m,B_finetuned_unsupervised,bo_exploitation,2.0,0.48,precision,0.7398
yolo11m,B_finetuned_unsupervised,grid_search,4.0,0.5,precision,0.7967
yolo11m,C_finetuned_supervised,bo_exploration,3.0,-0.12,precision,0.7658
yolo11m,C_finetuned_supervised,bo_exploitation,1.0,0.52,precision,0.05
yolo11m,C_finetuned_supervised,grid_search,4.0,0.0,precision,0.802
yolo11n,A_unfinetuned,baseline,0.0,0.0,precision,0.0
yolo11n,A_unfinetuned,bo_exploration,4.0,0.55,precision,0.7968
yolo11n,A_unfinetuned,bo_exploitation,3.0,0.47,precision,0.7865
yolo11n,A_unfinetuned,grid_search,4.0,0.5,precision,0.7968
yolo11n,B_finetuned_unsupervised,baseline,0.0,0.0,precision,0.0
yolo11n,B_finetuned_unsupervised,bo_exploration,4.0,0.62,precision,0.8497
yolo11n,B_finetuned_unsupervised,bo_exploitation,3.0,0.62,precision,0.8328
yolo11n,B_finetuned_unsupervised,grid_search,4.0,0.5,precision,0.8497
yolo11n,C_finetuned_supervised,bo_exploration,4.0,-0.12,precision,0.8638
yolo11n,C_finetuned_supervised,bo_exploitation,3.0,0.51,precision,0.8328
yolo11n,C_finetuned_supervised,grid_search,4.0,0.0,precision,0.8638
yolo11m,A_unfinetuned,baseline,0.0,0.0,precision,0.004
yolo11m,A_unfinetuned,bo_exploration,4.0,0.62,precision,0.713
yolo11m,A_unfinetuned,bo_exploitation,3.0,0.45,precision,0.6963
yolo11m,A_unfinetuned,grid_search,4.0,0.5,precision,0.713
yolo11m,B_finetuned_unsupervised,baseline,0.0,0.0,precision,0.001
yolo11m,B_finetuned_unsupervised,bo_exploration,3.0,0.39,precision,0.7825
yolo11m,B_finetuned_unsupervised,bo_exploitation,4.0,0.51,precision,0.7965
yolo11m,B_finetuned_unsupervised,grid_search,4.0,0.5,precision,0.7965
yolo11m,C_finetuned_supervised,bo_exploration,4.0,-0.06,precision,0.8019
yolo11m,C_finetuned_supervised,bo_exploitation,4.0,0.5,precision,0.7965
yolo11m,C_finetuned_supervised,grid_search,4.0,0.0,precision,0.8019
rtdetr-l,A_unfinetuned,baseline,0.0,0.0,precision,0.0038
rtdetr-l,A_unfinetuned,bo_exploration,3.0,0.27,precision,0.7458
rtdetr-l,A_unfinetuned,bo_exploitation,4.0,0.48,precision,0.7688
rtdetr-l,A_unfinetuned,grid_search,4.0,0.5,precision,0.7688
rtdetr-l,B_finetuned_unsupervised,baseline,0.0,0.0,precision,0.0068
rtdetr-l,B_finetuned_unsupervised,bo_exploration,3.0,-0.12,precision,0.659
rtdetr-l,B_finetuned_unsupervised,bo_exploitation,2.0,-0.08,precision,0.5342
rtdetr-l,B_finetuned_unsupervised,grid_search,4.0,0.5,precision,0.7264
rtdetr-l,C_finetuned_supervised,bo_exploration,4.0,0.62,precision,0.7264
rtdetr-l,C_finetuned_supervised,bo_exploitation,4.0,-0.09,precision,0.7096
rtdetr-l,C_finetuned_supervised,grid_search,4.0,0.5,precision,0.7264
yolo11n,A_unfinetuned,baseline,0.0,0.0,precision,0.0008
yolo11n,B_finetuned_unsupervised,baseline,0.0,0.0,precision,0.0
yolo11n,B_finetuned_unsupervised,bo_exploration,3.0,0.62,precision,0.8325
yolo11n,B_finetuned_unsupervised,bo_exploitation,3.0,0.2,precision,0.858
yolo11n,B_finetuned_unsupervised,grid_search,4.0,0.5,precision,0.8499
yolo11n,C_finetuned_supervised,bo_exploration,1.0,0.31,precision,0.0918
yolo11n,C_finetuned_supervised,bo_exploitation,3.0,-0.02,precision,0.8462
yolo11n,C_finetuned_supervised,grid_search,4.0,0.0,precision,0.8636
yolo11m,A_unfinetuned,baseline,0.0,0.0,precision,0.0011
yolo11m,A_unfinetuned,bo_exploration,4.0,0.61,precision,0.7456
yolo11m,A_unfinetuned,bo_exploitation,1.0,0.62,precision,0.051
yolo11m,A_unfinetuned,grid_search,4.0,0.5,precision,0.7456
yolo11m,B_finetuned_unsupervised,baseline,0.0,0.0,precision,0.001
yolo11m,B_finetuned_unsupervised,bo_exploration,3.0,0.39,precision,0.7826
yolo11m,B_finetuned_unsupervised,bo_exploitation,2.0,0.48,precision,0.7396
yolo11m,B_finetuned_unsupervised,grid_search,4.0,0.5,precision,0.7966
yolo11m,C_finetuned_supervised,bo_exploration,2.0,0.36,precision,0.7441
yolo11m,C_finetuned_supervised,bo_exploitation,2.0,-0.03,precision,0.7625
yolo11m,C_finetuned_supervised,grid_search,4.0,0.0,precision,0.8016
rtdetr-l,A_unfinetuned,baseline,0.0,0.0,precision,0.0042
rtdetr-l,A_unfinetuned,bo_exploration,4.0,-0.08,precision,0.7577
rtdetr-l,A_unfinetuned,bo_exploitation,3.0,0.57,precision,0.7439
rtdetr-l,A_unfinetuned,grid_search,4.0,0.5,precision,0.7522
rtdetr-l,B_finetuned_unsupervised,baseline,0.0,0.0,precision,0.0126
rtdetr-l,B_finetuned_unsupervised,bo_exploration,4.0,0.03,precision,0.7067
rtdetr-l,B_finetuned_unsupervised,bo_exploitation,1.0,0.39,precision,0.0354
rtdetr-l,B_finetuned_unsupervised,grid_search,4.0,0.5,precision,0.7105
rtdetr-l,C_finetuned_supervised,bo_exploration,3.0,-0.12,precision,0.6561
rtdetr-l,C_finetuned_supervised,bo_exploitation,3.0,0.39,precision,0.6994
rtdetr-l,C_finetuned_supervised,grid_search,4.0,0.0,precision,0.7067
yolo11n,A_unfinetuned,baseline,0.0,0.0,precision,0.0
yolo11n,A_unfinetuned,bo_exploration,2.0,0.09,precision,0.6918
yolo11n,A_unfinetuned,bo_exploitation,4.0,0.62,precision,0.8327
yolo11n,A_unfinetuned,grid_search,4.0,0.5,precision,0.8327
yolo11n,B_finetuned_unsupervised,baseline,0.0,0.0,precision,0.0
yolo11n,B_finetuned_unsupervised,bo_exploration,4.0,0.62,precision,0.8501
yolo11n,B_finetuned_unsupervised,bo_exploitation,4.0,0.51,precision,0.8501
yolo11n,B_finetuned_unsupervised,grid_search,4.0,0.5,precision,0.8501
yolo11m,A_unfinetuned,baseline,0.0,0.0,precision,0.0012
yolo11m,A_unfinetuned,bo_exploration,3.0,0.56,precision,0.6811
yolo11m,B_finetuned_unsupervised,baseline,0.0,0.0,precision,0.001
yolo11m,B_finetuned_unsupervised,bo_exploration,1.0,-0.06,precision,0.0503
yolo11m,B_finetuned_unsupervised,bo_exploitation,2.0,0.15,precision,0.7447
yolo11m,B_finetuned_unsupervised,grid_search,4.0,0.5,precision,0.797
yolo11m,C_finetuned_supervised,bo_exploration,4.0,0.1,precision,0.8021
yolo11m,C_finetuned_supervised,bo_exploitation,4.0,0.31,precision,0.7955
yolo11m,C_finetuned_supervised,grid_search,4.0,0.0,precision,0.8021
rtdetr-l,A_unfinetuned,baseline,0.0,0.0,precision,0.0018
rtdetr-l,A_unfinetuned,bo_exploration,3.0,-0.06,precision,0.6649
rtdetr-l,A_unfinetuned,bo_exploitation,4.0,0.47,precision,0.7089
rtdetr-l,A_unfinetuned,grid_search,4.0,0.5,precision,0.7089
rtdetr-l,B_finetuned_unsupervised,baseline,0.0,0.0,precision,0.0006
rtdetr-l,B_finetuned_unsupervised,bo_exploration,4.0,0.62,precision,0.8449
rtdetr-l,B_finetuned_unsupervised,bo_exploitation,3.0,-0.08,precision,0.7967
rtdetr-l,B_finetuned_unsupervised,grid_search,4.0,0.5,precision,0.8449
rtdetr-l,C_finetuned_supervised,bo_exploration,4.0,0.1,precision,0.8526
rtdetr-l,C_finetuned_supervised,bo_exploitation,4.0,-0.08,precision,0.8526
rtdetr-l,C_finetuned_supervised,grid_search,4.0,0.0,precision,0.8526
yolo11n,A_unfinetuned,baseline,0.0,0.0,precision,0.0
yolo11n,A_unfinetuned,bo_exploration,4.0,0.38,precision,0.8274
yolo11n,A_unfinetuned,bo_exploitation,2.0,0.62,precision,0.6923
yolo11n,A_unfinetuned,grid_search,4.0,0.5,precision,0.8274
yolo11n,B_finetuned_unsupervised,baseline,0.0,0.0,precision,0.0
yolo11m,A_unfinetuned,baseline,0.0,0.0,precision,0.0
yolo11m,A_unfinetuned,bo_exploration,2.0,0.29,precision,0.7204
yolo11m,A_unfinetuned,bo_exploitation,1.0,0.06,precision,0.0336
yolo11m,A_unfinetuned,grid_search,4.0,0.5,precision,0.7883
yolo11m,B_finetuned_unsupervised,baseline,0.0,0.0,precision,0.001
yolo11m,B_finetuned_unsupervised,bo_exploration,2.0,0.01,precision,0.7628
yolo11m,B_finetuned_unsupervised,bo_exploitation,4.0,0.6,precision,0.7974
yolo11m,B_finetuned_unsupervised,grid_search,4.0,0.5,precision,0.7974
rtdetr-l,A_unfinetuned,baseline,0.0,0.0,precision,0.0005
rtdetr-l,A_unfinetuned,bo_exploration,3.0,0.06,precision,0.7181
rtdetr-l,A_unfinetuned,bo_exploitation,2.0,0.46,precision,0.5882
rtdetr-l,A_unfinetuned,grid_search,4.0,0.5,precision,0.7654
rtdetr-l,B_finetuned_unsupervised,baseline,0.0,0.0,precision,0.0011
rtdetr-l,B_finetuned_unsupervised,bo_exploration,1.0,0.44,precision,0.0084
rtdetr-l,B_finetuned_unsupervised,bo_exploitation,2.0,0.18,precision,0.6149
rtdetr-l,B_finetuned_unsupervised,grid_search,4.0,0.5,precision,0.738
rtdetr-l,C_finetuned_supervised,bo_exploration,4.0,0.2,precision,0.7557
rtdetr-l,C_finetuned_supervised,bo_exploitation,4.0,0.34,precision,0.7557
rtdetr-l,C_finetuned_supervised,grid_search,4.0,0.25,precision,0.7557
rtdetr-l,A_unfinetuned,baseline,0.0,0.0,precision,0.002
rtdetr-l,A_unfinetuned,bo_exploration,1.0,0.62,precision,0.0138
rtdetr-l,A_unfinetuned,bo_exploitation,4.0,0.47,precision,0.7407
rtdetr-l,A_unfinetuned,grid_search,4.0,0.5,precision,0.7407
rtdetr-l,B_finetuned_unsupervised,baseline,0.0,0.0,precision,0.0076
rtdetr-l,B_finetuned_unsupervised,bo_exploration,4.0,-0.12,precision,0.7322
rtdetr-l,B_finetuned_unsupervised,bo_exploitation,1.0,0.14,precision,0.0296
rtdetr-l,B_finetuned_unsupervised,grid_search,4.0,0.5,precision,0.7257
rtdetr-l,C_finetuned_supervised,bo_exploration,4.0,-0.03,precision,0.7322
rtdetr-l,C_finetuned_supervised,bo_exploitation,3.0,0.34,precision,0.706
rtdetr-l,C_finetuned_supervised,grid_search,4.0,0.0,precision,0.7322
rtdetr-l,A_unfinetuned,baseline,0.0,0.0,precision,0.0006
rtdetr-l,A_unfinetuned,bo_exploration,4.0,0.62,precision,0.8428
rtdetr-l,A_unfinetuned,bo_exploitation,3.0,-0.02,precision,0.8058
rtdetr-l,A_unfinetuned,grid_search,4.0,0.5,precision,0.8428
rtdetr-l,B_finetuned_unsupervised,baseline,0.0,0.0,precision,0.0006
rtdetr-l,B_finetuned_unsupervised,bo_exploration,4.0,0.62,precision,0.7587
rtdetr-l,B_finetuned_unsupervised,bo_exploitation,3.0,0.45,precision,0.7394
rtdetr-l,B_finetuned_unsupervised,grid_search,4.0,0.5,precision,0.7587
rtdetr-l,C_finetuned_supervised,bo_exploration,3.0,-0.12,precision,0.7239
yolo11n,A_unfinetuned,baseline,0.0,0.0,precision,0.0
yolo11n,A_unfinetuned,bo_exploration,4.0,0.62,precision,0.8159
yolo11n,A_unfinetuned,bo_exploitation,2.0,0.51,precision,0.6559
yolo11n,A_unfinetuned,grid_search,4.0,0.5,precision,0.8159
yolo11n,B_finetuned_unsupervised,baseline,0.0,0.0,precision,0.0
yolo11n,B_finetuned_unsupervised,bo_exploration,3.0,0.62,precision,0.8327
yolo11n,B_finetuned_unsupervised,bo_exploitation,1.0,0.62,precision,0.0935
yolo11n,B_finetuned_unsupervised,grid_search,4.0,0.5,precision,0.8498
yolo11n,C_finetuned_supervised,bo_exploration,4.0,-0.12,precision,0.8638
yolo11n,C_finetuned_supervised,bo_exploitation,3.0,0.07,precision,0.8467
yolo11n,C_finetuned_supervised,grid_search,4.0,0.0,precision,0.8638
yolo11m,A_unfinetuned,baseline,0.0,0.0,precision,0.001
yolo11m,A_unfinetuned,bo_exploration,4.0,0.62,precision,0.7779
yolo11m,A_unfinetuned,bo_exploitation,2.0,-0.03,precision,0.6872
yolo11m,A_unfinetuned,grid_search,4.0,0.5,precision,0.7779
yolo11m,B_finetuned_unsupervised,baseline,0.0,0.0,precision,0.001
yolo11m,B_finetuned_unsupervised,bo_exploration,3.0,0.03,precision,0.7661
yolo11m,B_finetuned_unsupervised,bo_exploitation,3.0,0.62,precision,0.7827
yolo11m,B_finetuned_unsupervised,grid_search,4.0,0.5,precision,0.7971
yolo11m,C_finetuned_supervised,bo_exploration,3.0,-0.08,precision,0.7661
yolo11m,C_finetuned_supervised,bo_exploitation,4.0,-0.12,precision,0.8022
yolo11m,C_finetuned_supervised,grid_search,4.0,0.0,precision,0.8022
yolo11n,A_unfinetuned,baseline,0.0,0.0,precision,0.0012
yolo11n,A_unfinetuned,bo_exploration,4.0,0.62,precision,0.7842
yolo11n,A_unfinetuned,bo_exploitation,2.0,0.62,precision,0.6259
yolo11n,A_unfinetuned,grid_search,4.0,0.5,precision,0.7842
yolo11n,B_finetuned_unsupervised,baseline,0.0,0.0,precision,0.0005
yolo11n,B_finetuned_unsupervised,bo_exploration,2.0,0.17,precision,0.7031
yolo11n,B_finetuned_unsupervised,bo_exploitation,1.0,-0.06,precision,0.0535
yolo11n,B_finetuned_unsupervised,grid_search,4.0,0.5,precision,0.823
yolo11n,C_finetuned_supervised,bo_exploration,4.0,-0.11,precision,0.8369
yolo11n,C_finetuned_supervised,bo_exploitation,3.0,0.15,precision,0.802
yolo11n,C_finetuned_supervised,grid_search,4.0,0.0,precision,0.8369
yolo11m,A_unfinetuned,baseline,0.0,0.0,precision,0.0018
yolo11m,A_unfinetuned,bo_exploration,3.0,0.43,precision,0.7403
yolo11m,A_unfinetuned,bo_exploitation,3.0,0.42,precision,0.7403
yolo11m,A_unfinetuned,grid_search,4.0,0.5,precision,0.7576
yolo11m,B_finetuned_unsupervised,baseline,0.0,0.0,precision,0.001
yolo11m,B_finetuned_unsupervised,bo_exploration,2.0,0.52,precision,0.7396
yolo11m,B_finetuned_unsupervised,bo_exploitation,2.0,0.23,precision,0.7442
yolo11m,B_finetuned_unsupervised,grid_search,4.0,0.5,precision,0.7965
yolo11n,A_unfinetuned,baseline,0.0,0.0,precision,0.0011
yolo11n,A_unfinetuned,bo_exploration,2.0,0.61,precision,0.6555
yolo11n,A_unfinetuned,bo_exploitation,1.0,-0.01,precision,0.0469
yolo11n,A_unfinetuned,grid_search,4.0,0.5,precision,0.8121
yolo11n,B_finetuned_unsupervised,baseline,0.0,0.0,precision,0.0
yolo11n,B_finetuned_unsupervised,bo_exploration,3.0,0.62,precision,0.8331
yolo11n,B_finetuned_unsupervised,bo_exploitation,3.0,0.56,precision,0.8331
yolo11n,B_finetuned_unsupervised,grid_search,4.0,0.5,precision,0.85
yolo11n,C_finetuned_supervised,bo_exploration,3.0,0.23,precision,0.8583
yolo11n,C_finetuned_supervised,bo_exploitation,3.0,-0.12,precision,0.8466
yolo11n,C_finetuned_supervised,grid_search,4.0,0.0,precision,0.8638
yolo11m,A_unfinetuned,baseline,0.0,0.0,precision,0.0011
yolo11m,A_unfinetuned,bo_exploration,4.0,0.54,precision,0.7997
yolo11m,A_unfinetuned,bo_exploitation,3.0,0.4,precision,0.7789
yolo11m,A_unfinetuned,grid_search,4.0,0.5,precision,0.7997
yolo11m,B_finetuned_unsupervised,baseline,0.0,0.0,precision,0.001
yolo11m,B_finetuned_unsupervised,bo_exploration,3.0,0.43,precision,0.7829
yolo11m,B_finetuned_unsupervised,bo_exploitation,2.0,-0.1,precision,0.7633
yolo11m,B_finetuned_unsupervised,grid_search,4.0,0.5,precision,0.7972
yolo11m,C_finetuned_supervised,bo_exploration,4.0,-0.12,precision,0.8022
yolo11m,C_finetuned_supervised,bo_exploitation,2.0,0.55,precision,0.7401
yolo11m,C_finetuned_supervised,grid_search,4.0,0.0,precision,0.8022
rtdetr-l,A_unfinetuned,baseline,0.0,0.0,precision,0.0003
rtdetr-l,A_unfinetuned,bo_exploration,3.0,0.62,precision,0.706
rtdetr-l,A_unfinetuned,bo_exploitation,3.0,0.3,precision,0.7108
rtdetr-l,A_unfinetuned,grid_search,4.0,0.5,precision,0.7306
rtdetr-l,B_finetuned_unsupervised,baseline,0.0,0.0,precision,0.0013
rtdetr-l,B_finetuned_unsupervised,bo_exploration,2.0,0.52,precision,0.6336
rtdetr-l,B_finetuned_unsupervised,bo_exploitation,4.0,0.62,precision,0.7778
rtdetr-l,B_finetuned_unsupervised,grid_search,4.0,0.5,precision,0.7778
rtdetr-l,C_finetuned_supervised,bo_exploration,3.0,0.24,precision,0.7164
rtdetr-l,C_finetuned_supervised,bo_exploitation,2.0,-0.12,precision,0.6629
rtdetr-l,C_finetuned_supervised,grid_search,4.0,0.0,precision,0.7652
yolo11n,A_unfinetuned,baseline,0.0,0.0,precision,0.0
yolo11n,A_unfinetuned,bo_exploration,4.0,0.62,precision,0.8346
yolo11n,A_unfinetuned,bo_exploitation,4.0,0.47,precision,0.8346
yolo11n,A_unfinetuned,grid_search,4.0,0.5,precision,0.8346
yolo11n,B_finetuned_unsupervised,baseline,0.0,0.0,precision,0.0
yolo11n,B_finetuned_unsupervised,bo_exploration,4.0,0.62,precision,0.8499
yolo11n,B_finetuned_unsupervised,bo_exploitation,3.0,0.44,precision,0.8328
yolo11n,B_finetuned_unsupervised,grid_search,4.0,0.5,precision,0.8499
yolo11n,C_finetuned_supervised,bo_exploration,4.0,0.09,precision,0.8638
yolo11n,C_finetuned_supervised,bo_exploitation,4.0,-0.08,precision,0.8638
yolo11n,C_finetuned_supervised,grid_search,4.0,0.0,precision,0.8638
yolo11m,A_unfinetuned,baseline,0.0,0.0,precision,0.0012
yolo11m,A_unfinetuned,bo_exploration,3.0,0.59,precision,0.6778
yolo11m,A_unfinetuned,bo_exploitation,4.0,0.47,precision,0.6991
yolo11m,A_unfinetuned,grid_search,4.0,0.5,precision,0.6991
yolo11m,B_finetuned_unsupervised,baseline,0.0,0.0,precision,0.001
yolo11m,B_finetuned_unsupervised,bo_exploration,3.0,0.62,precision,0.7831
yolo11m,B_finetuned_unsupervised,bo_exploitation,4.0,0.27,precision,0.7957
yolo11m,B_finetuned_unsupervised,grid_search,4.0,0.5,precision,0.7972
yolo11m,C_finetuned_supervised,bo_exploration,4.0,0.05,precision,0.8022
yolo11m,C_finetuned_supervised,bo_exploitation,2.0,0.26,precision,0.7448
yolo11m,C_finetuned_supervised,grid_search,4.0,0.0,precision,0.8022
rtdetr-l,A_unfinetuned,baseline,0.0,0.0,precision,0.0011
rtdetr-l,A_unfinetuned,bo_exploration,3.0,0.62,precision,0.7776
rtdetr-l,A_unfinetuned,bo_exploitation,2.0,0.39,precision,0.6281
rtdetr-l,A_unfinetuned,grid_search,4.0,0.5,precision,0.7917
rtdetr-l,B_finetuned_unsupervised,baseline,0.0,0.0,precision,0.0098
rtdetr-l,B_finetuned_unsupervised,bo_exploration,4.0,0.62,precision,0.7491
rtdetr-l,B_finetuned_unsupervised,bo_exploitation,3.0,-0.11,precision,0.7201
rtdetr-l,B_finetuned_unsupervised,grid_search,4.0,0.5,precision,0.7491
rtdetr-l,C_finetuned_supervised,bo_exploration,4.0,0.05,precision,0.752
rtdetr-l,C_finetuned_supervised,bo_exploitation,2.0,-0.12,precision,0.6315
rtdetr-l,C_finetuned_supervised,grid_search,4.0,0.5,precision,0.7491
yolo11n,A_unfinetuned,baseline,0.0,0.0,precision,0.0
yolo11n,A_unfinetuned,bo_exploration,3.0,0.62,precision,0.7945
yolo11n,A_unfinetuned,bo_exploitation,2.0,0.4,precision,0.6993
yolo11n,A_unfinetuned,grid_search,4.0,0.5,precision,0.8106
yolo11n,B_finetuned_unsupervised,baseline,0.0,0.0,precision,0.0
yolo11n,B_finetuned_unsupervised,bo_exploration,3.0,0.6,precision,0.8333
yolo11n,B_finetuned_unsupervised,bo_exploitation,3.0,0.26,precision,0.8585
yolo11n,B_finetuned_unsupervised,grid_search,4.0,0.5,precision,0.8503
yolo11n,C_finetuned_supervised,bo_exploration,3.0,0.1,precision,0.8468
yolo11n,C_finetuned_supervised,bo_exploitation,4.0,0.07,precision,0.8642
yolo11n,C_finetuned_supervised,grid_search,4.0,0.0,precision,0.8642
yolo11m,A_unfinetuned,baseline,0.0,0.0,precision,0.0003
yolo11m,A_unfinetuned,bo_exploration,3.0,0.4,precision,0.7479
yolo11m,A_unfinetuned,bo_exploitation,4.0,0.23,precision,0.7484
yolo11m,A_unfinetuned,grid_search,4.0,0.5,precision,0.7609
yolo11m,B_finetuned_unsupervised,baseline,0.0,0.0,precision,0.001
yolo11m,B_finetuned_unsupervised,bo_exploration,3.0,0.62,precision,0.7832
yolo11m,B_finetuned_unsupervised,bo_exploitation,4.0,0.47,precision,0.7977
yolo11m,B_finetuned_unsupervised,grid_search,4.0,0.5,precision,0.7977
yolo11m,C_finetuned_supervised,bo_exploration,3.0,0.04,precision,0.7661
yolo11m,C_finetuned_supervised,bo_exploitation,4.0,0.43,precision,0.7977
yolo11m,C_finetuned_supervised,grid_search,4.0,0.0,precision,0.8028
rtdetr-l,A_unfinetuned,baseline,0.0,0.0,precision,0.0041
rtdetr-l,A_unfinetuned,bo_exploration,3.0,0.52,precision,0.7065
rtdetr-l,A_unfinetuned,bo_exploitation,3.0,0.55,precision,0.7065
rtdetr-l,A_unfinetuned,grid_search,4.0,0.5,precision,0.6972
rtdetr-l,B_finetuned_unsupervised,baseline,0.0,0.0,precision,0.0013
rtdetr-l,B_finetuned_unsupervised,bo_exploration,4.0,0.62,precision,0.8118
rtdetr-l,B_finetuned_unsupervised,bo_exploitation,3.0,0.22,precision,0.8205
rtdetr-l,B_finetuned_unsupervised,grid_search,4.0,0.5,precision,0.8118
rtdetr-l,C_finetuned_supervised,bo_exploration,3.0,0.41,precision,0.8194
rtdetr-l,C_finetuned_supervised,bo_exploitation,3.0,-0.12,precision,0.8137
rtdetr-l,C_finetuned_supervised,grid_search,4.0,0.0,precision,0.8234
yolo11n,A_unfinetuned,baseline,0.0,0.0,precision,0.0
yolo11n,A_unfinetuned,bo_exploration,3.0,0.62,precision,0.8212
yolo11n,A_unfinetuned,bo_exploitation,3.0,0.51,precision,0.8212
yolo11n,A_unfinetuned,grid_search,4.0,0.5,precision,0.847
yolo11n,B_finetuned_unsupervised,baseline,0.0,0.0,precision,0.0005
yolo11n,B_finetuned_unsupervised,bo_exploration,4.0,0.62,precision,0.8222
yolo11n,B_finetuned_unsupervised,bo_exploitation,3.0,0.42,precision,0.7963
yolo11n,B_finetuned_unsupervised,grid_search,4.0,0.5,precision,0.8222
yolo11n,C_finetuned_supervised,bo_exploration,1.0,0.47,precision,0.053
yolo11n,C_finetuned_supervised,bo_exploitation,4.0,0.06,precision,0.8359
yolo11n,C_finetuned_supervised,grid_search,4.0,0.0,precision,0.8359
yolo11m,A_unfinetuned,baseline,0.0,0.0,precision,0.0009
yolo11m,A_unfinetuned,bo_exploration,2.0,0.14,precision,0.6745
yolo11m,A_unfinetuned,bo_exploitation,1.0,0.44,precision,0.0351
yolo11m,A_unfinetuned,grid_search,4.0,0.5,precision,0.7545
yolo11m,B_finetuned_unsupervised,baseline,0.0,0.0,precision,0.001
yolo11m,B_finetuned_unsupervised,bo_exploration,4.0,0.62,precision,0.7964
yolo11m,B_finetuned_unsupervised,bo_exploitation,4.0,-0.1,precision,0.8015
yolo11m,B_finetuned_unsupervised,grid_search,4.0,0.5,precision,0.7964
yolo11m,C_finetuned_supervised,bo_exploration,4.0,-0.09,precision,0.8015
yolo11m,C_finetuned_supervised,bo_exploitation,3.0,0.31,precision,0.7754
yolo11m,C_finetuned_supervised,grid_search,4.0,0.0,precision,0.8015
rtdetr-l,A_unfinetuned,baseline,0.0,0.0,precision,0.0034
rtdetr-l,B_finetuned_unsupervised,baseline,0.0,0.0,precision,0.0032
rtdetr-l,B_finetuned_unsupervised,bo_exploration,3.0,0.48,precision,0.8056
rtdetr-l,B_finetuned_unsupervised,bo_exploitation,3.0,-0.12,precision,0.7555
rtdetr-l,B_finetuned_unsupervised,grid_search,4.0,0.5,precision,0.8271
rtdetr-l,C_finetuned_supervised,bo_exploration,4.0,-0.12,precision,0.828
rtdetr-l,C_finetuned_supervised,bo_exploitation,3.0,-0.11,precision,0.7555
rtdetr-l,C_finetuned_supervised,grid_search,4.0,0.0,precision,0.828
rtdetr-l,A_unfinetuned,baseline,0.0,0.0,precision,0.0013
rtdetr-l,A_unfinetuned,bo_exploration,3.0,0.44,precision,0.7146
rtdetr-l,A_unfinetuned,bo_exploitation,3.0,-0.12,precision,0.7056
rtdetr-l,A_unfinetuned,grid_search,4.0,0.5,precision,0.7511
rtdetr-l,B_finetuned_unsupervised,baseline,0.0,0.0,precision,0.0022
rtdetr-l,B_finetuned_unsupervised,bo_exploration,1.0,0.61,precision,0.0119
rtdetr-l,B_finetuned_unsupervised,bo_exploitation,3.0,-0.04,precision,0.6921
rtdetr-l,B_finetuned_unsupervised,grid_search,4.0,0.5,precision,0.7235
rtdetr-l,C_finetuned_supervised,bo_exploration,4.0,-0.12,precision,0.7252
rtdetr-l,C_finetuned_supervised,bo_exploitation,4.0,-0.11,precision,0.7252
rtdetr-l,C_finetuned_supervised,grid_search,4.0,0.5,precision,0.7235
rtdetr-l,A_unfinetuned,baseline,0.0,0.0,precision,0.0147
rtdetr-l,A_unfinetuned,bo_exploration,4.0,0.51,precision,0.7462
rtdetr-l,A_unfinetuned,bo_exploitation,3.0,0.45,precision,0.7353
rtdetr-l,A_unfinetuned,grid_search,4.0,0.5,precision,0.7462
rtdetr-l,B_finetuned_unsupervised,baseline,0.0,0.0,precision,0.011
rtdetr-l,B_finetuned_unsupervised,bo_exploration,2.0,-0.08,precision,0.6829
rtdetr-l,B_finetuned_unsupervised,bo_exploitation,4.0,0.62,precision,0.7664
rtdetr-l,B_finetuned_unsupervised,grid_search,4.0,0.5,precision,0.7664
rtdetr-l,C_finetuned_supervised,bo_exploration,4.0,0.62,precision,0.7664
rtdetr-l,C_finetuned_supervised,bo_exploitation,4.0,-0.12,precision,0.7716
rtdetr-l,C_finetuned_supervised,grid_search,4.0,0.0,precision,0.7716
yolo11n,A_unfinetuned,baseline,0.0,0.0,precision,0.0
yolo11n,A_unfinetuned,bo_exploration,4.0,0.61,precision,0.8357
yolo11n,A_unfinetuned,bo_exploitation,3.0,0.18,precision,0.7957
yolo11n,A_unfinetuned,grid_search,4.0,0.5,precision,0.8357
yolo11n,B_finetuned_unsupervised,baseline,0.0,0.0,precision,0.0006
yolo11n,B_finetuned_unsupervised,bo_exploration,3.0,0.58,precision,0.7884
yolo11n,B_finetuned_unsupervised,bo_exploitation,2.0,0.62,precision,0.6784
yolo11n,B_finetuned_unsupervised,grid_search,4.0,0.5,precision,0.82
yolo11n,C_finetuned_supervised,bo_exploration,3.0,0.44,precision,0.7884
yolo11n,C_finetuned_supervised,bo_exploitation,3.0,0.17,precision,0.7911
yolo11n,C_finetuned_supervised,grid_search,4.0,0.0,precision,0.8329
yolo11m,A_unfinetuned,baseline,0.0,0.0,precision,0.0012
yolo11m,A_unfinetuned,bo_exploration,4.0,0.62,precision,0.8087
yolo11m,A_unfinetuned,bo_exploitation,4.0,0.62,precision,0.8087
yolo11m,A_unfinetuned,grid_search,4.0,0.5,precision,0.8087
yolo11m,B_finetuned_unsupervised,baseline,0.0,0.0,precision,0.001
yolo11m,B_finetuned_unsupervised,bo_exploration,3.0,0.62,precision,0.7831
yolo11m,B_finetuned_unsupervised,bo_exploitation,4.0,0.62,precision,0.7971
yolo11m,B_finetuned_unsupervised,grid_search,4.0,0.5,precision,0.7971
yolo11n,A_unfinetuned,baseline,0.0,0.0,precision,0.0005
yolo11n,A_unfinetuned,bo_exploration,4.0,0.36,precision,0.7681
yolo11n,A_unfinetuned,bo_exploitation,3.0,0.58,precision,0.739
yolo11n,A_unfinetuned,grid_search,4.0,0.5,precision,0.7689
yolo11n,B_finetuned_unsupervised,baseline,0.0,0.0,precision,0.0016
yolo11m,A_unfinetuned,baseline,0.0,0.0,precision,0.0005
yolo11m,A_unfinetuned,bo_exploration,3.0,0.45,precision,0.7334
yolo11m,A_unfinetuned,bo_exploitation,1.0,0.15,precision,0.0293
yolo11m,A_unfinetuned,grid_search,4.0,0.5,precision,0.74
yolo11m,B_finetuned_unsupervised,baseline,0.0,0.0,precision,0.0007
yolo11m,B_finetuned_unsupervised,bo_exploration,3.0,0.22,precision,0.7763
yolo11m,B_finetuned_unsupervised,bo_exploitation,1.0,0.41,precision,0.0501
yolo11m,B_finetuned_unsupervised,grid_search,4.0,0.5,precision,0.7977
yolo11m,C_finetuned_supervised,bo_exploration,3.0,-0.12,precision,0.7667
yolo11m,C_finetuned_supervised,bo_exploitation,4.0,0.11,precision,0.8031
yolo11m,C_finetuned_supervised,grid_search,4.0,0.0,precision,0.8031
yolo11n,A_unfinetuned,baseline,0.0,0.0,precision,0.0
yolo11n,A_unfinetuned,bo_exploration,3.0,0.62,precision,0.789
yolo11n,A_unfinetuned,bo_exploitation,3.0,0.62,precision,0.789
yolo11n,A_unfinetuned,grid_search,4.0,0.5,precision,0.7984
yolo11n,B_finetuned_unsupervised,baseline,0.0,0.0,precision,0.0
yolo11n,B_finetuned_unsupervised,bo_exploration,4.0,0.62,precision,0.8506
yolo11n,B_finetuned_unsupervised,bo_exploitation,3.0,0.46,precision,0.8335
yolo11n,B_finetuned_unsupervised,grid_search,4.0,0.5,precision,0.8506
yolo11n,C_finetuned_supervised,bo_exploration,4.0,-0.12,precision,0.8646
yolo11n,C_finetuned_supervised,bo_exploitation,4.0,-0.12,precision,0.8646
yolo11n,C_finetuned_supervised,grid_search,4.0,0.0,precision,0.8646
yolo11m,A_unfinetuned,baseline,0.0,0.0,precision,0.0
yolo11m,A_unfinetuned,bo_exploration,3.0,0.4,precision,0.793
yolo11m,A_unfinetuned,bo_exploitation,3.0,0.41,precision,0.793
yolo11m,A_unfinetuned,grid_search,4.0,0.5,precision,0.8149
yolo11m,B_finetuned_unsupervised,baseline,0.0,0.0,precision,0.001
yolo11m,B_finetuned_unsupervised,bo_exploration,4.0,0.45,precision,0.7976
yolo11m,B_finetuned_unsupervised,bo_exploitation,4.0,0.33,precision,0.7961
yolo11m,B_finetuned_unsupervised,grid_search,4.0,0.5,precision,0.7976
yolo11m,C_finetuned_supervised,bo_exploration,4.0,-0.12,precision,0.8028
yolo11m,C_finetuned_supervised,bo_exploitation,3.0,0.0,precision,0.7666
yolo11m,C_finetuned_supervised,grid_search,4.0,0.0,precision,0.8028
rtdetr-l,A_unfinetuned,baseline,0.0,0.0,precision,0.0008
rtdetr-l,A_unfinetuned,bo_exploration,4.0,0.59,precision,0.7575
rtdetr-l,A_unfinetuned,bo_exploitation,2.0,0.4,precision,0.6032
rtdetr-l,A_unfinetuned,grid_search,4.0,0.5,precision,0.7575
rtdetr-l,B_finetuned_unsupervised,baseline,0.0,0.0,precision,0.0
rtdetr-l,B_finetuned_unsupervised,bo_exploration,3.0,0.62,precision,0.7599
rtdetr-l,B_finetuned_unsupervised,bo_exploitation,3.0,0.62,precision,0.7599
rtdetr-l,B_finetuned_unsupervised,grid_search,4.0,0.5,precision,0.792
rtdetr-l,C_finetuned_supervised,bo_exploration,3.0,-0.12,precision,0.7411
rtdetr-l,C_finetuned_supervised,bo_exploitation,3.0,-0.09,precision,0.7411
rtdetr-l,C_finetuned_supervised,grid_search,4.0,0.0,precision,0.7773
yolo11n,A_unfinetuned,baseline,0.0,0.0,precision,0.0004
yolo11n,A_unfinetuned,bo_exploration,2.0,-0.11,precision,0.7273
yolo11n,A_unfinetuned,bo_exploitation,3.0,0.37,precision,0.8228
yolo11n,A_unfinetuned,grid_search,4.0,0.5,precision,0.8192
yolo11n,B_finetuned_unsupervised,baseline,0.0,0.0,precision,0.0
yolo11n,B_finetuned_unsupervised,bo_exploration,3.0,0.62,precision,0.8325
yolo11n,B_finetuned_unsupervised,bo_exploitation,3.0,0.2,precision,0.8583
yolo11n,B_finetuned_unsupervised,grid_search,4.0,0.5,precision,0.8499
yolo11n,C_finetuned_supervised,bo_exploration,4.0,-0.09,precision,0.8642
yolo11n,C_finetuned_supervised,bo_exploitation,3.0,-0.06,precision,0.8464
yolo11n,C_finetuned_supervised,grid_search,4.0,0.0,precision,0.8642
yolo11m,A_unfinetuned,baseline,0.0,0.0,precision,0.001
yolo11m,A_unfinetuned,bo_exploration,4.0,0.62,precision,0.7848
yolo11m,A_unfinetuned,bo_exploitation,3.0,0.25,precision,0.8023
yolo11m,A_unfinetuned,grid_search,4.0,0.5,precision,0.7848
yolo11m,B_finetuned_unsupervised,baseline,0.0,0.0,precision,0.001
yolo11m,B_finetuned_unsupervised,bo_exploration,3.0,0.24,precision,0.7753
yolo11m,B_finetuned_unsupervised,bo_exploitation,3.0,0.4,precision,0.7824
yolo11m,B_finetuned_unsupervised,grid_search,4.0,0.5,precision,0.7966
yolo11m,C_finetuned_supervised,bo_exploration,3.0,0.37,precision,0.7753
yolo11m,C_finetuned_supervised,bo_exploitation,3.0,0.34,precision,0.7753
yolo11m,C_finetuned_supervised,grid_search,4.0,0.0,precision,0.8017
rtdetr-l,A_unfinetuned,baseline,0.0,0.0,precision,0.0041
rtdetr-l,A_unfinetuned,bo_exploration,4.0,0.62,precision,0.7545
rtdetr-l,A_unfinetuned,bo_exploitation,3.0,-0.01,precision,0.7341
rtdetr-l,A_unfinetuned,grid_search,4.0,0.5,precision,0.7545
rtdetr-l,B_finetuned_unsupervised,baseline,0.0,0.0,precision,0.0048
rtdetr-l,B_finetuned_unsupervised,bo_exploration,2.0,-0.08,precision,0.5744
rtdetr-l,B_finetuned_unsupervised,bo_exploitation,4.0,0.62,precision,0.7156
rtdetr-l,B_finetuned_unsupervised,grid_search,4.0,0.5,precision,0.7156
rtdetr-l,C_finetuned_supervised,bo_exploration,4.0,-0.12,precision,0.716
rtdetr-l,C_finetuned_supervised,bo_exploitation,4.0,0.04,precision,0.716
rtdetr-l,C_finetuned_supervised,grid_search,4.0,0.0,precision,0.716
yolo11n,A_unfinetuned,baseline,0.0,0.0,precision,0.0003
yolo11n,A_unfinetuned,bo_exploration,4.0,0.62,precision,0.8311
yolo11n,A_unfinetuned,bo_exploitation,4.0,0.62,precision,0.8311
yolo11n,A_unfinetuned,grid_search,4.0,0.5,precision,0.8311
yolo11n,B_finetuned_unsupervised,baseline,0.0,0.0,precision,0.0
yolo11n,B_finetuned_unsupervised,bo_exploration,4.0,0.58,precision,0.8502
yolo11n,B_finetuned_unsupervised,bo_exploitation,4.0,0.03,precision,0.8643
yolo11n,B_finetuned_unsupervised,grid_search,4.0,0.5,precision,0.8502
yolo11n,C_finetuned_supervised,bo_exploration,3.0,0.22,precision,0.8584
yolo11n,C_finetuned_supervised,bo_exploitation,4.0,0.05,precision,0.8643
yolo11n,C_finetuned_supervised,grid_search,4.0,0.0,precision,0.8643
yolo11m,A_unfinetuned,baseline,0.0,0.0,precision,0.0
yolo11m,B_finetuned_unsupervised,baseline,0.0,0.0,precision,0.001
yolo11m,B_finetuned_unsupervised,bo_exploration,3.0,0.62,precision,0.7832
yolo11m,B_finetuned_unsupervised,bo_exploitation,4.0,0.17,precision,0.7962
yolo11m,B_finetuned_unsupervised,grid_search,4.0,0.5,precision,0.7976
yolo11m,C_finetuned_supervised,bo_exploration,3.0,-0.12,precision,0.7663
yolo11m,C_finetuned_supervised,bo_exploitation,3.0,0.02,precision,0.7663
yolo11m,C_finetuned_supervised,grid_search,4.0,0.0,precision,0.8029
rtdetr-l,A_unfinetuned,baseline,0.0,0.0,precision,0.0041
rtdetr-l,A_unfinetuned,bo_exploration,4.0,0.62,precision,0.7341
rtdetr-l,A_unfinetuned,bo_exploitation,3.0,0.58,precision,0.7207
rtdetr-l,A_unfinetuned,grid_search,4.0,0.5,precision,0.7341
rtdetr-l,B_finetuned_unsupervised,baseline,0.0,0.0,precision,0.0011
rtdetr-l,B_finetuned_unsupervised,bo_exploration,4.0,0.62,precision,0.8037
rtdetr-l,B_finetuned_unsupervised,bo_exploitation,1.0,0.2,precision,0.012
rtdetr-l,B_finetuned_unsupervised,grid_search,4.0,0.5,precision,0.8037
rtdetr-l,C_finetuned_supervised,bo_exploration,4.0,-0.12,precision,0.788
rtdetr-l,C_finetuned_supervised,bo_exploitation,3.0,-0.11,precision,0.7827
rtdetr-l,C_finetuned_supervised,grid_search,4.0,0.0,precision,0.788
yolo11n,A_unfinetuned,baseline,0.0,0.0,precision,0.0022
yolo11n,A_unfinetuned,bo_exploration,4.0,0.1,precision,0.8324
yolo11n,A_unfinetuned,bo_exploitation,3.0,0.31,precision,0.811
yolo11n,A_unfinetuned,grid_search,4.0,0.5,precision,0.8248
yolo11n,B_finetuned_unsupervised,baseline,0.0,0.0,precision,0.0005
yolo11n,B_finetuned_unsupervised,bo_exploration,4.0,0.62,precision,0.8222
yolo11n,B_finetuned_unsupervised,bo_exploitation,3.0,0.08,precision,0.795
yolo11n,B_finetuned_unsupervised,grid_search,4.0,0.5,precision,0.8222
yolo11n,C_finetuned_supervised,bo_exploration,4.0,0.0,precision,0.8359
yolo11n,C_finetuned_supervised,bo_exploitation,4.0,-0.12,precision,0.8359
yolo11n,C_finetuned_supervised,grid_search,4.0,0.0,precision,0.8359
yolo11m,A_unfinetuned,baseline,0.0,0.0,precision,0.0007
yolo11m,A_unfinetuned,bo_exploration,4.0,0.62,precision,0.7875
yolo11m,A_unfinetuned,bo_exploitation,3.0,0.52,precision,0.7675
yolo11m,A_unfinetuned,grid_search,4.0,0.5,precision,0.7875
yolo11m,B_finetuned_unsupervised,baseline,0.0,0.0,precision,0.001
yolo11m,B_finetuned_unsupervised,bo_exploration,3.0,-0.05,precision,0.7656
yolo11m,B_finetuned_unsupervised,bo_exploitation,3.0,0.54,precision,0.7826
yolo11m,B_finetuned_unsupervised,grid_search,4.0,0.5,precision,0.7964
yolo11m,C_finetuned_supervised,bo_exploration,3.0,-0.03,precision,0.7656
yolo11m,C_finetuned_supervised,bo_exploitation,3.0,0.16,precision,0.7754
yolo11m,C_finetuned_supervised,grid_search,4.0,0.0,precision,0.8015
rtdetr-l,A_unfinetuned,baseline,0.0,0.0,precision,0.002
rtdetr-l,A_unfinetuned,bo_exploration,3.0,-0.12,precision,0.7055
rtdetr-l,A_unfinetuned,bo_exploitation,2.0,0.43,precision,0.6053
rtdetr-l,A_unfinetuned,grid_search,4.0,0.5,precision,0.7311
rtdetr-l,B_finetuned_unsupervised,baseline,0.0,0.0,precision,0.0039
rtdetr-l,B_finetuned_unsupervised,bo_exploration,4.0,0.4,precision,0.728
rtdetr-l,B_finetuned_unsupervised,bo_exploitation,3.0,0.52,precision,0.7081
rtdetr-l,B_finetuned_unsupervised,grid_search,4.0,0.5,precision,0.728
rtdetr-l,C_finetuned_supervised,bo_exploration,4.0,0.08,precision,0.7294
rtdetr-l,C_finetuned_supervised,bo_exploitation,2.0,0.47,precision,0.6021
rtdetr-l,C_finetuned_supervised,grid_search,4.0,0.0,precision,0.7294
rtdetr-l,A_unfinetuned,baseline,0.0,0.0,precision,0.0012
rtdetr-l,B_finetuned_unsupervised,baseline,0.0,0.0,precision,0.005
rtdetr-l,B_finetuned_unsupervised,bo_exploration,2.0,0.61,precision,0.6444
rtdetr-l,B_finetuned_unsupervised,bo_exploitation,4.0,0.3,precision,0.7639
rtdetr-l,B_finetuned_unsupervised,grid_search,4.0,0.5,precision,0.7621
rtdetr-l,C_finetuned_supervised,bo_exploration,3.0,0.56,precision,0.7473
rtdetr-l,C_finetuned_supervised,bo_exploitation,3.0,0.52,precision,0.7473
rtdetr-l,C_finetuned_supervised,grid_search,4.0,0.0,precision,0.7629
rtdetr-l,A_unfinetuned,baseline,0.0,0.0,precision,0.0029
rtdetr-l,A_unfinetuned,bo_exploration,2.0,0.59,precision,0.6018
rtdetr-l,A_unfinetuned,bo_exploitation,4.0,0.03,precision,0.7287
rtdetr-l,A_unfinetuned,grid_search,4.0,0.5,precision,0.7296
rtdetr-l,B_finetuned_unsupervised,baseline,0.0,0.0,precision,0.0022
rtdetr-l,B_finetuned_unsupervised,bo_exploration,4.0,0.62,precision,0.8104
rtdetr-l,B_finetuned_unsupervised,bo_exploitation,4.0,-0.0,precision,0.8149
rtdetr-l,B_finetuned_unsupervised,grid_search,4.0,0.5,precision,0.8104
rtdetr-l,C_finetuned_supervised,bo_exploration,3.0,0.35,precision,0.7788
rtdetr-l,C_finetuned_supervised,bo_exploitation,3.0,0.44,precision,0.7953
rtdetr-l,C_finetuned_supervised,grid_search,4.0,0.0,precision,0.8149
yolo11n,A_unfinetuned,baseline,0.0,0.0,precision,0.0034
yolo11n,A_unfinetuned,bo_exploration,4.0,0.62,precision,0.8187
yolo11n,A_unfinetuned,bo_exploitation,4.0,0.62,precision,0.8187
yolo11n,A_unfinetuned,grid_search,4.0,0.5,precision,0.8187
yolo11n,B_finetuned_unsupervised,baseline,0.0,0.0,precision,0.0
yolo11n,B_finetuned_unsupervised,bo_exploration,3.0,0.47,precision,0.8332
yolo11n,B_finetuned_unsupervised,bo_exploitation,3.0,0.43,precision,0.8332
yolo11n,B_finetuned_unsupervised,grid_search,4.0,0.5,precision,0.8502
yolo11n,C_finetuned_supervised,bo_exploration,4.0,0.62,precision,0.8502
yolo11n,C_finetuned_supervised,bo_exploitation,2.0,0.38,precision,0.7925
yolo11n,C_finetuned_supervised,grid_search,4.0,0.0,precision,0.8642
yolo11m,A_unfinetuned,baseline,0.0,0.0,precision,0.0009
yolo11m,A_unfinetuned,bo_exploration,3.0,0.38,precision,0.7459
yolo11m,A_unfinetuned,bo_exploitation,3.0,0.62,precision,0.7459
yolo11m,A_unfinetuned,grid_search,4.0,0.5,precision,0.7955
yolo11m,B_finetuned_unsupervised,baseline,0.0,0.0,precision,0.001
yolo11m,B_finetuned_unsupervised,bo_exploration,4.0,0.47,precision,0.7971
yolo11m,B_finetuned_unsupervised,bo_exploitation,3.0,-0.11,precision,0.7658
yolo11m,B_finetuned_unsupervised,grid_search,4.0,0.5,precision,0.7971
yolo11m,C_finetuned_supervised,bo_exploration,3.0,-0.12,precision,0.7658
yolo11m,C_finetuned_supervised,bo_exploitation,4.0,-0.11,precision,0.8021
yolo11m,C_finetuned_supervised,grid_search,4.0,0.0,precision,0.8021
yolo11n,A_unfinetuned,baseline,0.0,0.0,precision,0.0003
yolo11n,A_unfinetuned,bo_exploration,4.0,0.42,precision,0.8046
yolo11n,A_unfinetuned,bo_exploitation,4.0,0.23,precision,0.8367
yolo11n,A_unfinetuned,grid_search,4.0,0.5,precision,0.8046
yolo11n,B_finetuned_unsupervised,baseline,0.0,0.0,precision,0.0006
yolo11n,B_finetuned_unsupervised,bo_exploration,1.0,0.28,precision,0.0519
yolo11n,B_finetuned_unsupervised,bo_exploitation,3.0,0.39,precision,0.7873
yolo11n,B_finetuned_unsupervised,grid_search,4.0,0.5,precision,0.8188
yolo11n,C_finetuned_supervised,bo_exploration,4.0,-0.12,precision,0.8316
yolo11n,C_finetuned_supervised,bo_exploitation,4.0,0.24,precision,0.8189
yolo11n,C_finetuned_supervised,grid_search,4.0,0.0,precision,0.8316
yolo11m,A_unfinetuned,baseline,0.0,0.0,precision,0.0002
yolo11m,A_unfinetuned,bo_exploration,3.0,0.62,precision,0.6971
yolo11m,A_unfinetuned,bo_exploitation,1.0,0.19,precision,0.0319
yolo11m,A_unfinetuned,grid_search,4.0,0.5,precision,0.7159
yolo11m,B_finetuned_unsupervised,baseline,0.0,0.0,precision,0.001
yolo11m,B_finetuned_unsupervised,bo_exploration,4.0,0.62,precision,0.796
yolo11m,B_finetuned_unsupervised,bo_exploitation,3.0,-0.09,precision,0.7653
yolo11m,B_finetuned_unsupervised,grid_search,4.0,0.5,precision,0.796
yolo11m,C_finetuned_supervised,bo_exploration,3.0,-0.01,precision,0.7653
yolo11m,C_finetuned_supervised,bo_exploitation,4.0,-0.12,precision,0.8012
yolo11m,C_finetuned_supervised,grid_search,4.0,0.0,precision,0.8012
yolo11n,A_unfinetuned,baseline,0.0,0.0,precision,0.0012
yolo11n,A_unfinetuned,bo_exploration,4.0,0.62,precision,0.8375
yolo11n,A_unfinetuned,bo_exploitation,3.0,0.35,precision,0.8149
yolo11n,A_unfinetuned,grid_search,4.0,0.5,precision,0.8375
yolo11n,B_finetuned_unsupervised,baseline,0.0,0.0,precision,0.0
yolo11n,B_finetuned_unsupervised,bo_exploration,4.0,0.62,precision,0.8377
yolo11n,B_finetuned_unsupervised,bo_exploitation,3.0,0.28,precision,0.8202
yolo11n,B_finetuned_unsupervised,grid_search,4.0,0.5,precision,0.8377
yolo11n,C_finetuned_supervised,bo_exploration,3.0,0.22,precision,0.8202
yolo11n,C_finetuned_supervised,bo_exploitation,2.0,0.06,precision,0.7361
yolo11n,C_finetuned_supervised,grid_search,4.0,0.0,precision,0.8651
yolo11m,A_unfinetuned,baseline,0.0,0.0,precision,0.0
yolo11m,A_unfinetuned,bo_exploration,3.0,0.34,precision,0.7993
yolo11m,A_unfinetuned,bo_exploitation,4.0,0.62,precision,0.8315
yolo11m,A_unfinetuned,grid_search,4.0,0.5,precision,0.8315
yolo11m,B_finetuned_unsupervised,baseline,0.0,0.0,precision,0.001
yolo11m,B_finetuned_unsupervised,bo_exploration,3.0,0.45,precision,0.7837
yolo11m,B_finetuned_unsupervised,bo_exploitation,3.0,-0.11,precision,0.7665
yolo11m,B_finetuned_unsupervised,grid_search,4.0,0.5,precision,0.7979
yolo11m,C_finetuned_supervised,bo_exploration,4.0,0.03,precision,0.803
yolo11m,C_finetuned_supervised,bo_exploitation,4.0,0.22,precision,0.7964
yolo11m,C_finetuned_supervised,grid_search,4.0,0.0,precision,0.803
rtdetr-l,A_unfinetuned,baseline,0.0,0.0,precision,0.0027
rtdetr-l,A_unfinetuned,bo_exploration,4.0,0.62,precision,0.7208
rtdetr-l,A_unfinetuned,bo_exploitation,4.0,0.59,precision,0.7208
rtdetr-l,A_unfinetuned,grid_search,4.0,0.5,precision,0.7208
rtdetr-l,B_finetuned_unsupervised,baseline,0.0,0.0,precision,0.0017
rtdetr-l,B_finetuned_unsupervised,bo_exploration,4.0,0.59,precision,0.7326
rtdetr-l,B_finetuned_unsupervised,bo_exploitation,3.0,-0.08,precision,0.7049
rtdetr-l,B_finetuned_unsupervised,grid_search,4.0,0.5,precision,0.7326
rtdetr-l,C_finetuned_supervised,bo_exploration,4.0,-0.12,precision,0.7381
rtdetr-l,C_finetuned_supervised,bo_exploitation,4.0,-0.06,precision,0.7381
rtdetr-l,C_finetuned_supervised,grid_search,4.0,0.0,precision,0.7381
yolo11n,A_unfinetuned,baseline,0.0,0.0,precision,0.0
yolo11n,A_unfinetuned,bo_exploration,3.0,-0.12,precision,0.8128
yolo11n,A_unfinetuned,bo_exploitation,4.0,0.54,precision,0.8374
yolo11n,A_unfinetuned,grid_search,4.0,0.5,precision,0.8374
yolo11n,B_finetuned_unsupervised,baseline,0.0,0.0,precision,0.0
yolo11n,B_finetuned_unsupervised,bo_exploration,3.0,0.24,precision,0.8585
yolo11n,B_finetuned_unsupervised,bo_exploitation,4.0,0.61,precision,0.8503
yolo11n,B_finetuned_unsupervised,grid_search,4.0,0.5,precision,0.8503
yolo11n,C_finetuned_supervised,bo_exploration,3.0,0.12,precision,0.8466
yolo11n,C_finetuned_supervised,bo_exploitation,3.0,-0.12,precision,0.8466
yolo11n,C_finetuned_supervised,grid_search,4.0,0.0,precision,0.8643
yolo11m,A_unfinetuned,baseline,0.0,0.0,precision,0.0013
yolo11m,A_unfinetuned,bo_exploration,4.0,0.62,precision,0.7878
yolo11m,A_unfinetuned,bo_exploitation,4.0,0.42,precision,0.7878
yolo11m,A_unfinetuned,grid_search,4.0,0.5,precision,0.7878
yolo11m,B_finetuned_unsupervised,baseline,0.0,0.0,precision,0.001
yolo11m,B_finetuned_unsupervised,bo_exploration,3.0,0.52,precision,0.7834
yolo11m,B_finetuned_unsupervised,bo_exploitation,3.0,0.45,precision,0.7834
yolo11m,B_finetuned_unsupervised,grid_search,4.0,0.5,precision,0.7974
yolo11m,C_finetuned_supervised,bo_exploration,3.0,-0.08,precision,0.7664
yolo11m,C_finetuned_supervised,bo_exploitation,2.0,-0.11,precision,0.7632
yolo11m,C_finetuned_supervised,grid_search,4.0,0.0,precision,0.8024
rtdetr-l,A_unfinetuned,baseline,0.0,0.0,precision,0.0023
rtdetr-l,A_unfinetuned,bo_exploration,3.0,0.62,precision,0.7356
rtdetr-l,A_unfinetuned,bo_exploitation,2.0,0.4,precision,0.6254
rtdetr-l,A_unfinetuned,grid_search,4.0,0.5,precision,0.7663
rtdetr-l,B_finetuned_unsupervised,baseline,0.0,0.0,precision,0.0009
rtdetr-l,B_finetuned_unsupervised,bo_exploration,4.0,0.59,precision,0.7848
rtdetr-l,B_finetuned_unsupervised,bo_exploitation,3.0,0.55,precision,0.7644
rtdetr-l,B_finetuned_unsupervised,grid_search,4.0,0.5,precision,0.7848
rtdetr-l,C_finetuned_supervised,bo_exploration,4.0,0.17,precision,0.7745
rtdetr-l,C_finetuned_supervised,bo_exploitation,4.0,0.42,precision,0.7848
rtdetr-l,C_finetuned_supervised,grid_search,4.0,0.0,precision,0.7785
yolo11n,A_unfinetuned,baseline,0.0,0.0,precision,0.0016
yolo11n,A_unfinetuned,bo_exploration,3.0,0.62,precision,0.811
yolo11n,A_unfinetuned,bo_exploitation,4.0,0.47,precision,0.8484
yolo11n,A_unfinetuned,grid_search,4.0,0.5,precision,0.8484
yolo11n,B_finetuned_unsupervised,baseline,0.0,0.0,precision,0.0
yolo11n,B_finetuned_unsupervised,bo_exploration,2.0,0.39,precision,0.7928
yolo11n,B_finetuned_unsupervised,bo_exploitation,3.0,0.14,precision,0.8582
yolo11n,B_finetuned_unsupervised,grid_search,4.0,0.5,precision,0.8499
yolo11n,C_finetuned_supervised,bo_exploration,4.0,-0.03,precision,0.8638
yolo11n,C_finetuned_supervised,bo_exploitation,3.0,-0.12,precision,0.8464
yolo11n,C_finetuned_supervised,grid_search,4.0,0.0,precision,0.8638
yolo11m,A_unfinetuned,baseline,0.0,0.0,precision,0.0026
yolo11m,A_unfinetuned,bo_exploration,2.0,0.07,precision,0.7247
yolo11m,A_unfinetuned,bo_exploitation,3.0,0.54,precision,0.7718
yolo11m,A_unfinetuned,grid_search,4.0,0.5,precision,0.7944
yolo11m,B_finetuned_unsupervised,baseline,0.0,0.0,precision,0.001
yolo11m,B_finetuned_unsupervised,bo_exploration,2.0,0.39,precision,0.74
yolo11m,B_finetuned_unsupervised,bo_exploitation,4.0,0.45,precision,0.7972
yolo11m,B_finetuned_unsupervised,grid_search,4.0,0.5,precision,0.7972
yolo11m,C_finetuned_supervised,bo_exploration,4.0,-0.12,precision,0.8022
yolo11m,C_finetuned_supervised,bo_exploitation,3.0,0.11,precision,0.7661
yolo11m,C_finetuned_supervised,grid_search,4.0,0.0,precision,0.8022
rtdetr-l,A_unfinetuned,baseline,0.0,0.0,precision,0.004
rtdetr-l,A_unfinetuned,bo_exploration,3.0,-0.12,precision,0.6972
rtdetr-l,A_unfinetuned,bo_exploitation,4.0,0.62,precision,0.7404
rtdetr-l,A_unfinetuned,grid_search,4.0,0.5,precision,0.7404
rtdetr-l,B_finetuned_unsupervised,baseline,0.0,0.0,precision,0.0381
rtdetr-l,B_finetuned_unsupervised,bo_exploration,4.0,0.62,precision,0.6475
rtdetr-l,B_finetuned_unsupervised,bo_exploitation,2.0,0.41,precision,0.4636
rtdetr-l,B_finetuned_unsupervised,grid_search,4.0,0.5,precision,0.6475
rtdetr-l,C_finetuned_supervised,bo_exploration,3.0,0.1,precision,0.6086
rtdetr-l,C_finetuned_supervised,bo_exploitation,4.0,-0.06,precision,0.6554
rtdetr-l,C_finetuned_supervised,grid_search,4.0,0.0,precision,0.6554
yolo11n,A_unfinetuned,baseline,0.0,0.0,precision,0.0016
yolo11n,A_unfinetuned,bo_exploration,3.0,0.62,precision,0.7607
yolo11n,A_unfinetuned,bo_exploitation,3.0,-0.12,precision,0.755
yolo11n,A_unfinetuned,grid_search,4.0,0.5,precision,0.7979
yolo11n,B_finetuned_unsupervised,baseline,0.0,0.0,precision,0.0
yolo11n,B_finetuned_unsupervised,bo_exploration,3.0,0.16,precision,0.8585
yolo11n,B_finetuned_unsupervised,bo_exploitation,3.0,0.56,precision,0.8333
yolo11n,B_finetuned_unsupervised,grid_search,4.0,0.5,precision,0.8498
yolo11n,C_finetuned_supervised,bo_exploration,3.0,-0.12,precision,0.8466
yolo11n,C_finetuned_supervised,bo_exploitation,3.0,-0.12,precision,0.8466
yolo11n,C_finetuned_supervised,grid_search,4.0,0.0,precision,0.864
yolo11m,A_unfinetuned,baseline,0.0,0.0,precision,0.001
yolo11m,A_unfinetuned,bo_exploration,3.0,0.62,precision,0.7137
yolo11m,A_unfinetuned,bo_exploitation,4.0,0.48,precision,0.7265
yolo11m,A_unfinetuned,grid_search,4.0,0.5,precision,0.7265
yolo11m,B_finetuned_unsupervised,baseline,0.0,0.0,precision,0.001
yolo11m,B_finetuned_unsupervised,bo_exploration,4.0,0.24,precision,0.7949
yolo11m,B_finetuned_unsupervised,bo_exploitation,4.0,0.38,precision,0.7962
yolo11m,B_finetuned_unsupervised,grid_search,4.0,0.5,precision,0.7962
yolo11m,C_finetuned_supervised,bo_exploration,3.0,-0.12,precision,0.7656
yolo11m,C_finetuned_supervised,bo_exploitation,4.0,0.01,precision,0.8014
yolo11m,C_finetuned_supervised,grid_search,4.0,0.0,precision,0.8014
rtdetr-l,A_unfinetuned,baseline,0.0,0.0,precision,0.003
rtdetr-l,A_unfinetuned,bo_exploration,4.0,0.55,precision,0.733
rtdetr-l,A_unfinetuned,bo_exploitation,1.0,-0.07,precision,0.0159
rtdetr-l,A_unfinetuned,grid_search,4.0,0.5,precision,0.733
rtdetr-l,B_finetuned_unsupervised,baseline,0.0,0.0,precision,0.005
rtdetr-l,B_finetuned_unsupervised,bo_exploration,2.0,0.62,precision,0.575
rtdetr-l,B_finetuned_unsupervised,bo_exploitation,4.0,0.47,precision,0.7273
rtdetr-l,B_finetuned_unsupervised,grid_search,4.0,0.5,precision,0.7273
rtdetr-l,C_finetuned_supervised,bo_exploration,3.0,-0.12,precision,0.6523
rtdetr-l,C_finetuned_supervised,bo_exploitation,3.0,0.04,precision,0.6523
rtdetr-l,C_finetuned_supervised,grid_search,4.0,0.0,precision,0.7125
rtdetr-l,A_unfinetuned,baseline,0.0,0.0,precision,0.001
rtdetr-l,A_unfinetuned,bo_exploration,2.0,0.62,precision,0.5813
rtdetr-l,A_unfinetuned,bo_exploitation,3.0,0.38,precision,0.7252
rtdetr-l,A_unfinetuned,grid_search,4.0,0.5,precision,0.748
rtdetr-l,B_finetuned_unsupervised,baseline,0.0,0.0,precision,0.002
rtdetr-l,B_finetuned_unsupervised,bo_exploration,4.0,0.25,precision,0.8494
rtdetr-l,B_finetuned_unsupervised,bo_exploitation,4.0,0.55,precision,0.8433
rtdetr-l,B_finetuned_unsupervised,grid_search,4.0,0.5,precision,0.8433
rtdetr-l,A_unfinetuned,baseline,0.0,0.0,precision,0.0017
rtdetr-l,A_unfinetuned,bo_exploration,2.0,0.41,precision,0.6032
rtdetr-l,A_unfinetuned,bo_exploitation,1.0,0.62,precision,0.0096
rtdetr-l,A_unfinetuned,grid_search,4.0,0.5,precision,0.7502
rtdetr-l,B_finetuned_unsupervised,baseline,0.0,0.0,precision,0.0036
rtdetr-l,B_finetuned_unsupervised,bo_exploration,4.0,0.62,precision,0.7476
rtdetr-l,B_finetuned_unsupervised,bo_exploitation,3.0,0.53,precision,0.717
rtdetr-l,B_finetuned_unsupervised,grid_search,4.0,0.5,precision,0.7476
rtdetr-l,C_finetuned_supervised,bo_exploration,3.0,0.2,precision,0.7162
rtdetr-l,C_finetuned_supervised,bo_exploitation,4.0,0.1,precision,0.7345
rtdetr-l,C_finetuned_supervised,grid_search,4.0,0.25,precision,0.7505
yolo11n,A_unfinetuned,baseline,0.0,0.0,precision,0.0
yolo11n,A_unfinetuned,bo_exploration,4.0,0.6,precision,0.8115
yolo11n,A_unfinetuned,bo_exploitation,4.0,0.5,precision,0.8115
yolo11n,A_unfinetuned,grid_search,4.0,0.5,precision,0.8115
yolo11n,B_finetuned_unsupervised,baseline,0.0,0.0,precision,0.0007
yolo11n,B_finetuned_unsupervised,bo_exploration,4.0,0.62,precision,0.8234
yolo11n,B_finetuned_unsupervised,bo_exploitation,4.0,0.46,precision,0.8234
yolo11n,B_finetuned_unsupervised,grid_search,4.0,0.5,precision,0.8234
yolo11n,C_finetuned_supervised,bo_exploration,4.0,-0.02,precision,0.8346
yolo11n,C_finetuned_supervised,bo_exploitation,4.0,0.09,precision,0.8346
yolo11n,C_finetuned_supervised,grid_search,4.0,0.0,precision,0.8346
yolo11m,A_unfinetuned,baseline,0.0,0.0,precision,0.003
yolo11m,A_unfinetuned,bo_exploration,4.0,0.47,precision,0.7179
yolo11m,A_unfinetuned,bo_exploitation,4.0,0.62,precision,0.7179
yolo11m,A_unfinetuned,grid_search,4.0,0.5,precision,0.7179
yolo11m,B_finetuned_unsupervised,baseline,0.0,0.0,precision,0.0002
yolo11m,B_finetuned_unsupervised,bo_exploration,2.0,0.62,precision,0.6493
yolo11m,B_finetuned_unsupervised,bo_exploitation,1.0,0.58,precision,0.0462
yolo11m,B_finetuned_unsupervised,grid_search,4.0,0.5,precision,0.7773
yolo11m,C_finetuned_supervised,bo_exploration,3.0,0.62,precision,0.7654
yolo11m,C_finetuned_supervised,bo_exploitation,4.0,-0.12,precision,0.8048
yolo11m,C_finetuned_supervised,grid_search,4.0,0.0,precision,0.8048
yolo11n,A_unfinetuned,baseline,0.0,0.0,precision,0.0
yolo11n,A_unfinetuned,bo_exploration,2.0,0.43,precision,0.7186
yolo11n,A_unfinetuned,bo_exploitation,1.0,0.49,precision,0.0511
yolo11n,A_unfinetuned,grid_search,4.0,0.5,precision,0.8554
yolo11n,B_finetuned_unsupervised,baseline,0.0,0.0,precision,0.0
yolo11n,B_finetuned_unsupervised,bo_exploration,4.0,0.62,precision,0.8496
yolo11n,B_finetuned_unsupervised,bo_exploitation,2.0,0.37,precision,0.7951
yolo11n,B_finetuned_unsupervised,grid_search,4.0,0.5,precision,0.8496
yolo11n,C_finetuned_supervised,bo_exploration,4.0,0.33,precision,0.8813
yolo11n,C_finetuned_supervised,bo_exploitation,3.0,-0.1,precision,0.8461
yolo11n,C_finetuned_supervised,grid_search,4.0,0.0,precision,0.8639
yolo11m,A_unfinetuned,baseline,0.0,0.0,precision,0.0004
yolo11m,A_unfinetuned,bo_exploration,3.0,-0.12,precision,0.747
yolo11m,A_unfinetuned,bo_exploitation,3.0,0.38,precision,0.763
yolo11m,A_unfinetuned,grid_search,4.0,0.5,precision,0.7574
yolo11m,B_finetuned_unsupervised,baseline,0.0,0.0,precision,0.001
yolo11m,B_finetuned_unsupervised,bo_exploration,3.0,0.23,precision,0.7751
yolo11m,B_finetuned_unsupervised,bo_exploitation,3.0,0.16,precision,0.7751
yolo11m,B_finetuned_unsupervised,grid_search,4.0,0.5,precision,0.7964
yolo11m,C_finetuned_supervised,bo_exploration,4.0,-0.12,precision,0.8017
yolo11m,C_finetuned_supervised,bo_exploitation,3.0,0.61,precision,0.7822
yolo11m,C_finetuned_supervised,grid_search,4.0,0.0,precision,0.8017
yolo11n,A_unfinetuned,baseline,0.0,0.0,precision,0.0005
yolo11n,A_unfinetuned,bo_exploration,3.0,0.02,precision,0.7326
yolo11n,A_unfinetuned,bo_exploitation,1.0,0.21,precision,0.0266
yolo11n,A_unfinetuned,grid_search,4.0,0.5,precision,0.752
yolo11n,B_finetuned_unsupervised,baseline,0.0,0.0,precision,0.0
yolo11n,B_finetuned_unsupervised,bo_exploration,4.0,0.62,precision,0.8503
yolo11n,B_finetuned_unsupervised,bo_exploitation,4.0,0.38,precision,0.8503
yolo11n,B_finetuned_unsupervised,grid_search,4.0,0.5,precision,0.8503
yolo11n,C_finetuned_supervised,bo_exploration,4.0,0.44,precision,0.8503
yolo11m,A_unfinetuned,baseline,0.0,0.0,precision,0.0003
yolo11m,A_unfinetuned,bo_exploration,3.0,0.62,precision,0.7743
yolo11m,A_unfinetuned,bo_exploitation,2.0,0.62,precision,0.6766
yolo11m,A_unfinetuned,grid_search,4.0,0.5,precision,0.7712
yolo11m,B_finetuned_unsupervised,baseline,0.0,0.0,precision,0.001
yolo11m,B_finetuned_unsupervised,bo_exploration,3.0,0.51,precision,0.7832
yolo11m,B_finetuned_unsupervised,bo_exploitation,4.0,0.62,precision,0.7975
yolo11m,B_finetuned_unsupervised,grid_search,4.0,0.5,precision,0.7975
yolo11m,C_finetuned_supervised,bo_exploration,3.0,-0.12,precision,0.7661
yolo11m,C_finetuned_supervised,bo_exploitation,2.0,0.15,precision,0.7447
yolo11m,C_finetuned_supervised,grid_search,4.0,0.0,precision,0.8026
rtdetr-l,A_unfinetuned,baseline,0.0,0.0,precision,0.0015
rtdetr-l,A_unfinetuned,bo_exploration,4.0,0.38,precision,0.8126
rtdetr-l,A_unfinetuned,bo_exploitation,3.0,0.54,precision,0.7823
rtdetr-l,A_unfinetuned,grid_search,4.0,0.5,precision,0.8126
rtdetr-l,B_finetuned_unsupervised,baseline,0.0,0.0,precision,0.0037
rtdetr-l,B_finetuned_unsupervised,bo_exploration,3.0,0.08,precision,0.6787
rtdetr-l,B_finetuned_unsupervised,bo_exploitation,3.0,0.22,precision,0.6824
rtdetr-l,B_finetuned_unsupervised,grid_search,4.0,0.5,precision,0.7543
rtdetr-l,C_finetuned_supervised,bo_exploration,2.0,0.52,precision,0.6085
rtdetr-l,C_finetuned_supervised,bo_exploitation,3.0,-0.09,precision,0.6787
rtdetr-l,C_finetuned_supervised,grid_search,4.0,0.0,precision,0.7387
yolo11n,A_unfinetuned,baseline,0.0,0.0,precision,0.0004
yolo11n,A_unfinetuned,bo_exploration,3.0,0.61,precision,0.7983
yolo11n,A_unfinetuned,bo_exploitation,1.0,0.5,precision,0.0221
yolo11n,A_unfinetuned,grid_search,4.0,0.5,precision,0.8211
yolo11n,B_finetuned_unsupervised,baseline,0.0,0.0,precision,0.0
yolo11n,B_finetuned_unsupervised,bo_exploration,3.0,-0.1,precision,0.8461
yolo11n,B_finetuned_unsupervised,bo_exploitation,3.0,0.49,precision,0.8327
yolo11n,B_finetuned_unsupervised,grid_search,4.0,0.5,precision,0.8496
yolo11m,A_unfinetuned,baseline,0.0,0.0,precision,0.0005
yolo11m,A_unfinetuned,bo_exploration,3.0,0.62,precision,0.7708
yolo11m,A_unfinetuned,bo_exploitation,4.0,0.43,precision,0.7809
yolo11m,A_unfinetuned,grid_search,4.0,0.5,precision,0.7809
yolo11m,B_finetuned_unsupervised,baseline,0.0,0.0,precision,0.001
yolo11m,B_finetuned_unsupervised,bo_exploration,1.0,0.62,precision,0.0502
yolo11m,B_finetuned_unsupervised,bo_exploitation,4.0,0.62,precision,0.7964
yolo11m,B_finetuned_unsupervised,grid_search,4.0,0.5,precision,0.7964
yolo11m,C_finetuned_supervised,bo_exploration,3.0,0.14,precision,0.7751
yolo11m,C_finetuned_supervised,bo_exploitation,4.0,-0.08,precision,0.8017
yolo11m,C_finetuned_supervised,grid_search,4.0,0.0,precision,0.8017
rtdetr-l,A_unfinetuned,baseline,0.0,0.0,precision,0.0024
rtdetr-l,A_unfinetuned,bo_exploration,3.0,0.62,precision,0.7451
rtdetr-l,A_unfinetuned,bo_exploitation,4.0,0.62,precision,0.7635
rtdetr-l,A_unfinetuned,grid_search,4.0,0.5,precision,0.7635
rtdetr-l,B_finetuned_unsupervised,baseline,0.0,0.0,precision,0.0022
rtdetr-l,B_finetuned_unsupervised,bo_exploration,1.0,0.62,precision,0.0124
rtdetr-l,B_finetuned_unsupervised,bo_exploitation,3.0,0.08,precision,0.6685
rtdetr-l,B_finetuned_unsupervised,grid_search,4.0,0.5,precision,0.7093
rtdetr-l,C_finetuned_supervised,bo_exploration,2.0,-0.12,precision,0.5149
rtdetr-l,C_finetuned_supervised,bo_exploitation,4.0,-0.12,precision,0.709
rtdetr-l,C_finetuned_supervised,grid_search,4.0,0.0,precision,0.709
yolo11n,A_unfinetuned,baseline,0.0,0.0,precision,0.002
yolo11n,A_unfinetuned,bo_exploration,2.0,0.34,precision,0.7123
yolo11n,A_unfinetuned,bo_exploitation,2.0,0.59,precision,0.7006
yolo11n,A_unfinetuned,grid_search,4.0,0.5,precision,0.8604
yolo11n,B_finetuned_unsupervised,baseline,0.0,0.0,precision,0.0
yolo11n,B_finetuned_unsupervised,bo_exploration,3.0,0.62,precision,0.8333
yolo11n,B_finetuned_unsupervised,bo_exploitation,3.0,0.62,precision,0.8333
yolo11n,B_finetuned_unsupervised,grid_search,4.0,0.5,precision,0.8505
yolo11n,C_finetuned_supervised,bo_exploration,3.0,0.38,precision,0.8333
yolo11n,C_finetuned_supervised,bo_exploitation,4.0,0.6,precision,0.8505
yolo11n,C_finetuned_supervised,grid_search,4.0,0.0,precision,0.8645
yolo11m,A_unfinetuned,baseline,0.0,0.0,precision,0.0016
yolo11m,A_unfinetuned,bo_exploration,4.0,0.62,precision,0.7526
yolo11m,A_unfinetuned,bo_exploitation,2.0,0.01,precision,0.6771
yolo11m,A_unfinetuned,grid_search,4.0,0.5,precision,0.7526
yolo11m,B_finetuned_unsupervised,baseline,0.0,0.0,precision,0.001
yolo11m,B_finetuned_unsupervised,bo_exploration,4.0,0.62,precision,0.7974
yolo11m,B_finetuned_unsupervised,bo_exploitation,4.0,0.62,precision,0.7974
yolo11m,B_finetuned_unsupervised,grid_search,4.0,0.5,precision,0.7974
yolo11m,C_finetuned_supervised,bo_exploration,4.0,-0.12,precision,0.8025
yolo11m,C_finetuned_supervised,bo_exploitation,4.0,-0.12,precision,0.8025
yolo11m,C_finetuned_supervised,grid_search,4.0,0.0,precision,0.8025
rtdetr-l,A_unfinetuned,baseline,0.0,0.0,precision,0.0033
rtdetr-l,A_unfinetuned,bo_exploration,3.0,0.62,precision,0.7301
rtdetr-l,A_unfinetuned,bo_exploitation,4.0,0.62,precision,0.7513
rtdetr-l,A_unfinetuned,grid_search,4.0,0.5,precision,0.7513
rtdetr-l,B_finetuned_unsupervised,baseline,0.0,0.0,precision,0.0045
rtdetr-l,B_finetuned_unsupervised,bo_exploration,4.0,0.46,precision,0.725
rtdetr-l,B_finetuned_unsupervised,bo_exploitation,2.0,0.16,precision,0.6006
rtdetr-l,B_finetuned_unsupervised,grid_search,4.0,0.5,precision,0.725
rtdetr-l,C_finetuned_supervised,bo_exploration,4.0,0.27,precision,0.7313
rtdetr-l,C_finetuned_supervised,bo_exploitation,4.0,0.01,precision,0.7345
rtdetr-l,C_finetuned_supervised,grid_search,4.0,0.25,precision,0.7313
yolo11n,A_unfinetuned,baseline,0.0,0.0,precision,0.0019
yolo11n,A_unfinetuned,bo_exploration,3.0,0.62,precision,0.7608
yolo11n,A_unfinetuned,bo_exploitation,2.0,0.05,precision,0.7047
yolo11n,A_unfinetuned,grid_search,4.0,0.5,precision,0.7721
yolo11n,B_finetuned_unsupervised,baseline,0.0,0.0,precision,0.0
yolo11n,B_finetuned_unsupervised,bo_exploration,4.0,0.62,precision,0.8503
yolo11n,B_finetuned_unsupervised,bo_exploitation,3.0,0.62,precision,0.8332
yolo11n,B_finetuned_unsupervised,grid_search,4.0,0.5,precision,0.8503
yolo11n,C_finetuned_supervised,bo_exploration,4.0,-0.12,precision,0.8643
yolo11n,C_finetuned_supervised,bo_exploitation,2.0,-0.12,precision,0.8244
yolo11n,C_finetuned_supervised,grid_search,4.0,0.0,precision,0.8643
yolo11m,A_unfinetuned,baseline,0.0,0.0,precision,0.0021
yolo11m,A_unfinetuned,bo_exploration,4.0,0.42,precision,0.6703
yolo11m,A_unfinetuned,bo_exploitation,4.0,0.62,precision,0.6703
yolo11m,A_unfinetuned,grid_search,4.0,0.5,precision,0.6703
yolo11m,B_finetuned_unsupervised,baseline,0.0,0.0,precision,0.001
yolo11m,B_finetuned_unsupervised,bo_exploration,3.0,0.5,precision,0.7834
yolo11m,B_finetuned_unsupervised,bo_exploitation,2.0,0.49,precision,0.7402
yolo11m,B_finetuned_unsupervised,grid_search,4.0,0.5,precision,0.7974
yolo11m,C_finetuned_supervised,bo_exploration,3.0,-0.08,precision,0.7664
yolo11m,C_finetuned_supervised,bo_exploitation,4.0,-0.09,precision,0.8024
yolo11m,C_finetuned_supervised,grid_search,4.0,0.0,precision,0.8024
rtdetr-l,A_unfinetuned,baseline,0.0,0.0,precision,0.0004
rtdetr-l,A_unfinetuned,bo_exploration,3.0,0.6,precision,0.779
rtdetr-l,A_unfinetuned,bo_exploitation,2.0,-0.03,precision,0.6909
rtdetr-l,A_unfinetuned,grid_search,4.0,0.5,precision,0.7948
rtdetr-l,B_finetuned_unsupervised,baseline,0.0,0.0,precision,0.0005
rtdetr-l,B_finetuned_unsupervised,bo_exploration,3.0,0.07,precision,0.7123
rtdetr-l,B_finetuned_unsupervised,bo_exploitation,3.0,0.02,precision,0.7123
rtdetr-l,B_finetuned_unsupervised,grid_search,4.0,0.5,precision,0.7521
rtdetr-l,A_unfinetuned,baseline,0.0,0.0,precision,0.0013
rtdetr-l,B_finetuned_unsupervised,baseline,0.0,0.0,precision,0.0014
rtdetr-l,B_finetuned_unsupervised,bo_exploration,4.0,0.62,precision,0.8599
rtdetr-l,B_finetuned_unsupervised,bo_exploitation,2.0,-0.08,precision,0.8024
rtdetr-l,B_finetuned_unsupervised,grid_search,4.0,0.5,precision,0.8599
rtdetr-l,C_finetuned_supervised,bo_exploration,1.0,0.09,precision,0.0159
rtdetr-l,C_finetuned_supervised,bo_exploitation,4.0,0.58,precision,0.8599
rtdetr-l,C_finetuned_supervised,grid_search,4.0,0.5,precision,0.8599
rtdetr-l,A_unfinetuned,baseline,0.0,0.0,precision,0.0031
rtdetr-l,A_unfinetuned,bo_exploration,3.0,0.62,precision,0.7778
rtdetr-l,A_unfinetuned,bo_exploitation,4.0,0.42,precision,0.7785
rtdetr-l,A_unfinetuned,grid_search,4.0,0.5,precision,0.7785
rtdetr-l,B_finetuned_unsupervised,baseline,0.0,0.0,precision,0.0006
rtdetr-l,B_finetuned_unsupervised,bo_exploration,3.0,0.62,precision,0.7351
rtdetr-l,B_finetuned_unsupervised,bo_exploitation,3.0,-0.12,precision,0.7215
rtdetr-l,B_finetuned_unsupervised,grid_search,4.0,0.5,precision,0.7452
rtdetr-l,C_finetuned_supervised,bo_exploration,3.0,0.1,precision,0.7215
rtdetr-l,C_finetuned_supervised,bo_exploitation,3.0,0.06,precision,0.7215
rtdetr-l,C_finetuned_supervised,grid_search,4.0,0.0,precision,0.7452
yolo11n,A_unfinetuned,baseline,0.0,0.0,precision,0.0
yolo11n,B_finetuned_unsupervised,baseline,0.0,0.0,precision,0.0007
yolo11n,B_finetuned_unsupervised,bo_exploration,3.0,0.47,precision,0.7789
yolo11n,B_finetuned_unsupervised,bo_exploitation,4.0,0.62,precision,0.8235
yolo11n,B_finetuned_unsupervised,grid_search,4.0,0.5,precision,0.8235
yolo11n,C_finetuned_supervised,bo_exploration,3.0,0.19,precision,0.7811
yolo11n,C_finetuned_supervised,bo_exploitation,3.0,0.13,precision,0.7811
yolo11n,C_finetuned_supervised,grid_search,4.0,0.0,precision,0.8346
yolo11m,A_unfinetuned,baseline,0.0,0.0,precision,0.0
yolo11m,A_unfinetuned,bo_exploration,4.0,0.42,precision,0.7721
yolo11m,A_unfinetuned,bo_exploitation,3.0,0.29,precision,0.7647
yolo11m,A_unfinetuned,grid_search,4.0,0.5,precision,0.7721
yolo11m,B_finetuned_unsupervised,baseline,0.0,0.0,precision,0.001
yolo11m,B_finetuned_unsupervised,bo_exploration,4.0,0.4,precision,0.7974
yolo11m,B_finetuned_unsupervised,bo_exploitation,3.0,0.44,precision,0.7835
yolo11m,B_finetuned_unsupervised,grid_search,4.0,0.5,precision,0.7974
yolo11m,C_finetuned_supervised,bo_exploration,2.0,0.55,precision,0.7404
yolo11m,C_finetuned_supervised,bo_exploitation,3.0,0.05,precision,0.7665
yolo11m,C_finetuned_supervised,grid_search,4.0,0.0,precision,0.8025
yolo11n,A_unfinetuned,baseline,0.0,0.0,precision,0.0014
yolo11n,A_unfinetuned,bo_exploration,3.0,0.52,precision,0.7893
yolo11n,A_unfinetuned,bo_exploitation,2.0,0.62,precision,0.6705
yolo11n,A_unfinetuned,grid_search,4.0,0.5,precision,0.8157
yolo11n,B_finetuned_unsupervised,baseline,0.0,0.0,precision,0.0
yolo11n,B_finetuned_unsupervised,bo_exploration,3.0,0.62,precision,0.8329
yolo11n,B_finetuned_unsupervised,bo_exploitation,2.0,0.62,precision,0.7932
yolo11n,B_finetuned_unsupervised,grid_search,4.0,0.5,precision,0.85
yolo11n,C_finetuned_supervised,bo_exploration,3.0,-0.01,precision,0.8467
yolo11n,C_finetuned_supervised,bo_exploitation,3.0,0.29,precision,0.8584
yolo11n,C_finetuned_supervised,grid_search,4.0,0.0,precision,0.8639
yolo11m,A_unfinetuned,baseline,0.0,0.0,precision,0.001
yolo11m,A_unfinetuned,bo_exploration,2.0,0.61,precision,0.6081
yolo11m,A_unfinetuned,bo_exploitation,3.0,0.3,precision,0.6692
yolo11m,A_unfinetuned,grid_search,4.0,0.5,precision,0.6729
yolo11m,B_finetuned_unsupervised,baseline,0.0,0.0,precision,0.001
yolo11m,B_finetuned_unsupervised,bo_exploration,2.0,0.38,precision,0.7405
yolo11m,B_finetuned_unsupervised,bo_exploitation,2.0,-0.11,precision,0.7635
yolo11m,B_finetuned_unsupervised,grid_search,4.0,0.5,precision,0.7975
yolo11m,C_finetuned_supervised,bo_exploration,3.0,-0.11,precision,0.7665
yolo11m,C_finetuned_supervised,bo_exploitation,3.0,-0.1,precision,0.7665
yolo11m,C_finetuned_supervised,grid_search,4.0,0.0,precision,0.8026
yolo11n,A_unfinetuned,baseline,0.0,0.0,precision,0.0037
yolo11n,A_unfinetuned,bo_exploration,3.0,0.52,precision,0.7758
yolo11n,A_unfinetuned,bo_exploitation,2.0,0.45,precision,0.6671
yolo11n,A_unfinetuned,grid_search,4.0,0.5,precision,0.8106
yolo11n,B_finetuned_unsupervised,baseline,0.0,0.0,precision,0.0
yolo11n,B_finetuned_unsupervised,bo_exploration,4.0,0.62,precision,0.8502
yolo11n,B_finetuned_unsupervised,bo_exploitation,4.0,0.31,precision,0.8818
yolo11n,B_finetuned_unsupervised,grid_search,4.0,0.5,precision,0.8502
yolo11n,C_finetuned_supervised,bo_exploration,3.0,-0.12,precision,0.8467
yolo11n,C_finetuned_supervised,bo_exploitation,4.0,0.56,precision,0.8502
yolo11n,C_finetuned_supervised,grid_search,4.0,0.0,precision,0.8645
yolo11m,A_unfinetuned,baseline,0.0,0.0,precision,0.0
yolo11m,A_unfinetuned,bo_exploration,2.0,0.61,precision,0.6256
yolo11m,A_unfinetuned,bo_exploitation,4.0,0.36,precision,0.7547
yolo11m,A_unfinetuned,grid_search,4.0,0.5,precision,0.7606
yolo11m,B_finetuned_unsupervised,baseline,0.0,0.0,precision,0.001
yolo11m,B_finetuned_unsupervised,bo_exploration,4.0,0.62,precision,0.7982
yolo11m,B_finetuned_unsupervised,bo_exploitation,1.0,0.27,precision,0.0492
yolo11m,B_finetuned_unsupervised,grid_search,4.0,0.5,precision,0.7982
yolo11m,C_finetuned_supervised,bo_exploration,4.0,-0.12,precision,0.8032
yolo11m,C_finetuned_supervised,bo_exploitation,3.0,0.11,precision,0.7673
yolo11m,C_finetuned_supervised,grid_search,4.0,0.0,precision,0.8032
rtdetr-l,A_unfinetuned,baseline,0.0,0.0,precision,0.0024
rtdetr-l,A_unfinetuned,bo_exploration,2.0,0.5,precision,0.5194
rtdetr-l,A_unfinetuned,bo_exploitation,2.0,0.07,precision,0.5536
rtdetr-l,A_unfinetuned,grid_search,4.0,0.5,precision,0.7025
rtdetr-l,B_finetuned_unsupervised,baseline,0.0,0.0,precision,0.0017
rtdetr-l,B_finetuned_unsupervised,bo_exploration,3.0,0.62,precision,0.8505
rtdetr-l,B_finetuned_unsupervised,bo_exploitation,4.0,0.46,precision,0.8472
rtdetr-l,B_finetuned_unsupervised,grid_search,4.0,0.5,precision,0.8472
rtdetr-l,C_finetuned_supervised,bo_exploration,3.0,0.02,precision,0.8479
rtdetr-l,C_finetuned_supervised,bo_exploitation,2.0,0.19,precision,0.7762
rtdetr-l,C_finetuned_supervised,grid_search,4.0,0.0,precision,0.8781
yolo11n,A_unfinetuned,baseline,0.0,0.0,precision,0.0019
yolo11n,A_unfinetuned,bo_exploration,2.0,0.18,precision,0.6515
yolo11n,A_unfinetuned,bo_exploitation,3.0,0.43,precision,0.7396
yolo11n,A_unfinetuned,grid_search,4.0,0.5,precision,0.7668
yolo11n,B_finetuned_unsupervised,baseline,0.0,0.0,precision,0.0
yolo11n,B_finetuned_unsupervised,bo_exploration,4.0,0.49,precision,0.8497
yolo11n,B_finetuned_unsupervised,bo_exploitation,1.0,0.18,precision,0.0938
yolo11n,B_finetuned_unsupervised,grid_search,4.0,0.5,precision,0.8497
yolo11n,C_finetuned_supervised,bo_exploration,3.0,0.18,precision,0.8585
yolo11n,C_finetuned_supervised,bo_exploitation,3.0,0.3,precision,0.8585
yolo11n,C_finetuned_supervised,grid_search,4.0,0.0,precision,0.8639
yolo11m,A_unfinetuned,baseline,0.0,0.0,precision,0.0013
yolo11m,A_unfinetuned,bo_exploration,4.0,0.45,precision,0.758
yolo11m,A_unfinetuned,bo_exploitation,4.0,0.18,precision,0.7469
yolo11m,A_unfinetuned,grid_search,4.0,0.5,precision,0.758
yolo11m,B_finetuned_unsupervised,baseline,0.0,0.0,precision,0.001
yolo11m,B_finetuned_unsupervised,bo_exploration,2.0,0.55,precision,0.7402
yolo11m,B_finetuned_unsupervised,bo_exploitation,4.0,0.45,precision,0.7969
yolo11m,B_finetuned_unsupervised,grid_search,4.0,0.5,precision,0.7969
yolo11m,C_finetuned_supervised,bo_exploration,3.0,0.57,precision,0.7828
yolo11m,C_finetuned_supervised,bo_exploitation,4.0,0.09,precision,0.8022
yolo11m,C_finetuned_supervised,grid_search,4.0,0.0,precision,0.8022
rtdetr-l,A_unfinetuned,baseline,0.0,0.0,precision,0.0005
rtdetr-l,A_unfinetuned,bo_exploration,3.0,-0.05,precision,0.6757
rtdetr-l,A_unfinetuned,bo_exploitation,3.0,0.47,precision,0.6998
rtdetr-l,A_unfinetuned,grid_search,4.0,0.5,precision,0.7339
rtdetr-l,B_finetuned_unsupervised,baseline,0.0,0.0,precision,0.001
rtdetr-l,B_finetuned_unsupervised,bo_exploration,4.0,0.55,precision,0.755
rtdetr-l,B_finetuned_unsupervised,bo_exploitation,4.0,0.09,precision,0.7674
rtdetr-l,B_finetuned_unsupervised,grid_search,4.0,0.5,precision,0.755
rtdetr-l,C_finetuned_supervised,bo_exploration,3.0,-0.12,precision,0.7208
rtdetr-l,C_finetuned_supervised,bo_exploitation,3.0,-0.03,precision,0.7208
rtdetr-l,C_finetuned_supervised,grid_search,4.0,0.0,precision,0.7674
yolo11n,A_unfinetuned,baseline,0.0,0.0,precision,0.0017
yolo11n,A_unfinetuned,bo_exploration,4.0,0.45,precision,0.8346
yolo11n,A_unfinetuned,bo_exploitation,3.0,0.03,precision,0.8033
yolo11n,A_unfinetuned,grid_search,4.0,0.5,precision,0.8346
yolo11n,B_finetuned_unsupervised,baseline,0.0,0.0,precision,0.0
yolo11n,B_finetuned_unsupervised,bo_exploration,4.0,0.62,precision,0.8509
yolo11n,B_finetuned_unsupervised,bo_exploitation,4.0,0.58,precision,0.8509
yolo11n,B_finetuned_unsupervised,grid_search,4.0,0.5,precision,0.8509
yolo11n,C_finetuned_supervised,bo_exploration,1.0,0.02,precision,0.0923
yolo11n,C_finetuned_supervised,bo_exploitation,4.0,0.08,precision,0.8646
yolo11n,C_finetuned_supervised,grid_search,4.0,0.0,precision,0.8646
yolo11m,A_unfinetuned,baseline,0.0,0.0,precision,0.0
yolo11m,A_unfinetuned,bo_exploration,4.0,-0.12,precision,0.8325
yolo11m,A_unfinetuned,bo_exploitation,2.0,0.53,precision,0.726
yolo11m,A_unfinetuned,grid_search,4.0,0.5,precision,0.8295
yolo11m,B_finetuned_unsupervised,baseline,0.0,0.0,precision,0.0
yolo11m,B_finetuned_unsupervised,bo_exploration,2.0,0.21,precision,0.7795
yolo11m,B_finetuned_unsupervised,bo_exploitation,4.0,-0.1,precision,0.8445
yolo11m,B_finetuned_unsupervised,grid_search,4.0,0.5,precision,0.8398
yolo11m,C_finetuned_supervised,bo_exploration,4.0,0.09,precision,0.8445
yolo11m,C_finetuned_supervised,bo_exploitation,2.0,0.28,precision,0.7795
yolo11m,C_finetuned_supervised,grid_search,4.0,0.0,precision,0.8445
rtdetr-l,A_unfinetuned,baseline,0.0,0.0,precision,0.0005
rtdetr-l,A_unfinetuned,bo_exploration,3.0,0.21,precision,0.7413
rtdetr-l,A_unfinetuned,bo_exploitation,2.0,0.21,precision,0.6199
rtdetr-l,A_unfinetuned,grid_search,4.0,0.5,precision,0.7613
rtdetr-l,B_finetuned_unsupervised,baseline,0.0,0.0,precision,0.0046
rtdetr-l,B_finetuned_unsupervised,bo_exploration,3.0,0.62,precision,0.7859
rtdetr-l,B_finetuned_unsupervised,bo_exploitation,4.0,0.52,precision,0.8021
rtdetr-l,B_finetuned_unsupervised,grid_search,4.0,0.5,precision,0.8021
rtdetr-l,C_finetuned_supervised,bo_exploration,2.0,0.01,precision,0.7177
yolo11n,A_unfinetuned,baseline,0.0,0.0,precision,0.0
yolo11n,A_unfinetuned,bo_exploration,3.0,0.55,precision,0.8103
yolo11n,A_unfinetuned,bo_exploitation,3.0,0.14,precision,0.8152
yolo11n,A_unfinetuned,grid_search,4.0,0.5,precision,0.8435
yolo11n,B_finetuned_unsupervised,baseline,0.0,0.0,precision,0.0
yolo11n,B_finetuned_unsupervised,bo_exploration,4.0,0.62,precision,0.8499
yolo11n,B_finetuned_unsupervised,bo_exploitation,2.0,0.59,precision,0.7925
yolo11n,B_finetuned_unsupervised,grid_search,4.0,0.5,precision,0.8499
yolo11n,C_finetuned_supervised,bo_exploration,3.0,-0.01,precision,0.8462
yolo11n,C_finetuned_supervised,bo_exploitation,3.0,0.4,precision,0.8325
yolo11n,C_finetuned_supervised,grid_search,4.0,0.0,precision,0.8636
yolo11m,A_unfinetuned,baseline,0.0,0.0,precision,0.0014
yolo11m,A_unfinetuned,bo_exploration,3.0,0.34,precision,0.7278
yolo11m,A_unfinetuned,bo_exploitation,2.0,0.45,precision,0.6515
yolo11m,A_unfinetuned,grid_search,4.0,0.5,precision,0.733
yolo11m,B_finetuned_unsupervised,baseline,0.0,0.0,precision,0.001
yolo11m,B_finetuned_unsupervised,bo_exploration,4.0,0.44,precision,0.7966
yolo11m,B_finetuned_unsupervised,bo_exploitation,2.0,0.33,precision,0.7441
yolo11m,B_finetuned_unsupervised,grid_search,4.0,0.5,precision,0.7966
yolo11m,C_finetuned_supervised,bo_exploration,4.0,-0.12,precision,0.8016
yolo11m,C_finetuned_supervised,bo_exploitation,3.0,0.31,precision,0.7753
yolo11m,C_finetuned_supervised,grid_search,4.0,0.0,precision,0.8016
rtdetr-l,A_unfinetuned,baseline,0.0,0.0,precision,0.0036
rtdetr-l,A_unfinetuned,bo_exploration,2.0,0.46,precision,0.6517
rtdetr-l,A_unfinetuned,bo_exploitation,3.0,0.57,precision,0.7512
rtdetr-l,A_unfinetuned,grid_search,4.0,0.5,precision,0.7601
rtdetr-l,B_finetuned_unsupervised,baseline,0.0,0.0,precision,0.0013
rtdetr-l,B_finetuned_unsupervised,bo_exploration,4.0,0.62,precision,0.8526
rtdetr-l,B_finetuned_unsupervised,bo_exploitation,1.0,0.2,precision,0.006
rtdetr-l,B_finetuned_unsupervised,grid_search,4.0,0.5,precision,0.8526
rtdetr-l,C_finetuned_supervised,bo_exploration,4.0,-0.12,precision,0.8504
rtdetr-l,C_finetuned_supervised,bo_exploitation,4.0,-0.12,precision,0.8504
rtdetr-l,C_finetuned_supervised,grid_search,4.0,0.0,precision,0.8504
rtdetr-l,A_unfinetuned,baseline,0.0,0.0,precision,0.0104
rtdetr-l,A_unfinetuned,bo_exploration,4.0,0.54,precision,0.8177
rtdetr-l,A_unfinetuned,bo_exploitation,3.0,0.44,precision,0.7966
rtdetr-l,A_unfinetuned,grid_search,4.0,0.5,precision,0.8177
rtdetr-l,B_finetuned_unsupervised,baseline,0.0,0.0,precision,0.0012
rtdetr-l,A_unfinetuned,baseline,0.0,0.0,precision,0.0018
rtdetr-l,A_unfinetuned,bo_exploration,3.0,-0.0,precision,0.714
rtdetr-l,A_unfinetuned,bo_exploitation,2.0,0.55,precision,0.5842
rtdetr-l,A_unfinetuned,grid_search,4.0,0.5,precision,0.7299
rtdetr-l,B_finetuned_unsupervised,baseline,0.0,0.0,precision,0.0011
rtdetr-l,B_finetuned_unsupervised,bo_exploration,4.0,0.62,precision,0.7946
rtdetr-l,B_finetuned_unsupervised,bo_exploitation,2.0,0.41,precision,0.632
rtdetr-l,B_finetuned_unsupervised,grid_search,4.0,0.5,precision,0.7946
rtdetr-l,C_finetuned_supervised,bo_exploration,3.0,-0.07,precision,0.755
rtdetr-l,C_finetuned_supervised,bo_exploitation,2.0,0.36,precision,0.6436
rtdetr-l,C_finetuned_supervised,grid_search,4.0,0.0,precision,0.7958
yolo11n,A_unfinetuned,baseline,0.0,0.0,precision,0.0
yolo11n,A_unfinetuned,bo_exploration,4.0,0.62,precision,0.8614
yolo11n,A_unfinetuned,bo_exploitation,3.0,-0.05,precision,0.8361
yolo11n,A_unfinetuned,grid_search,4.0,0.5,precision,0.8614
yolo11n,B_finetuned_unsupervised,baseline,0.0,0.0,precision,0.0
yolo11n,B_finetuned_unsupervised,bo_exploration,4.0,0.62,precision,0.8503
yolo11n,B_finetuned_unsupervised,bo_exploitation,3.0,0.17,precision,0.8585
yolo11n,B_finetuned_unsupervised,grid_search,4.0,0.5,precision,0.8503
yolo11n,C_finetuned_supervised,bo_exploration,3.0,-0.12,precision,0.8468
yolo11n,C_finetuned_supervised,bo_exploitation,3.0,0.14,precision,0.8585
yolo11n,C_finetuned_supervised,grid_search,4.0,0.0,precision,0.8642
yolo11m,A_unfinetuned,baseline,0.0,0.0,precision,0.0002
yolo11m,A_unfinetuned,bo_exploration,3.0,-0.05,precision,0.7621
yolo11m,A_unfinetuned,bo_exploitation,3.0,0.29,precision,0.7676
yolo11m,A_unfinetuned,grid_search,4.0,0.5,precision,0.7947
yolo11m,B_finetuned_unsupervised,baseline,0.0,0.0,precision,0.001
yolo11m,B_finetuned_unsupervised,bo_exploration,4.0,0.62,precision,0.7977
yolo11n,A_unfinetuned,baseline,0.0,0.0,precision,0.0012
yolo11n,A_unfinetuned,bo_exploration,4.0,0.62,precision,0.7716
yolo11n,A_unfinetuned,bo_exploitation,3.0,0.47,precision,0.761
yolo11n,A_unfinetuned,grid_search,4.0,0.5,precision,0.7716
yolo11n,B_finetuned_unsupervised,baseline,0.0,0.0,precision,0.0
yolo11n,B_finetuned_unsupervised,bo_exploration,3.0,0.48,precision,0.8334
yolo11n,B_finetuned_unsupervised,bo_exploitation,3.0,0.62,precision,0.8334
yolo11n,B_finetuned_unsupervised,grid_search,4.0,0.5,precision,0.8504
yolo11n,C_finetuned_supervised,bo_exploration,3.0,0.02,precision,0.8467
yolo11n,C_finetuned_supervised,bo_exploitation,4.0,0.06,precision,0.8645
yolo11n,C_finetuned_supervised,grid_search,4.0,0.0,precision,0.8645
yolo11m,A_unfinetuned,baseline,0.0,0.0,precision,0.0024
yolo11m,A_unfinetuned,bo_exploration,3.0,0.62,precision,0.7479
yolo11m,A_unfinetuned,bo_exploitation,3.0,0.44,precision,0.7479
yolo11m,A_unfinetuned,grid_search,4.0,0.5,precision,0.7594
yolo11m,B_finetuned_unsupervised,baseline,0.0,0.0,precision,0.0005
yolo11m,B_finetuned_unsupervised,bo_exploration,4.0,0.61,precision,0.7922
yolo11m,B_finetuned_unsupervised,bo_exploitation,3.0,0.62,precision,0.7681
yolo11m,B_finetuned_unsupervised,grid_search,4.0,0.5,precision,0.7922
yolo11m,C_finetuned_supervised,bo_exploration,4.0,-0.1,precision,0.7973
yolo11m,C_finetuned_supervised,bo_exploitation,3.0,0.25,precision,0.7917
yolo11m,C_finetuned_supervised,grid_search,4.0,0.0,precision,0.7973
yolo11n,A_unfinetuned,baseline,0.0,0.0,precision,0.0008
yolo11n,A_unfinetuned,bo_exploration,3.0,-0.12,precision,0.7399
yolo11n,A_unfinetuned,bo_exploitation,3.0,0.47,precision,0.7425
yolo11n,A_unfinetuned,grid_search,4.0,0.5,precision,0.7753
yolo11n,B_finetuned_unsupervised,baseline,0.0,0.0,precision,0.0
yolo11n,B_finetuned_unsupervised,bo_exploration,2.0,0.13,precision,0.7957
yolo11n,B_finetuned_unsupervised,bo_exploitation,2.0,0.48,precision,0.793
yolo11n,B_finetuned_unsupervised,grid_search,4.0,0.5,precision,0.8502
yolo11n,C_finetuned_supervised,bo_exploration,4.0,0.09,precision,0.864
yolo11n,C_finetuned_supervised,bo_exploitation,3.0,-0.12,precision,0.8467
yolo11n,C_finetuned_supervised,grid_search,4.0,0.0,precision,0.864
yolo11m,A_unfinetuned,baseline,0.0,0.0,precision,0.0009
yolo11m,A_unfinetuned,bo_exploration,3.0,0.62,precision,0.7155
yolo11m,A_unfinetuned,bo_exploitation,3.0,0.49,precision,0.7155
yolo11m,A_unfinetuned,grid_search,4.0,0.5,precision,0.7673
yolo11m,B_finetuned_unsupervised,baseline,0.0,0.0,precision,0.001
yolo11m,B_finetuned_unsupervised,bo_exploration,1.0,0.19,precision,0.0507
yolo11m,B_finetuned_unsupervised,bo_exploitation,4.0,0.53,precision,0.7973
yolo11m,B_finetuned_unsupervised,grid_search,4.0,0.5,precision,0.7973
yolo11m,C_finetuned_supervised,bo_exploration,4.0,0.46,precision,0.7973
yolo11m,C_finetuned_supervised,bo_exploitation,4.0,-0.12,precision,0.8025
yolo11m,C_finetuned_supervised,grid_search,4.0,0.0,precision,0.8025
rtdetr-l,A_unfinetuned,baseline,0.0,0.0,precision,0.002
rtdetr-l,A_unfinetuned,bo_exploration,3.0,0.62,precision,0.7319
rtdetr-l,A_unfinetuned,bo_exploitation,4.0,0.62,precision,0.7604
rtdetr-l,A_unfinetuned,grid_search,4.0,0.5,precision,0.7604
rtdetr-l,B_finetuned_unsupervised,baseline,0.0,0.0,precision,0.001
rtdetr-l,B_finetuned_unsupervised,bo_exploration,3.0,0.57,precision,0.7959
rtdetr-l,B_finetuned_unsupervised,bo_exploitation,4.0,0.0,precision,0.8083
rtdetr-l,B_finetuned_unsupervised,grid_search,4.0,0.5,precision,0.8124
rtdetr-l,C_finetuned_supervised,bo_exploration,4.0,-0.12,precision,0.8083
rtdetr-l,C_finetuned_supervised,bo_exploitation,4.0,0.52,precision,0.8124
rtdetr-l,C_finetuned_supervised,grid_search,4.0,0.0,precision,0.8083
yolo11n,A_unfinetuned,baseline,0.0,0.0,precision,0.0003
yolo11n,A_unfinetuned,bo_exploration,4.0,0.62,precision,0.8087
yolo11n,A_unfinetuned,bo_exploitation,4.0,0.13,precision,0.8125
yolo11n,A_unfinetuned,grid_search,4.0,0.5,precision,0.8087
yolo11n,B_finetuned_unsupervised,baseline,0.0,0.0,precision,0.0006
yolo11m,A_unfinetuned,baseline,0.0,0.0,precision,0.002
yolo11m,A_unfinetuned,bo_exploration,4.0,0.62,precision,0.7773
yolo11m,A_unfinetuned,bo_exploitation,3.0,0.26,precision,0.7771
yolo11m,A_unfinetuned,grid_search,4.0,0.5,precision,0.7773
yolo11m,B_finetuned_unsupervised,baseline,0.0,0.0,precision,0.001
yolo11m,B_finetuned_unsupervised,bo_exploration,4.0,0.21,precision,0.7954
yolo11m,B_finetuned_unsupervised,bo_exploitation,4.0,0.16,precision,0.7954
yolo11m,B_finetuned_unsupervised,grid_search,4.0,0.5,precision,0.7967
yolo11m,C_finetuned_supervised,bo_exploration,3.0,-0.0,precision,0.7658
yolo11m,C_finetuned_supervised,bo_exploitation,2.0,0.14,precision,0.7444
yolo11m,C_finetuned_supervised,grid_search,4.0,0.0,precision,0.802
rtdetr-l,A_unfinetuned,baseline,0.0,0.0,precision,0.0019
rtdetr-l,A_unfinetuned,bo_exploration,4.0,0.62,precision,0.7722
rtdetr-l,A_unfinetuned,bo_exploitation,3.0,0.56,precision,0.7516
rtdetr-l,A_unfinetuned,grid_search,4.0,0.5,precision,0.7722
rtdetr-l,B_finetuned_unsupervised,baseline,0.0,0.0,precision,0.0032
rtdetr-l,B_finetuned_unsupervised,bo_exploration,3.0,0.46,precision,0.6543
rtdetr-l,B_finetuned_unsupervised,bo_exploitation,3.0,0.33,precision,0.6628
rtdetr-l,B_finetuned_unsupervised,grid_search,4.0,0.5,precision,0.7034
rtdetr-l,C_finetuned_supervised,bo_exploration,4.0,0.31,precision,0.6889
rtdetr-l,C_finetuned_supervised,bo_exploitation,2.0,0.58,precision,0.5374
rtdetr-l,C_finetuned_supervised,grid_search,4.0,0.5,precision,0.7034
yolo11n,A_unfinetuned,baseline,0.0,0.0,precision,0.0
yolo11n,A_unfinetuned,bo_exploration,3.0,0.22,precision,0.8411
yolo11n,A_unfinetuned,bo_exploitation,3.0,0.62,precision,0.8221
yolo11n,A_unfinetuned,grid_search,4.0,0.5,precision,0.8326
yolo11n,B_finetuned_unsupervised,baseline,0.0,0.0,precision,0.0
yolo11n,B_finetuned_unsupervised,bo_exploration,3.0,0.62,precision,0.8332
yolo11n,B_finetuned_unsupervised,bo_exploitation,2.0,0.26,precision,0.795
yolo11n,B_finetuned_unsupervised,grid_search,4.0,0.5,precision,0.8503
yolo11n,C_finetuned_supervised,bo_exploration,2.0,0.36,precision,0.795
yolo11n,C_finetuned_supervised,bo_exploitation,2.0,0.2,precision,0.795
yolo11n,C_finetuned_supervised,grid_search,4.0,0.0,precision,0.8641
yolo11m,A_unfinetuned,baseline,0.0,0.0,precision,0.001
yolo11m,A_unfinetuned,bo_exploration,4.0,0.62,precision,0.7436
yolo11m,A_unfinetuned,bo_exploitation,3.0,0.44,precision,0.7478
yolo11m,A_unfinetuned,grid_search,4.0,0.5,precision,0.7436
yolo11m,B_finetuned_unsupervised,baseline,0.0,0.0,precision,0.001
yolo11m,B_finetuned_unsupervised,bo_exploration,4.0,0.62,precision,0.7983
yolo11m,B_finetuned_unsupervised,bo_exploitation,4.0,0.21,precision,0.7967
yolo11m,B_finetuned_unsupervised,grid_search,4.0,0.5,precision,0.7983
yolo11m,C_finetuned_supervised,bo_exploration,3.0,-0.06,precision,0.7668
yolo11m,C_finetuned_supervised,bo_exploitation,1.0,0.56,precision,0.0498
yolo11m,C_finetuned_supervised,grid_search,4.0,0.0,precision,0.8032
rtdetr-l,A_unfinetuned,baseline,0.0,0.0,precision,0.0039
rtdetr-l,A_unfinetuned,bo_exploration,4.0,0.62,precision,0.7319
rtdetr-l,A_unfinetuned,bo_exploitation,3.0,0.52,precision,0.72
rtdetr-l,A_unfinetuned,grid_search,4.0,0.5,precision,0.7319
rtdetr-l,B_finetuned_unsupervised,baseline,0.0,0.0,precision,0.005
rtdetr-l,B_finetuned_unsupervised,bo_exploration,3.0,-0.06,precision,0.7437
rtdetr-l,B_finetuned_unsupervised,bo_exploitation,3.0,0.03,precision,0.7437
rtdetr-l,B_finetuned_unsupervised,grid_search,4.0,0.5,precision,0.7568
rtdetr-l,C_finetuned_supervised,bo_exploration,4.0,-0.05,precision,0.7796
rtdetr-l,C_finetuned_supervised,bo_exploitation,1.0,0.2,precision,0.0204
rtdetr-l,C_finetuned_supervised,grid_search,4.0,0.0,precision,0.7796
yolo11n,A_unfinetuned,baseline,0.0,0.0,precision,0.0005
yolo11n,A_unfinetuned,bo_exploration,3.0,0.24,precision,0.8147
yolo11n,A_unfinetuned,bo_exploitation,2.0,0.15,precision,0.6805
yolo11n,A_unfinetuned,grid_search,4.0,0.5,precision,0.8426
yolo11n,B_finetuned_unsupervised,baseline,0.0,0.0,precision,0.0
yolo11n,B_finetuned_unsupervised,bo_exploration,4.0,0.62,precision,0.8499
yolo11n,B_finetuned_unsupervised,bo_exploitation,3.0,0.52,precision,0.8328
yolo11n,B_finetuned_unsupervised,grid_search,4.0,0.5,precision,0.8499
yolo11n,C_finetuned_supervised,bo_exploration,3.0,-0.05,precision,0.8462
yolo11n,C_finetuned_supervised,bo_exploitation,3.0,0.35,precision,0.8579
yolo11n,C_finetuned_supervised,grid_search,4.0,0.0,precision,0.8637
yolo11m,A_unfinetuned,baseline,0.0,0.0,precision,0.0005
yolo11m,A_unfinetuned,bo_exploration,4.0,0.62,precision,0.6961
yolo11m,A_unfinetuned,bo_exploitation,2.0,0.54,precision,0.5928
yolo11m,A_unfinetuned,grid_search,4.0,0.5,precision,0.6961
yolo11m,B_finetuned_unsupervised,baseline,0.0,0.0,precision,0.001
yolo11m,B_finetuned_unsupervised,bo_exploration,1.0,0.35,precision,0.0502
yolo11m,B_finetuned_unsupervised,bo_exploitation,3.0,0.45,precision,0.7825
yolo11m,B_finetuned_unsupervised,grid_search,4.0,0.5,precision,0.7964
yolo11m,C_finetuned_supervised,bo_exploration,3.0,0.45,precision,0.7825
yolo11m,C_finetuned_supervised,bo_exploitation,4.0,-0.08,precision,0.8016
yolo11m,C_finetuned_supervised,grid_search,4.0,0.0,precision,0.8016
rtdetr-l,A_unfinetuned,baseline,0.0,0.0,precision,0.0042
rtdetr-l,A_unfinetuned,bo_exploration,2.0,0.61,precision,0.66
rtdetr-l,A_unfinetuned,bo_exploitation,3.0,0.41,precision,0.7865
rtdetr-l,A_unfinetuned,grid_search,4.0,0.5,precision,0.8052
rtdetr-l,B_finetuned_unsupervised,baseline,0.0,0.0,precision,0.0205
rtdetr-l,B_finetuned_unsupervised,bo_exploration,3.0,0.39,precision,0.7992
rtdetr-l,B_finetuned_unsupervised,bo_exploitation,3.0,-0.08,precision,0.777
rtdetr-l,B_finetuned_unsupervised,grid_search,4.0,0.5,precision,0.8078
rtdetr-l,C_finetuned_supervised,bo_exploration,2.0,0.36,precision,0.7357
rtdetr-l,C_finetuned_supervised,bo_exploitation,4.0,-0.12,precision,0.8125
rtdetr-l,C_finetuned_supervised,grid_search,4.0,0.0,precision,0.8125
rtdetr-l,A_unfinetuned,baseline,0.0,0.0,precision,0.0019
rtdetr-l,A_unfinetuned,bo_exploration,4.0,0.62,precision,0.7571
rtdetr-l,A_unfinetuned,bo_exploitation,3.0,0.22,precision,0.74
rtdetr-l,A_unfinetuned,grid_search,4.0,0.5,precision,0.7571
rtdetr-l,B_finetuned_unsupervised,baseline,0.0,0.0,precision,0.0074
rtdetr-l,B_finetuned_unsupervised,bo_exploration,3.0,0.62,precision,0.6791
rtdetr-l,B_finetuned_unsupervised,bo_exploitation,3.0,0.6,precision,0.6791
rtdetr-l,B_finetuned_unsupervised,grid_search,4.0,0.5,precision,0.7161
rtdetr-l,C_finetuned_supervised,bo_exploration,4.0,0.21,precision,0.708
rtdetr-l,C_finetuned_supervised,bo_exploitation,2.0,0.1,precision,0.5609
rtdetr-l,C_finetuned_supervised,grid_search,4.0,0.0,precision,0.7114
rtdetr-l,A_unfinetuned,baseline,0.0,0.0,precision,0.0008
rtdetr-l,A_unfinetuned,bo_exploration,2.0,0.13,precision,0.563
rtdetr-l,A_unfinetuned,bo_exploitation,4.0,0.38,precision,0.7252
rtdetr-l,A_unfinetuned,grid_search,4.0,0.5,precision,0.7252
rtdetr-l,B_finetuned_unsupervised,baseline,0.0,0.0,precision,0.0025
rtdetr-l,B_finetuned_unsupervised,bo_exploration,3.0,0.62,precision,0.7245
rtdetr-l,B_finetuned_unsupervised,bo_exploitation,4.0,0.0,precision,0.7337
rtdetr-l,B_finetuned_unsupervised,grid_search,4.0,0.5,precision,0.7468
rtdetr-l,C_finetuned_supervised,bo_exploration,4.0,0.05,precision,0.7337
rtdetr-l,C_finetuned_supervised,bo_exploitation,2.0,0.09,precision,0.619
rtdetr-l,C_finetuned_supervised,grid_search,4.0,0.0,precision,0.7337
yolo11n,A_unfinetuned,baseline,0.0,0.0,recall,0.0
yolo11n,A_unfinetuned,bo_exploration,4.0,0.62,recall,0.7243
yolo11n,A_unfinetuned,bo_exploitation,2.0,0.53,recall,0.469
yolo11n,A_unfinetuned,grid_search,4.0,0.5,recall,0.7243
yolo11n,B_finetuned_unsupervised,baseline,0.0,0.0,recall,0.0
yolo11n,B_finetuned_unsupervised,bo_exploration,3.0,0.34,recall,0.657
yolo11n,B_finetuned_unsupervised,bo_exploitation,2.0,0.62,recall,0.4492
yolo11n,B_finetuned_unsupervised,grid_search,4.0,0.5,recall,0.7214
yolo11n,C_finetuned_supervised,bo_exploration,4.0,-0.12,recall,0.7421
yolo11n,C_finetuned_supervised,bo_exploitation,3.0,0.29,recall,0.657
yolo11n,C_finetuned_supervised,grid_search,4.0,0.0,recall,0.7421
yolo11m,A_unfinetuned,baseline,0.0,0.0,recall,0.0
yolo11m,B_finetuned_unsupervised,baseline,0.0,0.0,recall,0.0
yolo11m,B_finetuned_unsupervised,bo_exploration,3.0,0.41,recall,0.6536
yolo11m,B_finetuned_unsupervised,bo_exploitation,3.0,0.62,recall,0.6536
yolo11m,B_finetuned_unsupervised,grid_search,4.0,0.5,recall,0.6744
yolo11m,C_finetuned_supervised,bo_exploration,4.0,-0.12,recall,0.6918
yolo11n,A_unfinetuned,baseline,0.0,0.0,recall,0.0
yolo11n,A_unfinetuned,bo_exploration,4.0,0.62,recall,0.6975
yolo11n,A_unfinetuned,bo_exploitation,3.0,0.48,recall,0.6361
yolo11n,A_unfinetuned,grid_search,4.0,0.5,recall,0.6975
yolo11n,B_finetuned_unsupervised,baseline,0.0,0.0,recall,0.0
yolo11n,B_finetuned_unsupervised,bo_exploration,3.0,0.62,recall,0.6685
yolo11n,B_finetuned_unsupervised,bo_exploitation,1.0,0.54,recall,0.0052
yolo11n,B_finetuned_unsupervised,grid_search,4.0,0.5,recall,0.7219
yolo11n,C_finetuned_supervised,bo_exploration,4.0,-0.12,recall,0.7424
yolo11n,C_finetuned_supervised,bo_exploitation,3.0,0.23,recall,0.6578
yolo11n,C_finetuned_supervised,grid_search,4.0,0.0,recall,0.7424
yolo11m,A_unfinetuned,baseline,0.0,0.0,recall,0.0001
yolo11m,A_unfinetuned,bo_exploration,4.0,0.33,recall,0.6507
yolo11m,A_unfinetuned,bo_exploitation,2.0,0.55,recall,0.5078
yolo11m,A_unfinetuned,grid_search,4.0,0.5,recall,0.6744
yolo11m,B_finetuned_unsupervised,baseline,0.0,0.0,recall,0.0
yolo11m,B_finetuned_unsupervised,bo_exploration,3.0,0.5,recall,0.654
yolo11m,B_finetuned_unsupervised,bo_exploitation,3.0,0.57,recall,0.654
yolo11m,B_finetuned_unsupervised,grid_search,4.0,0.5,recall,0.6745
yolo11m,C_finetuned_supervised,bo_exploration,3.0,-0.12,recall,0.6539
yolo11m,C_finetuned_supervised,bo_exploitation,3.0,0.06,recall,0.6539
yolo11m,C_finetuned_supervised,grid_search,4.0,0.0,recall,0.6917
yolo11n,A_unfinetuned,baseline,0.0,0.0,recall,0.0
yolo11n,A_unfinetuned,bo_exploration,4.0,0.62,recall,0.7008
yolo11n,A_unfinetuned,bo_exploitation,3.0,0.22,recall,0.6511
yolo11n,A_unfinetuned,grid_search,4.0,0.5,recall,0.7008
yolo11n,B_finetuned_unsupervised,baseline,0.0,0.0,recall,0.0
yolo11n,B_finetuned_unsupervised,bo_exploration,4.0,0.62,recall,0.7227
yolo11n,B_finetuned_unsupervised,bo_exploitation,2.0,0.61,recall,0.4497
yolo11n,B_finetuned_unsupervised,grid_search,4.0,0.5,recall,0.7227
yolo11m,A_unfinetuned,baseline,0.0,0.0,recall,0.0
yolo11m,A_unfinetuned,bo_exploration,4.0,0.09,recall,0.6635
yolo11m,A_unfinetuned,bo_exploitation,3.0,0.4,recall,0.6305
yolo11m,A_unfinetuned,grid_search,4.0,0.5,recall,0.6589
yolo11m,B_finetuned_unsupervised,baseline,0.0,0.0,recall,0.0
yolo11m,B_finetuned_unsupervised,bo_exploration,3.0,0.62,recall,0.6855
yolo11m,B_finetuned_unsupervised,bo_exploitation,4.0,0.39,recall,0.7077
yolo11m,B_finetuned_unsupervised,grid_search,4.0,0.5,recall,0.7077
yolo11m,C_finetuned_supervised,bo_exploration,1.0,0.08,recall,0.0031
yolo11m,C_finetuned_supervised,bo_exploitation,2.0,0.23,recall,0.4873
yolo11m,C_finetuned_supervised,grid_search,4.0,0.0,recall,0.7204
rtdetr-l,A_unfinetuned,baseline,0.0,0.0,recall,0.0
rtdetr-l,A_unfinetuned,bo_exploration,4.0,0.62,recall,0.624
rtdetr-l,A_unfinetuned,bo_exploitation,4.0,0.52,recall,0.624
rtdetr-l,A_unfinetuned,grid_search,4.0,0.5,recall,0.624
rtdetr-l,B_finetuned_unsupervised,baseline,0.0,0.0,recall,0.0001
rtdetr-l,B_finetuned_unsupervised,bo_exploration,4.0,0.3,recall,0.6777
rtdetr-l,B_finetuned_unsupervised,bo_exploitation,2.0,0.42,recall,0.4657
rtdetr-l,B_finetuned_unsupervised,grid_search,4.0,0.5,recall,0.6874
rtdetr-l,C_finetuned_supervised,bo_exploration,4.0,0.0,recall,0.6869
rtdetr-l,C_finetuned_supervised,bo_exploitation,3.0,0.62,recall,0.6542
rtdetr-l,C_finetuned_supervised,grid_search,4.0,0.0,recall,0.6869
yolo11n,A_unfinetuned,baseline,0.0,0.0,recall,0.0
yolo11n,A_unfinetuned,bo_exploration,3.0,0.39,recall,0.651
yolo11n,A_unfinetuned,bo_exploitation,4.0,0.14,recall,0.6891
yolo11n,A_unfinetuned,grid_search,4.0,0.5,recall,0.7014
yolo11n,B_finetuned_unsupervised,baseline,0.0,0.0,recall,0.0
yolo11n,B_finetuned_unsupervised,bo_exploration,3.0,0.56,recall,0.6685
yolo11n,B_finetuned_unsupervised,bo_exploitation,3.0,0.02,recall,0.6478
yolo11n,B_finetuned_unsupervised,grid_search,4.0,0.5,recall,0.7226
yolo11n,C_finetuned_supervised,bo_exploration,4.0,-0.12,recall,0.7428
yolo11n,C_finetuned_supervised,bo_exploitation,3.0,0.03,recall,0.6478
yolo11n,C_finetuned_supervised,grid_search,4.0,0.0,recall,0.7428
yolo11m,A_unfinetuned,baseline,0.0,0.0,recall,0.0001
yolo11m,A_unfinetuned,bo_exploration,4.0,0.61,recall,0.6423
yolo11m,A_unfinetuned,bo_exploitation,4.0,0.54,recall,0.6423
yolo11m,A_unfinetuned,grid_search,4.0,0.5,recall,0.6423
yolo11m,B_finetuned_unsupervised,baseline,0.0,0.0,recall,0.0
yolo11m,B_finetuned_unsupervised,bo_exploration,3.0,0.62,recall,0.6542
yolo11m,B_finetuned_unsupervised,bo_exploitation,3.0,0.51,recall,0.6542
yolo11m,B_finetuned_unsupervised,grid_search,4.0,0.5,recall,0.6748
yolo11m,C_finetuned_supervised,bo_exploration,4.0,0.2,recall,0.6797
yolo11m,C_finetuned_supervised,bo_exploitation,3.0,-0.09,recall,0.6539
yolo11m,C_finetuned_supervised,grid_search,4.0,0.0,recall,0.6919
rtdetr-l,A_unfinetuned,baseline,0.0,0.0,recall,0.0002
rtdetr-l,A_unfinetuned,bo_exploration,3.0,0.13,recall,0.5659
rtdetr-l,A_unfinetuned,bo_exploitation,1.0,0.13,recall,0.002
rtdetr-l,A_unfinetuned,grid_search,4.0,0.5,recall,0.6369
rtdetr-l,B_finetuned_unsupervised,baseline,0.0,0.0,recall,0.0012
rtdetr-l,B_finetuned_unsupervised,bo_exploration,4.0,0.47,recall,0.6599
rtdetr-l,B_finetuned_unsupervised,bo_exploitation,2.0,0.29,recall,0.448
rtdetr-l,B_finetuned_unsupervised,grid_search,4.0,0.5,recall,0.6599
rtdetr-l,C_finetuned_supervised,bo_exploration,2.0,0.31,recall,0.448
rtdetr-l,C_finetuned_supervised,bo_exploitation,4.0,-0.08,recall,0.6581
rtdetr-l,C_finetuned_supervised,grid_search,4.0,0.0,recall,0.6581
yolo11n,A_unfinetuned,baseline,0.0,0.0,recall,0.0
yolo11n,A_unfinetuned,bo_exploration,4.0,0.62,recall,0.7081
yolo11n,A_unfinetuned,bo_exploitation,3.0,0.62,recall,0.6628
yolo11n,A_unfinetuned,grid_search,4.0,0.5,recall,0.7081
yolo11n,B_finetuned_unsupervised,baseline,0.0,0.0,recall,0.0
yolo11n,B_finetuned_unsupervised,bo_exploration,3.0,0.62,recall,0.6689
yolo11n,B_finetuned_unsupervised,bo_exploitation,3.0,0.62,recall,0.6689
yolo11n,B_finetuned_unsupervised,grid_search,4.0,0.5,recall,0.7224
yolo11n,C_finetuned_supervised,bo_exploration,2.0,0.27,recall,0.4439
yolo11n,C_finetuned_supervised,bo_exploitation,4.0,-0.01,recall,0.7429
yolo11n,C_finetuned_supervised,grid_search,4.0,0.0,recall,0.7429
yolo11m,A_unfinetuned,baseline,0.0,0.0,recall,0.0
yolo11m,A_unfinetuned,bo_exploration,3.0,0.62,recall,0.6486
yolo11m,A_unfinetuned,bo_exploitation,3.0,-0.01,recall,0.6486
yolo11m,A_unfinetuned,grid_search,4.0,0.5,recall,0.6721
yolo11m,B_finetuned_unsupervised,baseline,0.0,0.0,recall,0.0
yolo11m,B_finetuned_unsupervised,bo_exploration,4.0,0.56,recall,0.6753
yolo11m,B_finetuned_unsupervised,bo_exploitation,3.0,0.39,recall,0.6547
yolo11m,B_finetuned_unsupervised,grid_search,4.0,0.5,recall,0.6753
yolo11m,C_finetuned_supervised,bo_exploration,2.0,0.29,recall,0.4819
yolo11m,C_finetuned_supervised,bo_exploitation,4.0,-0.12,recall,0.6923
yolo11m,C_finetuned_supervised,grid_search,4.0,0.0,recall,0.6923
rtdetr-l,A_unfinetuned,baseline,0.0,0.0,recall,0.0001
rtdetr-l,A_unfinetuned,bo_exploration,1.0,0.47,recall,0.001
rtdetr-l,A_unfinetuned,bo_exploitation,1.0,0.4,recall,0.001
rtdetr-l,A_unfinetuned,grid_search,4.0,0.5,recall,0.6522
rtdetr-l,B_finetuned_unsupervised,baseline,0.0,0.0,recall,0.0001
rtdetr-l,B_finetuned_unsupervised,bo_exploration,3.0,0.62,recall,0.5957
rtdetr-l,B_finetuned_unsupervised,bo_exploitation,2.0,0.45,recall,0.4344
rtdetr-l,B_finetuned_unsupervised,grid_search,4.0,0.5,recall,0.6555
rtdetr-l,C_finetuned_supervised,bo_exploration,4.0,-0.12,recall,0.6386
rtdetr-l,C_finetuned_supervised,bo_exploitation,2.0,0.16,recall,0.4227
rtdetr-l,C_finetuned_supervised,grid_search,4.0,0.0,recall,0.6386
yolo11n,A_unfinetuned,baseline,0.0,0.0,recall,0.0
yolo11n,A_unfinetuned,bo_exploration,2.0,0.62,recall,0.4076
yolo11n,A_unfinetuned,bo_exploitation,4.0,0.3,recall,0.7222
yolo11n,A_unfinetuned,grid_search,4.0,0.5,recall,0.7342
yolo11n,B_finetuned_unsupervised,baseline,0.0,0.0,recall,0.0
yolo11n,B_finetuned_unsupervised,bo_exploration,4.0,0.62,recall,0.6809
yolo11n,B_finetuned_unsupervised,bo_exploitation,4.0,0.62,recall,0.6809
yolo11n,B_finetuned_unsupervised,grid_search,4.0,0.5,recall,0.6809
yolo11n,C_finetuned_supervised,bo_exploration,4.0,-0.12,recall,0.7112
yolo11n,C_finetuned_supervised,bo_exploitation,4.0,-0.06,recall,0.7112
yolo11n,C_finetuned_supervised,grid_search,4.0,0.0,recall,0.7112
yolo11m,A_unfinetuned,baseline,0.0,0.0,recall,0.0
yolo11m,A_unfinetuned,bo_exploration,3.0,0.38,recall,0.6686
yolo11m,A_unfinetuned,bo_exploitation,1.0,0.36,recall,0.0063
yolo11m,A_unfinetuned,grid_search,4.0,0.5,recall,0.6827
yolo11m,B_finetuned_unsupervised,baseline,0.0,0.0,recall,0.0
yolo11m,B_finetuned_unsupervised,bo_exploration,4.0,0.59,recall,0.6751
yolo11m,B_finetuned_unsupervised,bo_exploitation,3.0,0.18,recall,0.6589
yolo11m,B_finetuned_unsupervised,grid_search,4.0,0.5,recall,0.6751
yolo11m,C_finetuned_supervised,bo_exploration,4.0,-0.12,recall,0.6922
yolo11m,C_finetuned_supervised,bo_exploitation,4.0,-0.12,recall,0.6922
yolo11m,C_finetuned_supervised,grid_search,4.0,0.0,recall,0.6922
rtdetr-l,A_unfinetuned,baseline,0.0,0.0,recall,0.0002
rtdetr-l,A_unfinetuned,bo_exploration,4.0,0.62,recall,0.6712
rtdetr-l,A_unfinetuned,bo_exploitation,1.0,0.37,recall,0.0022
rtdetr-l,A_unfinetuned,grid_search,4.0,0.5,recall,0.6712
rtdetr-l,B_finetuned_unsupervised,baseline,0.0,0.0,recall,0.0
rtdetr-l,B_finetuned_unsupervised,bo_exploration,3.0,0.44,recall,0.6031
rtdetr-l,B_finetuned_unsupervised,bo_exploitation,3.0,0.62,recall,0.6031
rtdetr-l,B_finetuned_unsupervised,grid_search,4.0,0.5,recall,0.6651
rtdetr-l,C_finetuned_supervised,bo_exploration,3.0,-0.12,recall,0.5844
rtdetr-l,C_finetuned_supervised,bo_exploitation,4.0,0.21,recall,0.6276
rtdetr-l,C_finetuned_supervised,grid_search,4.0,0.0,recall,0.6476
rtdetr-l,A_unfinetuned,baseline,0.0,0.0,recall,0.0001
rtdetr-l,A_unfinetuned,bo_exploration,4.0,0.5,recall,0.6673
rtdetr-l,A_unfinetuned,bo_exploitation,3.0,0.62,recall,0.6254
rtdetr-l,A_unfinetuned,grid_search,4.0,0.5,recall,0.6673
rtdetr-l,B_finetuned_unsupervised,baseline,0.0,0.0,recall,0.0004
rtdetr-l,B_finetuned_unsupervised,bo_exploration,2.0,0.53,recall,0.4528
rtdetr-l,B_finetuned_unsupervised,bo_exploitation,3.0,0.62,recall,0.6183
rtdetr-l,B_finetuned_unsupervised,grid_search,4.0,0.5,recall,0.655
rtdetr-l,C_finetuned_supervised,bo_exploration,4.0,-0.12,recall,0.6416
rtdetr-l,C_finetuned_supervised,bo_exploitation,3.0,0.62,recall,0.6183
rtdetr-l,C_finetuned_supervised,grid_search,4.0,0.5,recall,0.655
rtdetr-l,A_unfinetuned,baseline,0.0,0.0,recall,0.0002
rtdetr-l,B_finetuned_unsupervised,baseline,0.0,0.0,recall,0.0
rtdetr-l,B_finetuned_unsupervised,bo_exploration,4.0,0.62,recall,0.6729
rtdetr-l,B_finetuned_unsupervised,bo_exploitation,4.0,0.51,recall,0.6729
rtdetr-l,B_finetuned_unsupervised,grid_search,4.0,0.5,recall,0.6729
rtdetr-l,C_finetuned_supervised,bo_exploration,3.0,-0.12,recall,0.6174
rtdetr-l,C_finetuned_supervised,bo_exploitation,2.0,0.05,recall,0.3995
rtdetr-l,C_finetuned_supervised,grid_search,4.0,0.0,recall,0.6717
yolo11n,A_unfinetuned,baseline,0.0,0.0,recall,0.0
yolo11n,A_unfinetuned,bo_exploration,4.0,0.62,recall,0.7237
yolo11n,A_unfinetuned,bo_exploitation,3.0,0.52,recall,0.6936
yolo11n,A_unfinetuned,grid_search,4.0,0.5,recall,0.7237
yolo11n,B_finetuned_unsupervised,baseline,0.0,0.0,recall,0.0
yolo11n,B_finetuned_unsupervised,bo_exploration,3.0,0.62,recall,0.6696
yolo11n,B_finetuned_unsupervised,bo_exploitation,3.0,0.47,recall,0.6696
yolo11n,B_finetuned_unsupervised,grid_search,4.0,0.5,recall,0.7226
yolo11n,C_finetuned_supervised,bo_exploration,1.0,0.23,recall,0.0052
yolo11n,C_finetuned_supervised,bo_exploitation,3.0,-0.12,recall,0.6488
yolo11n,C_finetuned_supervised,grid_search,4.0,0.0,recall,0.7431
yolo11m,A_unfinetuned,baseline,0.0,0.0,recall,0.0
yolo11m,A_unfinetuned,bo_exploration,1.0,0.62,recall,0.0057
yolo11m,A_unfinetuned,bo_exploitation,3.0,0.62,recall,0.6526
yolo11m,A_unfinetuned,grid_search,4.0,0.5,recall,0.6695
yolo11m,B_finetuned_unsupervised,baseline,0.0,0.0,recall,0.0
yolo11m,B_finetuned_unsupervised,bo_exploration,2.0,0.33,recall,0.4835
yolo11m,B_finetuned_unsupervised,bo_exploitation,1.0,-0.02,recall,0.0076
yolo11m,B_finetuned_unsupervised,grid_search,4.0,0.5,recall,0.6757
yolo11n,A_unfinetuned,baseline,0.0,0.0,recall,0.0
yolo11n,A_unfinetuned,bo_exploration,4.0,0.62,recall,0.6915
yolo11n,A_unfinetuned,bo_exploitation,3.0,0.52,recall,0.6329
yolo11n,A_unfinetuned,grid_search,4.0,0.5,recall,0.6915
yolo11n,B_finetuned_unsupervised,baseline,0.0,0.0,recall,0.0
yolo11n,B_finetuned_unsupervised,bo_exploration,1.0,0.05,recall,0.0045
yolo11n,B_finetuned_unsupervised,bo_exploitation,3.0,0.61,recall,0.6343
yolo11n,B_finetuned_unsupervised,grid_search,4.0,0.5,recall,0.6809
yolo11n,C_finetuned_supervised,bo_exploration,3.0,0.02,recall,0.6468
yolo11n,C_finetuned_supervised,bo_exploitation,3.0,-0.08,recall,0.6468
yolo11n,C_finetuned_supervised,grid_search,4.0,0.0,recall,0.7112
yolo11m,A_unfinetuned,baseline,0.0,0.0,recall,0.0
yolo11m,A_unfinetuned,bo_exploration,2.0,0.58,recall,0.4657
yolo11m,B_finetuned_unsupervised,baseline,0.0,0.0,recall,0.0
yolo11m,B_finetuned_unsupervised,bo_exploration,4.0,0.19,recall,0.68
yolo11m,B_finetuned_unsupervised,bo_exploitation,2.0,0.54,recall,0.487
yolo11m,B_finetuned_unsupervised,grid_search,4.0,0.5,recall,0.6751
yolo11m,C_finetuned_supervised,bo_exploration,4.0,-0.12,recall,0.6922
yolo11m,C_finetuned_supervised,bo_exploitation,3.0,0.03,recall,0.6543
yolo11m,C_finetuned_supervised,grid_search,4.0,0.0,recall,0.6922
yolo11n,A_unfinetuned,baseline,0.0,0.0,recall,0.0
yolo11n,A_unfinetuned,bo_exploration,4.0,0.62,recall,0.7198
yolo11n,A_unfinetuned,bo_exploitation,3.0,0.32,recall,0.6801
yolo11n,A_unfinetuned,grid_search,4.0,0.5,recall,0.7198
yolo11n,B_finetuned_unsupervised,baseline,0.0,0.0,recall,0.0
yolo11n,B_finetuned_unsupervised,bo_exploration,3.0,-0.12,recall,0.6477
yolo11n,B_finetuned_unsupervised,bo_exploitation,2.0,0.18,recall,0.4437
yolo11n,B_finetuned_unsupervised,grid_search,4.0,0.5,recall,0.7219
yolo11n,C_finetuned_supervised,bo_exploration,4.0,-0.01,recall,0.7424
yolo11n,C_finetuned_supervised,bo_exploitation,3.0,0.35,recall,0.6578
yolo11n,C_finetuned_supervised,grid_search,4.0,0.0,recall,0.7424
yolo11m,A_unfinetuned,baseline,0.0,0.0,recall,0.0
yolo11m,A_unfinetuned,bo_exploration,3.0,0.62,recall,0.6257
yolo11m,A_unfinetuned,bo_exploitation,2.0,-0.01,recall,0.4565
yolo11m,A_unfinetuned,grid_search,4.0,0.5,recall,0.6618
yolo11m,B_finetuned_unsupervised,baseline,0.0,0.0,recall,0.0
yolo11m,B_finetuned_unsupervised,bo_exploration,1.0,0.23,recall,0.0076
yolo11m,B_finetuned_unsupervised,bo_exploitation,1.0,0.17,recall,0.0076
yolo11m,B_finetuned_unsupervised,grid_search,4.0,0.5,recall,0.6745
yolo11m,C_finetuned_supervised,bo_exploration,2.0,-0.12,recall,0.4779
yolo11m,C_finetuned_supervised,bo_exploitation,2.0,0.27,recall,0.4814
yolo11m,C_finetuned_supervised,grid_search,4.0,0.0,recall,0.6917
rtdetr-l,A_unfinetuned,baseline,0.0,0.0,recall,0.0003
rtdetr-l,A_unfinetuned,bo_exploration,4.0,-0.12,recall,0.6468
rtdetr-l,A_unfinetuned,bo_exploitation,3.0,-0.02,recall,0.5819
rtdetr-l,A_unfinetuned,grid_search,4.0,0.5,recall,0.6487
rtdetr-l,B_finetuned_unsupervised,baseline,0.0,0.0,recall,0.0019
rtdetr-l,B_finetuned_unsupervised,bo_exploration,2.0,-0.05,recall,0.4159
rtdetr-l,B_finetuned_unsupervised,bo_exploitation,2.0,0.56,recall,0.4384
rtdetr-l,B_finetuned_unsupervised,grid_search,4.0,0.5,recall,0.6413
rtdetr-l,C_finetuned_supervised,bo_exploration,4.0,-0.12,recall,0.6431
rtdetr-l,C_finetuned_supervised,bo_exploitation,4.0,-0.09,recall,0.6431
rtdetr-l,C_finetuned_supervised,grid_search,4.0,0.0,recall,0.6431
yolo11n,A_unfinetuned,baseline,0.0,0.0,recall,0.0
yolo11n,A_unfinetuned,bo_exploration,3.0,-0.12,recall,0.6625
yolo11n,A_unfinetuned,bo_exploitation,3.0,0.62,recall,0.6547
yolo11n,A_unfinetuned,grid_search,4.0,0.5,recall,0.726
yolo11n,B_finetuned_unsupervised,baseline,0.0,0.0,recall,0.0
yolo11n,B_finetuned_unsupervised,bo_exploration,2.0,0.62,recall,0.4499
yolo11n,B_finetuned_unsupervised,bo_exploitation,1.0,0.56,recall,0.0051
yolo11n,B_finetuned_unsupervised,grid_search,4.0,0.5,recall,0.7224
yolo11n,C_finetuned_supervised,bo_exploration,3.0,0.53,recall,0.6691
yolo11n,C_finetuned_supervised,bo_exploitation,2.0,0.35,recall,0.4437
yolo11n,C_finetuned_supervised,grid_search,4.0,0.0,recall,0.743
yolo11m,A_unfinetuned,baseline,0.0,0.0,recall,0.0001
yolo11m,A_unfinetuned,bo_exploration,4.0,0.2,recall,0.6468
yolo11m,A_unfinetuned,bo_exploitation,3.0,0.04,recall,0.6149
yolo11m,A_unfinetuned,grid_search,4.0,0.5,recall,0.6421
yolo11m,B_finetuned_unsupervised,baseline,0.0,0.0,recall,0.0
yolo11m,B_finetuned_unsupervised,bo_exploration,2.0,-0.12,recall,0.4686
yolo11m,B_finetuned_unsupervised,bo_exploitation,3.0,0.58,recall,0.6622
yolo11m,B_finetuned_unsupervised,grid_search,4.0,0.5,recall,0.6858
yolo11m,C_finetuned_supervised,bo_exploration,4.0,-0.12,recall,0.7036
yolo11m,C_finetuned_supervised,bo_exploitation,4.0,-0.09,recall,0.7036
yolo11m,C_finetuned_supervised,grid_search,4.0,0.0,recall,0.7036
rtdetr-l,A_unfinetuned,baseline,0.0,0.0,recall,0.0013
rtdetr-l,A_unfinetuned,bo_exploration,4.0,0.6,recall,0.644
rtdetr-l,A_unfinetuned,bo_exploitation,2.0,0.09,recall,0.4057
rtdetr-l,A_unfinetuned,grid_search,4.0,0.5,recall,0.644
rtdetr-l,B_finetuned_unsupervised,baseline,0.0,0.0,recall,0.0002
rtdetr-l,B_finetuned_unsupervised,bo_exploration,3.0,0.62,recall,0.6251
rtdetr-l,B_finetuned_unsupervised,bo_exploitation,4.0,0.41,recall,0.6612
rtdetr-l,B_finetuned_unsupervised,grid_search,4.0,0.5,recall,0.6612
rtdetr-l,C_finetuned_supervised,bo_exploration,3.0,-0.12,recall,0.6252
rtdetr-l,C_finetuned_supervised,bo_exploitation,3.0,0.28,recall,0.6003
rtdetr-l,C_finetuned_supervised,grid_search,4.0,0.25,recall,0.6495
yolo11n,A_unfinetuned,baseline,0.0,0.0,recall,0.0001
yolo11n,A_unfinetuned,bo_exploration,4.0,0.62,recall,0.6938
yolo11n,A_unfinetuned,bo_exploitation,3.0,0.26,recall,0.658
yolo11n,A_unfinetuned,grid_search,4.0,0.5,recall,0.6938
yolo11n,B_finetuned_unsupervised,baseline,0.0,0.0,recall,0.0
yolo11n,B_finetuned_unsupervised,bo_exploration,4.0,0.62,recall,0.7218
yolo11n,B_finetuned_unsupervised,bo_exploitation,3.0,0.36,recall,0.6577
yolo11n,B_finetuned_unsupervised,grid_search,4.0,0.5,recall,0.7218
yolo11n,C_finetuned_supervised,bo_exploration,4.0,-0.12,recall,0.7424
yolo11n,C_finetuned_supervised,bo_exploitation,3.0,-0.12,recall,0.6479
yolo11n,C_finetuned_supervised,grid_search,4.0,0.0,recall,0.7424
yolo11m,A_unfinetuned,baseline,0.0,0.0,recall,0.0001
yolo11m,A_unfinetuned,bo_exploration,3.0,0.62,recall,0.6627
yolo11m,A_unfinetuned,bo_exploitation,3.0,0.62,recall,0.6627
yolo11m,A_unfinetuned,grid_search,4.0,0.5,recall,0.6933
yolo11m,B_finetuned_unsupervised,baseline,0.0,0.0,recall,0.0
yolo11m,B_finetuned_unsupervised,bo_exploration,4.0,0.62,recall,0.6742
yolo11m,B_finetuned_unsupervised,bo_exploitation,3.0,0.62,recall,0.6539
yolo11m,B_finetuned_unsupervised,grid_search,4.0,0.5,recall,0.6742
yolo11m,C_finetuned_supervised,bo_exploration,2.0,0.62,recall,0.4867
yolo11m,C_finetuned_supervised,bo_exploitation,4.0,0.08,recall,0.6915
yolo11m,C_finetuned_supervised,grid_search,4.0,0.0,recall,0.6915
rtdetr-l,A_unfinetuned,baseline,0.0,0.0,recall,0.0003
rtdetr-l,A_unfinetuned,bo_exploration,4.0,0.62,recall,0.6569
rtdetr-l,A_unfinetuned,bo_exploitation,2.0,0.61,recall,0.4471
rtdetr-l,A_unfinetuned,grid_search,4.0,0.5,recall,0.6569
rtdetr-l,B_finetuned_unsupervised,baseline,0.0,0.0,recall,0.0
rtdetr-l,B_finetuned_unsupervised,bo_exploration,4.0,0.21,recall,0.7002
rtdetr-l,B_finetuned_unsupervised,bo_exploitation,1.0,0.56,recall,0.0006
rtdetr-l,B_finetuned_unsupervised,grid_search,4.0,0.5,recall,0.7106
rtdetr-l,C_finetuned_supervised,bo_exploration,4.0,-0.12,recall,0.7209
rtdetr-l,C_finetuned_supervised,bo_exploitation,4.0,0.23,recall,0.7002
rtdetr-l,C_finetuned_supervised,grid_search,4.0,0.0,recall,0.7209
yolo11n,A_unfinetuned,baseline,0.0,0.0,recall,0.0
yolo11n,A_unfinetuned,bo_exploration,2.0,0.62,recall,0.4888
yolo11n,A_unfinetuned,bo_exploitation,2.0,0.39,recall,0.4888
yolo11n,A_unfinetuned,grid_search,4.0,0.5,recall,0.7155
yolo11n,B_finetuned_unsupervised,baseline,0.0,0.0,recall,0.0
yolo11n,B_finetuned_unsupervised,bo_exploration,3.0,0.62,recall,0.6518
yolo11n,B_finetuned_unsupervised,bo_exploitation,3.0,-0.01,recall,0.6567
yolo11n,B_finetuned_unsupervised,grid_search,4.0,0.5,recall,0.6946
yolo11n,C_finetuned_supervised,bo_exploration,4.0,-0.12,recall,0.7187
yolo11n,C_finetuned_supervised,bo_exploitation,4.0,-0.12,recall,0.7187
yolo11n,C_finetuned_supervised,grid_search,4.0,0.0,recall,0.7187
yolo11m,A_unfinetuned,baseline,0.0,0.0,recall,0.0
yolo11m,A_unfinetuned,bo_exploration,3.0,0.27,recall,0.638
yolo11m,A_unfinetuned,bo_exploitation,3.0,0.62,recall,0.6519
yolo11m,A_unfinetuned,grid_search,4.0,0.5,recall,0.6671
yolo11m,B_finetuned_unsupervised,baseline,0.0,0.0,recall,0.0
yolo11m,B_finetuned_unsupervised,bo_exploration,4.0,0.12,recall,0.706
yolo11m,B_finetuned_unsupervised,bo_exploitation,4.0,0.62,recall,0.688
yolo11m,B_finetuned_unsupervised,grid_search,4.0,0.5,recall,0.688
yolo11m,C_finetuned_supervised,bo_exploration,4.0,-0.12,recall,0.706
yolo11m,C_finetuned_supervised,bo_exploitation,4.0,0.28,recall,0.6967
yolo11m,C_finetuned_supervised,grid_search,4.0,0.25,recall,0.6967
rtdetr-l,A_unfinetuned,baseline,0.0,0.0,recall,0.0005
rtdetr-l,A_unfinetuned,bo_exploration,4.0,0.62,recall,0.6092
rtdetr-l,A_unfinetuned,bo_exploitation,4.0,0.57,recall,0.6092
rtdetr-l,A_unfinetuned,grid_search,4.0,0.5,recall,0.6092
rtdetr-l,B_finetuned_unsupervised,baseline,0.0,0.0,recall,0.0003
rtdetr-l,B_finetuned_unsupervised,bo_exploration,4.0,0.47,recall,0.6676
rtdetr-l,B_finetuned_unsupervised,bo_exploitation,4.0,-0.12,recall,0.6576
rtdetr-l,B_finetuned_unsupervised,grid_search,4.0,0.5,recall,0.6676
rtdetr-l,C_finetuned_supervised,bo_exploration,4.0,-0.08,recall,0.6576
rtdetr-l,C_finetuned_supervised,bo_exploitation,2.0,0.29,recall,0.434
rtdetr-l,C_finetuned_supervised,grid_search,4.0,0.5,recall,0.6676
rtdetr-l,A_unfinetuned,baseline,0.0,0.0,recall,0.0003
rtdetr-l,A_unfinetuned,bo_exploration,3.0,0.47,recall,0.5591
rtdetr-l,A_unfinetuned,bo_exploitation,3.0,0.51,recall,0.5591
rtdetr-l,A_unfinetuned,grid_search,4.0,0.5,recall,0.5924
rtdetr-l,B_finetuned_unsupervised,baseline,0.0,0.0,recall,0.0012
rtdetr-l,B_finetuned_unsupervised,bo_exploration,3.0,0.12,recall,0.6388
rtdetr-l,B_finetuned_unsupervised,bo_exploitation,4.0,0.55,recall,0.6813
rtdetr-l,B_finetuned_unsupervised,grid_search,4.0,0.5,recall,0.6813
rtdetr-l,C_finetuned_supervised,bo_exploration,4.0,-0.09,recall,0.6819
rtdetr-l,C_finetuned_supervised,bo_exploitation,1.0,0.61,recall,0.0128
rtdetr-l,C_finetuned_supervised,grid_search,4.0,0.0,recall,0.6819
rtdetr-l,A_unfinetuned,baseline,0.0,0.0,recall,0.0002
rtdetr-l,A_unfinetuned,bo_exploration,3.0,0.62,recall,0.5989
rtdetr-l,A_unfinetuned,bo_exploitation,4.0,0.28,recall,0.6164
rtdetr-l,A_unfinetuned,grid_search,4.0,0.5,recall,0.6321
rtdetr-l,B_finetuned_unsupervised,baseline,0.0,0.0,recall,0.0001
yolo11n,A_unfinetuned,baseline,0.0,0.0,recall,0.0
yolo11n,A_unfinetuned,bo_exploration,4.0,0.62,recall,0.69
yolo11n,A_unfinetuned,bo_exploitation,2.0,0.42,recall,0.4648
yolo11n,A_unfinetuned,grid_search,4.0,0.5,recall,0.69
yolo11n,B_finetuned_unsupervised,baseline,0.0,0.0,recall,0.0
yolo11n,B_finetuned_unsupervised,bo_exploration,3.0,0.52,recall,0.668
yolo11n,B_finetuned_unsupervised,bo_exploitation,4.0,0.56,recall,0.7214
yolo11n,B_finetuned_unsupervised,grid_search,4.0,0.5,recall,0.7214
yolo11n,C_finetuned_supervised,bo_exploration,4.0,-0.12,recall,0.7422
yolo11n,C_finetuned_supervised,bo_exploitation,4.0,-0.12,recall,0.7422
yolo11n,C_finetuned_supervised,grid_search,4.0,0.0,recall,0.7422
yolo11m,A_unfinetuned,baseline,0.0,0.0,recall,0.0
yolo11m,A_unfinetuned,bo_exploration,4.0,0.62,recall,0.6928
yolo11m,A_unfinetuned,bo_exploitation,3.0,-0.12,recall,0.6433
yolo11m,A_unfinetuned,grid_search,4.0,0.5,recall,0.6928
yolo11m,B_finetuned_unsupervised,baseline,0.0,0.0,recall,0.0
yolo11m,B_finetuned_unsupervised,bo_exploration,4.0,0.37,recall,0.6791
yolo11m,B_finetuned_unsupervised,bo_exploitation,3.0,0.38,recall,0.6538
yolo11m,B_finetuned_unsupervised,grid_search,4.0,0.5,recall,0.6744
yolo11m,C_finetuned_supervised,bo_exploration,3.0,-0.12,recall,0.6535
yolo11m,C_finetuned_supervised,bo_exploitation,3.0,0.32,recall,0.6581
yolo11m,C_finetuned_supervised,grid_search,4.0,0.0,recall,0.6916
yolo11n,A_unfinetuned,baseline,0.0,0.0,recall,0.0
yolo11n,A_unfinetuned,bo_exploration,3.0,0.62,recall,0.6694
yolo11n,A_unfinetuned,bo_exploitation,3.0,0.56,recall,0.6694
yolo11n,A_unfinetuned,grid_search,4.0,0.5,recall,0.7187
yolo11n,B_finetuned_unsupervised,baseline,0.0,0.0,recall,0.0
yolo11n,B_finetuned_unsupervised,bo_exploration,4.0,0.62,recall,0.7224
yolo11n,B_finetuned_unsupervised,bo_exploitation,3.0,0.62,recall,0.6689
yolo11n,B_finetuned_unsupervised,grid_search,4.0,0.5,recall,0.7224
yolo11n,C_finetuned_supervised,bo_exploration,3.0,0.53,recall,0.6689
yolo11n,C_finetuned_supervised,bo_exploitation,3.0,0.02,recall,0.6483
yolo11n,C_finetuned_supervised,grid_search,4.0,0.0,recall,0.743
yolo11m,A_unfinetuned,baseline,0.0,0.0,recall,0.0
yolo11m,A_unfinetuned,bo_exploration,3.0,0.62,recall,0.6507
yolo11m,A_unfinetuned,bo_exploitation,3.0,0.41,recall,0.6507
yolo11m,A_unfinetuned,grid_search,4.0,0.5,recall,0.6796
yolo11m,B_finetuned_unsupervised,baseline,0.0,0.0,recall,0.0
yolo11m,B_finetuned_unsupervised,bo_exploration,4.0,0.62,recall,0.675
yolo11m,B_finetuned_unsupervised,bo_exploitation,3.0,-0.12,recall,0.6542
yolo11m,B_finetuned_unsupervised,grid_search,4.0,0.5,recall,0.675
yolo11m,C_finetuned_supervised,bo_exploration,4.0,0.54,recall,0.675
yolo11m,C_finetuned_supervised,bo_exploitation,3.0,0.28,recall,0.6588
yolo11m,C_finetuned_supervised,grid_search,4.0,0.0,recall,0.6924
yolo11n,A_unfinetuned,baseline,0.0,0.0,recall,0.0
yolo11n,A_unfinetuned,bo_exploration,1.0,0.36,recall,0.0076
yolo11n,A_unfinetuned,bo_exploitation,4.0,0.62,recall,0.711
yolo11n,A_unfinetuned,grid_search,4.0,0.5,recall,0.711
yolo11n,B_finetuned_unsupervised,baseline,0.0,0.0,recall,0.0
yolo11m,A_unfinetuned,baseline,0.0,0.0,recall,0.0001
yolo11m,A_unfinetuned,bo_exploration,4.0,0.62,recall,0.6371
yolo11m,A_unfinetuned,bo_exploitation,1.0,0.34,recall,0.0113
yolo11m,A_unfinetuned,grid_search,4.0,0.5,recall,0.6371
yolo11m,B_finetuned_unsupervised,baseline,0.0,0.0,recall,0.0
yolo11m,B_finetuned_unsupervised,bo_exploration,3.0,0.62,recall,0.6544
yolo11m,B_finetuned_unsupervised,bo_exploitation,1.0,0.19,recall,0.0075
yolo11m,B_finetuned_unsupervised,grid_search,4.0,0.5,recall,0.675
yolo11m,C_finetuned_supervised,bo_exploration,2.0,0.31,recall,0.4816
yolo11m,C_finetuned_supervised,bo_exploitation,3.0,-0.02,recall,0.6542
yolo11m,C_finetuned_supervised,grid_search,4.0,0.0,recall,0.6924
rtdetr-l,A_unfinetuned,baseline,0.0,0.0,recall,0.0
rtdetr-l,A_unfinetuned,bo_exploration,1.0,0.46,recall,0.001
rtdetr-l,A_unfinetuned,bo_exploitation,3.0,0.46,recall,0.5857
rtdetr-l,A_unfinetuned,grid_search,4.0,0.5,recall,0.6475
rtdetr-l,B_finetuned_unsupervised,baseline,0.0,0.0,recall,0.0027
rtdetr-l,B_finetuned_unsupervised,bo_exploration,3.0,0.62,recall,0.533
rtdetr-l,B_finetuned_unsupervised,bo_exploitation,1.0,0.3,recall,0.0137
rtdetr-l,B_finetuned_unsupervised,grid_search,4.0,0.5,recall,0.5746
rtdetr-l,C_finetuned_supervised,bo_exploration,4.0,-0.12,recall,0.5971
rtdetr-l,C_finetuned_supervised,bo_exploitation,4.0,-0.06,recall,0.5971
rtdetr-l,C_finetuned_supervised,grid_search,4.0,0.0,recall,0.5971
yolo11n,A_unfinetuned,baseline,0.0,0.0,recall,0.0
yolo11n,B_finetuned_unsupervised,baseline,0.0,0.0,recall,0.0
yolo11n,B_finetuned_unsupervised,bo_exploration,4.0,0.62,recall,0.7031
yolo11n,B_finetuned_unsupervised,bo_exploitation,4.0,0.62,recall,0.7031
yolo11n,B_finetuned_unsupervised,grid_search,4.0,0.5,recall,0.7031
yolo11n,C_finetuned_supervised,bo_exploration,2.0,-0.05,recall,0.4541
yolo11n,C_finetuned_supervised,bo_exploitation,3.0,0.08,recall,0.6728
yolo11n,C_finetuned_supervised,grid_search,4.0,0.0,recall,0.7273
yolo11m,A_unfinetuned,baseline,0.0,0.0,recall,0.0
yolo11m,A_unfinetuned,bo_exploration,2.0,0.62,recall,0.4983
yolo11m,A_unfinetuned,bo_exploitation,4.0,0.5,recall,0.6724
yolo11m,A_unfinetuned,grid_search,4.0,0.5,recall,0.6724
yolo11m,B_finetuned_unsupervised,baseline,0.0,0.0,recall,0.0
yolo11m,B_finetuned_unsupervised,bo_exploration,3.0,-0.1,recall,0.6541
yolo11m,B_finetuned_unsupervised,bo_exploitation,3.0,0.62,recall,0.6542
yolo11m,B_finetuned_unsupervised,grid_search,4.0,0.5,recall,0.6746
yolo11m,C_finetuned_supervised,bo_exploration,2.0,0.43,recall,0.4883
yolo11m,C_finetuned_supervised,bo_exploitation,4.0,-0.07,recall,0.6918
yolo11m,C_finetuned_supervised,grid_search,4.0,0.0,recall,0.6918
rtdetr-l,A_unfinetuned,baseline,0.0,0.0,recall,0.0
rtdetr-l,A_unfinetuned,bo_exploration,4.0,0.16,recall,0.6173
rtdetr-l,A_unfinetuned,bo_exploitation,4.0,0.58,recall,0.6386
rtdetr-l,A_unfinetuned,grid_search,4.0,0.5,recall,0.6386
rtdetr-l,B_finetuned_unsupervised,baseline,0.0,0.0,recall,0.0
rtdetr-l,B_finetuned_unsupervised,bo_exploration,4.0,0.62,recall,0.7098
rtdetr-l,B_finetuned_unsupervised,bo_exploitation,3.0,0.4,recall,0.6744
rtdetr-l,B_finetuned_unsupervised,grid_search,4.0,0.5,recall,0.7098
rtdetr-l,C_finetuned_supervised,bo_exploration,3.0,-0.12,recall,0.6667
rtdetr-l,C_finetuned_supervised,bo_exploitation,3.0,0.49,recall,0.6744
rtdetr-l,C_finetuned_supervised,grid_search,4.0,0.0,recall,0.7042
yolo11n,A_unfinetuned,baseline,0.0,0.0,recall,0.0
yolo11n,A_unfinetuned,bo_exploration,4.0,0.45,recall,0.6904
yolo11n,A_unfinetuned,bo_exploitation,4.0,0.48,recall,0.6904
yolo11n,A_unfinetuned,grid_search,4.0,0.5,recall,0.6904
yolo11n,B_finetuned_unsupervised,baseline,0.0,0.0,recall,0.0
yolo11n,B_finetuned_unsupervised,bo_exploration,4.0,0.62,recall,0.7095
yolo11n,B_finetuned_unsupervised,bo_exploitation,3.0,0.48,recall,0.6555
yolo11n,B_finetuned_unsupervised,grid_search,4.0,0.5,recall,0.7095
yolo11n,C_finetuned_supervised,bo_exploration,3.0,-0.12,recall,0.6622
yolo11n,C_finetuned_supervised,bo_exploitation,4.0,-0.12,recall,0.7309
yolo11n,C_finetuned_supervised,grid_search,4.0,0.0,recall,0.7309
yolo11m,A_unfinetuned,baseline,0.0,0.0,recall,0.0
yolo11m,B_finetuned_unsupervised,baseline,0.0,0.0,recall,0.0
yolo11m,B_finetuned_unsupervised,bo_exploration,3.0,0.62,recall,0.654
yolo11m,B_finetuned_unsupervised,bo_exploitation,2.0,-0.01,recall,0.4781
yolo11m,B_finetuned_unsupervised,grid_search,4.0,0.5,recall,0.6747
yolo11m,C_finetuned_supervised,bo_exploration,3.0,-0.12,recall,0.654
yolo11m,C_finetuned_supervised,bo_exploitation,3.0,0.59,recall,0.654
yolo11m,C_finetuned_supervised,grid_search,4.0,0.0,recall,0.6921
rtdetr-l,A_unfinetuned,baseline,0.0,0.0,recall,0.0001
rtdetr-l,A_unfinetuned,bo_exploration,1.0,0.62,recall,0.0017
rtdetr-l,A_unfinetuned,bo_exploitation,3.0,0.62,recall,0.6479
rtdetr-l,A_unfinetuned,grid_search,4.0,0.5,recall,0.687
rtdetr-l,B_finetuned_unsupervised,baseline,0.0,0.0,recall,0.0002
rtdetr-l,B_finetuned_unsupervised,bo_exploration,4.0,0.59,recall,0.6554
rtdetr-l,B_finetuned_unsupervised,bo_exploitation,2.0,0.03,recall,0.3917
rtdetr-l,B_finetuned_unsupervised,grid_search,4.0,0.5,recall,0.6554
rtdetr-l,C_finetuned_supervised,bo_exploration,4.0,-0.12,recall,0.643
rtdetr-l,C_finetuned_supervised,bo_exploitation,3.0,-0.07,recall,0.6068
rtdetr-l,C_finetuned_supervised,grid_search,4.0,0.0,recall,0.643
yolo11n,A_unfinetuned,baseline,0.0,0.0,recall,0.0004
yolo11n,A_unfinetuned,bo_exploration,4.0,0.15,recall,0.682
yolo11n,A_unfinetuned,bo_exploitation,4.0,0.55,recall,0.6937
yolo11n,A_unfinetuned,grid_search,4.0,0.5,recall,0.6937
yolo11n,B_finetuned_unsupervised,baseline,0.0,0.0,recall,0.0
yolo11n,B_finetuned_unsupervised,bo_exploration,4.0,0.62,recall,0.722
yolo11n,B_finetuned_unsupervised,bo_exploitation,4.0,0.59,recall,0.722
yolo11n,B_finetuned_unsupervised,grid_search,4.0,0.5,recall,0.722
yolo11n,C_finetuned_supervised,bo_exploration,3.0,0.19,recall,0.6581
yolo11n,C_finetuned_supervised,bo_exploitation,4.0,-0.12,recall,0.7429
yolo11n,C_finetuned_supervised,grid_search,4.0,0.0,recall,0.7429
yolo11m,A_unfinetuned,baseline,0.0,0.0,recall,0.0
yolo11m,A_unfinetuned,bo_exploration,3.0,0.35,recall,0.6329
yolo11m,A_unfinetuned,bo_exploitation,3.0,0.21,recall,0.6329
yolo11m,A_unfinetuned,grid_search,4.0,0.5,recall,0.6484
yolo11m,B_finetuned_unsupervised,baseline,0.0,0.0,recall,0.0
rtdetr-l,A_unfinetuned,baseline,0.0,0.0,recall,0.0001
rtdetr-l,B_finetuned_unsupervised,baseline,0.0,0.0,recall,0.0004
rtdetr-l,A_unfinetuned,baseline,0.0,0.0,recall,0.0004
rtdetr-l,A_unfinetuned,bo_exploration,2.0,0.35,recall,0.3784
rtdetr-l,A_unfinetuned,bo_exploitation,2.0,-0.03,recall,0.3576
rtdetr-l,A_unfinetuned,grid_search,4.0,0.5,recall,0.6112
rtdetr-l,B_finetuned_unsupervised,baseline,0.0,0.0,recall,0.0
rtdetr-l,B_finetuned_unsupervised,bo_exploration,2.0,0.48,recall,0.4573
rtdetr-l,B_finetuned_unsupervised,bo_exploitation,4.0,0.47,recall,0.7173
rtdetr-l,B_finetuned_unsupervised,grid_search,4.0,0.5,recall,0.7173
rtdetr-l,C_finetuned_supervised,bo_exploration,4.0,-0.11,recall,0.7153
rtdetr-l,C_finetuned_supervised,bo_exploitation,4.0,0.11,recall,0.7153
rtdetr-l,C_finetuned_supervised,grid_search,4.0,0.0,recall,0.7153
rtdetr-l,A_unfinetuned,baseline,0.0,0.0,recall,0.0003
rtdetr-l,A_unfinetuned,bo_exploration,4.0,0.62,recall,0.6456
rtdetr-l,A_unfinetuned,bo_exploitation,3.0,0.0,recall,0.5878
rtdetr-l,A_unfinetuned,grid_search,4.0,0.5,recall,0.6456
rtdetr-l,B_finetuned_unsupervised,baseline,0.0,0.0,recall,0.0001
rtdetr-l,B_finetuned_unsupervised,bo_exploration,3.0,0.62,recall,0.5688
rtdetr-l,B_finetuned_unsupervised,bo_exploitation,4.0,0.43,recall,0.6481
rtdetr-l,B_finetuned_unsupervised,grid_search,4.0,0.5,recall,0.6481
rtdetr-l,C_finetuned_supervised,bo_exploration,4.0,-0.12,recall,0.624
rtdetr-l,C_finetuned_supervised,bo_exploitation,3.0,0.5,recall,0.5688
rtdetr-l,C_finetuned_supervised,grid_search,4.0,0.0,recall,0.624
yolo11n,A_unfinetuned,baseline,0.0,0.0,recall,0.0
yolo11n,A_unfinetuned,bo_exploration,4.0,0.62,recall,0.6964
yolo11n,A_unfinetuned,bo_exploitation,2.0,0.23,recall,0.4334
yolo11n,A_unfinetuned,grid_search,4.0,0.5,recall,0.6964
yolo11n,B_finetuned_unsupervised,baseline,0.0,0.0,recall,0.0
yolo11n,B_finetuned_unsupervised,bo_exploration,2.0,0.58,recall,0.4505
yolo11n,B_finetuned_unsupervised,bo_exploitation,2.0,0.13,recall,0.444
yolo11n,B_finetuned_unsupervised,grid_search,4.0,0.5,recall,0.7214
yolo11m,A_unfinetuned,baseline,0.0,0.0,recall,0.0
yolo11m,A_unfinetuned,bo_exploration,4.0,-0.12,recall,0.6824
yolo11m,A_unfinetuned,bo_exploitation,4.0,0.45,recall,0.6677
yolo11m,A_unfinetuned,grid_search,4.0,0.5,recall,0.6677
yolo11m,B_finetuned_unsupervised,baseline,0.0,0.0,recall,0.0
yolo11m,B_finetuned_unsupervised,bo_exploration,4.0,0.62,recall,0.6741
yolo11m,B_finetuned_unsupervised,bo_exploitation,1.0,0.33,recall,0.0075
yolo11m,B_finetuned_unsupervised,grid_search,4.0,0.5,recall,0.6741
yolo11m,C_finetuned_supervised,bo_exploration,4.0,-0.12,recall,0.6914
yolo11m,C_finetuned_supervised,bo_exploitation,4.0,0.0,recall,0.6914
yolo11m,C_finetuned_supervised,grid_search,4.0,0.0,recall,0.6914
yolo11n,A_unfinetuned,baseline,0.0,0.0,recall,0.0
yolo11n,A_unfinetuned,bo_exploration,3.0,0.2,recall,0.6561
yolo11n,A_unfinetuned,bo_exploitation,4.0,0.4,recall,0.7098
yolo11n,A_unfinetuned,grid_search,4.0,0.5,recall,0.7098
yolo11n,B_finetuned_unsupervised,baseline,0.0,0.0,recall,0.0
yolo11n,B_finetuned_unsupervised,bo_exploration,4.0,0.5,recall,0.7029
yolo11n,B_finetuned_unsupervised,bo_exploitation,4.0,0.48,recall,0.7029
yolo11n,B_finetuned_unsupervised,grid_search,4.0,0.5,recall,0.7029
yolo11n,C_finetuned_supervised,bo_exploration,3.0,-0.12,recall,0.6719
yolo11n,C_finetuned_supervised,bo_exploitation,4.0,0.26,recall,0.7161
yolo11n,C_finetuned_supervised,grid_search,4.0,0.0,recall,0.7273
yolo11m,A_unfinetuned,baseline,0.0,0.0,recall,0.0001
yolo11m,A_unfinetuned,bo_exploration,4.0,0.62,recall,0.6237
yolo11m,A_unfinetuned,bo_exploitation,3.0,0.62,recall,0.5722
yolo11m,A_unfinetuned,grid_search,4.0,0.5,recall,0.6237
yolo11m,B_finetuned_unsupervised,baseline,0.0,0.0,recall,0.0
yolo11m,B_finetuned_unsupervised,bo_exploration,3.0,0.42,recall,0.6536
yolo11m,B_finetuned_unsupervised,bo_exploitation,2.0,0.48,recall,0.4864
yolo11m,B_finetuned_unsupervised,grid_search,4.0,0.5,recall,0.6741
yolo11m,C_finetuned_supervised,bo_exploration,3.0,-0.12,recall,0.6536
yolo11m,C_finetuned_supervised,bo_exploitation,1.0,0.52,recall,0.0075
yolo11m,C_finetuned_supervised,grid_search,4.0,0.0,recall,0.6914
yolo11n,A_unfinetuned,baseline,0.0,0.0,recall,0.0
yolo11n,A_unfinetuned,bo_exploration,4.0,0.55,recall,0.7125
yolo11n,A_unfinetuned,bo_exploitation,3.0,0.47,recall,0.6477
yolo11n,A_unfinetuned,grid_search,4.0,0.5,recall,0.7125
yolo11n,B_finetuned_unsupervised,baseline,0.0,0.0,recall,0.0
yolo11n,B_finetuned_unsupervised,bo_exploration,4.0,0.62,recall,0.7218
yolo11n,B_finetuned_unsupervised,bo_exploitation,3.0,0.62,recall,0.6686
yolo11n,B_finetuned_unsupervised,grid_search,4.0,0.5,recall,0.7218
yolo11n,C_finetuned_supervised,bo_exploration,4.0,-0.12,recall,0.7424
yolo11n,C_finetuned_supervised,bo_exploitation,3.0,0.51,recall,0.6686
yolo11n,C_finetuned_supervised,grid_search,4.0,0.0,recall,0.7424
yolo11m,A_unfinetuned,baseline,0.0,0.0,recall,0.0005
yolo11m,A_unfinetuned,bo_exploration,4.0,0.62,recall,0.6311
yolo11m,A_unfinetuned,bo_exploitation,3.0,0.45,recall,0.6022
yolo11m,A_unfinetuned,grid_search,4.0,0.5,recall,0.6311
yolo11m,B_finetuned_unsupervised,baseline,0.0,0.0,recall,0.0
yolo11m,B_finetuned_unsupervised,bo_exploration,3.0,0.39,recall,0.6541
yolo11m,B_finetuned_unsupervised,bo_exploitation,4.0,0.51,recall,0.6745
yolo11m,B_finetuned_unsupervised,grid_search,4.0,0.5,recall,0.6745
yolo11m,C_finetuned_supervised,bo_exploration,4.0,-0.06,recall,0.6919
yolo11m,C_finetuned_supervised,bo_exploitation,4.0,0.5,recall,0.6745
yolo11m,C_finetuned_supervised,grid_search,4.0,0.0,recall,0.6919
rtdetr-l,A_unfinetuned,baseline,0.0,0.0,recall,0.0003
rtdetr-l,A_unfinetuned,bo_exploration,3.0,0.27,recall,0.6018
rtdetr-l,A_unfinetuned,bo_exploitation,4.0,0.48,recall,0.6408
rtdetr-l,A_unfinetuned,grid_search,4.0,0.5,recall,0.6408
rtdetr-l,B_finetuned_unsupervised,baseline,0.0,0.0,recall,0.0009
rtdetr-l,B_finetuned_unsupervised,bo_exploration,3.0,-0.12,recall,0.5599
rtdetr-l,B_finetuned_unsupervised,bo_exploitation,2.0,-0.08,recall,0.3464
rtdetr-l,B_finetuned_unsupervised,grid_search,4.0,0.5,recall,0.6096
rtdetr-l,C_finetuned_supervised,bo_exploration,4.0,0.62,recall,0.6096
rtdetr-l,C_finetuned_supervised,bo_exploitation,4.0,-0.09,recall,0.6131
rtdetr-l,C_finetuned_supervised,grid_search,4.0,0.5,recall,0.6096
yolo11n,A_unfinetuned,baseline,0.0,0.0,recall,0.0
yolo11n,B_finetuned_unsupervised,baseline,0.0,0.0,recall,0.0
yolo11n,B_finetuned_unsupervised,bo_exploration,3.0,0.62,recall,0.6685
yolo11n,B_finetuned_unsupervised,bo_exploitation,3.0,0.2,recall,0.6581
yolo11n,B_finetuned_unsupervised,grid_search,4.0,0.5,recall,0.7226
yolo11n,C_finetuned_supervised,bo_exploration,1.0,0.31,recall,0.0051
yolo11n,C_finetuned_supervised,bo_exploitation,3.0,-0.02,recall,0.6478
yolo11n,C_finetuned_supervised,grid_search,4.0,0.0,recall,0.7428
yolo11m,A_unfinetuned,baseline,0.0,0.0,recall,0.0001
yolo11m,A_unfinetuned,bo_exploration,4.0,0.61,recall,0.6669
yolo11m,A_unfinetuned,bo_exploitation,1.0,0.62,recall,0.0091
yolo11m,A_unfinetuned,grid_search,4.0,0.5,recall,0.6669
yolo11m,B_finetuned_unsupervised,baseline,0.0,0.0,recall,0.0
yolo11m,B_finetuned_unsupervised,bo_exploration,3.0,0.39,recall,0.6542
yolo11m,B_finetuned_unsupervised,bo_exploitation,2.0,0.48,recall,0.4869
yolo11m,B_finetuned_unsupervised,grid_search,4.0,0.5,recall,0.6748
yolo11m,C_finetuned_supervised,bo_exploration,2.0,0.36,recall,0.4814
yolo11m,C_finetuned_supervised,bo_exploitation,2.0,-0.03,recall,0.4778
yolo11m,C_finetuned_supervised,grid_search,4.0,0.0,recall,0.6919
rtdetr-l,A_unfinetuned,baseline,0.0,0.0,recall,0.0004
rtdetr-l,A_unfinetuned,bo_exploration,4.0,-0.08,recall,0.6413
rtdetr-l,A_unfinetuned,bo_exploitation,3.0,0.57,recall,0.6028
rtdetr-l,A_unfinetuned,grid_search,4.0,0.5,recall,0.6467
rtdetr-l,B_finetuned_unsupervised,baseline,0.0,0.0,recall,0.0018
rtdetr-l,B_finetuned_unsupervised,bo_exploration,4.0,0.03,recall,0.6055
rtdetr-l,B_finetuned_unsupervised,bo_exploitation,1.0,0.39,recall,0.0086
rtdetr-l,B_finetuned_unsupervised,grid_search,4.0,0.5,recall,0.6195
rtdetr-l,C_finetuned_supervised,bo_exploration,3.0,-0.12,recall,0.5792
rtdetr-l,C_finetuned_supervised,bo_exploitation,3.0,0.39,recall,0.5826
rtdetr-l,C_finetuned_supervised,grid_search,4.0,0.0,recall,0.6055
yolo11n,A_unfinetuned,baseline,0.0,0.0,recall,0.0
yolo11n,A_unfinetuned,bo_exploration,2.0,0.09,recall,0.397
yolo11n,A_unfinetuned,bo_exploitation,4.0,0.62,recall,0.7051
yolo11n,A_unfinetuned,grid_search,4.0,0.5,recall,0.7051
yolo11n,B_finetuned_unsupervised,baseline,0.0,0.0,recall,0.0
yolo11n,B_finetuned_unsupervised,bo_exploration,4.0,0.62,recall,0.7222
yolo11n,B_finetuned_unsupervised,bo_exploitation,4.0,0.51,recall,0.7222
yolo11n,B_finetuned_unsupervised,grid_search,4.0,0.5,recall,0.7222
yolo11m,A_unfinetuned,baseline,0.0,0.0,recall,0.0001
yolo11m,A_unfinetuned,bo_exploration,3.0,0.56,recall,0.5742
yolo11m,B_finetuned_unsupervised,baseline,0.0,0.0,recall,0.0
yolo11m,B_finetuned_unsupervised,bo_exploration,1.0,-0.06,recall,0.0076
yolo11m,B_finetuned_unsupervised,bo_exploitation,2.0,0.15,recall,0.4814
yolo11m,B_finetuned_unsupervised,grid_search,4.0,0.5,recall,0.6749
yolo11m,C_finetuned_supervised,bo_exploration,4.0,0.1,recall,0.692
yolo11m,C_finetuned_supervised,bo_exploitation,4.0,0.31,recall,0.6799
yolo11m,C_finetuned_supervised,grid_search,4.0,0.0,recall,0.692
rtdetr-l,A_unfinetuned,baseline,0.0,0.0,recall,0.0002
rtdetr-l,A_unfinetuned,bo_exploration,3.0,-0.06,recall,0.566
rtdetr-l,A_unfinetuned,bo_exploitation,4.0,0.47,recall,0.6179
rtdetr-l,A_unfinetuned,grid_search,4.0,0.5,recall,0.6179
rtdetr-l,B_finetuned_unsupervised,baseline,0.0,0.0,recall,0.0
rtdetr-l,B_finetuned_unsupervised,bo_exploration,4.0,0.62,recall,0.7128
rtdetr-l,B_finetuned_unsupervised,bo_exploitation,3.0,-0.08,recall,0.6589
rtdetr-l,B_finetuned_unsupervised,grid_search,4.0,0.5,recall,0.7128
rtdetr-l,C_finetuned_supervised,bo_exploration,4.0,0.1,recall,0.6908
rtdetr-l,C_finetuned_supervised,bo_exploitation,4.0,-0.08,recall,0.6908
rtdetr-l,C_finetuned_supervised,grid_search,4.0,0.0,recall,0.6908
yolo11n,A_unfinetuned,baseline,0.0,0.0,recall,0.0
yolo11n,A_unfinetuned,bo_exploration,4.0,0.38,recall,0.7334
yolo11n,A_unfinetuned,bo_exploitation,2.0,0.62,recall,0.4628
yolo11n,A_unfinetuned,grid_search,4.0,0.5,recall,0.7334
yolo11n,B_finetuned_unsupervised,baseline,0.0,0.0,recall,0.0
yolo11m,A_unfinetuned,baseline,0.0,0.0,recall,0.0
yolo11m,A_unfinetuned,bo_exploration,2.0,0.29,recall,0.5125
yolo11m,A_unfinetuned,bo_exploitation,1.0,0.06,recall,0.0048
yolo11m,A_unfinetuned,grid_search,4.0,0.5,recall,0.6985
yolo11m,B_finetuned_unsupervised,baseline,0.0,0.0,recall,0.0
yolo11m,B_finetuned_unsupervised,bo_exploration,2.0,0.01,recall,0.4775
yolo11m,B_finetuned_unsupervised,bo_exploitation,4.0,0.6,recall,0.6747
yolo11m,B_finetuned_unsupervised,grid_search,4.0,0.5,recall,0.6747
rtdetr-l,A_unfinetuned,baseline,0.0,0.0,recall,0.0
rtdetr-l,A_unfinetuned,bo_exploration,3.0,0.06,recall,0.5983
rtdetr-l,A_unfinetuned,bo_exploitation,2.0,0.46,recall,0.4218
rtdetr-l,A_unfinetuned,grid_search,4.0,0.5,recall,0.6486
rtdetr-l,B_finetuned_unsupervised,baseline,0.0,0.0,recall,0.0001
rtdetr-l,B_finetuned_unsupervised,bo_exploration,1.0,0.44,recall,0.0017
rtdetr-l,B_finetuned_unsupervised,bo_exploitation,2.0,0.18,recall,0.4066
rtdetr-l,B_finetuned_unsupervised,grid_search,4.0,0.5,recall,0.6492
rtdetr-l,C_finetuned_supervised,bo_exploration,4.0,0.2,recall,0.6196
rtdetr-l,C_finetuned_supervised,bo_exploitation,4.0,0.34,recall,0.6196
rtdetr-l,C_finetuned_supervised,grid_search,4.0,0.25,recall,0.6196
rtdetr-l,A_unfinetuned,baseline,0.0,0.0,recall,0.0002
rtdetr-l,A_unfinetuned,bo_exploration,1.0,0.62,recall,0.0032
rtdetr-l,A_unfinetuned,bo_exploitation,4.0,0.47,recall,0.6353
rtdetr-l,A_unfinetuned,grid_search,4.0,0.5,recall,0.6353
rtdetr-l,B_finetuned_unsupervised,baseline,0.0,0.0,recall,0.001
rtdetr-l,B_finetuned_unsupervised,bo_exploration,4.0,-0.12,recall,0.6171
rtdetr-l,B_finetuned_unsupervised,bo_exploitation,1.0,0.14,recall,0.0069
rtdetr-l,B_finetuned_unsupervised,grid_search,4.0,0.5,recall,0.6203
rtdetr-l,C_finetuned_supervised,bo_exploration,4.0,-0.03,recall,0.6171
rtdetr-l,C_finetuned_supervised,bo_exploitation,3.0,0.34,recall,0.5649
rtdetr-l,C_finetuned_supervised,grid_search,4.0,0.0,recall,0.6171
rtdetr-l,A_unfinetuned,baseline,0.0,0.0,recall,0.0
rtdetr-l,A_unfinetuned,bo_exploration,4.0,0.62,recall,0.7118
rtdetr-l,A_unfinetuned,bo_exploitation,3.0,-0.02,recall,0.6578
rtdetr-l,A_unfinetuned,grid_search,4.0,0.5,recall,0.7118
rtdetr-l,B_finetuned_unsupervised,baseline,0.0,0.0,recall,0.0
rtdetr-l,B_finetuned_unsupervised,bo_exploration,4.0,0.62,recall,0.6496
rtdetr-l,B_finetuned_unsupervised,bo_exploitation,3.0,0.45,recall,0.6102
rtdetr-l,B_finetuned_unsupervised,grid_search,4.0,0.5,recall,0.6496
rtdetr-l,C_finetuned_supervised,bo_exploration,3.0,-0.12,recall,0.5972
yolo11n,A_unfinetuned,baseline,0.0,0.0,recall,0.0
yolo11n,A_unfinetuned,bo_exploration,4.0,0.62,recall,0.7017
yolo11n,A_unfinetuned,bo_exploitation,2.0,0.51,recall,0.4558
yolo11n,A_unfinetuned,grid_search,4.0,0.5,recall,0.7017
yolo11n,B_finetuned_unsupervised,baseline,0.0,0.0,recall,0.0
yolo11n,B_finetuned_unsupervised,bo_exploration,3.0,0.62,recall,0.669
yolo11n,B_finetuned_unsupervised,bo_exploitation,1.0,0.62,recall,0.0052
yolo11n,B_finetuned_unsupervised,grid_search,4.0,0.5,recall,0.7219
yolo11n,C_finetuned_supervised,bo_exploration,4.0,-0.12,recall,0.7424
yolo11n,C_finetuned_supervised,bo_exploitation,3.0,0.07,recall,0.6483
yolo11n,C_finetuned_supervised,grid_search,4.0,0.0,recall,0.7424
yolo11m,A_unfinetuned,baseline,0.0,0.0,recall,0.0001
yolo11m,A_unfinetuned,bo_exploration,4.0,0.62,recall,0.6636
yolo11m,A_unfinetuned,bo_exploitation,2.0,-0.03,recall,0.4972
yolo11m,A_unfinetuned,grid_search,4.0,0.5,recall,0.6636
yolo11m,B_finetuned_unsupervised,baseline,0.0,0.0,recall,0.0
yolo11m,B_finetuned_unsupervised,bo_exploration,3.0,0.03,recall,0.6545
yolo11m,B_finetuned_unsupervised,bo_exploitation,3.0,0.62,recall,0.6546
yolo11m,B_finetuned_unsupervised,grid_search,4.0,0.5,recall,0.6751
yolo11m,C_finetuned_supervised,bo_exploration,3.0,-0.08,recall,0.6545
yolo11m,C_finetuned_supervised,bo_exploitation,4.0,-0.12,recall,0.6923
yolo11m,C_finetuned_supervised,grid_search,4.0,0.0,recall,0.6923
yolo11n,A_unfinetuned,baseline,0.0,0.0,recall,0.0001
yolo11n,A_unfinetuned,bo_exploration,4.0,0.62,recall,0.6752
yolo11n,A_unfinetuned,bo_exploitation,2.0,0.62,recall,0.4459
yolo11n,A_unfinetuned,grid_search,4.0,0.5,recall,0.6752
yolo11n,B_finetuned_unsupervised,baseline,0.0,0.0,recall,0.0
yolo11n,B_finetuned_unsupervised,bo_exploration,2.0,0.17,recall,0.4628
yolo11n,B_finetuned_unsupervised,bo_exploitation,1.0,-0.06,recall,0.0058
yolo11n,B_finetuned_unsupervised,grid_search,4.0,0.5,recall,0.7095
yolo11n,C_finetuned_supervised,bo_exploration,4.0,-0.11,recall,0.7309
yolo11n,C_finetuned_supervised,bo_exploitation,3.0,0.15,recall,0.6677
yolo11n,C_finetuned_supervised,grid_search,4.0,0.0,recall,0.7309
yolo11m,A_unfinetuned,baseline,0.0,0.0,recall,0.0001
yolo11m,A_unfinetuned,bo_exploration,3.0,0.43,recall,0.6428
yolo11m,A_unfinetuned,bo_exploitation,3.0,0.42,recall,0.6428
yolo11m,A_unfinetuned,grid_search,4.0,0.5,recall,0.64
yolo11m,B_finetuned_unsupervised,baseline,0.0,0.0,recall,0.0
yolo11m,B_finetuned_unsupervised,bo_exploration,2.0,0.52,recall,0.4871
yolo11m,B_finetuned_unsupervised,bo_exploitation,2.0,0.23,recall,0.4817
yolo11m,B_finetuned_unsupervised,grid_search,4.0,0.5,recall,0.6747
yolo11n,A_unfinetuned,baseline,0.0,0.0,recall,0.0
yolo11n,A_unfinetuned,bo_exploration,2.0,0.61,recall,0.4634
yolo11n,A_unfinetuned,bo_exploitation,1.0,-0.01,recall,0.0072
yolo11n,A_unfinetuned,grid_search,4.0,0.5,recall,0.6842
yolo11n,B_finetuned_unsupervised,baseline,0.0,0.0,recall,0.0
yolo11n,B_finetuned_unsupervised,bo_exploration,3.0,0.62,recall,0.6688
yolo11n,B_finetuned_unsupervised,bo_exploitation,3.0,0.56,recall,0.6688
yolo11n,B_finetuned_unsupervised,grid_search,4.0,0.5,recall,0.7221
yolo11n,C_finetuned_supervised,bo_exploration,3.0,0.23,recall,0.658
yolo11n,C_finetuned_supervised,bo_exploitation,3.0,-0.12,recall,0.6479
yolo11n,C_finetuned_supervised,grid_search,4.0,0.0,recall,0.7425
yolo11m,A_unfinetuned,baseline,0.0,0.0,recall,0.0
yolo11m,A_unfinetuned,bo_exploration,4.0,0.54,recall,0.6853
yolo11m,A_unfinetuned,bo_exploitation,3.0,0.4,recall,0.6526
yolo11m,A_unfinetuned,grid_search,4.0,0.5,recall,0.6853
yolo11m,B_finetuned_unsupervised,baseline,0.0,0.0,recall,0.0
yolo11m,B_finetuned_unsupervised,bo_exploration,3.0,0.43,recall,0.6543
yolo11m,B_finetuned_unsupervised,bo_exploitation,2.0,-0.1,recall,0.4781
yolo11m,B_finetuned_unsupervised,grid_search,4.0,0.5,recall,0.6749
yolo11m,C_finetuned_supervised,bo_exploration,4.0,-0.12,recall,0.6921
yolo11m,C_finetuned_supervised,bo_exploitation,2.0,0.55,recall,0.4873
yolo11m,C_finetuned_supervised,grid_search,4.0,0.0,recall,0.6921
rtdetr-l,A_unfinetuned,baseline,0.0,0.0,recall,0.0
rtdetr-l,A_unfinetuned,bo_exploration,3.0,0.62,recall,0.5959
rtdetr-l,A_unfinetuned,bo_exploitation,3.0,0.3,recall,0.5808
rtdetr-l,A_unfinetuned,grid_search,4.0,0.5,recall,0.6306
rtdetr-l,B_finetuned_unsupervised,baseline,0.0,0.0,recall,0.0001
rtdetr-l,B_finetuned_unsupervised,bo_exploration,2.0,0.52,recall,0.4435
rtdetr-l,B_finetuned_unsupervised,bo_exploitation,4.0,0.62,recall,0.6449
rtdetr-l,B_finetuned_unsupervised,grid_search,4.0,0.5,recall,0.6449
rtdetr-l,C_finetuned_supervised,bo_exploration,3.0,0.24,recall,0.6217
rtdetr-l,C_finetuned_supervised,bo_exploitation,2.0,-0.12,recall,0.4176
rtdetr-l,C_finetuned_supervised,grid_search,4.0,0.0,recall,0.6464
yolo11n,A_unfinetuned,baseline,0.0,0.0,recall,0.0
yolo11n,A_unfinetuned,bo_exploration,4.0,0.62,recall,0.6896
yolo11n,A_unfinetuned,bo_exploitation,4.0,0.47,recall,0.6896
yolo11n,A_unfinetuned,grid_search,4.0,0.5,recall,0.6896
yolo11n,B_finetuned_unsupervised,baseline,0.0,0.0,recall,0.0
yolo11n,B_finetuned_unsupervised,bo_exploration,4.0,0.62,recall,0.7222
yolo11n,B_finetuned_unsupervised,bo_exploitation,3.0,0.44,recall,0.6688
yolo11n,B_finetuned_unsupervised,grid_search,4.0,0.5,recall,0.7222
yolo11n,C_finetuned_supervised,bo_exploration,4.0,0.09,recall,0.7429
yolo11n,C_finetuned_supervised,bo_exploitation,4.0,-0.08,recall,0.7429
yolo11n,C_finetuned_supervised,grid_search,4.0,0.0,recall,0.7429
yolo11m,A_unfinetuned,baseline,0.0,0.0,recall,0.0001
yolo11m,A_unfinetuned,bo_exploration,3.0,0.59,recall,0.5796
yolo11m,A_unfinetuned,bo_exploitation,4.0,0.47,recall,0.6042
yolo11m,A_unfinetuned,grid_search,4.0,0.5,recall,0.6042
yolo11m,B_finetuned_unsupervised,baseline,0.0,0.0,recall,0.0
yolo11m,B_finetuned_unsupervised,bo_exploration,3.0,0.62,recall,0.6548
yolo11m,B_finetuned_unsupervised,bo_exploitation,4.0,0.27,recall,0.6802
yolo11m,B_finetuned_unsupervised,grid_search,4.0,0.5,recall,0.6754
yolo11m,C_finetuned_supervised,bo_exploration,4.0,0.05,recall,0.6926
yolo11m,C_finetuned_supervised,bo_exploitation,2.0,0.26,recall,0.482
yolo11m,C_finetuned_supervised,grid_search,4.0,0.0,recall,0.6926
rtdetr-l,A_unfinetuned,baseline,0.0,0.0,recall,0.0001
rtdetr-l,A_unfinetuned,bo_exploration,3.0,0.62,recall,0.6201
rtdetr-l,A_unfinetuned,bo_exploitation,2.0,0.39,recall,0.4409
rtdetr-l,A_unfinetuned,grid_search,4.0,0.5,recall,0.6592
rtdetr-l,B_finetuned_unsupervised,baseline,0.0,0.0,recall,0.0011
rtdetr-l,B_finetuned_unsupervised,bo_exploration,4.0,0.62,recall,0.6457
rtdetr-l,B_finetuned_unsupervised,bo_exploitation,3.0,-0.11,recall,0.5852
rtdetr-l,B_finetuned_unsupervised,grid_search,4.0,0.5,recall,0.6457
rtdetr-l,C_finetuned_supervised,bo_exploration,4.0,0.05,recall,0.6401
rtdetr-l,C_finetuned_supervised,bo_exploitation,2.0,-0.12,recall,0.4124
rtdetr-l,C_finetuned_supervised,grid_search,4.0,0.5,recall,0.6457
yolo11n,A_unfinetuned,baseline,0.0,0.0,recall,0.0
yolo11n,A_unfinetuned,bo_exploration,3.0,0.62,recall,0.6756
yolo11n,A_unfinetuned,bo_exploitation,2.0,0.4,recall,0.4747
yolo11n,A_unfinetuned,grid_search,4.0,0.5,recall,0.7199
yolo11n,B_finetuned_unsupervised,baseline,0.0,0.0,recall,0.0
yolo11n,B_finetuned_unsupervised,bo_exploration,3.0,0.6,recall,0.6692
yolo11n,B_finetuned_unsupervised,bo_exploitation,3.0,0.26,recall,0.6584
yolo11n,B_finetuned_unsupervised,grid_search,4.0,0.5,recall,0.7226
yolo11n,C_finetuned_supervised,bo_exploration,3.0,0.1,recall,0.6484
yolo11n,C_finetuned_supervised,bo_exploitation,4.0,0.07,recall,0.743
yolo11n,C_finetuned_supervised,grid_search,4.0,0.0,recall,0.743
yolo11m,A_unfinetuned,baseline,0.0,0.0,recall,0.0
yolo11m,A_unfinetuned,bo_exploration,3.0,0.4,recall,0.6126
yolo11m,A_unfinetuned,bo_exploitation,4.0,0.23,recall,0.6445
yolo11m,A_unfinetuned,grid_search,4.0,0.5,recall,0.6419
yolo11m,B_finetuned_unsupervised,baseline,0.0,0.0,recall,0.0
yolo11m,B_finetuned_unsupervised,bo_exploration,3.0,0.62,recall,0.6545
yolo11m,B_finetuned_unsupervised,bo_exploitation,4.0,0.47,recall,0.6752
yolo11m,B_finetuned_unsupervised,grid_search,4.0,0.5,recall,0.6752
yolo11m,C_finetuned_supervised,bo_exploration,3.0,0.04,recall,0.6544
yolo11m,C_finetuned_supervised,bo_exploitation,4.0,0.43,recall,0.6752
yolo11m,C_finetuned_supervised,grid_search,4.0,0.0,recall,0.6923
rtdetr-l,A_unfinetuned,baseline,0.0,0.0,recall,0.0005
rtdetr-l,A_unfinetuned,bo_exploration,3.0,0.52,recall,0.5782
rtdetr-l,A_unfinetuned,bo_exploitation,3.0,0.55,recall,0.5782
rtdetr-l,A_unfinetuned,grid_search,4.0,0.5,recall,0.6335
rtdetr-l,B_finetuned_unsupervised,baseline,0.0,0.0,recall,0.0
rtdetr-l,B_finetuned_unsupervised,bo_exploration,4.0,0.62,recall,0.7116
rtdetr-l,B_finetuned_unsupervised,bo_exploitation,3.0,0.22,recall,0.6504
rtdetr-l,B_finetuned_unsupervised,grid_search,4.0,0.5,recall,0.7116
rtdetr-l,C_finetuned_supervised,bo_exploration,3.0,0.41,recall,0.661
rtdetr-l,C_finetuned_supervised,bo_exploitation,3.0,-0.12,recall,0.6443
rtdetr-l,C_finetuned_supervised,grid_search,4.0,0.0,recall,0.7044
yolo11n,A_unfinetuned,baseline,0.0,0.0,recall,0.0
yolo11n,A_unfinetuned,bo_exploration,3.0,0.62,recall,0.6766
yolo11n,A_unfinetuned,bo_exploitation,3.0,0.51,recall,0.6766
yolo11n,A_unfinetuned,grid_search,4.0,0.5,recall,0.7124
yolo11n,B_finetuned_unsupervised,baseline,0.0,0.0,recall,0.0
yolo11n,B_finetuned_unsupervised,bo_exploration,4.0,0.62,recall,0.7088
yolo11n,B_finetuned_unsupervised,bo_exploitation,3.0,0.42,recall,0.6546
yolo11n,B_finetuned_unsupervised,grid_search,4.0,0.5,recall,0.7088
yolo11n,C_finetuned_supervised,bo_exploration,1.0,0.47,recall,0.0057
yolo11n,C_finetuned_supervised,bo_exploitation,4.0,0.06,recall,0.7301
yolo11n,C_finetuned_supervised,grid_search,4.0,0.0,recall,0.7301
yolo11m,A_unfinetuned,baseline,0.0,0.0,recall,0.0001
yolo11m,A_unfinetuned,bo_exploration,2.0,0.14,recall,0.4722
yolo11m,A_unfinetuned,bo_exploitation,1.0,0.44,recall,0.007
yolo11m,A_unfinetuned,grid_search,4.0,0.5,recall,0.6585
yolo11m,B_finetuned_unsupervised,baseline,0.0,0.0,recall,0.0
yolo11m,B_finetuned_unsupervised,bo_exploration,4.0,0.62,recall,0.6739
yolo11m,B_finetuned_unsupervised,bo_exploitation,4.0,-0.1,recall,0.6912
yolo11m,B_finetuned_unsupervised,grid_search,4.0,0.5,recall,0.6739
yolo11m,C_finetuned_supervised,bo_exploration,4.0,-0.09,recall,0.6912
yolo11m,C_finetuned_supervised,bo_exploitation,3.0,0.31,recall,0.6577
yolo11m,C_finetuned_supervised,grid_search,4.0,0.0,recall,0.6912
rtdetr-l,A_unfinetuned,baseline,0.0,0.0,recall,0.0003
rtdetr-l,B_finetuned_unsupervised,baseline,0.0,0.0,recall,0.0002
rtdetr-l,B_finetuned_unsupervised,bo_exploration,3.0,0.48,recall,0.6449
rtdetr-l,B_finetuned_unsupervised,bo_exploitation,3.0,-0.12,recall,0.6363
rtdetr-l,B_finetuned_unsupervised,grid_search,4.0,0.5,recall,0.6878
rtdetr-l,C_finetuned_supervised,bo_exploration,4.0,-0.12,recall,0.6721
rtdetr-l,C_finetuned_supervised,bo_exploitation,3.0,-0.11,recall,0.6363
rtdetr-l,C_finetuned_supervised,grid_search,4.0,0.0,recall,0.6721
rtdetr-l,A_unfinetuned,baseline,0.0,0.0,recall,0.0001
rtdetr-l,A_unfinetuned,bo_exploration,3.0,0.44,recall,0.6059
rtdetr-l,A_unfinetuned,bo_exploitation,3.0,-0.12,recall,0.584
rtdetr-l,A_unfinetuned,grid_search,4.0,0.5,recall,0.6396
rtdetr-l,B_finetuned_unsupervised,baseline,0.0,0.0,recall,0.0003
rtdetr-l,B_finetuned_unsupervised,bo_exploration,1.0,0.61,recall,0.0028
rtdetr-l,B_finetuned_unsupervised,bo_exploitation,3.0,-0.04,recall,0.5822
rtdetr-l,B_finetuned_unsupervised,grid_search,4.0,0.5,recall,0.6338
rtdetr-l,C_finetuned_supervised,bo_exploration,4.0,-0.12,recall,0.6257
rtdetr-l,C_finetuned_supervised,bo_exploitation,4.0,-0.11,recall,0.6257
rtdetr-l,C_finetuned_supervised,grid_search,4.0,0.5,recall,0.6338
rtdetr-l,A_unfinetuned,baseline,0.0,0.0,recall,0.0017
rtdetr-l,A_unfinetuned,bo_exploration,4.0,0.51,recall,0.6378
rtdetr-l,A_unfinetuned,bo_exploitation,3.0,0.45,recall,0.5992
rtdetr-l,A_unfinetuned,grid_search,4.0,0.5,recall,0.6378
rtdetr-l,B_finetuned_unsupervised,baseline,0.0,0.0,recall,0.0011
rtdetr-l,B_finetuned_unsupervised,bo_exploration,2.0,-0.08,recall,0.4044
rtdetr-l,B_finetuned_unsupervised,bo_exploitation,4.0,0.62,recall,0.6456
rtdetr-l,B_finetuned_unsupervised,grid_search,4.0,0.5,recall,0.6456
rtdetr-l,C_finetuned_supervised,bo_exploration,4.0,0.62,recall,0.6456
rtdetr-l,C_finetuned_supervised,bo_exploitation,4.0,-0.12,recall,0.6358
rtdetr-l,C_finetuned_supervised,grid_search,4.0,0.0,recall,0.6358
yolo11n,A_unfinetuned,baseline,0.0,0.0,recall,0.0
yolo11n,A_unfinetuned,bo_exploration,4.0,0.61,recall,0.7105
yolo11n,A_unfinetuned,bo_exploitation,3.0,0.18,recall,0.6669
yolo11n,A_unfinetuned,grid_search,4.0,0.5,recall,0.7105
yolo11n,B_finetuned_unsupervised,baseline,0.0,0.0,recall,0.0
yolo11n,B_finetuned_unsupervised,bo_exploration,3.0,0.58,recall,0.6641
yolo11n,B_finetuned_unsupervised,bo_exploitation,2.0,0.62,recall,0.4525
yolo11n,B_finetuned_unsupervised,grid_search,4.0,0.5,recall,0.7035
yolo11n,C_finetuned_supervised,bo_exploration,3.0,0.44,recall,0.6641
yolo11n,C_finetuned_supervised,bo_exploitation,3.0,0.17,recall,0.6786
yolo11n,C_finetuned_supervised,grid_search,4.0,0.0,recall,0.7279
yolo11m,A_unfinetuned,baseline,0.0,0.0,recall,0.0
yolo11m,A_unfinetuned,bo_exploration,4.0,0.62,recall,0.714
yolo11m,A_unfinetuned,bo_exploitation,4.0,0.62,recall,0.714
yolo11m,A_unfinetuned,grid_search,4.0,0.5,recall,0.714
yolo11m,B_finetuned_unsupervised,baseline,0.0,0.0,recall,0.0
yolo11m,B_finetuned_unsupervised,bo_exploration,3.0,0.62,recall,0.6541
yolo11m,B_finetuned_unsupervised,bo_exploitation,4.0,0.62,recall,0.6746
yolo11m,B_finetuned_unsupervised,grid_search,4.0,0.5,recall,0.6746
yolo11n,A_unfinetuned,baseline,0.0,0.0,recall,0.0
yolo11n,A_unfinetuned,bo_exploration,4.0,0.36,recall,0.6701
yolo11n,A_unfinetuned,bo_exploitation,3.0,0.58,recall,0.6188
yolo11n,A_unfinetuned,grid_search,4.0,0.5,recall,0.6622
yolo11n,B_finetuned_unsupervised,baseline,0.0,0.0,recall,0.0
yolo11m,A_unfinetuned,baseline,0.0,0.0,recall,0.0
yolo11m,A_unfinetuned,bo_exploration,3.0,0.45,recall,0.6013
yolo11m,A_unfinetuned,bo_exploitation,1.0,0.15,recall,0.0072
yolo11m,A_unfinetuned,grid_search,4.0,0.5,recall,0.6415
yolo11m,B_finetuned_unsupervised,baseline,0.0,0.0,recall,0.0
yolo11m,B_finetuned_unsupervised,bo_exploration,3.0,0.22,recall,0.6594
yolo11m,B_finetuned_unsupervised,bo_exploitation,1.0,0.41,recall,0.0075
yolo11m,B_finetuned_unsupervised,grid_search,4.0,0.5,recall,0.6755
yolo11m,C_finetuned_supervised,bo_exploration,3.0,-0.12,recall,0.6548
yolo11m,C_finetuned_supervised,bo_exploitation,4.0,0.11,recall,0.6928
yolo11m,C_finetuned_supervised,grid_search,4.0,0.0,recall,0.6928
yolo11n,A_unfinetuned,baseline,0.0,0.0,recall,0.0
yolo11n,A_unfinetuned,bo_exploration,3.0,0.62,recall,0.6596
yolo11n,A_unfinetuned,bo_exploitation,3.0,0.62,recall,0.6596
yolo11n,A_unfinetuned,grid_search,4.0,0.5,recall,0.7112
yolo11n,B_finetuned_unsupervised,baseline,0.0,0.0,recall,0.0
yolo11n,B_finetuned_unsupervised,bo_exploration,4.0,0.62,recall,0.722
yolo11n,B_finetuned_unsupervised,bo_exploitation,3.0,0.46,recall,0.6686
yolo11n,B_finetuned_unsupervised,grid_search,4.0,0.5,recall,0.722
yolo11n,C_finetuned_supervised,bo_exploration,4.0,-0.12,recall,0.7426
yolo11n,C_finetuned_supervised,bo_exploitation,4.0,-0.12,recall,0.7426
yolo11n,C_finetuned_supervised,grid_search,4.0,0.0,recall,0.7426
yolo11m,A_unfinetuned,baseline,0.0,0.0,recall,0.0
yolo11m,A_unfinetuned,bo_exploration,3.0,0.4,recall,0.6852
yolo11m,A_unfinetuned,bo_exploitation,3.0,0.41,recall,0.6852
yolo11m,A_unfinetuned,grid_search,4.0,0.5,recall,0.7144
yolo11m,B_finetuned_unsupervised,baseline,0.0,0.0,recall,0.0
yolo11m,B_finetuned_unsupervised,bo_exploration,4.0,0.45,recall,0.6747
yolo11m,B_finetuned_unsupervised,bo_exploitation,4.0,0.33,recall,0.6796
yolo11m,B_finetuned_unsupervised,grid_search,4.0,0.5,recall,0.6747
yolo11m,C_finetuned_supervised,bo_exploration,4.0,-0.12,recall,0.6919
yolo11m,C_finetuned_supervised,bo_exploitation,3.0,0.0,recall,0.6539
yolo11m,C_finetuned_supervised,grid_search,4.0,0.0,recall,0.6919
rtdetr-l,A_unfinetuned,baseline,0.0,0.0,recall,0.0001
rtdetr-l,A_unfinetuned,bo_exploration,4.0,0.59,recall,0.6582
rtdetr-l,A_unfinetuned,bo_exploitation,2.0,0.4,recall,0.4206
rtdetr-l,A_unfinetuned,grid_search,4.0,0.5,recall,0.6582
rtdetr-l,B_finetuned_unsupervised,baseline,0.0,0.0,recall,0.0
rtdetr-l,B_finetuned_unsupervised,bo_exploration,3.0,0.62,recall,0.6193
rtdetr-l,B_finetuned_unsupervised,bo_exploitation,3.0,0.62,recall,0.6193
rtdetr-l,B_finetuned_unsupervised,grid_search,4.0,0.5,recall,0.6698
rtdetr-l,C_finetuned_supervised,bo_exploration,3.0,-0.12,recall,0.6024
rtdetr-l,C_finetuned_supervised,bo_exploitation,3.0,-0.09,recall,0.6024
rtdetr-l,C_finetuned_supervised,grid_search,4.0,0.0,recall,0.6686
yolo11n,A_unfinetuned,baseline,0.0,0.0,recall,0.0
yolo11n,A_unfinetuned,bo_exploration,2.0,-0.11,recall,0.4794
yolo11n,A_unfinetuned,bo_exploitation,3.0,0.37,recall,0.68
yolo11n,A_unfinetuned,grid_search,4.0,0.5,recall,0.7276
yolo11n,B_finetuned_unsupervised,baseline,0.0,0.0,recall,0.0
yolo11n,B_finetuned_unsupervised,bo_exploration,3.0,0.62,recall,0.6686
yolo11n,B_finetuned_unsupervised,bo_exploitation,3.0,0.2,recall,0.6584
yolo11n,B_finetuned_unsupervised,grid_search,4.0,0.5,recall,0.7221
yolo11n,C_finetuned_supervised,bo_exploration,4.0,-0.09,recall,0.7427
yolo11n,C_finetuned_supervised,bo_exploitation,3.0,-0.06,recall,0.6481
yolo11n,C_finetuned_supervised,grid_search,4.0,0.0,recall,0.7427
yolo11m,A_unfinetuned,baseline,0.0,0.0,recall,0.0
yolo11m,A_unfinetuned,bo_exploration,4.0,0.62,recall,0.7027
yolo11m,A_unfinetuned,bo_exploitation,3.0,0.25,recall,0.6737
yolo11m,A_unfinetuned,grid_search,4.0,0.5,recall,0.7027
yolo11m,B_finetuned_unsupervised,baseline,0.0,0.0,recall,0.0
yolo11m,B_finetuned_unsupervised,bo_exploration,3.0,0.24,recall,0.659
yolo11m,B_finetuned_unsupervised,bo_exploitation,3.0,0.4,recall,0.6546
yolo11m,B_finetuned_unsupervised,grid_search,4.0,0.5,recall,0.675
yolo11m,C_finetuned_supervised,bo_exploration,3.0,0.37,recall,0.659
yolo11m,C_finetuned_supervised,bo_exploitation,3.0,0.34,recall,0.659
yolo11m,C_finetuned_supervised,grid_search,4.0,0.0,recall,0.6923
rtdetr-l,A_unfinetuned,baseline,0.0,0.0,recall,0.0004
rtdetr-l,A_unfinetuned,bo_exploration,4.0,0.62,recall,0.6526
rtdetr-l,A_unfinetuned,bo_exploitation,3.0,-0.01,recall,0.5981
rtdetr-l,A_unfinetuned,grid_search,4.0,0.5,recall,0.6526
rtdetr-l,B_finetuned_unsupervised,baseline,0.0,0.0,recall,0.0006
rtdetr-l,B_finetuned_unsupervised,bo_exploration,2.0,-0.08,recall,0.3852
rtdetr-l,B_finetuned_unsupervised,bo_exploitation,4.0,0.62,recall,0.6226
rtdetr-l,B_finetuned_unsupervised,grid_search,4.0,0.5,recall,0.6226
rtdetr-l,C_finetuned_supervised,bo_exploration,4.0,-0.12,recall,0.6194
rtdetr-l,C_finetuned_supervised,bo_exploitation,4.0,0.04,recall,0.6194
rtdetr-l,C_finetuned_supervised,grid_search,4.0,0.0,recall,0.6194
yolo11n,A_unfinetuned,baseline,0.0,0.0,recall,0.0
yolo11n,A_unfinetuned,bo_exploration,4.0,0.62,recall,0.6748
yolo11n,A_unfinetuned,bo_exploitation,4.0,0.62,recall,0.6748
yolo11n,A_unfinetuned,grid_search,4.0,0.5,recall,0.6748
yolo11n,B_finetuned_unsupervised,baseline,0.0,0.0,recall,0.0
yolo11n,B_finetuned_unsupervised,bo_exploration,4.0,0.58,recall,0.7214
yolo11n,B_finetuned_unsupervised,bo_exploitation,4.0,0.03,recall,0.7421
yolo11n,B_finetuned_unsupervised,grid_search,4.0,0.5,recall,0.7214
yolo11n,C_finetuned_supervised,bo_exploration,3.0,0.22,recall,0.657
yolo11n,C_finetuned_supervised,bo_exploitation,4.0,0.05,recall,0.7421
yolo11n,C_finetuned_supervised,grid_search,4.0,0.0,recall,0.7421
yolo11m,A_unfinetuned,baseline,0.0,0.0,recall,0.0
yolo11m,B_finetuned_unsupervised,baseline,0.0,0.0,recall,0.0
yolo11m,B_finetuned_unsupervised,bo_exploration,3.0,0.62,recall,0.6536
yolo11m,B_finetuned_unsupervised,bo_exploitation,4.0,0.17,recall,0.6793
yolo11m,B_finetuned_unsupervised,grid_search,4.0,0.5,recall,0.6744
yolo11m,C_finetuned_supervised,bo_exploration,3.0,-0.12,recall,0.6534
yolo11m,C_finetuned_supervised,bo_exploitation,3.0,0.02,recall,0.6534
yolo11m,C_finetuned_supervised,grid_search,4.0,0.0,recall,0.6918
rtdetr-l,A_unfinetuned,baseline,0.0,0.0,recall,0.0005
rtdetr-l,A_unfinetuned,bo_exploration,4.0,0.62,recall,0.6271
rtdetr-l,A_unfinetuned,bo_exploitation,3.0,0.58,recall,0.5996
rtdetr-l,A_unfinetuned,grid_search,4.0,0.5,recall,0.6271
rtdetr-l,B_finetuned_unsupervised,baseline,0.0,0.0,recall,0.0
rtdetr-l,B_finetuned_unsupervised,bo_exploration,4.0,0.62,recall,0.6915
rtdetr-l,B_finetuned_unsupervised,bo_exploitation,1.0,0.2,recall,0.0013
rtdetr-l,B_finetuned_unsupervised,grid_search,4.0,0.5,recall,0.6915
rtdetr-l,C_finetuned_supervised,bo_exploration,4.0,-0.12,recall,0.7019
rtdetr-l,C_finetuned_supervised,bo_exploitation,3.0,-0.11,recall,0.6231
rtdetr-l,C_finetuned_supervised,grid_search,4.0,0.0,recall,0.7019
yolo11n,A_unfinetuned,baseline,0.0,0.0,recall,0.0001
yolo11n,A_unfinetuned,bo_exploration,4.0,0.1,recall,0.7124
yolo11n,A_unfinetuned,bo_exploitation,3.0,0.31,recall,0.6643
yolo11n,A_unfinetuned,grid_search,4.0,0.5,recall,0.6908
yolo11n,B_finetuned_unsupervised,baseline,0.0,0.0,recall,0.0
yolo11n,B_finetuned_unsupervised,bo_exploration,4.0,0.62,recall,0.7088
yolo11n,B_finetuned_unsupervised,bo_exploitation,3.0,0.08,recall,0.6613
yolo11n,B_finetuned_unsupervised,grid_search,4.0,0.5,recall,0.7088
yolo11n,C_finetuned_supervised,bo_exploration,4.0,0.0,recall,0.7301
yolo11n,C_finetuned_supervised,bo_exploitation,4.0,-0.12,recall,0.7301
yolo11n,C_finetuned_supervised,grid_search,4.0,0.0,recall,0.7301
yolo11m,A_unfinetuned,baseline,0.0,0.0,recall,0.0
yolo11m,A_unfinetuned,bo_exploration,4.0,0.62,recall,0.6625
yolo11m,A_unfinetuned,bo_exploitation,3.0,0.52,recall,0.6525
yolo11m,A_unfinetuned,grid_search,4.0,0.5,recall,0.6625
yolo11m,B_finetuned_unsupervised,baseline,0.0,0.0,recall,0.0
yolo11m,B_finetuned_unsupervised,bo_exploration,3.0,-0.05,recall,0.6531
yolo11m,B_finetuned_unsupervised,bo_exploitation,3.0,0.54,recall,0.6533
yolo11m,B_finetuned_unsupervised,grid_search,4.0,0.5,recall,0.6739
yolo11m,C_finetuned_supervised,bo_exploration,3.0,-0.03,recall,0.6531
yolo11m,C_finetuned_supervised,bo_exploitation,3.0,0.16,recall,0.6577
yolo11m,C_finetuned_supervised,grid_search,4.0,0.0,recall,0.6912
rtdetr-l,A_unfinetuned,baseline,0.0,0.0,recall,0.0002
rtdetr-l,A_unfinetuned,bo_exploration,3.0,-0.12,recall,0.5859
rtdetr-l,A_unfinetuned,bo_exploitation,2.0,0.43,recall,0.4248
rtdetr-l,A_unfinetuned,grid_search,4.0,0.5,recall,0.6384
rtdetr-l,B_finetuned_unsupervised,baseline,0.0,0.0,recall,0.0005
rtdetr-l,B_finetuned_unsupervised,bo_exploration,4.0,0.4,recall,0.6216
rtdetr-l,B_finetuned_unsupervised,bo_exploitation,3.0,0.52,recall,0.5877
rtdetr-l,B_finetuned_unsupervised,grid_search,4.0,0.5,recall,0.6216
rtdetr-l,C_finetuned_supervised,bo_exploration,4.0,0.08,recall,0.6206
rtdetr-l,C_finetuned_supervised,bo_exploitation,2.0,0.47,recall,0.4029
rtdetr-l,C_finetuned_supervised,grid_search,4.0,0.0,recall,0.6206
rtdetr-l,A_unfinetuned,baseline,0.0,0.0,recall,0.0001
rtdetr-l,B_finetuned_unsupervised,baseline,0.0,0.0,recall,0.0005
rtdetr-l,B_finetuned_unsupervised,bo_exploration,2.0,0.61,recall,0.4373
rtdetr-l,B_finetuned_unsupervised,bo_exploitation,4.0,0.3,recall,0.6372
rtdetr-l,B_finetuned_unsupervised,grid_search,4.0,0.5,recall,0.6545
rtdetr-l,C_finetuned_supervised,bo_exploration,3.0,0.56,recall,0.6264
rtdetr-l,C_finetuned_supervised,bo_exploitation,3.0,0.52,recall,0.6264
rtdetr-l,C_finetuned_supervised,grid_search,4.0,0.0,recall,0.6476
rtdetr-l,A_unfinetuned,baseline,0.0,0.0,recall,0.0003
rtdetr-l,A_unfinetuned,bo_exploration,2.0,0.59,recall,0.4215
rtdetr-l,A_unfinetuned,bo_exploitation,4.0,0.03,recall,0.619
rtdetr-l,A_unfinetuned,grid_search,4.0,0.5,recall,0.6318
rtdetr-l,B_finetuned_unsupervised,baseline,0.0,0.0,recall,0.0001
rtdetr-l,B_finetuned_unsupervised,bo_exploration,4.0,0.62,recall,0.6828
rtdetr-l,B_finetuned_unsupervised,bo_exploitation,4.0,-0.0,recall,0.6768
rtdetr-l,B_finetuned_unsupervised,grid_search,4.0,0.5,recall,0.6828
rtdetr-l,C_finetuned_supervised,bo_exploration,3.0,0.35,recall,0.634
rtdetr-l,C_finetuned_supervised,bo_exploitation,3.0,0.44,recall,0.6423
rtdetr-l,C_finetuned_supervised,grid_search,4.0,0.0,recall,0.6768
yolo11n,A_unfinetuned,baseline,0.0,0.0,recall,0.0002
yolo11n,A_unfinetuned,bo_exploration,4.0,0.62,recall,0.683
yolo11n,A_unfinetuned,bo_exploitation,4.0,0.62,recall,0.683
yolo11n,A_unfinetuned,grid_search,4.0,0.5,recall,0.683
yolo11n,B_finetuned_unsupervised,baseline,0.0,0.0,recall,0.0
yolo11n,B_finetuned_unsupervised,bo_exploration,3.0,0.47,recall,0.6683
yolo11n,B_finetuned_unsupervised,bo_exploitation,3.0,0.43,recall,0.6683
yolo11n,B_finetuned_unsupervised,grid_search,4.0,0.5,recall,0.7219
yolo11n,C_finetuned_supervised,bo_exploration,4.0,0.62,recall,0.7219
yolo11n,C_finetuned_supervised,bo_exploitation,2.0,0.38,recall,0.4498
yolo11n,C_finetuned_supervised,grid_search,4.0,0.0,recall,0.7425
yolo11m,A_unfinetuned,baseline,0.0,0.0,recall,0.0
yolo11m,A_unfinetuned,bo_exploration,3.0,0.38,recall,0.6516
yolo11m,A_unfinetuned,bo_exploitation,3.0,0.62,recall,0.6516
yolo11m,A_unfinetuned,grid_search,4.0,0.5,recall,0.6706
yolo11m,B_finetuned_unsupervised,baseline,0.0,0.0,recall,0.0
yolo11m,B_finetuned_unsupervised,bo_exploration,4.0,0.47,recall,0.6749
yolo11m,B_finetuned_unsupervised,bo_exploitation,3.0,-0.11,recall,0.654
yolo11m,B_finetuned_unsupervised,grid_search,4.0,0.5,recall,0.6749
yolo11m,C_finetuned_supervised,bo_exploration,3.0,-0.12,recall,0.654
yolo11m,C_finetuned_supervised,bo_exploitation,4.0,-0.11,recall,0.6918
yolo11m,C_finetuned_supervised,grid_search,4.0,0.0,recall,0.6918
yolo11n,A_unfinetuned,baseline,0.0,0.0,recall,0.0
yolo11n,A_unfinetuned,bo_exploration,4.0,0.42,recall,0.702
yolo11n,A_unfinetuned,bo_exploitation,4.0,0.23,recall,0.6892
yolo11n,A_unfinetuned,grid_search,4.0,0.5,recall,0.702
yolo11n,B_finetuned_unsupervised,baseline,0.0,0.0,recall,0.0
yolo11n,B_finetuned_unsupervised,bo_exploration,1.0,0.28,recall,0.0048
yolo11n,B_finetuned_unsupervised,bo_exploitation,3.0,0.39,recall,0.6642
yolo11n,B_finetuned_unsupervised,grid_search,4.0,0.5,recall,0.7031
yolo11n,C_finetuned_supervised,bo_exploration,4.0,-0.12,recall,0.7273
yolo11n,C_finetuned_supervised,bo_exploitation,4.0,0.24,recall,0.7163
yolo11n,C_finetuned_supervised,grid_search,4.0,0.0,recall,0.7273
yolo11m,A_unfinetuned,baseline,0.0,0.0,recall,0.0
yolo11m,A_unfinetuned,bo_exploration,3.0,0.62,recall,0.6147
yolo11m,A_unfinetuned,bo_exploitation,1.0,0.19,recall,0.0067
yolo11m,A_unfinetuned,grid_search,4.0,0.5,recall,0.6635
yolo11m,B_finetuned_unsupervised,baseline,0.0,0.0,recall,0.0
yolo11m,B_finetuned_unsupervised,bo_exploration,4.0,0.62,recall,0.6746
yolo11m,B_finetuned_unsupervised,bo_exploitation,3.0,-0.09,recall,0.6541
yolo11m,B_finetuned_unsupervised,grid_search,4.0,0.5,recall,0.6746
yolo11m,C_finetuned_supervised,bo_exploration,3.0,-0.01,recall,0.6541
yolo11m,C_finetuned_supervised,bo_exploitation,4.0,-0.12,recall,0.6918
yolo11m,C_finetuned_supervised,grid_search,4.0,0.0,recall,0.6918
yolo11n,A_unfinetuned,baseline,0.0,0.0,recall,0.0
yolo11n,A_unfinetuned,bo_exploration,4.0,0.62,recall,0.6984
yolo11n,A_unfinetuned,bo_exploitation,3.0,0.35,recall,0.6676
yolo11n,A_unfinetuned,grid_search,4.0,0.5,recall,0.6984
yolo11n,B_finetuned_unsupervised,baseline,0.0,0.0,recall,0.0
yolo11n,B_finetuned_unsupervised,bo_exploration,4.0,0.62,recall,0.6872
yolo11n,B_finetuned_unsupervised,bo_exploitation,3.0,0.28,recall,0.6619
yolo11n,B_finetuned_unsupervised,grid_search,4.0,0.5,recall,0.6872
yolo11n,C_finetuned_supervised,bo_exploration,3.0,0.22,recall,0.6619
yolo11n,C_finetuned_supervised,bo_exploitation,2.0,0.06,recall,0.4257
yolo11n,C_finetuned_supervised,grid_search,4.0,0.0,recall,0.7204
yolo11m,A_unfinetuned,baseline,0.0,0.0,recall,0.0
yolo11m,A_unfinetuned,bo_exploration,3.0,0.34,recall,0.673
yolo11m,A_unfinetuned,bo_exploitation,4.0,0.62,recall,0.6873
yolo11m,A_unfinetuned,grid_search,4.0,0.5,recall,0.6873
yolo11m,B_finetuned_unsupervised,baseline,0.0,0.0,recall,0.0
yolo11m,B_finetuned_unsupervised,bo_exploration,3.0,0.45,recall,0.6549
yolo11m,B_finetuned_unsupervised,bo_exploitation,3.0,-0.11,recall,0.6544
yolo11m,B_finetuned_unsupervised,grid_search,4.0,0.5,recall,0.6752
yolo11m,C_finetuned_supervised,bo_exploration,4.0,0.03,recall,0.6925
yolo11m,C_finetuned_supervised,bo_exploitation,4.0,0.22,recall,0.6803
yolo11m,C_finetuned_supervised,grid_search,4.0,0.0,recall,0.6925
rtdetr-l,A_unfinetuned,baseline,0.0,0.0,recall,0.0003
rtdetr-l,A_unfinetuned,bo_exploration,4.0,0.62,recall,0.6233
rtdetr-l,A_unfinetuned,bo_exploitation,4.0,0.59,recall,0.6233
rtdetr-l,A_unfinetuned,grid_search,4.0,0.5,recall,0.6233
rtdetr-l,B_finetuned_unsupervised,baseline,0.0,0.0,recall,0.0002
rtdetr-l,B_finetuned_unsupervised,bo_exploration,4.0,0.59,recall,0.6243
rtdetr-l,B_finetuned_unsupervised,bo_exploitation,3.0,-0.08,recall,0.5704
rtdetr-l,B_finetuned_unsupervised,grid_search,4.0,0.5,recall,0.6243
rtdetr-l,C_finetuned_supervised,bo_exploration,4.0,-0.12,recall,0.6253
rtdetr-l,C_finetuned_supervised,bo_exploitation,4.0,-0.06,recall,0.6253
rtdetr-l,C_finetuned_supervised,grid_search,4.0,0.0,recall,0.6253
yolo11n,A_unfinetuned,baseline,0.0,0.0,recall,0.0
yolo11n,A_unfinetuned,bo_exploration,3.0,-0.12,recall,0.6651
yolo11n,A_unfinetuned,bo_exploitation,4.0,0.54,recall,0.7158
yolo11n,A_unfinetuned,grid_search,4.0,0.5,recall,0.7158
yolo11n,B_finetuned_unsupervised,baseline,0.0,0.0,recall,0.0
yolo11n,B_finetuned_unsupervised,bo_exploration,3.0,0.24,recall,0.6579
yolo11n,B_finetuned_unsupervised,bo_exploitation,4.0,0.61,recall,0.7222
yolo11n,B_finetuned_unsupervised,grid_search,4.0,0.5,recall,0.7222
yolo11n,C_finetuned_supervised,bo_exploration,3.0,0.12,recall,0.6476
yolo11n,C_finetuned_supervised,bo_exploitation,3.0,-0.12,recall,0.6476
yolo11n,C_finetuned_supervised,grid_search,4.0,0.0,recall,0.7428
yolo11m,A_unfinetuned,baseline,0.0,0.0,recall,0.0001
yolo11m,A_unfinetuned,bo_exploration,4.0,0.62,recall,0.6675
yolo11m,A_unfinetuned,bo_exploitation,4.0,0.42,recall,0.6675
yolo11m,A_unfinetuned,grid_search,4.0,0.5,recall,0.6675
yolo11m,B_finetuned_unsupervised,baseline,0.0,0.0,recall,0.0
yolo11m,B_finetuned_unsupervised,bo_exploration,3.0,0.52,recall,0.6542
yolo11m,B_finetuned_unsupervised,bo_exploitation,3.0,0.45,recall,0.6542
yolo11m,B_finetuned_unsupervised,grid_search,4.0,0.5,recall,0.6746
yolo11m,C_finetuned_supervised,bo_exploration,3.0,-0.08,recall,0.6538
yolo11m,C_finetuned_supervised,bo_exploitation,2.0,-0.11,recall,0.4773
yolo11m,C_finetuned_supervised,grid_search,4.0,0.0,recall,0.6918
rtdetr-l,A_unfinetuned,baseline,0.0,0.0,recall,0.0002
rtdetr-l,A_unfinetuned,bo_exploration,3.0,0.62,recall,0.618
rtdetr-l,A_unfinetuned,bo_exploitation,2.0,0.4,recall,0.425
rtdetr-l,A_unfinetuned,grid_search,4.0,0.5,recall,0.6413
rtdetr-l,B_finetuned_unsupervised,baseline,0.0,0.0,recall,0.0001
rtdetr-l,B_finetuned_unsupervised,bo_exploration,4.0,0.59,recall,0.654
rtdetr-l,B_finetuned_unsupervised,bo_exploitation,3.0,0.55,recall,0.6202
rtdetr-l,B_finetuned_unsupervised,grid_search,4.0,0.5,recall,0.654
rtdetr-l,C_finetuned_supervised,bo_exploration,4.0,0.17,recall,0.6421
rtdetr-l,C_finetuned_supervised,bo_exploitation,4.0,0.42,recall,0.654
rtdetr-l,C_finetuned_supervised,grid_search,4.0,0.0,recall,0.6426
yolo11n,A_unfinetuned,baseline,0.0,0.0,recall,0.0
yolo11n,A_unfinetuned,bo_exploration,3.0,0.62,recall,0.6769
yolo11n,A_unfinetuned,bo_exploitation,4.0,0.47,recall,0.7002
yolo11n,A_unfinetuned,grid_search,4.0,0.5,recall,0.7002
yolo11n,B_finetuned_unsupervised,baseline,0.0,0.0,recall,0.0
yolo11n,B_finetuned_unsupervised,bo_exploration,2.0,0.39,recall,0.4505
yolo11n,B_finetuned_unsupervised,bo_exploitation,3.0,0.14,recall,0.6584
yolo11n,B_finetuned_unsupervised,grid_search,4.0,0.5,recall,0.7222
yolo11n,C_finetuned_supervised,bo_exploration,4.0,-0.03,recall,0.7429
yolo11n,C_finetuned_supervised,bo_exploitation,3.0,-0.12,recall,0.6482
yolo11n,C_finetuned_supervised,grid_search,4.0,0.0,recall,0.7429
yolo11m,A_unfinetuned,baseline,0.0,0.0,recall,0.0001
yolo11m,A_unfinetuned,bo_exploration,2.0,0.07,recall,0.5057
yolo11m,A_unfinetuned,bo_exploitation,3.0,0.54,recall,0.6581
yolo11m,A_unfinetuned,grid_search,4.0,0.5,recall,0.6822
yolo11m,B_finetuned_unsupervised,baseline,0.0,0.0,recall,0.0
yolo11m,B_finetuned_unsupervised,bo_exploration,2.0,0.39,recall,0.4874
yolo11m,B_finetuned_unsupervised,bo_exploitation,4.0,0.45,recall,0.6754
yolo11m,B_finetuned_unsupervised,grid_search,4.0,0.5,recall,0.6754
yolo11m,C_finetuned_supervised,bo_exploration,4.0,-0.12,recall,0.6926
yolo11m,C_finetuned_supervised,bo_exploitation,3.0,0.11,recall,0.6544
yolo11m,C_finetuned_supervised,grid_search,4.0,0.0,recall,0.6926
rtdetr-l,A_unfinetuned,baseline,0.0,0.0,recall,0.0004
rtdetr-l,A_unfinetuned,bo_exploration,3.0,-0.12,recall,0.6009
rtdetr-l,A_unfinetuned,bo_exploitation,4.0,0.62,recall,0.6496
rtdetr-l,A_unfinetuned,grid_search,4.0,0.5,recall,0.6496
rtdetr-l,B_finetuned_unsupervised,baseline,0.0,0.0,recall,0.0063
rtdetr-l,B_finetuned_unsupervised,bo_exploration,4.0,0.62,recall,0.541
rtdetr-l,B_finetuned_unsupervised,bo_exploitation,2.0,0.41,recall,0.3164
rtdetr-l,B_finetuned_unsupervised,grid_search,4.0,0.5,recall,0.541
rtdetr-l,C_finetuned_supervised,bo_exploration,3.0,0.1,recall,0.4882
rtdetr-l,C_finetuned_supervised,bo_exploitation,4.0,-0.06,recall,0.5449
rtdetr-l,C_finetuned_supervised,grid_search,4.0,0.0,recall,0.5449
yolo11n,A_unfinetuned,baseline,0.0,0.0,recall,0.0001
yolo11n,A_unfinetuned,bo_exploration,3.0,0.62,recall,0.6211
yolo11n,A_unfinetuned,bo_exploitation,3.0,-0.12,recall,0.6309
yolo11n,A_unfinetuned,grid_search,4.0,0.5,recall,0.6602
yolo11n,B_finetuned_unsupervised,baseline,0.0,0.0,recall,0.0
yolo11n,B_finetuned_unsupervised,bo_exploration,3.0,0.16,recall,0.6583
yolo11n,B_finetuned_unsupervised,bo_exploitation,3.0,0.56,recall,0.6688
yolo11n,B_finetuned_unsupervised,grid_search,4.0,0.5,recall,0.722
yolo11n,C_finetuned_supervised,bo_exploration,3.0,-0.12,recall,0.6481
yolo11n,C_finetuned_supervised,bo_exploitation,3.0,-0.12,recall,0.6481
yolo11n,C_finetuned_supervised,grid_search,4.0,0.0,recall,0.7426
yolo11m,A_unfinetuned,baseline,0.0,0.0,recall,0.0001
yolo11m,A_unfinetuned,bo_exploration,3.0,0.62,recall,0.588
yolo11m,A_unfinetuned,bo_exploitation,4.0,0.48,recall,0.6128
yolo11m,A_unfinetuned,grid_search,4.0,0.5,recall,0.6128
yolo11m,B_finetuned_unsupervised,baseline,0.0,0.0,recall,0.0
yolo11m,B_finetuned_unsupervised,bo_exploration,4.0,0.24,recall,0.6796
yolo11m,B_finetuned_unsupervised,bo_exploitation,4.0,0.38,recall,0.6748
yolo11m,B_finetuned_unsupervised,grid_search,4.0,0.5,recall,0.6748
yolo11m,C_finetuned_supervised,bo_exploration,3.0,-0.12,recall,0.6545
yolo11m,C_finetuned_supervised,bo_exploitation,4.0,0.01,recall,0.6921
yolo11m,C_finetuned_supervised,grid_search,4.0,0.0,recall,0.6921
rtdetr-l,A_unfinetuned,baseline,0.0,0.0,recall,0.0003
rtdetr-l,A_unfinetuned,bo_exploration,4.0,0.55,recall,0.6312
rtdetr-l,A_unfinetuned,bo_exploitation,1.0,-0.07,recall,0.0032
rtdetr-l,A_unfinetuned,grid_search,4.0,0.5,recall,0.6312
rtdetr-l,B_finetuned_unsupervised,baseline,0.0,0.0,recall,0.0006
rtdetr-l,B_finetuned_unsupervised,bo_exploration,2.0,0.62,recall,0.4111
rtdetr-l,B_finetuned_unsupervised,bo_exploitation,4.0,0.47,recall,0.6172
rtdetr-l,B_finetuned_unsupervised,grid_search,4.0,0.5,recall,0.6172
rtdetr-l,C_finetuned_supervised,bo_exploration,3.0,-0.12,recall,0.576
rtdetr-l,C_finetuned_supervised,bo_exploitation,3.0,0.04,recall,0.576
rtdetr-l,C_finetuned_supervised,grid_search,4.0,0.0,recall,0.6106
rtdetr-l,A_unfinetuned,baseline,0.0,0.0,recall,0.0001
rtdetr-l,A_unfinetuned,bo_exploration,2.0,0.62,recall,0.4001
rtdetr-l,A_unfinetuned,bo_exploitation,3.0,0.38,recall,0.5941
rtdetr-l,A_unfinetuned,grid_search,4.0,0.5,recall,0.6319
rtdetr-l,B_finetuned_unsupervised,baseline,0.0,0.0,recall,0.0001
rtdetr-l,B_finetuned_unsupervised,bo_exploration,4.0,0.25,recall,0.6893
rtdetr-l,B_finetuned_unsupervised,bo_exploitation,4.0,0.55,recall,0.7039
rtdetr-l,B_finetuned_unsupervised,grid_search,4.0,0.5,recall,0.7039
rtdetr-l,A_unfinetuned,baseline,0.0,0.0,recall,0.0002
rtdetr-l,A_unfinetuned,bo_exploration,2.0,0.41,recall,0.4041
rtdetr-l,A_unfinetuned,bo_exploitation,1.0,0.62,recall,0.0018
rtdetr-l,A_unfinetuned,grid_search,4.0,0.5,recall,0.6337
rtdetr-l,B_finetuned_unsupervised,baseline,0.0,0.0,recall,0.0005
rtdetr-l,B_finetuned_unsupervised,bo_exploration,4.0,0.62,recall,0.6309
rtdetr-l,B_finetuned_unsupervised,bo_exploitation,3.0,0.53,recall,0.5995
rtdetr-l,B_finetuned_unsupervised,grid_search,4.0,0.5,recall,0.6309
rtdetr-l,C_finetuned_supervised,bo_exploration,3.0,0.2,recall,0.5811
rtdetr-l,C_finetuned_supervised,bo_exploitation,4.0,0.1,recall,0.6349
rtdetr-l,C_finetuned_supervised,grid_search,4.0,0.25,recall,0.6149
yolo11n,A_unfinetuned,baseline,0.0,0.0,recall,0.0
yolo11n,A_unfinetuned,bo_exploration,4.0,0.6,recall,0.7093
yolo11n,A_unfinetuned,bo_exploitation,4.0,0.5,recall,0.7093
yolo11n,A_unfinetuned,grid_search,4.0,0.5,recall,0.7093
yolo11n,B_finetuned_unsupervised,baseline,0.0,0.0,recall,0.0
yolo11n,B_finetuned_unsupervised,bo_exploration,4.0,0.62,recall,0.681
yolo11n,B_finetuned_unsupervised,bo_exploitation,4.0,0.46,recall,0.681
yolo11n,B_finetuned_unsupervised,grid_search,4.0,0.5,recall,0.681
yolo11n,C_finetuned_supervised,bo_exploration,4.0,-0.02,recall,0.7114
yolo11n,C_finetuned_supervised,bo_exploitation,4.0,0.09,recall,0.7114
yolo11n,C_finetuned_supervised,grid_search,4.0,0.0,recall,0.7114
yolo11m,A_unfinetuned,baseline,0.0,0.0,recall,0.0004
yolo11m,A_unfinetuned,bo_exploration,4.0,0.47,recall,0.6024
yolo11m,A_unfinetuned,bo_exploitation,4.0,0.62,recall,0.6024
yolo11m,A_unfinetuned,grid_search,4.0,0.5,recall,0.6024
yolo11m,B_finetuned_unsupervised,baseline,0.0,0.0,recall,0.0
yolo11m,B_finetuned_unsupervised,bo_exploration,2.0,0.62,recall,0.4818
yolo11m,B_finetuned_unsupervised,bo_exploitation,1.0,0.58,recall,0.0091
yolo11m,B_finetuned_unsupervised,grid_search,4.0,0.5,recall,0.6854
yolo11m,C_finetuned_supervised,bo_exploration,3.0,0.62,recall,0.6441
yolo11m,C_finetuned_supervised,bo_exploitation,4.0,-0.12,recall,0.666
yolo11m,C_finetuned_supervised,grid_search,4.0,0.0,recall,0.666
yolo11n,A_unfinetuned,baseline,0.0,0.0,recall,0.0
yolo11n,A_unfinetuned,bo_exploration,2.0,0.43,recall,0.4507
yolo11n,A_unfinetuned,bo_exploitation,1.0,0.49,recall,0.0033
yolo11n,A_unfinetuned,grid_search,4.0,0.5,recall,0.7244
yolo11n,B_finetuned_unsupervised,baseline,0.0,0.0,recall,0.0
yolo11n,B_finetuned_unsupervised,bo_exploration,4.0,0.62,recall,0.722
yolo11n,B_finetuned_unsupervised,bo_exploitation,2.0,0.37,recall,0.4443
yolo11n,B_finetuned_unsupervised,grid_search,4.0,0.5,recall,0.722
yolo11n,C_finetuned_supervised,bo_exploration,4.0,0.33,recall,0.7126
yolo11n,C_finetuned_supervised,bo_exploitation,3.0,-0.1,recall,0.648
yolo11n,C_finetuned_supervised,grid_search,4.0,0.0,recall,0.7429
yolo11m,A_unfinetuned,baseline,0.0,0.0,recall,0.0
yolo11m,A_unfinetuned,bo_exploration,3.0,-0.12,recall,0.6189
yolo11m,A_unfinetuned,bo_exploitation,3.0,0.38,recall,0.6132
yolo11m,A_unfinetuned,grid_search,4.0,0.5,recall,0.6746
yolo11m,B_finetuned_unsupervised,baseline,0.0,0.0,recall,0.0
yolo11m,B_finetuned_unsupervised,bo_exploration,3.0,0.23,recall,0.6587
yolo11m,B_finetuned_unsupervised,bo_exploitation,3.0,0.16,recall,0.6587
yolo11m,B_finetuned_unsupervised,grid_search,4.0,0.5,recall,0.6746
yolo11m,C_finetuned_supervised,bo_exploration,4.0,-0.12,recall,0.6918
yolo11m,C_finetuned_supervised,bo_exploitation,3.0,0.61,recall,0.6542
yolo11m,C_finetuned_supervised,grid_search,4.0,0.0,recall,0.6918
yolo11n,A_unfinetuned,baseline,0.0,0.0,recall,0.0
yolo11n,A_unfinetuned,bo_exploration,3.0,0.02,recall,0.6014
yolo11n,A_unfinetuned,bo_exploitation,1.0,0.21,recall,0.0058
yolo11n,A_unfinetuned,grid_search,4.0,0.5,recall,0.6506
yolo11n,B_finetuned_unsupervised,baseline,0.0,0.0,recall,0.0
yolo11n,B_finetuned_unsupervised,bo_exploration,4.0,0.62,recall,0.722
yolo11n,B_finetuned_unsupervised,bo_exploitation,4.0,0.38,recall,0.722
yolo11n,B_finetuned_unsupervised,grid_search,4.0,0.5,recall,0.722
yolo11n,C_finetuned_supervised,bo_exploration,4.0,0.44,recall,0.722
yolo11m,A_unfinetuned,baseline,0.0,0.0,recall,0.0
yolo11m,A_unfinetuned,bo_exploration,3.0,0.62,recall,0.6384
yolo11m,A_unfinetuned,bo_exploitation,2.0,0.62,recall,0.4866
yolo11m,A_unfinetuned,grid_search,4.0,0.5,recall,0.683
yolo11m,B_finetuned_unsupervised,baseline,0.0,0.0,recall,0.0
yolo11m,B_finetuned_unsupervised,bo_exploration,3.0,0.51,recall,0.6543
yolo11m,B_finetuned_unsupervised,bo_exploitation,4.0,0.62,recall,0.6748
yolo11m,B_finetuned_unsupervised,grid_search,4.0,0.5,recall,0.6748
yolo11m,C_finetuned_supervised,bo_exploration,3.0,-0.12,recall,0.654
yolo11m,C_finetuned_supervised,bo_exploitation,2.0,0.15,recall,0.4816
yolo11m,C_finetuned_supervised,grid_search,4.0,0.0,recall,0.692
rtdetr-l,A_unfinetuned,baseline,0.0,0.0,recall,0.0001
rtdetr-l,A_unfinetuned,bo_exploration,4.0,0.38,recall,0.6768
rtdetr-l,A_unfinetuned,bo_exploitation,3.0,0.54,recall,0.6467
rtdetr-l,A_unfinetuned,grid_search,4.0,0.5,recall,0.6768
rtdetr-l,B_finetuned_unsupervised,baseline,0.0,0.0,recall,0.0004
rtdetr-l,B_finetuned_unsupervised,bo_exploration,3.0,0.08,recall,0.6048
rtdetr-l,B_finetuned_unsupervised,bo_exploitation,3.0,0.22,recall,0.6042
rtdetr-l,B_finetuned_unsupervised,grid_search,4.0,0.5,recall,0.6346
rtdetr-l,C_finetuned_supervised,bo_exploration,2.0,0.52,recall,0.4194
rtdetr-l,C_finetuned_supervised,bo_exploitation,3.0,-0.09,recall,0.6048
rtdetr-l,C_finetuned_supervised,grid_search,4.0,0.0,recall,0.6331
yolo11n,A_unfinetuned,baseline,0.0,0.0,recall,0.0
yolo11n,A_unfinetuned,bo_exploration,3.0,0.61,recall,0.6494
yolo11n,A_unfinetuned,bo_exploitation,1.0,0.5,recall,0.0033
yolo11n,A_unfinetuned,grid_search,4.0,0.5,recall,0.6984
yolo11n,B_finetuned_unsupervised,baseline,0.0,0.0,recall,0.0
yolo11n,B_finetuned_unsupervised,bo_exploration,3.0,-0.1,recall,0.648
yolo11n,B_finetuned_unsupervised,bo_exploitation,3.0,0.49,recall,0.6685
yolo11n,B_finetuned_unsupervised,grid_search,4.0,0.5,recall,0.722
yolo11m,A_unfinetuned,baseline,0.0,0.0,recall,0.0
yolo11m,A_unfinetuned,bo_exploration,3.0,0.62,recall,0.6287
yolo11m,A_unfinetuned,bo_exploitation,4.0,0.43,recall,0.6519
yolo11m,A_unfinetuned,grid_search,4.0,0.5,recall,0.6519
yolo11m,B_finetuned_unsupervised,baseline,0.0,0.0,recall,0.0
yolo11m,B_finetuned_unsupervised,bo_exploration,1.0,0.62,recall,0.0076
yolo11m,B_finetuned_unsupervised,bo_exploitation,4.0,0.62,recall,0.6746
yolo11m,B_finetuned_unsupervised,grid_search,4.0,0.5,recall,0.6746
yolo11m,C_finetuned_supervised,bo_exploration,3.0,0.14,recall,0.6587
yolo11m,C_finetuned_supervised,bo_exploitation,4.0,-0.08,recall,0.6918
yolo11m,C_finetuned_supervised,grid_search,4.0,0.0,recall,0.6918
rtdetr-l,A_unfinetuned,baseline,0.0,0.0,recall,0.0002
rtdetr-l,A_unfinetuned,bo_exploration,3.0,0.62,recall,0.6012
rtdetr-l,A_unfinetuned,bo_exploitation,4.0,0.62,recall,0.6473
rtdetr-l,A_unfinetuned,grid_search,4.0,0.5,recall,0.6473
rtdetr-l,B_finetuned_unsupervised,baseline,0.0,0.0,recall,0.0004
rtdetr-l,B_finetuned_unsupervised,bo_exploration,1.0,0.62,recall,0.0036
rtdetr-l,B_finetuned_unsupervised,bo_exploitation,3.0,0.08,recall,0.5462
rtdetr-l,B_finetuned_unsupervised,grid_search,4.0,0.5,recall,0.6085
rtdetr-l,C_finetuned_supervised,bo_exploration,2.0,-0.12,recall,0.4031
rtdetr-l,C_finetuned_supervised,bo_exploitation,4.0,-0.12,recall,0.603
rtdetr-l,C_finetuned_supervised,grid_search,4.0,0.0,recall,0.603
yolo11n,A_unfinetuned,baseline,0.0,0.0,recall,0.0
yolo11n,A_unfinetuned,bo_exploration,2.0,0.34,recall,0.4609
yolo11n,A_unfinetuned,bo_exploitation,2.0,0.59,recall,0.4687
yolo11n,A_unfinetuned,grid_search,4.0,0.5,recall,0.7075
yolo11n,B_finetuned_unsupervised,baseline,0.0,0.0,recall,0.0
yolo11n,B_finetuned_unsupervised,bo_exploration,3.0,0.62,recall,0.6687
yolo11n,B_finetuned_unsupervised,bo_exploitation,3.0,0.62,recall,0.6687
yolo11n,B_finetuned_unsupervised,grid_search,4.0,0.5,recall,0.722
yolo11n,C_finetuned_supervised,bo_exploration,3.0,0.38,recall,0.6687
yolo11n,C_finetuned_supervised,bo_exploitation,4.0,0.6,recall,0.722
yolo11n,C_finetuned_supervised,grid_search,4.0,0.0,recall,0.7426
yolo11m,A_unfinetuned,baseline,0.0,0.0,recall,0.0001
yolo11m,A_unfinetuned,bo_exploration,4.0,0.62,recall,0.6579
yolo11m,A_unfinetuned,bo_exploitation,2.0,0.01,recall,0.5004
yolo11m,A_unfinetuned,grid_search,4.0,0.5,recall,0.6579
yolo11m,B_finetuned_unsupervised,baseline,0.0,0.0,recall,0.0
yolo11m,B_finetuned_unsupervised,bo_exploration,4.0,0.62,recall,0.6747
yolo11m,B_finetuned_unsupervised,bo_exploitation,4.0,0.62,recall,0.6747
yolo11m,B_finetuned_unsupervised,grid_search,4.0,0.5,recall,0.6747
yolo11m,C_finetuned_supervised,bo_exploration,4.0,-0.12,recall,0.6919
yolo11m,C_finetuned_supervised,bo_exploitation,4.0,-0.12,recall,0.6919
yolo11m,C_finetuned_supervised,grid_search,4.0,0.0,recall,0.6919
rtdetr-l,A_unfinetuned,baseline,0.0,0.0,recall,0.0003
rtdetr-l,A_unfinetuned,bo_exploration,3.0,0.62,recall,0.5961
rtdetr-l,A_unfinetuned,bo_exploitation,4.0,0.62,recall,0.6548
rtdetr-l,A_unfinetuned,grid_search,4.0,0.5,recall,0.6548
rtdetr-l,B_finetuned_unsupervised,baseline,0.0,0.0,recall,0.0006
rtdetr-l,B_finetuned_unsupervised,bo_exploration,4.0,0.46,recall,0.6229
rtdetr-l,B_finetuned_unsupervised,bo_exploitation,2.0,0.16,recall,0.4038
rtdetr-l,B_finetuned_unsupervised,grid_search,4.0,0.5,recall,0.6229
rtdetr-l,C_finetuned_supervised,bo_exploration,4.0,0.27,recall,0.6115
rtdetr-l,C_finetuned_supervised,bo_exploitation,4.0,0.01,recall,0.624
rtdetr-l,C_finetuned_supervised,grid_search,4.0,0.25,recall,0.6115
yolo11n,A_unfinetuned,baseline,0.0,0.0,recall,0.0001
yolo11n,A_unfinetuned,bo_exploration,3.0,0.62,recall,0.66
yolo11n,A_unfinetuned,bo_exploitation,2.0,0.05,recall,0.4807
yolo11n,A_unfinetuned,grid_search,4.0,0.5,recall,0.6758
yolo11n,B_finetuned_unsupervised,baseline,0.0,0.0,recall,0.0
yolo11n,B_finetuned_unsupervised,bo_exploration,4.0,0.62,recall,0.7222
yolo11n,B_finetuned_unsupervised,bo_exploitation,3.0,0.62,recall,0.6685
yolo11n,B_finetuned_unsupervised,grid_search,4.0,0.5,recall,0.7222
yolo11n,C_finetuned_supervised,bo_exploration,4.0,-0.12,recall,0.7428
yolo11n,C_finetuned_supervised,bo_exploitation,2.0,-0.12,recall,0.4342
yolo11n,C_finetuned_supervised,grid_search,4.0,0.0,recall,0.7428
yolo11m,A_unfinetuned,baseline,0.0,0.0,recall,0.0003
yolo11m,A_unfinetuned,bo_exploration,4.0,0.42,recall,0.6022
yolo11m,A_unfinetuned,bo_exploitation,4.0,0.62,recall,0.6022
yolo11m,A_unfinetuned,grid_search,4.0,0.5,recall,0.6022
yolo11m,B_finetuned_unsupervised,baseline,0.0,0.0,recall,0.0
yolo11m,B_finetuned_unsupervised,bo_exploration,3.0,0.5,recall,0.6542
yolo11m,B_finetuned_unsupervised,bo_exploitation,2.0,0.49,recall,0.4865
yolo11m,B_finetuned_unsupervised,grid_search,4.0,0.5,recall,0.6746
yolo11m,C_finetuned_supervised,bo_exploration,3.0,-0.08,recall,0.6538
yolo11m,C_finetuned_supervised,bo_exploitation,4.0,-0.09,recall,0.6918
yolo11m,C_finetuned_supervised,grid_search,4.0,0.0,recall,0.6918
rtdetr-l,A_unfinetuned,baseline,0.0,0.0,recall,0.0
rtdetr-l,A_unfinetuned,bo_exploration,3.0,0.6,recall,0.6299
rtdetr-l,A_unfinetuned,bo_exploitation,2.0,-0.03,recall,0.3791
rtdetr-l,A_unfinetuned,grid_search,4.0,0.5,recall,0.676
rtdetr-l,B_finetuned_unsupervised,baseline,0.0,0.0,recall,0.0
rtdetr-l,B_finetuned_unsupervised,bo_exploration,3.0,0.07,recall,0.5722
rtdetr-l,B_finetuned_unsupervised,bo_exploitation,3.0,0.02,recall,0.5722
rtdetr-l,B_finetuned_unsupervised,grid_search,4.0,0.5,recall,0.6524
rtdetr-l,A_unfinetuned,baseline,0.0,0.0,recall,0.0001
rtdetr-l,B_finetuned_unsupervised,baseline,0.0,0.0,recall,0.0
rtdetr-l,B_finetuned_unsupervised,bo_exploration,4.0,0.62,recall,0.7057
rtdetr-l,B_finetuned_unsupervised,bo_exploitation,2.0,-0.08,recall,0.3823
rtdetr-l,B_finetuned_unsupervised,grid_search,4.0,0.5,recall,0.7057
rtdetr-l,C_finetuned_supervised,bo_exploration,1.0,0.09,recall,0.001
rtdetr-l,C_finetuned_supervised,bo_exploitation,4.0,0.58,recall,0.7057
rtdetr-l,C_finetuned_supervised,grid_search,4.0,0.5,recall,0.7057
rtdetr-l,A_unfinetuned,baseline,0.0,0.0,recall,0.0003
rtdetr-l,A_unfinetuned,bo_exploration,3.0,0.62,recall,0.6249
rtdetr-l,A_unfinetuned,bo_exploitation,4.0,0.42,recall,0.6634
rtdetr-l,A_unfinetuned,grid_search,4.0,0.5,recall,0.6634
rtdetr-l,B_finetuned_unsupervised,baseline,0.0,0.0,recall,0.0
rtdetr-l,B_finetuned_unsupervised,bo_exploration,3.0,0.62,recall,0.6153
rtdetr-l,B_finetuned_unsupervised,bo_exploitation,3.0,-0.12,recall,0.5934
rtdetr-l,B_finetuned_unsupervised,grid_search,4.0,0.5,recall,0.6491
rtdetr-l,C_finetuned_supervised,bo_exploration,3.0,0.1,recall,0.5934
rtdetr-l,C_finetuned_supervised,bo_exploitation,3.0,0.06,recall,0.5934
rtdetr-l,C_finetuned_supervised,grid_search,4.0,0.0,recall,0.6425
yolo11n,A_unfinetuned,baseline,0.0,0.0,recall,0.0
yolo11n,B_finetuned_unsupervised,baseline,0.0,0.0,recall,0.0
yolo11n,B_finetuned_unsupervised,bo_exploration,3.0,0.47,recall,0.6343
yolo11n,B_finetuned_unsupervised,bo_exploitation,4.0,0.62,recall,0.6809
yolo11n,B_finetuned_unsupervised,grid_search,4.0,0.5,recall,0.6809
yolo11n,C_finetuned_supervised,bo_exploration,3.0,0.19,recall,0.6544
yolo11n,C_finetuned_supervised,bo_exploitation,3.0,0.13,recall,0.6544
yolo11n,C_finetuned_supervised,grid_search,4.0,0.0,recall,0.7112
yolo11m,A_unfinetuned,baseline,0.0,0.0,recall,0.0
yolo11m,A_unfinetuned,bo_exploration,4.0,0.42,recall,0.664
yolo11m,A_unfinetuned,bo_exploitation,3.0,0.29,recall,0.6476
yolo11m,A_unfinetuned,grid_search,4.0,0.5,recall,0.664
yolo11m,B_finetuned_unsupervised,baseline,0.0,0.0,recall,0.0
yolo11m,B_finetuned_unsupervised,bo_exploration,4.0,0.4,recall,0.6751
yolo11m,B_finetuned_unsupervised,bo_exploitation,3.0,0.44,recall,0.6546
yolo11m,B_finetuned_unsupervised,grid_search,4.0,0.5,recall,0.6751
yolo11m,C_finetuned_supervised,bo_exploration,2.0,0.55,recall,0.487
yolo11m,C_finetuned_supervised,bo_exploitation,3.0,0.05,recall,0.6543
yolo11m,C_finetuned_supervised,grid_search,4.0,0.0,recall,0.6922
yolo11n,A_unfinetuned,baseline,0.0,0.0,recall,0.0001
yolo11n,A_unfinetuned,bo_exploration,3.0,0.52,recall,0.6699
yolo11n,A_unfinetuned,bo_exploitation,2.0,0.62,recall,0.4914
yolo11n,A_unfinetuned,grid_search,4.0,0.5,recall,0.6988
yolo11n,B_finetuned_unsupervised,baseline,0.0,0.0,recall,0.0
yolo11n,B_finetuned_unsupervised,bo_exploration,3.0,0.62,recall,0.6692
yolo11n,B_finetuned_unsupervised,bo_exploitation,2.0,0.62,recall,0.451
yolo11n,B_finetuned_unsupervised,grid_search,4.0,0.5,recall,0.7228
yolo11n,C_finetuned_supervised,bo_exploration,3.0,-0.01,recall,0.6485
yolo11n,C_finetuned_supervised,bo_exploitation,3.0,0.29,recall,0.6587
yolo11n,C_finetuned_supervised,grid_search,4.0,0.0,recall,0.7432
yolo11m,A_unfinetuned,baseline,0.0,0.0,recall,0.0001
yolo11m,A_unfinetuned,bo_exploration,2.0,0.61,recall,0.4454
yolo11m,A_unfinetuned,bo_exploitation,3.0,0.3,recall,0.5941
yolo11m,A_unfinetuned,grid_search,4.0,0.5,recall,0.6178
yolo11m,B_finetuned_unsupervised,baseline,0.0,0.0,recall,0.0
yolo11m,B_finetuned_unsupervised,bo_exploration,2.0,0.38,recall,0.4882
yolo11m,B_finetuned_unsupervised,bo_exploitation,2.0,-0.11,recall,0.4789
yolo11m,B_finetuned_unsupervised,grid_search,4.0,0.5,recall,0.6756
yolo11m,C_finetuned_supervised,bo_exploration,3.0,-0.11,recall,0.6551
yolo11m,C_finetuned_supervised,bo_exploitation,3.0,-0.1,recall,0.6551
yolo11m,C_finetuned_supervised,grid_search,4.0,0.0,recall,0.6929
yolo11n,A_unfinetuned,baseline,0.0,0.0,recall,0.0002
yolo11n,A_unfinetuned,bo_exploration,3.0,0.52,recall,0.6389
yolo11n,A_unfinetuned,bo_exploitation,2.0,0.45,recall,0.4564
yolo11n,A_unfinetuned,grid_search,4.0,0.5,recall,0.6888
yolo11n,B_finetuned_unsupervised,baseline,0.0,0.0,recall,0.0
yolo11n,B_finetuned_unsupervised,bo_exploration,4.0,0.62,recall,0.7219
yolo11n,B_finetuned_unsupervised,bo_exploitation,4.0,0.31,recall,0.7127
yolo11n,B_finetuned_unsupervised,grid_search,4.0,0.5,recall,0.7219
yolo11n,C_finetuned_supervised,bo_exploration,3.0,-0.12,recall,0.6473
yolo11n,C_finetuned_supervised,bo_exploitation,4.0,0.56,recall,0.7219
yolo11n,C_finetuned_supervised,grid_search,4.0,0.0,recall,0.7426
yolo11m,A_unfinetuned,baseline,0.0,0.0,recall,0.0
yolo11m,A_unfinetuned,bo_exploration,2.0,0.61,recall,0.4647
yolo11m,A_unfinetuned,bo_exploitation,4.0,0.36,recall,0.6657
yolo11m,A_unfinetuned,grid_search,4.0,0.5,recall,0.6592
yolo11m,B_finetuned_unsupervised,baseline,0.0,0.0,recall,0.0
yolo11m,B_finetuned_unsupervised,bo_exploration,4.0,0.62,recall,0.6751
yolo11m,B_finetuned_unsupervised,bo_exploitation,1.0,0.27,recall,0.0073
yolo11m,B_finetuned_unsupervised,grid_search,4.0,0.5,recall,0.6751
yolo11m,C_finetuned_supervised,bo_exploration,4.0,-0.12,recall,0.6922
yolo11m,C_finetuned_supervised,bo_exploitation,3.0,0.11,recall,0.654
yolo11m,C_finetuned_supervised,grid_search,4.0,0.0,recall,0.6922
rtdetr-l,A_unfinetuned,baseline,0.0,0.0,recall,0.0004
rtdetr-l,A_unfinetuned,bo_exploration,2.0,0.5,recall,0.3949
rtdetr-l,A_unfinetuned,bo_exploitation,2.0,0.07,recall,0.3786
rtdetr-l,A_unfinetuned,grid_search,4.0,0.5,recall,0.6141
rtdetr-l,B_finetuned_unsupervised,baseline,0.0,0.0,recall,0.0
rtdetr-l,B_finetuned_unsupervised,bo_exploration,3.0,0.62,recall,0.6882
rtdetr-l,B_finetuned_unsupervised,bo_exploitation,4.0,0.46,recall,0.7393
rtdetr-l,B_finetuned_unsupervised,grid_search,4.0,0.5,recall,0.7393
rtdetr-l,C_finetuned_supervised,bo_exploration,3.0,0.02,recall,0.6711
rtdetr-l,C_finetuned_supervised,bo_exploitation,2.0,0.19,recall,0.4555
rtdetr-l,C_finetuned_supervised,grid_search,4.0,0.0,recall,0.724
yolo11n,A_unfinetuned,baseline,0.0,0.0,recall,0.0001
yolo11n,A_unfinetuned,bo_exploration,2.0,0.18,recall,0.4546
yolo11n,A_unfinetuned,bo_exploitation,3.0,0.43,recall,0.6408
yolo11n,A_unfinetuned,grid_search,4.0,0.5,recall,0.6717
yolo11n,B_finetuned_unsupervised,baseline,0.0,0.0,recall,0.0
yolo11n,B_finetuned_unsupervised,bo_exploration,4.0,0.49,recall,0.7221
yolo11n,B_finetuned_unsupervised,bo_exploitation,1.0,0.18,recall,0.0052
yolo11n,B_finetuned_unsupervised,grid_search,4.0,0.5,recall,0.7221
yolo11n,C_finetuned_supervised,bo_exploration,3.0,0.18,recall,0.6583
yolo11n,C_finetuned_supervised,bo_exploitation,3.0,0.3,recall,0.6583
yolo11n,C_finetuned_supervised,grid_search,4.0,0.0,recall,0.7427
yolo11m,A_unfinetuned,baseline,0.0,0.0,recall,0.0001
yolo11m,A_unfinetuned,bo_exploration,4.0,0.45,recall,0.6391
yolo11m,A_unfinetuned,bo_exploitation,4.0,0.18,recall,0.6471
yolo11m,A_unfinetuned,grid_search,4.0,0.5,recall,0.6391
yolo11m,B_finetuned_unsupervised,baseline,0.0,0.0,recall,0.0
yolo11m,B_finetuned_unsupervised,bo_exploration,2.0,0.55,recall,0.4876
yolo11m,B_finetuned_unsupervised,bo_exploitation,4.0,0.45,recall,0.6749
yolo11m,B_finetuned_unsupervised,grid_search,4.0,0.5,recall,0.6749
yolo11m,C_finetuned_supervised,bo_exploration,3.0,0.57,recall,0.6546
yolo11m,C_finetuned_supervised,bo_exploitation,4.0,0.09,recall,0.6923
yolo11m,C_finetuned_supervised,grid_search,4.0,0.0,recall,0.6923
rtdetr-l,A_unfinetuned,baseline,0.0,0.0,recall,0.0001
rtdetr-l,A_unfinetuned,bo_exploration,3.0,-0.05,recall,0.5768
rtdetr-l,A_unfinetuned,bo_exploitation,3.0,0.47,recall,0.5837
rtdetr-l,A_unfinetuned,grid_search,4.0,0.5,recall,0.6185
rtdetr-l,B_finetuned_unsupervised,baseline,0.0,0.0,recall,0.0001
rtdetr-l,B_finetuned_unsupervised,bo_exploration,4.0,0.55,recall,0.6402
rtdetr-l,B_finetuned_unsupervised,bo_exploitation,4.0,0.09,recall,0.6471
rtdetr-l,B_finetuned_unsupervised,grid_search,4.0,0.5,recall,0.6402
rtdetr-l,C_finetuned_supervised,bo_exploration,3.0,-0.12,recall,0.5939
rtdetr-l,C_finetuned_supervised,bo_exploitation,3.0,-0.03,recall,0.5939
rtdetr-l,C_finetuned_supervised,grid_search,4.0,0.0,recall,0.6471
yolo11n,A_unfinetuned,baseline,0.0,0.0,recall,0.0
yolo11n,A_unfinetuned,bo_exploration,4.0,0.45,recall,0.7004
yolo11n,A_unfinetuned,bo_exploitation,3.0,0.03,recall,0.6652
yolo11n,A_unfinetuned,grid_search,4.0,0.5,recall,0.7004
yolo11n,B_finetuned_unsupervised,baseline,0.0,0.0,recall,0.0
yolo11n,B_finetuned_unsupervised,bo_exploration,4.0,0.62,recall,0.7227
yolo11n,B_finetuned_unsupervised,bo_exploitation,4.0,0.58,recall,0.7227
yolo11n,B_finetuned_unsupervised,grid_search,4.0,0.5,recall,0.7227
yolo11n,C_finetuned_supervised,bo_exploration,1.0,0.02,recall,0.005
yolo11n,C_finetuned_supervised,bo_exploitation,4.0,0.08,recall,0.7431
yolo11n,C_finetuned_supervised,grid_search,4.0,0.0,recall,0.7431
yolo11m,A_unfinetuned,baseline,0.0,0.0,recall,0.0
yolo11m,A_unfinetuned,bo_exploration,4.0,-0.12,recall,0.7056
yolo11m,A_unfinetuned,bo_exploitation,2.0,0.53,recall,0.4786
yolo11m,A_unfinetuned,grid_search,4.0,0.5,recall,0.6941
yolo11m,B_finetuned_unsupervised,baseline,0.0,0.0,recall,0.0
yolo11m,B_finetuned_unsupervised,bo_exploration,2.0,0.21,recall,0.4873
yolo11m,B_finetuned_unsupervised,bo_exploitation,4.0,-0.1,recall,0.7204
yolo11m,B_finetuned_unsupervised,grid_search,4.0,0.5,recall,0.7077
yolo11m,C_finetuned_supervised,bo_exploration,4.0,0.09,recall,0.7204
yolo11m,C_finetuned_supervised,bo_exploitation,2.0,0.28,recall,0.4873
yolo11m,C_finetuned_supervised,grid_search,4.0,0.0,recall,0.7204
rtdetr-l,A_unfinetuned,baseline,0.0,0.0,recall,0.0
rtdetr-l,A_unfinetuned,bo_exploration,3.0,0.21,recall,0.6086
rtdetr-l,A_unfinetuned,bo_exploitation,2.0,0.21,recall,0.4074
rtdetr-l,A_unfinetuned,grid_search,4.0,0.5,recall,0.6603
rtdetr-l,B_finetuned_unsupervised,baseline,0.0,0.0,recall,0.0003
rtdetr-l,B_finetuned_unsupervised,bo_exploration,3.0,0.62,recall,0.6429
rtdetr-l,B_finetuned_unsupervised,bo_exploitation,4.0,0.52,recall,0.6761
rtdetr-l,B_finetuned_unsupervised,grid_search,4.0,0.5,recall,0.6761
rtdetr-l,C_finetuned_supervised,bo_exploration,2.0,0.01,recall,0.4339
yolo11n,A_unfinetuned,baseline,0.0,0.0,recall,0.0
yolo11n,A_unfinetuned,bo_exploration,3.0,0.55,recall,0.6753
yolo11n,A_unfinetuned,bo_exploitation,3.0,0.14,recall,0.6819
yolo11n,A_unfinetuned,grid_search,4.0,0.5,recall,0.7136
yolo11n,B_finetuned_unsupervised,baseline,0.0,0.0,recall,0.0
yolo11n,B_finetuned_unsupervised,bo_exploration,4.0,0.62,recall,0.7226
yolo11n,B_finetuned_unsupervised,bo_exploitation,2.0,0.59,recall,0.4504
yolo11n,B_finetuned_unsupervised,grid_search,4.0,0.5,recall,0.7226
yolo11n,C_finetuned_supervised,bo_exploration,3.0,-0.01,recall,0.6478
yolo11n,C_finetuned_supervised,bo_exploitation,3.0,0.4,recall,0.6685
yolo11n,C_finetuned_supervised,grid_search,4.0,0.0,recall,0.7428
yolo11m,A_unfinetuned,baseline,0.0,0.0,recall,0.0001
yolo11m,A_unfinetuned,bo_exploration,3.0,0.34,recall,0.619
yolo11m,A_unfinetuned,bo_exploitation,2.0,0.45,recall,0.4763
yolo11m,A_unfinetuned,grid_search,4.0,0.5,recall,0.6445
yolo11m,B_finetuned_unsupervised,baseline,0.0,0.0,recall,0.0
yolo11m,B_finetuned_unsupervised,bo_exploration,4.0,0.44,recall,0.6748
yolo11m,B_finetuned_unsupervised,bo_exploitation,2.0,0.33,recall,0.4814
yolo11m,B_finetuned_unsupervised,grid_search,4.0,0.5,recall,0.6748
yolo11m,C_finetuned_supervised,bo_exploration,4.0,-0.12,recall,0.6919
yolo11m,C_finetuned_supervised,bo_exploitation,3.0,0.31,recall,0.6586
yolo11m,C_finetuned_supervised,grid_search,4.0,0.0,recall,0.6919
rtdetr-l,A_unfinetuned,baseline,0.0,0.0,recall,0.0003
rtdetr-l,A_unfinetuned,bo_exploration,2.0,0.46,recall,0.4506
rtdetr-l,A_unfinetuned,bo_exploitation,3.0,0.57,recall,0.6213
rtdetr-l,A_unfinetuned,grid_search,4.0,0.5,recall,0.6568
rtdetr-l,B_finetuned_unsupervised,baseline,0.0,0.0,recall,0.0
rtdetr-l,B_finetuned_unsupervised,bo_exploration,4.0,0.62,recall,0.7033
rtdetr-l,B_finetuned_unsupervised,bo_exploitation,1.0,0.2,recall,0.0005
rtdetr-l,B_finetuned_unsupervised,grid_search,4.0,0.5,recall,0.7033
rtdetr-l,C_finetuned_supervised,bo_exploration,4.0,-0.12,recall,0.7013
rtdetr-l,C_finetuned_supervised,bo_exploitation,4.0,-0.12,recall,0.7013
rtdetr-l,C_finetuned_supervised,grid_search,4.0,0.0,recall,0.7013
rtdetr-l,A_unfinetuned,baseline,0.0,0.0,recall,0.0007
rtdetr-l,A_unfinetuned,bo_exploration,4.0,0.54,recall,0.6766
rtdetr-l,A_unfinetuned,bo_exploitation,3.0,0.44,recall,0.6544
rtdetr-l,A_unfinetuned,grid_search,4.0,0.5,recall,0.6766
rtdetr-l,B_finetuned_unsupervised,baseline,0.0,0.0,recall,0.0002
rtdetr-l,A_unfinetuned,baseline,0.0,0.0,recall,0.0002
rtdetr-l,A_unfinetuned,bo_exploration,3.0,-0.0,recall,0.5699
rtdetr-l,A_unfinetuned,bo_exploitation,2.0,0.55,recall,0.4105
rtdetr-l,A_unfinetuned,grid_search,4.0,0.5,recall,0.6446
rtdetr-l,B_finetuned_unsupervised,baseline,0.0,0.0,recall,0.0001
rtdetr-l,B_finetuned_unsupervised,bo_exploration,4.0,0.62,recall,0.6564
rtdetr-l,B_finetuned_unsupervised,bo_exploitation,2.0,0.41,recall,0.4313
rtdetr-l,B_finetuned_unsupervised,grid_search,4.0,0.5,recall,0.6564
rtdetr-l,C_finetuned_supervised,bo_exploration,3.0,-0.07,recall,0.6017
rtdetr-l,C_finetuned_supervised,bo_exploitation,2.0,0.36,recall,0.4195
rtdetr-l,C_finetuned_supervised,grid_search,4.0,0.0,recall,0.6525
yolo11n,A_unfinetuned,baseline,0.0,0.0,recall,0.0
yolo11n,A_unfinetuned,bo_exploration,4.0,0.62,recall,0.7128
yolo11n,A_unfinetuned,bo_exploitation,3.0,-0.05,recall,0.6722
yolo11n,A_unfinetuned,grid_search,4.0,0.5,recall,0.7128
yolo11n,B_finetuned_unsupervised,baseline,0.0,0.0,recall,0.0
yolo11n,B_finetuned_unsupervised,bo_exploration,4.0,0.62,recall,0.7226
yolo11n,B_finetuned_unsupervised,bo_exploitation,3.0,0.17,recall,0.6584
yolo11n,B_finetuned_unsupervised,grid_search,4.0,0.5,recall,0.7226
yolo11n,C_finetuned_supervised,bo_exploration,3.0,-0.12,recall,0.6484
yolo11n,C_finetuned_supervised,bo_exploitation,3.0,0.14,recall,0.6584
yolo11n,C_finetuned_supervised,grid_search,4.0,0.0,recall,0.743
yolo11m,A_unfinetuned,baseline,0.0,0.0,recall,0.0
yolo11m,A_unfinetuned,bo_exploration,3.0,-0.05,recall,0.6182
yolo11m,A_unfinetuned,bo_exploitation,3.0,0.29,recall,0.627
yolo11m,A_unfinetuned,grid_search,4.0,0.5,recall,0.648
yolo11m,B_finetuned_unsupervised,baseline,0.0,0.0,recall,0.0
yolo11m,B_finetuned_unsupervised,bo_exploration,4.0,0.62,recall,0.6752
yolo11n,A_unfinetuned,baseline,0.0,0.0,recall,0.0001
yolo11n,A_unfinetuned,bo_exploration,4.0,0.62,recall,0.6613
yolo11n,A_unfinetuned,bo_exploitation,3.0,0.47,recall,0.637
yolo11n,A_unfinetuned,grid_search,4.0,0.5,recall,0.6613
yolo11n,B_finetuned_unsupervised,baseline,0.0,0.0,recall,0.0
yolo11n,B_finetuned_unsupervised,bo_exploration,3.0,0.48,recall,0.6691
yolo11n,B_finetuned_unsupervised,bo_exploitation,3.0,0.62,recall,0.6691
yolo11n,B_finetuned_unsupervised,grid_search,4.0,0.5,recall,0.7224
yolo11n,C_finetuned_supervised,bo_exploration,3.0,0.02,recall,0.6482
yolo11n,C_finetuned_supervised,bo_exploitation,4.0,0.06,recall,0.743
yolo11n,C_finetuned_supervised,grid_search,4.0,0.0,recall,0.743
yolo11m,A_unfinetuned,baseline,0.0,0.0,recall,0.0002
yolo11m,A_unfinetuned,bo_exploration,3.0,0.62,recall,0.6173
yolo11m,A_unfinetuned,bo_exploitation,3.0,0.44,recall,0.6173
yolo11m,A_unfinetuned,grid_search,4.0,0.5,recall,0.6513
yolo11m,B_finetuned_unsupervised,baseline,0.0,0.0,recall,0.0
yolo11m,B_finetuned_unsupervised,bo_exploration,4.0,0.61,recall,0.6858
yolo11m,B_finetuned_unsupervised,bo_exploitation,3.0,0.62,recall,0.6622
yolo11m,B_finetuned_unsupervised,grid_search,4.0,0.5,recall,0.6858
yolo11m,C_finetuned_supervised,bo_exploration,4.0,-0.1,recall,0.7036
yolo11m,C_finetuned_supervised,bo_exploitation,3.0,0.25,recall,0.6518
yolo11m,C_finetuned_supervised,grid_search,4.0,0.0,recall,0.7036
yolo11n,A_unfinetuned,baseline,0.0,0.0,recall,0.0
yolo11n,A_unfinetuned,bo_exploration,3.0,-0.12,recall,0.6242
yolo11n,A_unfinetuned,bo_exploitation,3.0,0.47,recall,0.609
yolo11n,A_unfinetuned,grid_search,4.0,0.5,recall,0.6474
yolo11n,B_finetuned_unsupervised,baseline,0.0,0.0,recall,0.0
yolo11n,B_finetuned_unsupervised,bo_exploration,2.0,0.13,recall,0.4451
yolo11n,B_finetuned_unsupervised,bo_exploitation,2.0,0.48,recall,0.4516
yolo11n,B_finetuned_unsupervised,grid_search,4.0,0.5,recall,0.7226
yolo11n,C_finetuned_supervised,bo_exploration,4.0,0.09,recall,0.7431
yolo11n,C_finetuned_supervised,bo_exploitation,3.0,-0.12,recall,0.6488
yolo11n,C_finetuned_supervised,grid_search,4.0,0.0,recall,0.7431
yolo11m,A_unfinetuned,baseline,0.0,0.0,recall,0.0
yolo11m,A_unfinetuned,bo_exploration,3.0,0.62,recall,0.6236
yolo11m,A_unfinetuned,bo_exploitation,3.0,0.49,recall,0.6236
yolo11m,A_unfinetuned,grid_search,4.0,0.5,recall,0.6396
yolo11m,B_finetuned_unsupervised,baseline,0.0,0.0,recall,0.0
yolo11m,B_finetuned_unsupervised,bo_exploration,1.0,0.19,recall,0.0076
yolo11m,B_finetuned_unsupervised,bo_exploitation,4.0,0.53,recall,0.6757
yolo11m,B_finetuned_unsupervised,grid_search,4.0,0.5,recall,0.6757
yolo11m,C_finetuned_supervised,bo_exploration,4.0,0.46,recall,0.6757
yolo11m,C_finetuned_supervised,bo_exploitation,4.0,-0.12,recall,0.6932
yolo11m,C_finetuned_supervised,grid_search,4.0,0.0,recall,0.6932
rtdetr-l,A_unfinetuned,baseline,0.0,0.0,recall,0.0002
rtdetr-l,A_unfinetuned,bo_exploration,3.0,0.62,recall,0.5965
rtdetr-l,A_unfinetuned,bo_exploitation,4.0,0.62,recall,0.635
rtdetr-l,A_unfinetuned,grid_search,4.0,0.5,recall,0.635
rtdetr-l,B_finetuned_unsupervised,baseline,0.0,0.0,recall,0.0001
rtdetr-l,B_finetuned_unsupervised,bo_exploration,3.0,0.57,recall,0.633
rtdetr-l,B_finetuned_unsupervised,bo_exploitation,4.0,0.0,recall,0.6838
rtdetr-l,B_finetuned_unsupervised,grid_search,4.0,0.5,recall,0.6821
rtdetr-l,C_finetuned_supervised,bo_exploration,4.0,-0.12,recall,0.6838
rtdetr-l,C_finetuned_supervised,bo_exploitation,4.0,0.52,recall,0.6821
rtdetr-l,C_finetuned_supervised,grid_search,4.0,0.0,recall,0.6838
yolo11n,A_unfinetuned,baseline,0.0,0.0,recall,0.0
yolo11n,A_unfinetuned,bo_exploration,4.0,0.62,recall,0.6829
yolo11n,A_unfinetuned,bo_exploitation,4.0,0.13,recall,0.6942
yolo11n,A_unfinetuned,grid_search,4.0,0.5,recall,0.6829
yolo11n,B_finetuned_unsupervised,baseline,0.0,0.0,recall,0.0
yolo11m,A_unfinetuned,baseline,0.0,0.0,recall,0.0001
yolo11m,A_unfinetuned,bo_exploration,4.0,0.62,recall,0.6745
yolo11m,A_unfinetuned,bo_exploitation,3.0,0.26,recall,0.6307
yolo11m,A_unfinetuned,grid_search,4.0,0.5,recall,0.6745
yolo11m,B_finetuned_unsupervised,baseline,0.0,0.0,recall,0.0
yolo11m,B_finetuned_unsupervised,bo_exploration,4.0,0.21,recall,0.6791
yolo11m,B_finetuned_unsupervised,bo_exploitation,4.0,0.16,recall,0.6791
yolo11m,B_finetuned_unsupervised,grid_search,4.0,0.5,recall,0.6741
yolo11m,C_finetuned_supervised,bo_exploration,3.0,-0.0,recall,0.6536
yolo11m,C_finetuned_supervised,bo_exploitation,2.0,0.14,recall,0.4809
yolo11m,C_finetuned_supervised,grid_search,4.0,0.0,recall,0.6914
rtdetr-l,A_unfinetuned,baseline,0.0,0.0,recall,0.0001
rtdetr-l,A_unfinetuned,bo_exploration,4.0,0.62,recall,0.6481
rtdetr-l,A_unfinetuned,bo_exploitation,3.0,0.56,recall,0.6159
rtdetr-l,A_unfinetuned,grid_search,4.0,0.5,recall,0.6481
rtdetr-l,B_finetuned_unsupervised,baseline,0.0,0.0,recall,0.0005
rtdetr-l,B_finetuned_unsupervised,bo_exploration,3.0,0.46,recall,0.5615
rtdetr-l,B_finetuned_unsupervised,bo_exploitation,3.0,0.33,recall,0.5242
rtdetr-l,B_finetuned_unsupervised,grid_search,4.0,0.5,recall,0.5843
rtdetr-l,C_finetuned_supervised,bo_exploration,4.0,0.31,recall,0.5753
rtdetr-l,C_finetuned_supervised,bo_exploitation,2.0,0.58,recall,0.3792
rtdetr-l,C_finetuned_supervised,grid_search,4.0,0.5,recall,0.5843
yolo11n,A_unfinetuned,baseline,0.0,0.0,recall,0.0
yolo11n,A_unfinetuned,bo_exploration,3.0,0.22,recall,0.6842
yolo11n,A_unfinetuned,bo_exploitation,3.0,0.62,recall,0.6937
yolo11n,A_unfinetuned,grid_search,4.0,0.5,recall,0.7329
yolo11n,B_finetuned_unsupervised,baseline,0.0,0.0,recall,0.0
yolo11n,B_finetuned_unsupervised,bo_exploration,3.0,0.62,recall,0.6685
yolo11n,B_finetuned_unsupervised,bo_exploitation,2.0,0.26,recall,0.4433
yolo11n,B_finetuned_unsupervised,grid_search,4.0,0.5,recall,0.7222
yolo11n,C_finetuned_supervised,bo_exploration,2.0,0.36,recall,0.4433
yolo11n,C_finetuned_supervised,bo_exploitation,2.0,0.2,recall,0.4433
yolo11n,C_finetuned_supervised,grid_search,4.0,0.0,recall,0.7426
yolo11m,A_unfinetuned,baseline,0.0,0.0,recall,0.0001
yolo11m,A_unfinetuned,bo_exploration,4.0,0.62,recall,0.6593
yolo11m,A_unfinetuned,bo_exploitation,3.0,0.44,recall,0.6287
yolo11m,A_unfinetuned,grid_search,4.0,0.5,recall,0.6593
yolo11m,B_finetuned_unsupervised,baseline,0.0,0.0,recall,0.0
yolo11m,B_finetuned_unsupervised,bo_exploration,4.0,0.62,recall,0.6746
yolo11m,B_finetuned_unsupervised,bo_exploitation,4.0,0.21,recall,0.6796
yolo11m,B_finetuned_unsupervised,grid_search,4.0,0.5,recall,0.6746
yolo11m,C_finetuned_supervised,bo_exploration,3.0,-0.06,recall,0.6537
yolo11m,C_finetuned_supervised,bo_exploitation,1.0,0.56,recall,0.0074
yolo11m,C_finetuned_supervised,grid_search,4.0,0.0,recall,0.6919
rtdetr-l,A_unfinetuned,baseline,0.0,0.0,recall,0.0005
rtdetr-l,A_unfinetuned,bo_exploration,4.0,0.62,recall,0.6153
rtdetr-l,A_unfinetuned,bo_exploitation,3.0,0.52,recall,0.568
rtdetr-l,A_unfinetuned,grid_search,4.0,0.5,recall,0.6153
rtdetr-l,B_finetuned_unsupervised,baseline,0.0,0.0,recall,0.0005
rtdetr-l,B_finetuned_unsupervised,bo_exploration,3.0,-0.06,recall,0.6115
rtdetr-l,B_finetuned_unsupervised,bo_exploitation,3.0,0.03,recall,0.6115
rtdetr-l,B_finetuned_unsupervised,grid_search,4.0,0.5,recall,0.667
rtdetr-l,C_finetuned_supervised,bo_exploration,4.0,-0.05,recall,0.6527
rtdetr-l,C_finetuned_supervised,bo_exploitation,1.0,0.2,recall,0.0039
rtdetr-l,C_finetuned_supervised,grid_search,4.0,0.0,recall,0.6527
yolo11n,A_unfinetuned,baseline,0.0,0.0,recall,0.0
yolo11n,A_unfinetuned,bo_exploration,3.0,0.24,recall,0.6747
yolo11n,A_unfinetuned,bo_exploitation,2.0,0.15,recall,0.4762
yolo11n,A_unfinetuned,grid_search,4.0,0.5,recall,0.6872
yolo11n,B_finetuned_unsupervised,baseline,0.0,0.0,recall,0.0
yolo11n,B_finetuned_unsupervised,bo_exploration,4.0,0.62,recall,0.7219
yolo11n,B_finetuned_unsupervised,bo_exploitation,3.0,0.52,recall,0.6685
yolo11n,B_finetuned_unsupervised,grid_search,4.0,0.5,recall,0.7219
yolo11n,C_finetuned_supervised,bo_exploration,3.0,-0.05,recall,0.6477
yolo11n,C_finetuned_supervised,bo_exploitation,3.0,0.35,recall,0.6578
yolo11n,C_finetuned_supervised,grid_search,4.0,0.0,recall,0.7424
yolo11m,A_unfinetuned,baseline,0.0,0.0,recall,0.0001
yolo11m,A_unfinetuned,bo_exploration,4.0,0.62,recall,0.6191
yolo11m,A_unfinetuned,bo_exploitation,2.0,0.54,recall,0.4369
yolo11m,A_unfinetuned,grid_search,4.0,0.5,recall,0.6191
yolo11m,B_finetuned_unsupervised,baseline,0.0,0.0,recall,0.0
yolo11m,B_finetuned_unsupervised,bo_exploration,1.0,0.35,recall,0.0076
yolo11m,B_finetuned_unsupervised,bo_exploitation,3.0,0.45,recall,0.654
yolo11m,B_finetuned_unsupervised,grid_search,4.0,0.5,recall,0.6745
yolo11m,C_finetuned_supervised,bo_exploration,3.0,0.45,recall,0.654
yolo11m,C_finetuned_supervised,bo_exploitation,4.0,-0.08,recall,0.6917
yolo11m,C_finetuned_supervised,grid_search,4.0,0.0,recall,0.6917
rtdetr-l,A_unfinetuned,baseline,0.0,0.0,recall,0.0003
rtdetr-l,A_unfinetuned,bo_exploration,2.0,0.61,recall,0.4182
rtdetr-l,A_unfinetuned,bo_exploitation,3.0,0.41,recall,0.6253
rtdetr-l,A_unfinetuned,grid_search,4.0,0.5,recall,0.6682
rtdetr-l,B_finetuned_unsupervised,baseline,0.0,0.0,recall,0.0012
rtdetr-l,B_finetuned_unsupervised,bo_exploration,3.0,0.39,recall,0.6482
rtdetr-l,B_finetuned_unsupervised,bo_exploitation,3.0,-0.08,recall,0.6255
rtdetr-l,B_finetuned_unsupervised,grid_search,4.0,0.5,recall,0.6944
rtdetr-l,C_finetuned_supervised,bo_exploration,2.0,0.36,recall,0.4301
rtdetr-l,C_finetuned_supervised,bo_exploitation,4.0,-0.12,recall,0.6796
rtdetr-l,C_finetuned_supervised,grid_search,4.0,0.0,recall,0.6796
rtdetr-l,A_unfinetuned,baseline,0.0,0.0,recall,0.0002
rtdetr-l,A_unfinetuned,bo_exploration,4.0,0.62,recall,0.6428
rtdetr-l,A_unfinetuned,bo_exploitation,3.0,0.22,recall,0.5847
rtdetr-l,A_unfinetuned,grid_search,4.0,0.5,recall,0.6428
rtdetr-l,B_finetuned_unsupervised,baseline,0.0,0.0,recall,0.0011
rtdetr-l,B_finetuned_unsupervised,bo_exploration,3.0,0.62,recall,0.585
rtdetr-l,B_finetuned_unsupervised,bo_exploitation,3.0,0.6,recall,0.585
rtdetr-l,B_finetuned_unsupervised,grid_search,4.0,0.5,recall,0.6233
rtdetr-l,C_finetuned_supervised,bo_exploration,4.0,0.21,recall,0.6048
rtdetr-l,C_finetuned_supervised,bo_exploitation,2.0,0.1,recall,0.3922
rtdetr-l,C_finetuned_supervised,grid_search,4.0,0.0,recall,0.6088
rtdetr-l,A_unfinetuned,baseline,0.0,0.0,recall,0.0001
rtdetr-l,A_unfinetuned,bo_exploration,2.0,0.13,recall,0.3927
rtdetr-l,A_unfinetuned,bo_exploitation,4.0,0.38,recall,0.6359
rtdetr-l,A_unfinetuned,grid_search,4.0,0.5,recall,0.6359
rtdetr-l,B_finetuned_unsupervised,baseline,0.0,0.0,recall,0.0003
rtdetr-l,B_finetuned_unsupervised,bo_exploration,3.0,0.62,recall,0.5802
rtdetr-l,B_finetuned_unsupervised,bo_exploitation,4.0,0.0,recall,0.6226
rtdetr-l,B_finetuned_unsupervised,grid_search,4.0,0.5,recall,0.6336
rtdetr-l,C_finetuned_supervised,bo_exploration,4.0,0.05,recall,0.6226
rtdetr-l,C_finetuned_supervised,bo_exploitation,2.0,0.09,recall,0.3691
rtdetr-l,C_finetuned_supervised,grid_search,4.0,0.0,recall,0.6226
yolo11n,A_unfinetuned,baseline,0.0,0.0,f1,0.0
yolo11n,A_unfinetuned,bo_exploration,4.0,0.62,f1,0.7706
yolo11n,A_unfinetuned,bo_exploitation,2.0,0.53,f1,0.5617
yolo11n,A_unfinetuned,grid_search,4.0,0.5,f1,0.7706
yolo11n,B_finetuned_unsupervised,baseline,0.0,0.0,f1,0.0
yolo11n,B_finetuned_unsupervised,bo_exploration,3.0,0.34,f1,0.7443
yolo11n,B_finetuned_unsupervised,bo_exploitation,2.0,0.62,f1,0.5734
yolo11n,B_finetuned_unsupervised,grid_search,4.0,0.5,f1,0.7805
yolo11n,C_finetuned_supervised,bo_exploration,4.0,-0.12,f1,0.7986
yolo11n,C_finetuned_supervised,bo_exploitation,3.0,0.29,f1,0.7443
yolo11n,C_finetuned_supervised,grid_search,4.0,0.0,f1,0.7986
yolo11m,A_unfinetuned,baseline,0.0,0.0,f1,0.0
yolo11m,B_finetuned_unsupervised,baseline,0.0,0.0,f1,0.0001
yolo11m,B_finetuned_unsupervised,bo_exploration,3.0,0.41,f1,0.7126
yolo11m,B_finetuned_unsupervised,bo_exploitation,3.0,0.62,f1,0.7126
yolo11m,B_finetuned_unsupervised,grid_search,4.0,0.5,f1,0.7308
yolo11m,C_finetuned_supervised,bo_exploration,4.0,-0.12,f1,0.7432
yolo11n,A_unfinetuned,baseline,0.0,0.0,f1,0.0
yolo11n,A_unfinetuned,bo_exploration,4.0,0.62,f1,0.7591
yolo11n,A_unfinetuned,bo_exploitation,3.0,0.48,f1,0.7064
yolo11n,A_unfinetuned,grid_search,4.0,0.5,f1,0.7591
yolo11n,B_finetuned_unsupervised,baseline,0.0,0.0,f1,0.0
yolo11n,B_finetuned_unsupervised,bo_exploration,3.0,0.62,f1,0.7417
yolo11n,B_finetuned_unsupervised,bo_exploitation,1.0,0.54,f1,0.0098
yolo11n,B_finetuned_unsupervised,grid_search,4.0,0.5,f1,0.7807
yolo11n,C_finetuned_supervised,bo_exploration,4.0,-0.12,f1,0.7985
yolo11n,C_finetuned_supervised,bo_exploitation,3.0,0.23,f1,0.7447
yolo11n,C_finetuned_supervised,grid_search,4.0,0.0,f1,0.7985
yolo11m,A_unfinetuned,baseline,0.0,0.0,f1,0.0001
yolo11m,A_unfinetuned,bo_exploration,4.0,0.33,f1,0.7162
yolo11m,A_unfinetuned,bo_exploitation,2.0,0.55,f1,0.5967
yolo11m,A_unfinetuned,grid_search,4.0,0.5,f1,0.7202
yolo11m,B_finetuned_unsupervised,baseline,0.0,0.0,f1,0.0001
yolo11m,B_finetuned_unsupervised,bo_exploration,3.0,0.5,f1,0.7125
yolo11m,B_finetuned_unsupervised,bo_exploitation,3.0,0.57,f1,0.7125
yolo11m,B_finetuned_unsupervised,grid_search,4.0,0.5,f1,0.7304
yolo11m,C_finetuned_supervised,bo_exploration,3.0,-0.12,f1,0.7054
yolo11m,C_finetuned_supervised,bo_exploitation,3.0,0.06,f1,0.7054
yolo11m,C_finetuned_supervised,grid_search,4.0,0.0,f1,0.7426
yolo11n,A_unfinetuned,baseline,0.0,0.0,f1,0.0
yolo11n,A_unfinetuned,bo_exploration,4.0,0.62,f1,0.7345
yolo11n,A_unfinetuned,bo_exploitation,3.0,0.22,f1,0.7079
yolo11n,A_unfinetuned,grid_search,4.0,0.5,f1,0.7345
yolo11n,B_finetuned_unsupervised,baseline,0.0,0.0,f1,0.0
yolo11n,B_finetuned_unsupervised,bo_exploration,4.0,0.62,f1,0.7816
yolo11n,B_finetuned_unsupervised,bo_exploitation,2.0,0.61,f1,0.574
yolo11n,B_finetuned_unsupervised,grid_search,4.0,0.5,f1,0.7816
yolo11m,A_unfinetuned,baseline,0.0,0.0,f1,0.0
yolo11m,A_unfinetuned,bo_exploration,4.0,0.09,f1,0.6972
yolo11m,A_unfinetuned,bo_exploitation,3.0,0.4,f1,0.6845
yolo11m,A_unfinetuned,grid_search,4.0,0.5,f1,0.696
yolo11m,B_finetuned_unsupervised,baseline,0.0,0.0,f1,0.0
yolo11m,B_finetuned_unsupervised,bo_exploration,3.0,0.62,f1,0.7519
yolo11m,B_finetuned_unsupervised,bo_exploitation,4.0,0.39,f1,0.7682
yolo11m,B_finetuned_unsupervised,grid_search,4.0,0.5,f1,0.7682
yolo11m,C_finetuned_supervised,bo_exploration,1.0,0.08,f1,0.0056
yolo11m,C_finetuned_supervised,bo_exploitation,2.0,0.23,f1,0.5997
yolo11m,C_finetuned_supervised,grid_search,4.0,0.0,f1,0.7775
rtdetr-l,A_unfinetuned,baseline,0.0,0.0,f1,0.0
rtdetr-l,A_unfinetuned,bo_exploration,4.0,0.62,f1,0.677
rtdetr-l,A_unfinetuned,bo_exploitation,4.0,0.52,f1,0.677
rtdetr-l,A_unfinetuned,grid_search,4.0,0.5,f1,0.677
rtdetr-l,B_finetuned_unsupervised,baseline,0.0,0.0,f1,0.0002
rtdetr-l,B_finetuned_unsupervised,bo_exploration,4.0,0.3,f1,0.7384
rtdetr-l,B_finetuned_unsupervised,bo_exploitation,2.0,0.42,f1,0.5594
rtdetr-l,B_finetuned_unsupervised,grid_search,4.0,0.5,f1,0.747
rtdetr-l,C_finetuned_supervised,bo_exploration,4.0,0.0,f1,0.7431
rtdetr-l,C_finetuned_supervised,bo_exploitation,3.0,0.62,f1,0.7186
rtdetr-l,C_finetuned_supervised,grid_search,4.0,0.0,f1,0.7431
yolo11n,A_unfinetuned,baseline,0.0,0.0,f1,0.0
yolo11n,A_unfinetuned,bo_exploration,3.0,0.39,f1,0.712
yolo11n,A_unfinetuned,bo_exploitation,4.0,0.14,f1,0.7574
yolo11n,A_unfinetuned,grid_search,4.0,0.5,f1,0.754
yolo11n,B_finetuned_unsupervised,baseline,0.0,0.0,f1,0.0
yolo11n,B_finetuned_unsupervised,bo_exploration,3.0,0.56,f1,0.7416
yolo11n,B_finetuned_unsupervised,bo_exploitation,3.0,0.02,f1,0.7339
yolo11n,B_finetuned_unsupervised,grid_search,4.0,0.5,f1,0.7811
yolo11n,C_finetuned_supervised,bo_exploration,4.0,-0.12,f1,0.7986
yolo11n,C_finetuned_supervised,bo_exploitation,3.0,0.03,f1,0.7339
yolo11n,C_finetuned_supervised,grid_search,4.0,0.0,f1,0.7986
yolo11m,A_unfinetuned,baseline,0.0,0.0,f1,0.0001
yolo11m,A_unfinetuned,bo_exploration,4.0,0.61,f1,0.7038
yolo11m,A_unfinetuned,bo_exploitation,4.0,0.54,f1,0.7038
yolo11m,A_unfinetuned,grid_search,4.0,0.5,f1,0.7038
yolo11m,B_finetuned_unsupervised,baseline,0.0,0.0,f1,0.0001
yolo11m,B_finetuned_unsupervised,bo_exploration,3.0,0.62,f1,0.7126
yolo11m,B_finetuned_unsupervised,bo_exploitation,3.0,0.51,f1,0.7126
yolo11m,B_finetuned_unsupervised,grid_search,4.0,0.5,f1,0.7307
yolo11m,C_finetuned_supervised,bo_exploration,4.0,0.2,f1,0.7329
yolo11m,C_finetuned_supervised,bo_exploitation,3.0,-0.09,f1,0.7054
yolo11m,C_finetuned_supervised,grid_search,4.0,0.0,f1,0.7427
rtdetr-l,A_unfinetuned,baseline,0.0,0.0,f1,0.0003
rtdetr-l,A_unfinetuned,bo_exploration,3.0,0.13,f1,0.6307
rtdetr-l,A_unfinetuned,bo_exploitation,1.0,0.13,f1,0.0034
rtdetr-l,A_unfinetuned,grid_search,4.0,0.5,f1,0.6708
rtdetr-l,B_finetuned_unsupervised,baseline,0.0,0.0,f1,0.0022
rtdetr-l,B_finetuned_unsupervised,bo_exploration,4.0,0.47,f1,0.7171
rtdetr-l,B_finetuned_unsupervised,bo_exploitation,2.0,0.29,f1,0.5404
rtdetr-l,B_finetuned_unsupervised,grid_search,4.0,0.5,f1,0.7171
rtdetr-l,C_finetuned_supervised,bo_exploration,2.0,0.31,f1,0.5404
rtdetr-l,C_finetuned_supervised,bo_exploitation,4.0,-0.08,f1,0.7151
rtdetr-l,C_finetuned_supervised,grid_search,4.0,0.0,f1,0.7151
yolo11n,A_unfinetuned,baseline,0.0,0.0,f1,0.0
yolo11n,A_unfinetuned,bo_exploration,4.0,0.62,f1,0.7682
yolo11n,A_unfinetuned,bo_exploitation,3.0,0.62,f1,0.7347
yolo11n,A_unfinetuned,grid_search,4.0,0.5,f1,0.7682
yolo11n,B_finetuned_unsupervised,baseline,0.0,0.0,f1,0.0
yolo11n,B_finetuned_unsupervised,bo_exploration,3.0,0.62,f1,0.7421
yolo11n,B_finetuned_unsupervised,bo_exploitation,3.0,0.62,f1,0.7421
yolo11n,B_finetuned_unsupervised,grid_search,4.0,0.5,f1,0.7813
yolo11n,C_finetuned_supervised,bo_exploration,2.0,0.27,f1,0.5698
yolo11n,C_finetuned_supervised,bo_exploitation,4.0,-0.01,f1,0.7991
yolo11n,C_finetuned_supervised,grid_search,4.0,0.0,f1,0.7991
yolo11m,A_unfinetuned,baseline,0.0,0.0,f1,0.0001
yolo11m,A_unfinetuned,bo_exploration,3.0,0.62,f1,0.7087
yolo11m,A_unfinetuned,bo_exploitation,3.0,-0.01,f1,0.7001
yolo11m,A_unfinetuned,grid_search,4.0,0.5,f1,0.7237
yolo11m,B_finetuned_unsupervised,baseline,0.0,0.0,f1,0.0001
yolo11m,B_finetuned_unsupervised,bo_exploration,4.0,0.56,f1,0.7314
yolo11m,B_finetuned_unsupervised,bo_exploitation,3.0,0.39,f1,0.7133
yolo11m,B_finetuned_unsupervised,grid_search,4.0,0.5,f1,0.7314
yolo11m,C_finetuned_supervised,bo_exploration,2.0,0.29,f1,0.5853
yolo11m,C_finetuned_supervised,bo_exploitation,4.0,-0.12,f1,0.7435
yolo11m,C_finetuned_supervised,grid_search,4.0,0.0,f1,0.7435
rtdetr-l,A_unfinetuned,baseline,0.0,0.0,f1,0.0001
rtdetr-l,A_unfinetuned,bo_exploration,1.0,0.47,f1,0.0017
rtdetr-l,A_unfinetuned,bo_exploitation,1.0,0.4,f1,0.0017
rtdetr-l,A_unfinetuned,grid_search,4.0,0.5,f1,0.7031
rtdetr-l,B_finetuned_unsupervised,baseline,0.0,0.0,f1,0.0002
rtdetr-l,B_finetuned_unsupervised,bo_exploration,3.0,0.62,f1,0.6693
rtdetr-l,B_finetuned_unsupervised,bo_exploitation,2.0,0.45,f1,0.4855
rtdetr-l,B_finetuned_unsupervised,grid_search,4.0,0.5,f1,0.7052
rtdetr-l,C_finetuned_supervised,bo_exploration,4.0,-0.12,f1,0.6951
rtdetr-l,C_finetuned_supervised,bo_exploitation,2.0,0.16,f1,0.4834
rtdetr-l,C_finetuned_supervised,grid_search,4.0,0.0,f1,0.6951
yolo11n,A_unfinetuned,baseline,0.0,0.0,f1,0.0
yolo11n,A_unfinetuned,bo_exploration,2.0,0.62,f1,0.5214
yolo11n,A_unfinetuned,bo_exploitation,4.0,0.3,f1,0.7916
yolo11n,A_unfinetuned,grid_search,4.0,0.5,f1,0.7872
yolo11n,B_finetuned_unsupervised,baseline,0.0,0.0,f1,0.0
yolo11n,B_finetuned_unsupervised,bo_exploration,4.0,0.62,f1,0.7454
yolo11n,B_finetuned_unsupervised,bo_exploitation,4.0,0.62,f1,0.7454
yolo11n,B_finetuned_unsupervised,grid_search,4.0,0.5,f1,0.7454
yolo11n,C_finetuned_supervised,bo_exploration,4.0,-0.12,f1,0.768
yolo11n,C_finetuned_supervised,bo_exploitation,4.0,-0.06,f1,0.768
yolo11n,C_finetuned_supervised,grid_search,4.0,0.0,f1,0.768
yolo11m,A_unfinetuned,baseline,0.0,0.0,f1,0.0
yolo11m,A_unfinetuned,bo_exploration,3.0,0.38,f1,0.7114
yolo11m,A_unfinetuned,bo_exploitation,1.0,0.36,f1,0.0108
yolo11m,A_unfinetuned,grid_search,4.0,0.5,f1,0.732
yolo11m,B_finetuned_unsupervised,baseline,0.0,0.0,f1,0.0001
yolo11m,B_finetuned_unsupervised,bo_exploration,4.0,0.59,f1,0.7312
yolo11m,B_finetuned_unsupervised,bo_exploitation,3.0,0.18,f1,0.7128
yolo11m,B_finetuned_unsupervised,grid_search,4.0,0.5,f1,0.7312
yolo11m,C_finetuned_supervised,bo_exploration,4.0,-0.12,f1,0.7433
yolo11m,C_finetuned_supervised,bo_exploitation,4.0,-0.12,f1,0.7433
yolo11m,C_finetuned_supervised,grid_search,4.0,0.0,f1,0.7433
rtdetr-l,A_unfinetuned,baseline,0.0,0.0,f1,0.0004
rtdetr-l,A_unfinetuned,bo_exploration,4.0,0.62,f1,0.7192
rtdetr-l,A_unfinetuned,bo_exploitation,1.0,0.37,f1,0.0038
rtdetr-l,A_unfinetuned,grid_search,4.0,0.5,f1,0.7192
rtdetr-l,B_finetuned_unsupervised,baseline,0.0,0.0,f1,0.0001
rtdetr-l,B_finetuned_unsupervised,bo_exploration,3.0,0.44,f1,0.662
rtdetr-l,B_finetuned_unsupervised,bo_exploitation,3.0,0.62,f1,0.662
rtdetr-l,B_finetuned_unsupervised,grid_search,4.0,0.5,f1,0.705
rtdetr-l,C_finetuned_supervised,bo_exploration,3.0,-0.12,f1,0.6425
rtdetr-l,C_finetuned_supervised,bo_exploitation,4.0,0.21,f1,0.6916
rtdetr-l,C_finetuned_supervised,grid_search,4.0,0.0,f1,0.6957
rtdetr-l,A_unfinetuned,baseline,0.0,0.0,f1,0.0002
rtdetr-l,A_unfinetuned,bo_exploration,4.0,0.5,f1,0.7175
rtdetr-l,A_unfinetuned,bo_exploitation,3.0,0.62,f1,0.6887
rtdetr-l,A_unfinetuned,grid_search,4.0,0.5,f1,0.7175
rtdetr-l,B_finetuned_unsupervised,baseline,0.0,0.0,f1,0.0007
rtdetr-l,B_finetuned_unsupervised,bo_exploration,2.0,0.53,f1,0.5293
rtdetr-l,B_finetuned_unsupervised,bo_exploitation,3.0,0.62,f1,0.6732
rtdetr-l,B_finetuned_unsupervised,grid_search,4.0,0.5,f1,0.7031
rtdetr-l,C_finetuned_supervised,bo_exploration,4.0,-0.12,f1,0.6867
rtdetr-l,C_finetuned_supervised,bo_exploitation,3.0,0.62,f1,0.6732
rtdetr-l,C_finetuned_supervised,grid_search,4.0,0.5,f1,0.7031
rtdetr-l,A_unfinetuned,baseline,0.0,0.0,f1,0.0003
rtdetr-l,B_finetuned_unsupervised,baseline,0.0,0.0,f1,0.0
rtdetr-l,B_finetuned_unsupervised,bo_exploration,4.0,0.62,f1,0.7233
rtdetr-l,B_finetuned_unsupervised,bo_exploitation,4.0,0.51,f1,0.7233
rtdetr-l,B_finetuned_unsupervised,grid_search,4.0,0.5,f1,0.7233
rtdetr-l,C_finetuned_supervised,bo_exploration,3.0,-0.12,f1,0.6767
rtdetr-l,C_finetuned_supervised,bo_exploitation,2.0,0.05,f1,0.499
rtdetr-l,C_finetuned_supervised,grid_search,4.0,0.0,f1,0.7261
yolo11n,A_unfinetuned,baseline,0.0,0.0,f1,0.0
yolo11n,A_unfinetuned,bo_exploration,4.0,0.62,f1,0.7868
yolo11n,A_unfinetuned,bo_exploitation,3.0,0.52,f1,0.7604
yolo11n,A_unfinetuned,grid_search,4.0,0.5,f1,0.7868
yolo11n,B_finetuned_unsupervised,baseline,0.0,0.0,f1,0.0
yolo11n,B_finetuned_unsupervised,bo_exploration,3.0,0.62,f1,0.7424
yolo11n,B_finetuned_unsupervised,bo_exploitation,3.0,0.47,f1,0.7424
yolo11n,B_finetuned_unsupervised,grid_search,4.0,0.5,f1,0.7812
yolo11n,C_finetuned_supervised,bo_exploration,1.0,0.23,f1,0.0099
yolo11n,C_finetuned_supervised,bo_exploitation,3.0,-0.12,f1,0.7347
yolo11n,C_finetuned_supervised,grid_search,4.0,0.0,f1,0.799
yolo11m,A_unfinetuned,baseline,0.0,0.0,f1,0.0
yolo11m,A_unfinetuned,bo_exploration,1.0,0.62,f1,0.0099
yolo11m,A_unfinetuned,bo_exploitation,3.0,0.62,f1,0.7142
yolo11m,A_unfinetuned,grid_search,4.0,0.5,f1,0.7343
yolo11m,B_finetuned_unsupervised,baseline,0.0,0.0,f1,0.0001
yolo11m,B_finetuned_unsupervised,bo_exploration,2.0,0.33,f1,0.5866
yolo11m,B_finetuned_unsupervised,bo_exploitation,1.0,-0.02,f1,0.0133
yolo11m,B_finetuned_unsupervised,grid_search,4.0,0.5,f1,0.7315
yolo11n,A_unfinetuned,baseline,0.0,0.0,f1,0.0
yolo11n,A_unfinetuned,bo_exploration,4.0,0.62,f1,0.7401
yolo11n,A_unfinetuned,bo_exploitation,3.0,0.52,f1,0.7044
yolo11n,A_unfinetuned,grid_search,4.0,0.5,f1,0.7401
yolo11n,B_finetuned_unsupervised,baseline,0.0,0.0,f1,0.0
yolo11n,B_finetuned_unsupervised,bo_exploration,1.0,0.05,f1,0.0081
yolo11n,B_finetuned_unsupervised,bo_exploitation,3.0,0.61,f1,0.6992
yolo11n,B_finetuned_unsupervised,grid_search,4.0,0.5,f1,0.7454
yolo11n,C_finetuned_supervised,bo_exploration,3.0,0.02,f1,0.7059
yolo11n,C_finetuned_supervised,bo_exploitation,3.0,-0.08,f1,0.7059
yolo11n,C_finetuned_supervised,grid_search,4.0,0.0,f1,0.768
yolo11m,A_unfinetuned,baseline,0.0,0.0,f1,0.0
yolo11m,A_unfinetuned,bo_exploration,2.0,0.58,f1,0.5394
yolo11m,B_finetuned_unsupervised,baseline,0.0,0.0,f1,0.0001
yolo11m,B_finetuned_unsupervised,bo_exploration,4.0,0.19,f1,0.7334
yolo11m,B_finetuned_unsupervised,bo_exploitation,2.0,0.54,f1,0.5876
yolo11m,B_finetuned_unsupervised,grid_search,4.0,0.5,f1,0.7312
yolo11m,C_finetuned_supervised,bo_exploration,4.0,-0.12,f1,0.7433
yolo11m,C_finetuned_supervised,bo_exploitation,3.0,0.03,f1,0.706
yolo11m,C_finetuned_supervised,grid_search,4.0,0.0,f1,0.7433
yolo11n,A_unfinetuned,baseline,0.0,0.0,f1,0.0
yolo11n,A_unfinetuned,bo_exploration,4.0,0.62,f1,0.7763
yolo11n,A_unfinetuned,bo_exploitation,3.0,0.32,f1,0.748
yolo11n,A_unfinetuned,grid_search,4.0,0.5,f1,0.7763
yolo11n,B_finetuned_unsupervised,baseline,0.0,0.0,f1,0.0
yolo11n,B_finetuned_unsupervised,bo_exploration,3.0,-0.12,f1,0.7338
yolo11n,B_finetuned_unsupervised,bo_exploitation,2.0,0.18,f1,0.5695
yolo11n,B_finetuned_unsupervised,grid_search,4.0,0.5,f1,0.7807
yolo11n,C_finetuned_supervised,bo_exploration,4.0,-0.01,f1,0.7985
yolo11n,C_finetuned_supervised,bo_exploitation,3.0,0.35,f1,0.7447
yolo11n,C_finetuned_supervised,grid_search,4.0,0.0,f1,0.7985
yolo11m,A_unfinetuned,baseline,0.0,0.0,f1,0.0
yolo11m,A_unfinetuned,bo_exploration,3.0,0.62,f1,0.6677
yolo11m,A_unfinetuned,bo_exploitation,2.0,-0.01,f1,0.5314
yolo11m,A_unfinetuned,grid_search,4.0,0.5,f1,0.6996
yolo11m,B_finetuned_unsupervised,baseline,0.0,0.0,f1,0.0001
yolo11m,B_finetuned_unsupervised,bo_exploration,1.0,0.23,f1,0.0131
yolo11m,B_finetuned_unsupervised,bo_exploitation,1.0,0.17,f1,0.0131
yolo11m,B_finetuned_unsupervised,grid_search,4.0,0.5,f1,0.7304
yolo11m,C_finetuned_supervised,bo_exploration,2.0,-0.12,f1,0.5877
yolo11m,C_finetuned_supervised,bo_exploitation,2.0,0.27,f1,0.5847
yolo11m,C_finetuned_supervised,grid_search,4.0,0.0,f1,0.7426
rtdetr-l,A_unfinetuned,baseline,0.0,0.0,f1,0.0005
rtdetr-l,A_unfinetuned,bo_exploration,4.0,-0.12,f1,0.703
rtdetr-l,A_unfinetuned,bo_exploitation,3.0,-0.02,f1,0.6549
rtdetr-l,A_unfinetuned,grid_search,4.0,0.5,f1,0.6995
rtdetr-l,B_finetuned_unsupervised,baseline,0.0,0.0,f1,0.0034
rtdetr-l,B_finetuned_unsupervised,bo_exploration,2.0,-0.05,f1,0.5105
rtdetr-l,B_finetuned_unsupervised,bo_exploitation,2.0,0.56,f1,0.5179
rtdetr-l,B_finetuned_unsupervised,grid_search,4.0,0.5,f1,0.6931
rtdetr-l,C_finetuned_supervised,bo_exploration,4.0,-0.12,f1,0.6935
rtdetr-l,C_finetuned_supervised,bo_exploitation,4.0,-0.09,f1,0.6935
rtdetr-l,C_finetuned_supervised,grid_search,4.0,0.0,f1,0.6935
yolo11n,A_unfinetuned,baseline,0.0,0.0,f1,0.0
yolo11n,A_unfinetuned,bo_exploration,3.0,-0.12,f1,0.7288
yolo11n,A_unfinetuned,bo_exploitation,3.0,0.62,f1,0.7283
yolo11n,A_unfinetuned,grid_search,4.0,0.5,f1,0.7562
yolo11n,B_finetuned_unsupervised,baseline,0.0,0.0,f1,0.0
yolo11n,B_finetuned_unsupervised,bo_exploration,2.0,0.62,f1,0.5739
yolo11n,B_finetuned_unsupervised,bo_exploitation,1.0,0.56,f1,0.0097
yolo11n,B_finetuned_unsupervised,grid_search,4.0,0.5,f1,0.7812
yolo11n,C_finetuned_supervised,bo_exploration,3.0,0.53,f1,0.7423
yolo11n,C_finetuned_supervised,bo_exploitation,2.0,0.35,f1,0.5695
yolo11n,C_finetuned_supervised,grid_search,4.0,0.0,f1,0.7991
yolo11m,A_unfinetuned,baseline,0.0,0.0,f1,0.0001
yolo11m,A_unfinetuned,bo_exploration,4.0,0.2,f1,0.683
yolo11m,A_unfinetuned,bo_exploitation,3.0,0.04,f1,0.6514
yolo11m,A_unfinetuned,grid_search,4.0,0.5,f1,0.682
yolo11m,B_finetuned_unsupervised,baseline,0.0,0.0,f1,0.0
yolo11m,B_finetuned_unsupervised,bo_exploration,2.0,-0.12,f1,0.5708
yolo11m,B_finetuned_unsupervised,bo_exploitation,3.0,0.58,f1,0.7112
yolo11m,B_finetuned_unsupervised,grid_search,4.0,0.5,f1,0.7352
yolo11m,C_finetuned_supervised,bo_exploration,4.0,-0.12,f1,0.7475
yolo11m,C_finetuned_supervised,bo_exploitation,4.0,-0.09,f1,0.7475
yolo11m,C_finetuned_supervised,grid_search,4.0,0.0,f1,0.7475
rtdetr-l,A_unfinetuned,baseline,0.0,0.0,f1,0.0023
rtdetr-l,A_unfinetuned,bo_exploration,4.0,0.6,f1,0.6923
rtdetr-l,A_unfinetuned,bo_exploitation,2.0,0.09,f1,0.498
rtdetr-l,A_unfinetuned,grid_search,4.0,0.5,f1,0.6923
rtdetr-l,B_finetuned_unsupervised,baseline,0.0,0.0,f1,0.0003
rtdetr-l,B_finetuned_unsupervised,bo_exploration,3.0,0.62,f1,0.694
rtdetr-l,B_finetuned_unsupervised,bo_exploitation,4.0,0.41,f1,0.726
rtdetr-l,B_finetuned_unsupervised,grid_search,4.0,0.5,f1,0.726
rtdetr-l,C_finetuned_supervised,bo_exploration,3.0,-0.12,f1,0.6692
rtdetr-l,C_finetuned_supervised,bo_exploitation,3.0,0.28,f1,0.6737
rtdetr-l,C_finetuned_supervised,grid_search,4.0,0.25,f1,0.7148
yolo11n,A_unfinetuned,baseline,0.0,0.0,f1,0.0002
yolo11n,A_unfinetuned,bo_exploration,4.0,0.62,f1,0.7519
yolo11n,A_unfinetuned,bo_exploitation,3.0,0.26,f1,0.7232
yolo11n,A_unfinetuned,grid_search,4.0,0.5,f1,0.7519
yolo11n,B_finetuned_unsupervised,baseline,0.0,0.0,f1,0.0
yolo11n,B_finetuned_unsupervised,bo_exploration,4.0,0.62,f1,0.7807
yolo11n,B_finetuned_unsupervised,bo_exploitation,3.0,0.36,f1,0.7448
yolo11n,B_finetuned_unsupervised,grid_search,4.0,0.5,f1,0.7807
yolo11n,C_finetuned_supervised,bo_exploration,4.0,-0.12,f1,0.7987
yolo11n,C_finetuned_supervised,bo_exploitation,3.0,-0.12,f1,0.7342
yolo11n,C_finetuned_supervised,grid_search,4.0,0.0,f1,0.7987
yolo11m,A_unfinetuned,baseline,0.0,0.0,f1,0.0002
yolo11m,A_unfinetuned,bo_exploration,3.0,0.62,f1,0.7249
yolo11m,A_unfinetuned,bo_exploitation,3.0,0.62,f1,0.7249
yolo11m,A_unfinetuned,grid_search,4.0,0.5,f1,0.7411
yolo11m,B_finetuned_unsupervised,baseline,0.0,0.0,f1,0.0001
yolo11m,B_finetuned_unsupervised,bo_exploration,4.0,0.62,f1,0.7305
yolo11m,B_finetuned_unsupervised,bo_exploitation,3.0,0.62,f1,0.7127
yolo11m,B_finetuned_unsupervised,grid_search,4.0,0.5,f1,0.7305
yolo11m,C_finetuned_supervised,bo_exploration,2.0,0.62,f1,0.5873
yolo11m,C_finetuned_supervised,bo_exploitation,4.0,0.08,f1,0.7426
yolo11m,C_finetuned_supervised,grid_search,4.0,0.0,f1,0.7426
rtdetr-l,A_unfinetuned,baseline,0.0,0.0,f1,0.0006
rtdetr-l,A_unfinetuned,bo_exploration,4.0,0.62,f1,0.7117
rtdetr-l,A_unfinetuned,bo_exploitation,2.0,0.61,f1,0.5275
rtdetr-l,A_unfinetuned,grid_search,4.0,0.5,f1,0.7117
rtdetr-l,B_finetuned_unsupervised,baseline,0.0,0.0,f1,0.0
rtdetr-l,B_finetuned_unsupervised,bo_exploration,4.0,0.21,f1,0.7677
rtdetr-l,B_finetuned_unsupervised,bo_exploitation,1.0,0.56,f1,0.0011
rtdetr-l,B_finetuned_unsupervised,grid_search,4.0,0.5,f1,0.7693
rtdetr-l,C_finetuned_supervised,bo_exploration,4.0,-0.12,f1,0.7749
rtdetr-l,C_finetuned_supervised,bo_exploitation,4.0,0.23,f1,0.7677
rtdetr-l,C_finetuned_supervised,grid_search,4.0,0.0,f1,0.7749
yolo11n,A_unfinetuned,baseline,0.0,0.0,f1,0.0
yolo11n,A_unfinetuned,bo_exploration,2.0,0.62,f1,0.5829
yolo11n,A_unfinetuned,bo_exploitation,2.0,0.39,f1,0.5829
yolo11n,A_unfinetuned,grid_search,4.0,0.5,f1,0.7612
yolo11n,B_finetuned_unsupervised,baseline,0.0,0.0,f1,0.0
yolo11n,B_finetuned_unsupervised,bo_exploration,3.0,0.62,f1,0.7147
yolo11n,B_finetuned_unsupervised,bo_exploitation,3.0,-0.01,f1,0.7174
yolo11n,B_finetuned_unsupervised,grid_search,4.0,0.5,f1,0.7503
yolo11n,C_finetuned_supervised,bo_exploration,4.0,-0.12,f1,0.7718
yolo11n,C_finetuned_supervised,bo_exploitation,4.0,-0.12,f1,0.7718
yolo11n,C_finetuned_supervised,grid_search,4.0,0.0,f1,0.7718
yolo11m,A_unfinetuned,baseline,0.0,0.0,f1,0.0
yolo11m,A_unfinetuned,bo_exploration,3.0,0.27,f1,0.7103
yolo11m,A_unfinetuned,bo_exploitation,3.0,0.62,f1,0.7082
yolo11m,A_unfinetuned,grid_search,4.0,0.5,f1,0.7361
yolo11m,B_finetuned_unsupervised,baseline,0.0,0.0,f1,0.0
yolo11m,B_finetuned_unsupervised,bo_exploration,4.0,0.12,f1,0.763
yolo11m,B_finetuned_unsupervised,bo_exploitation,4.0,0.62,f1,0.7482
yolo11m,B_finetuned_unsupervised,grid_search,4.0,0.5,f1,0.7482
yolo11m,C_finetuned_supervised,bo_exploration,4.0,-0.12,f1,0.763
yolo11m,C_finetuned_supervised,bo_exploitation,4.0,0.28,f1,0.7524
yolo11m,C_finetuned_supervised,grid_search,4.0,0.25,f1,0.7524
rtdetr-l,A_unfinetuned,baseline,0.0,0.0,f1,0.0009
rtdetr-l,A_unfinetuned,bo_exploration,4.0,0.62,f1,0.6638
rtdetr-l,A_unfinetuned,bo_exploitation,4.0,0.57,f1,0.6638
rtdetr-l,A_unfinetuned,grid_search,4.0,0.5,f1,0.6638
rtdetr-l,B_finetuned_unsupervised,baseline,0.0,0.0,f1,0.0005
rtdetr-l,B_finetuned_unsupervised,bo_exploration,4.0,0.47,f1,0.7335
rtdetr-l,B_finetuned_unsupervised,bo_exploitation,4.0,-0.12,f1,0.7211
rtdetr-l,B_finetuned_unsupervised,grid_search,4.0,0.5,f1,0.7335
rtdetr-l,C_finetuned_supervised,bo_exploration,4.0,-0.08,f1,0.7211
rtdetr-l,C_finetuned_supervised,bo_exploitation,2.0,0.29,f1,0.5395
rtdetr-l,C_finetuned_supervised,grid_search,4.0,0.5,f1,0.7335
rtdetr-l,A_unfinetuned,baseline,0.0,0.0,f1,0.0005
rtdetr-l,A_unfinetuned,bo_exploration,3.0,0.47,f1,0.6097
rtdetr-l,A_unfinetuned,bo_exploitation,3.0,0.51,f1,0.6097
rtdetr-l,A_unfinetuned,grid_search,4.0,0.5,f1,0.6427
rtdetr-l,B_finetuned_unsupervised,baseline,0.0,0.0,f1,0.0022
rtdetr-l,B_finetuned_unsupervised,bo_exploration,3.0,0.12,f1,0.6987
rtdetr-l,B_finetuned_unsupervised,bo_exploitation,4.0,0.55,f1,0.7371
rtdetr-l,B_finetuned_unsupervised,grid_search,4.0,0.5,f1,0.7371
rtdetr-l,C_finetuned_supervised,bo_exploration,4.0,-0.09,f1,0.737
rtdetr-l,C_finetuned_supervised,bo_exploitation,1.0,0.61,f1,0.0222
rtdetr-l,C_finetuned_supervised,grid_search,4.0,0.0,f1,0.737
rtdetr-l,A_unfinetuned,baseline,0.0,0.0,f1,0.0003
rtdetr-l,A_unfinetuned,bo_exploration,3.0,0.62,f1,0.6579
rtdetr-l,A_unfinetuned,bo_exploitation,4.0,0.28,f1,0.6776
rtdetr-l,A_unfinetuned,grid_search,4.0,0.5,f1,0.6867
rtdetr-l,B_finetuned_unsupervised,baseline,0.0,0.0,f1,0.0002
yolo11n,A_unfinetuned,baseline,0.0,0.0,f1,0.0
yolo11n,A_unfinetuned,bo_exploration,4.0,0.62,f1,0.7523
yolo11n,A_unfinetuned,bo_exploitation,2.0,0.42,f1,0.5412
yolo11n,A_unfinetuned,grid_search,4.0,0.5,f1,0.7523
yolo11n,B_finetuned_unsupervised,baseline,0.0,0.0,f1,0.0
yolo11n,B_finetuned_unsupervised,bo_exploration,3.0,0.52,f1,0.7414
yolo11n,B_finetuned_unsupervised,bo_exploitation,4.0,0.56,f1,0.7804
yolo11n,B_finetuned_unsupervised,grid_search,4.0,0.5,f1,0.7804
yolo11n,C_finetuned_supervised,bo_exploration,4.0,-0.12,f1,0.7985
yolo11n,C_finetuned_supervised,bo_exploitation,4.0,-0.12,f1,0.7985
yolo11n,C_finetuned_supervised,grid_search,4.0,0.0,f1,0.7985
yolo11m,A_unfinetuned,baseline,0.0,0.0,f1,0.0
yolo11m,A_unfinetuned,bo_exploration,4.0,0.62,f1,0.7329
yolo11m,A_unfinetuned,bo_exploitation,3.0,-0.12,f1,0.7059
yolo11m,A_unfinetuned,grid_search,4.0,0.5,f1,0.7329
yolo11m,B_finetuned_unsupervised,baseline,0.0,0.0,f1,0.0001
yolo11m,B_finetuned_unsupervised,bo_exploration,4.0,0.37,f1,0.7327
yolo11m,B_finetuned_unsupervised,bo_exploitation,3.0,0.38,f1,0.7125
yolo11m,B_finetuned_unsupervised,grid_search,4.0,0.5,f1,0.7305
yolo11m,C_finetuned_supervised,bo_exploration,3.0,-0.12,f1,0.7053
yolo11m,C_finetuned_supervised,bo_exploitation,3.0,0.32,f1,0.7121
yolo11m,C_finetuned_supervised,grid_search,4.0,0.0,f1,0.7427
yolo11n,A_unfinetuned,baseline,0.0,0.0,f1,0.0
yolo11n,A_unfinetuned,bo_exploration,3.0,0.62,f1,0.7362
yolo11n,A_unfinetuned,bo_exploitation,3.0,0.56,f1,0.7362
yolo11n,A_unfinetuned,grid_search,4.0,0.5,f1,0.7676
yolo11n,B_finetuned_unsupervised,baseline,0.0,0.0,f1,0.0
yolo11n,B_finetuned_unsupervised,bo_exploration,4.0,0.62,f1,0.7811
yolo11n,B_finetuned_unsupervised,bo_exploitation,3.0,0.62,f1,0.742
yolo11n,B_finetuned_unsupervised,grid_search,4.0,0.5,f1,0.7811
yolo11n,C_finetuned_supervised,bo_exploration,3.0,0.53,f1,0.742
yolo11n,C_finetuned_supervised,bo_exploitation,3.0,0.02,f1,0.7343
yolo11n,C_finetuned_supervised,grid_search,4.0,0.0,f1,0.799
yolo11m,A_unfinetuned,baseline,0.0,0.0,f1,0.0
yolo11m,A_unfinetuned,bo_exploration,3.0,0.62,f1,0.7022
yolo11m,A_unfinetuned,bo_exploitation,3.0,0.41,f1,0.7022
yolo11m,A_unfinetuned,grid_search,4.0,0.5,f1,0.7388
yolo11m,B_finetuned_unsupervised,baseline,0.0,0.0,f1,0.0001
yolo11m,B_finetuned_unsupervised,bo_exploration,4.0,0.62,f1,0.7309
yolo11m,B_finetuned_unsupervised,bo_exploitation,3.0,-0.12,f1,0.7057
yolo11m,B_finetuned_unsupervised,grid_search,4.0,0.5,f1,0.7309
yolo11m,C_finetuned_supervised,bo_exploration,4.0,0.54,f1,0.7309
yolo11m,C_finetuned_supervised,bo_exploitation,3.0,0.28,f1,0.7126
yolo11m,C_finetuned_supervised,grid_search,4.0,0.0,f1,0.7433
yolo11n,A_unfinetuned,baseline,0.0,0.0,f1,0.0001
yolo11n,A_unfinetuned,bo_exploration,1.0,0.36,f1,0.0139
yolo11n,A_unfinetuned,bo_exploitation,4.0,0.62,f1,0.777
yolo11n,A_unfinetuned,grid_search,4.0,0.5,f1,0.777
yolo11n,B_finetuned_unsupervised,baseline,0.0,0.0,f1,0.0
yolo11m,A_unfinetuned,baseline,0.0,0.0,f1,0.0002
yolo11m,A_unfinetuned,bo_exploration,4.0,0.62,f1,0.7013
yolo11m,A_unfinetuned,bo_exploitation,1.0,0.34,f1,0.0189
yolo11m,A_unfinetuned,grid_search,4.0,0.5,f1,0.7013
yolo11m,B_finetuned_unsupervised,baseline,0.0,0.0,f1,0.0001
yolo11m,B_finetuned_unsupervised,bo_exploration,3.0,0.62,f1,0.7129
yolo11m,B_finetuned_unsupervised,bo_exploitation,1.0,0.19,f1,0.013
yolo11m,B_finetuned_unsupervised,grid_search,4.0,0.5,f1,0.7309
yolo11m,C_finetuned_supervised,bo_exploration,2.0,0.31,f1,0.585
yolo11m,C_finetuned_supervised,bo_exploitation,3.0,-0.02,f1,0.7057
yolo11m,C_finetuned_supervised,grid_search,4.0,0.0,f1,0.7433
rtdetr-l,A_unfinetuned,baseline,0.0,0.0,f1,0.0001
rtdetr-l,A_unfinetuned,bo_exploration,1.0,0.46,f1,0.0017
rtdetr-l,A_unfinetuned,bo_exploitation,3.0,0.46,f1,0.6527
rtdetr-l,A_unfinetuned,grid_search,4.0,0.5,f1,0.7083
rtdetr-l,B_finetuned_unsupervised,baseline,0.0,0.0,f1,0.0047
rtdetr-l,B_finetuned_unsupervised,bo_exploration,3.0,0.62,f1,0.5762
rtdetr-l,B_finetuned_unsupervised,bo_exploitation,1.0,0.3,f1,0.0222
rtdetr-l,B_finetuned_unsupervised,grid_search,4.0,0.5,f1,0.63
rtdetr-l,C_finetuned_supervised,bo_exploration,4.0,-0.12,f1,0.6463
rtdetr-l,C_finetuned_supervised,bo_exploitation,4.0,-0.06,f1,0.6463
rtdetr-l,C_finetuned_supervised,grid_search,4.0,0.0,f1,0.6463
yolo11n,A_unfinetuned,baseline,0.0,0.0,f1,0.0
yolo11n,B_finetuned_unsupervised,baseline,0.0,0.0,f1,0.0
yolo11n,B_finetuned_unsupervised,bo_exploration,4.0,0.62,f1,0.7565
yolo11n,B_finetuned_unsupervised,bo_exploitation,4.0,0.62,f1,0.7565
yolo11n,B_finetuned_unsupervised,grid_search,4.0,0.5,f1,0.7565
yolo11n,C_finetuned_supervised,bo_exploration,2.0,-0.05,f1,0.5566
yolo11n,C_finetuned_supervised,bo_exploitation,3.0,0.08,f1,0.7247
yolo11n,C_finetuned_supervised,grid_search,4.0,0.0,f1,0.7759
yolo11m,A_unfinetuned,baseline,0.0,0.0,f1,0.0001
yolo11m,A_unfinetuned,bo_exploration,2.0,0.62,f1,0.5779
yolo11m,A_unfinetuned,bo_exploitation,4.0,0.5,f1,0.7326
yolo11m,A_unfinetuned,grid_search,4.0,0.5,f1,0.7326
yolo11m,B_finetuned_unsupervised,baseline,0.0,0.0,f1,0.0001
yolo11m,B_finetuned_unsupervised,bo_exploration,3.0,-0.1,f1,0.7054
yolo11m,B_finetuned_unsupervised,bo_exploitation,3.0,0.62,f1,0.7124
yolo11m,B_finetuned_unsupervised,grid_search,4.0,0.5,f1,0.7303
yolo11m,C_finetuned_supervised,bo_exploration,2.0,0.43,f1,0.5884
yolo11m,C_finetuned_supervised,bo_exploitation,4.0,-0.07,f1,0.7425
yolo11m,C_finetuned_supervised,grid_search,4.0,0.0,f1,0.7425
rtdetr-l,A_unfinetuned,baseline,0.0,0.0,f1,0.0001
rtdetr-l,A_unfinetuned,bo_exploration,4.0,0.16,f1,0.6866
rtdetr-l,A_unfinetuned,bo_exploitation,4.0,0.58,f1,0.6975
rtdetr-l,A_unfinetuned,grid_search,4.0,0.5,f1,0.6975
rtdetr-l,B_finetuned_unsupervised,baseline,0.0,0.0,f1,0.0001
rtdetr-l,B_finetuned_unsupervised,bo_exploration,4.0,0.62,f1,0.7667
rtdetr-l,B_finetuned_unsupervised,bo_exploitation,3.0,0.4,f1,0.7401
rtdetr-l,B_finetuned_unsupervised,grid_search,4.0,0.5,f1,0.7667
rtdetr-l,C_finetuned_supervised,bo_exploration,3.0,-0.12,f1,0.7282
rtdetr-l,C_finetuned_supervised,bo_exploitation,3.0,0.49,f1,0.7401
rtdetr-l,C_finetuned_supervised,grid_search,4.0,0.0,f1,0.768
yolo11n,A_unfinetuned,baseline,0.0,0.0,f1,0.0
yolo11n,A_unfinetuned,bo_exploration,4.0,0.45,f1,0.7518
yolo11n,A_unfinetuned,bo_exploitation,4.0,0.48,f1,0.7518
yolo11n,A_unfinetuned,grid_search,4.0,0.5,f1,0.7518
yolo11n,B_finetuned_unsupervised,baseline,0.0,0.0,f1,0.0
yolo11n,B_finetuned_unsupervised,bo_exploration,4.0,0.62,f1,0.7621
yolo11n,B_finetuned_unsupervised,bo_exploitation,3.0,0.48,f1,0.7193
yolo11n,B_finetuned_unsupervised,grid_search,4.0,0.5,f1,0.7621
yolo11n,C_finetuned_supervised,bo_exploration,3.0,-0.12,f1,0.7229
yolo11n,C_finetuned_supervised,bo_exploitation,4.0,-0.12,f1,0.7803
yolo11n,C_finetuned_supervised,grid_search,4.0,0.0,f1,0.7803
yolo11m,A_unfinetuned,baseline,0.0,0.0,f1,0.0001
yolo11m,B_finetuned_unsupervised,baseline,0.0,0.0,f1,0.0001
yolo11m,B_finetuned_unsupervised,bo_exploration,3.0,0.62,f1,0.7124
yolo11m,B_finetuned_unsupervised,bo_exploitation,2.0,-0.01,f1,0.5877
yolo11m,B_finetuned_unsupervised,grid_search,4.0,0.5,f1,0.7305
yolo11m,C_finetuned_supervised,bo_exploration,3.0,-0.12,f1,0.7054
yolo11m,C_finetuned_supervised,bo_exploitation,3.0,0.59,f1,0.7124
yolo11m,C_finetuned_supervised,grid_search,4.0,0.0,f1,0.7429
rtdetr-l,A_unfinetuned,baseline,0.0,0.0,f1,0.0001
rtdetr-l,A_unfinetuned,bo_exploration,1.0,0.62,f1,0.0031
rtdetr-l,A_unfinetuned,bo_exploitation,3.0,0.62,f1,0.7217
rtdetr-l,A_unfinetuned,grid_search,4.0,0.5,f1,0.7495
rtdetr-l,B_finetuned_unsupervised,baseline,0.0,0.0,f1,0.0003
rtdetr-l,B_finetuned_unsupervised,bo_exploration,4.0,0.59,f1,0.7162
rtdetr-l,B_finetuned_unsupervised,bo_exploitation,2.0,0.03,f1,0.5005
rtdetr-l,B_finetuned_unsupervised,grid_search,4.0,0.5,f1,0.7162
rtdetr-l,C_finetuned_supervised,bo_exploration,4.0,-0.12,f1,0.709
rtdetr-l,C_finetuned_supervised,bo_exploitation,3.0,-0.07,f1,0.6642
rtdetr-l,C_finetuned_supervised,grid_search,4.0,0.0,f1,0.709
yolo11n,A_unfinetuned,baseline,0.0,0.0,f1,0.0007
yolo11n,A_unfinetuned,bo_exploration,4.0,0.15,f1,0.7356
yolo11n,A_unfinetuned,bo_exploitation,4.0,0.55,f1,0.7292
yolo11n,A_unfinetuned,grid_search,4.0,0.5,f1,0.7292
yolo11n,B_finetuned_unsupervised,baseline,0.0,0.0,f1,0.0
yolo11n,B_finetuned_unsupervised,bo_exploration,4.0,0.62,f1,0.7806
yolo11n,B_finetuned_unsupervised,bo_exploitation,4.0,0.59,f1,0.7806
yolo11n,B_finetuned_unsupervised,grid_search,4.0,0.5,f1,0.7806
yolo11n,C_finetuned_supervised,bo_exploration,3.0,0.19,f1,0.7449
yolo11n,C_finetuned_supervised,bo_exploitation,4.0,-0.12,f1,0.7988
yolo11n,C_finetuned_supervised,grid_search,4.0,0.0,f1,0.7988
yolo11m,A_unfinetuned,baseline,0.0,0.0,f1,0.0001
yolo11m,A_unfinetuned,bo_exploration,3.0,0.35,f1,0.6823
yolo11m,A_unfinetuned,bo_exploitation,3.0,0.21,f1,0.6823
yolo11m,A_unfinetuned,grid_search,4.0,0.5,f1,0.7074
yolo11m,B_finetuned_unsupervised,baseline,0.0,0.0,f1,0.0001
rtdetr-l,A_unfinetuned,baseline,0.0,0.0,f1,0.0002
rtdetr-l,B_finetuned_unsupervised,baseline,0.0,0.0,f1,0.0007
rtdetr-l,A_unfinetuned,baseline,0.0,0.0,f1,0.0006
rtdetr-l,A_unfinetuned,bo_exploration,2.0,0.35,f1,0.4612
rtdetr-l,A_unfinetuned,bo_exploitation,2.0,-0.03,f1,0.4497
rtdetr-l,A_unfinetuned,grid_search,4.0,0.5,f1,0.6583
rtdetr-l,B_finetuned_unsupervised,baseline,0.0,0.0,f1,0.0
rtdetr-l,B_finetuned_unsupervised,bo_exploration,2.0,0.48,f1,0.5527
rtdetr-l,B_finetuned_unsupervised,bo_exploitation,4.0,0.47,f1,0.7748
rtdetr-l,B_finetuned_unsupervised,grid_search,4.0,0.5,f1,0.7748
rtdetr-l,C_finetuned_supervised,bo_exploration,4.0,-0.11,f1,0.7776
rtdetr-l,C_finetuned_supervised,bo_exploitation,4.0,0.11,f1,0.7776
rtdetr-l,C_finetuned_supervised,grid_search,4.0,0.0,f1,0.7776
rtdetr-l,A_unfinetuned,baseline,0.0,0.0,f1,0.0006
rtdetr-l,A_unfinetuned,bo_exploration,4.0,0.62,f1,0.6908
rtdetr-l,A_unfinetuned,bo_exploitation,3.0,0.0,f1,0.643
rtdetr-l,A_unfinetuned,grid_search,4.0,0.5,f1,0.6908
rtdetr-l,B_finetuned_unsupervised,baseline,0.0,0.0,f1,0.0002
rtdetr-l,B_finetuned_unsupervised,bo_exploration,3.0,0.62,f1,0.6327
rtdetr-l,B_finetuned_unsupervised,bo_exploitation,4.0,0.43,f1,0.6821
rtdetr-l,B_finetuned_unsupervised,grid_search,4.0,0.5,f1,0.6821
rtdetr-l,C_finetuned_supervised,bo_exploration,4.0,-0.12,f1,0.6828
rtdetr-l,C_finetuned_supervised,bo_exploitation,3.0,0.5,f1,0.6327
rtdetr-l,C_finetuned_supervised,grid_search,4.0,0.0,f1,0.6828
yolo11n,A_unfinetuned,baseline,0.0,0.0,f1,0.0
yolo11n,A_unfinetuned,bo_exploration,4.0,0.62,f1,0.7506
yolo11n,A_unfinetuned,bo_exploitation,2.0,0.23,f1,0.5195
yolo11n,A_unfinetuned,grid_search,4.0,0.5,f1,0.7506
yolo11n,B_finetuned_unsupervised,baseline,0.0,0.0,f1,0.0
yolo11n,B_finetuned_unsupervised,bo_exploration,2.0,0.58,f1,0.5745
yolo11n,B_finetuned_unsupervised,bo_exploitation,2.0,0.13,f1,0.5698
yolo11n,B_finetuned_unsupervised,grid_search,4.0,0.5,f1,0.7802
yolo11m,A_unfinetuned,baseline,0.0,0.0,f1,0.0
yolo11m,A_unfinetuned,bo_exploration,4.0,-0.12,f1,0.7321
yolo11m,A_unfinetuned,bo_exploitation,4.0,0.45,f1,0.7197
yolo11m,A_unfinetuned,grid_search,4.0,0.5,f1,0.7197
yolo11m,B_finetuned_unsupervised,baseline,0.0,0.0,f1,0.0001
yolo11m,B_finetuned_unsupervised,bo_exploration,4.0,0.62,f1,0.73
yolo11m,B_finetuned_unsupervised,bo_exploitation,1.0,0.33,f1,0.0131
yolo11m,B_finetuned_unsupervised,grid_search,4.0,0.5,f1,0.73
yolo11m,C_finetuned_supervised,bo_exploration,4.0,-0.12,f1,0.7424
yolo11m,C_finetuned_supervised,bo_exploitation,4.0,0.0,f1,0.7424
yolo11m,C_finetuned_supervised,grid_search,4.0,0.0,f1,0.7424
yolo11n,A_unfinetuned,baseline,0.0,0.0,f1,0.0
yolo11n,A_unfinetuned,bo_exploration,3.0,0.2,f1,0.7251
yolo11n,A_unfinetuned,bo_exploitation,4.0,0.4,f1,0.754
yolo11n,A_unfinetuned,grid_search,4.0,0.5,f1,0.754
yolo11n,B_finetuned_unsupervised,baseline,0.0,0.0,f1,0.0
yolo11n,B_finetuned_unsupervised,bo_exploration,4.0,0.5,f1,0.7567
yolo11n,B_finetuned_unsupervised,bo_exploitation,4.0,0.48,f1,0.7567
yolo11n,B_finetuned_unsupervised,grid_search,4.0,0.5,f1,0.7567
yolo11n,C_finetuned_supervised,bo_exploration,3.0,-0.12,f1,0.7243
yolo11n,C_finetuned_supervised,bo_exploitation,4.0,0.26,f1,0.7644
yolo11n,C_finetuned_supervised,grid_search,4.0,0.0,f1,0.7762
yolo11m,A_unfinetuned,baseline,0.0,0.0,f1,0.0002
yolo11m,A_unfinetuned,bo_exploration,4.0,0.62,f1,0.6759
yolo11m,A_unfinetuned,bo_exploitation,3.0,0.62,f1,0.6293
yolo11m,A_unfinetuned,grid_search,4.0,0.5,f1,0.6759
yolo11m,B_finetuned_unsupervised,baseline,0.0,0.0,f1,0.0001
yolo11m,B_finetuned_unsupervised,bo_exploration,3.0,0.42,f1,0.7123
yolo11m,B_finetuned_unsupervised,bo_exploitation,2.0,0.48,f1,0.5869
yolo11m,B_finetuned_unsupervised,grid_search,4.0,0.5,f1,0.7303
yolo11m,C_finetuned_supervised,bo_exploration,3.0,-0.12,f1,0.7052
yolo11m,C_finetuned_supervised,bo_exploitation,1.0,0.52,f1,0.013
yolo11m,C_finetuned_supervised,grid_search,4.0,0.0,f1,0.7426
yolo11n,A_unfinetuned,baseline,0.0,0.0,f1,0.0
yolo11n,A_unfinetuned,bo_exploration,4.0,0.55,f1,0.7523
yolo11n,A_unfinetuned,bo_exploitation,3.0,0.47,f1,0.7104
yolo11n,A_unfinetuned,grid_search,4.0,0.5,f1,0.7523
yolo11n,B_finetuned_unsupervised,baseline,0.0,0.0,f1,0.0
yolo11n,B_finetuned_unsupervised,bo_exploration,4.0,0.62,f1,0.7805
yolo11n,B_finetuned_unsupervised,bo_exploitation,3.0,0.62,f1,0.7417
yolo11n,B_finetuned_unsupervised,grid_search,4.0,0.5,f1,0.7805
yolo11n,C_finetuned_supervised,bo_exploration,4.0,-0.12,f1,0.7985
yolo11n,C_finetuned_supervised,bo_exploitation,3.0,0.51,f1,0.7417
yolo11n,C_finetuned_supervised,grid_search,4.0,0.0,f1,0.7985
yolo11m,A_unfinetuned,baseline,0.0,0.0,f1,0.0008
yolo11m,A_unfinetuned,bo_exploration,4.0,0.62,f1,0.6695
yolo11m,A_unfinetuned,bo_exploitation,3.0,0.45,f1,0.6458
yolo11m,A_unfinetuned,grid_search,4.0,0.5,f1,0.6695
yolo11m,B_finetuned_unsupervised,baseline,0.0,0.0,f1,0.0001
yolo11m,B_finetuned_unsupervised,bo_exploration,3.0,0.39,f1,0.7126
yolo11m,B_finetuned_unsupervised,bo_exploitation,4.0,0.51,f1,0.7304
yolo11m,B_finetuned_unsupervised,grid_search,4.0,0.5,f1,0.7304
yolo11m,C_finetuned_supervised,bo_exploration,4.0,-0.06,f1,0.7428
yolo11m,C_finetuned_supervised,bo_exploitation,4.0,0.5,f1,0.7304
yolo11m,C_finetuned_supervised,grid_search,4.0,0.0,f1,0.7428
rtdetr-l,A_unfinetuned,baseline,0.0,0.0,f1,0.0006
rtdetr-l,A_unfinetuned,bo_exploration,3.0,0.27,f1,0.6661
rtdetr-l,A_unfinetuned,bo_exploitation,4.0,0.48,f1,0.699
rtdetr-l,A_unfinetuned,grid_search,4.0,0.5,f1,0.699
rtdetr-l,B_finetuned_unsupervised,baseline,0.0,0.0,f1,0.0016
rtdetr-l,B_finetuned_unsupervised,bo_exploration,3.0,-0.12,f1,0.6054
rtdetr-l,B_finetuned_unsupervised,bo_exploitation,2.0,-0.08,f1,0.4203
rtdetr-l,B_finetuned_unsupervised,grid_search,4.0,0.5,f1,0.6629
rtdetr-l,C_finetuned_supervised,bo_exploration,4.0,0.62,f1,0.6629
rtdetr-l,C_finetuned_supervised,bo_exploitation,4.0,-0.09,f1,0.6578
rtdetr-l,C_finetuned_supervised,grid_search,4.0,0.5,f1,0.6629
yolo11n,A_unfinetuned,baseline,0.0,0.0,f1,0.0
yolo11n,B_finetuned_unsupervised,baseline,0.0,0.0,f1,0.0
yolo11n,B_finetuned_unsupervised,bo_exploration,3.0,0.62,f1,0.7416
yolo11n,B_finetuned_unsupervised,bo_exploitation,3.0,0.2,f1,0.7449
yolo11n,B_finetuned_unsupervised,grid_search,4.0,0.5,f1,0.7811
yolo11n,C_finetuned_supervised,bo_exploration,1.0,0.31,f1,0.0097
yolo11n,C_finetuned_supervised,bo_exploitation,3.0,-0.02,f1,0.7339
yolo11n,C_finetuned_supervised,grid_search,4.0,0.0,f1,0.7986
yolo11m,A_unfinetuned,baseline,0.0,0.0,f1,0.0001
yolo11m,A_unfinetuned,bo_exploration,4.0,0.61,f1,0.704
yolo11m,A_unfinetuned,bo_exploitation,1.0,0.62,f1,0.0155
yolo11m,A_unfinetuned,grid_search,4.0,0.5,f1,0.704
yolo11m,B_finetuned_unsupervised,baseline,0.0,0.0,f1,0.0001
yolo11m,B_finetuned_unsupervised,bo_exploration,3.0,0.39,f1,0.7126
yolo11m,B_finetuned_unsupervised,bo_exploitation,2.0,0.48,f1,0.5872
yolo11m,B_finetuned_unsupervised,grid_search,4.0,0.5,f1,0.7307
yolo11m,C_finetuned_supervised,bo_exploration,2.0,0.36,f1,0.5846
yolo11m,C_finetuned_supervised,bo_exploitation,2.0,-0.03,f1,0.5875
yolo11m,C_finetuned_supervised,grid_search,4.0,0.0,f1,0.7427
rtdetr-l,A_unfinetuned,baseline,0.0,0.0,f1,0.0008
rtdetr-l,A_unfinetuned,bo_exploration,4.0,-0.08,f1,0.6947
rtdetr-l,A_unfinetuned,bo_exploitation,3.0,0.57,f1,0.666
rtdetr-l,A_unfinetuned,grid_search,4.0,0.5,f1,0.6954
rtdetr-l,B_finetuned_unsupervised,baseline,0.0,0.0,f1,0.0032
rtdetr-l,B_finetuned_unsupervised,bo_exploration,4.0,0.03,f1,0.6522
rtdetr-l,B_finetuned_unsupervised,bo_exploitation,1.0,0.39,f1,0.0138
rtdetr-l,B_finetuned_unsupervised,grid_search,4.0,0.5,f1,0.6619
rtdetr-l,C_finetuned_supervised,bo_exploration,3.0,-0.12,f1,0.6153
rtdetr-l,C_finetuned_supervised,bo_exploitation,3.0,0.39,f1,0.6357
rtdetr-l,C_finetuned_supervised,grid_search,4.0,0.0,f1,0.6522
yolo11n,A_unfinetuned,baseline,0.0,0.0,f1,0.0
yolo11n,A_unfinetuned,bo_exploration,2.0,0.09,f1,0.5045
yolo11n,A_unfinetuned,bo_exploitation,4.0,0.62,f1,0.7636
yolo11n,A_unfinetuned,grid_search,4.0,0.5,f1,0.7636
yolo11n,B_finetuned_unsupervised,baseline,0.0,0.0,f1,0.0
yolo11n,B_finetuned_unsupervised,bo_exploration,4.0,0.62,f1,0.7809
yolo11n,B_finetuned_unsupervised,bo_exploitation,4.0,0.51,f1,0.7809
yolo11n,B_finetuned_unsupervised,grid_search,4.0,0.5,f1,0.7809
yolo11m,A_unfinetuned,baseline,0.0,0.0,f1,0.0002
yolo11m,A_unfinetuned,bo_exploration,3.0,0.56,f1,0.6231
yolo11m,B_finetuned_unsupervised,baseline,0.0,0.0,f1,0.0001
yolo11m,B_finetuned_unsupervised,bo_exploration,1.0,-0.06,f1,0.0131
yolo11m,B_finetuned_unsupervised,bo_exploitation,2.0,0.15,f1,0.5848
yolo11m,B_finetuned_unsupervised,grid_search,4.0,0.5,f1,0.7309
yolo11m,C_finetuned_supervised,bo_exploration,4.0,0.1,f1,0.743
yolo11m,C_finetuned_supervised,bo_exploitation,4.0,0.31,f1,0.7331
yolo11m,C_finetuned_supervised,grid_search,4.0,0.0,f1,0.743
rtdetr-l,A_unfinetuned,baseline,0.0,0.0,f1,0.0004
rtdetr-l,A_unfinetuned,bo_exploration,3.0,-0.06,f1,0.6115
rtdetr-l,A_unfinetuned,bo_exploitation,4.0,0.47,f1,0.6603
rtdetr-l,A_unfinetuned,grid_search,4.0,0.5,f1,0.6603
rtdetr-l,B_finetuned_unsupervised,baseline,0.0,0.0,f1,0.0
rtdetr-l,B_finetuned_unsupervised,bo_exploration,4.0,0.62,f1,0.7733
rtdetr-l,B_finetuned_unsupervised,bo_exploitation,3.0,-0.08,f1,0.7213
rtdetr-l,B_finetuned_unsupervised,grid_search,4.0,0.5,f1,0.7733
rtdetr-l,C_finetuned_supervised,bo_exploration,4.0,0.1,f1,0.7632
rtdetr-l,C_finetuned_supervised,bo_exploitation,4.0,-0.08,f1,0.7632
rtdetr-l,C_finetuned_supervised,grid_search,4.0,0.0,f1,0.7632
yolo11n,A_unfinetuned,baseline,0.0,0.0,f1,0.0
yolo11n,A_unfinetuned,bo_exploration,4.0,0.38,f1,0.7776
yolo11n,A_unfinetuned,bo_exploitation,2.0,0.62,f1,0.5547
yolo11n,A_unfinetuned,grid_search,4.0,0.5,f1,0.7776
yolo11n,B_finetuned_unsupervised,baseline,0.0,0.0,f1,0.0
yolo11m,A_unfinetuned,baseline,0.0,0.0,f1,0.0
yolo11m,A_unfinetuned,bo_exploration,2.0,0.29,f1,0.5989
yolo11m,A_unfinetuned,bo_exploitation,1.0,0.06,f1,0.0084
yolo11m,A_unfinetuned,grid_search,4.0,0.5,f1,0.7407
yolo11m,B_finetuned_unsupervised,baseline,0.0,0.0,f1,0.0001
yolo11m,B_finetuned_unsupervised,bo_exploration,2.0,0.01,f1,0.5873
yolo11m,B_finetuned_unsupervised,bo_exploitation,4.0,0.6,f1,0.7309
yolo11m,B_finetuned_unsupervised,grid_search,4.0,0.5,f1,0.7309
rtdetr-l,A_unfinetuned,baseline,0.0,0.0,f1,0.0001
rtdetr-l,A_unfinetuned,bo_exploration,3.0,0.06,f1,0.6528
rtdetr-l,A_unfinetuned,bo_exploitation,2.0,0.46,f1,0.4913
rtdetr-l,A_unfinetuned,grid_search,4.0,0.5,f1,0.7021
rtdetr-l,B_finetuned_unsupervised,baseline,0.0,0.0,f1,0.0002
rtdetr-l,B_finetuned_unsupervised,bo_exploration,1.0,0.44,f1,0.0029
rtdetr-l,B_finetuned_unsupervised,bo_exploitation,2.0,0.18,f1,0.4895
rtdetr-l,B_finetuned_unsupervised,grid_search,4.0,0.5,f1,0.6908
rtdetr-l,C_finetuned_supervised,bo_exploration,4.0,0.2,f1,0.6809
rtdetr-l,C_finetuned_supervised,bo_exploitation,4.0,0.34,f1,0.6809
rtdetr-l,C_finetuned_supervised,grid_search,4.0,0.25,f1,0.6809
rtdetr-l,A_unfinetuned,baseline,0.0,0.0,f1,0.0004
rtdetr-l,A_unfinetuned,bo_exploration,1.0,0.62,f1,0.0052
rtdetr-l,A_unfinetuned,bo_exploitation,4.0,0.47,f1,0.684
rtdetr-l,A_unfinetuned,grid_search,4.0,0.5,f1,0.684
rtdetr-l,B_finetuned_unsupervised,baseline,0.0,0.0,f1,0.0017
rtdetr-l,B_finetuned_unsupervised,bo_exploration,4.0,-0.12,f1,0.6697
rtdetr-l,B_finetuned_unsupervised,bo_exploitation,1.0,0.14,f1,0.0111
rtdetr-l,B_finetuned_unsupervised,grid_search,4.0,0.5,f1,0.6689
rtdetr-l,C_finetuned_supervised,bo_exploration,4.0,-0.03,f1,0.6697
rtdetr-l,C_finetuned_supervised,bo_exploitation,3.0,0.34,f1,0.6276
rtdetr-l,C_finetuned_supervised,grid_search,4.0,0.0,f1,0.6697
rtdetr-l,A_unfinetuned,baseline,0.0,0.0,f1,0.0
rtdetr-l,A_unfinetuned,bo_exploration,4.0,0.62,f1,0.7718
rtdetr-l,A_unfinetuned,bo_exploitation,3.0,-0.02,f1,0.7243
rtdetr-l,A_unfinetuned,grid_search,4.0,0.5,f1,0.7718
rtdetr-l,B_finetuned_unsupervised,baseline,0.0,0.0,f1,0.0001
rtdetr-l,B_finetuned_unsupervised,bo_exploration,4.0,0.62,f1,0.6999
rtdetr-l,B_finetuned_unsupervised,bo_exploitation,3.0,0.45,f1,0.6686
rtdetr-l,B_finetuned_unsupervised,grid_search,4.0,0.5,f1,0.6999
rtdetr-l,C_finetuned_supervised,bo_exploration,3.0,-0.12,f1,0.6545
yolo11n,A_unfinetuned,baseline,0.0,0.0,f1,0.0
yolo11n,A_unfinetuned,bo_exploration,4.0,0.62,f1,0.7545
yolo11n,A_unfinetuned,bo_exploitation,2.0,0.51,f1,0.5378
yolo11n,A_unfinetuned,grid_search,4.0,0.5,f1,0.7545
yolo11n,B_finetuned_unsupervised,baseline,0.0,0.0,f1,0.0
yolo11n,B_finetuned_unsupervised,bo_exploration,3.0,0.62,f1,0.7419
yolo11n,B_finetuned_unsupervised,bo_exploitation,1.0,0.62,f1,0.0098
yolo11n,B_finetuned_unsupervised,grid_search,4.0,0.5,f1,0.7806
yolo11n,C_finetuned_supervised,bo_exploration,4.0,-0.12,f1,0.7985
yolo11n,C_finetuned_supervised,bo_exploitation,3.0,0.07,f1,0.7343
yolo11n,C_finetuned_supervised,grid_search,4.0,0.0,f1,0.7985
yolo11m,A_unfinetuned,baseline,0.0,0.0,f1,0.0001
yolo11m,A_unfinetuned,bo_exploration,4.0,0.62,f1,0.7162
yolo11m,A_unfinetuned,bo_exploitation,2.0,-0.03,f1,0.5769
yolo11m,A_unfinetuned,grid_search,4.0,0.5,f1,0.7162
yolo11m,B_finetuned_unsupervised,baseline,0.0,0.0,f1,0.0001
yolo11m,B_finetuned_unsupervised,bo_exploration,3.0,0.03,f1,0.7059
yolo11m,B_finetuned_unsupervised,bo_exploitation,3.0,0.62,f1,0.713
yolo11m,B_finetuned_unsupervised,grid_search,4.0,0.5,f1,0.731
yolo11m,C_finetuned_supervised,bo_exploration,3.0,-0.08,f1,0.7059
yolo11m,C_finetuned_supervised,bo_exploitation,4.0,-0.12,f1,0.7432
yolo11m,C_finetuned_supervised,grid_search,4.0,0.0,f1,0.7432
yolo11n,A_unfinetuned,baseline,0.0,0.0,f1,0.0001
yolo11n,A_unfinetuned,bo_exploration,4.0,0.62,f1,0.7256
yolo11n,A_unfinetuned,bo_exploitation,2.0,0.62,f1,0.5208
yolo11n,A_unfinetuned,grid_search,4.0,0.5,f1,0.7256
yolo11n,B_finetuned_unsupervised,baseline,0.0,0.0,f1,0.0
yolo11n,B_finetuned_unsupervised,bo_exploration,2.0,0.17,f1,0.5582
yolo11n,B_finetuned_unsupervised,bo_exploitation,1.0,-0.06,f1,0.0105
yolo11n,B_finetuned_unsupervised,grid_search,4.0,0.5,f1,0.7621
yolo11n,C_finetuned_supervised,bo_exploration,4.0,-0.11,f1,0.7803
yolo11n,C_finetuned_supervised,bo_exploitation,3.0,0.15,f1,0.7287
yolo11n,C_finetuned_supervised,grid_search,4.0,0.0,f1,0.7803
yolo11m,A_unfinetuned,baseline,0.0,0.0,f1,0.0003
yolo11m,A_unfinetuned,bo_exploration,3.0,0.43,f1,0.6881
yolo11m,A_unfinetuned,bo_exploitation,3.0,0.42,f1,0.6881
yolo11m,A_unfinetuned,grid_search,4.0,0.5,f1,0.6939
yolo11m,B_finetuned_unsupervised,baseline,0.0,0.0,f1,0.0001
yolo11m,B_finetuned_unsupervised,bo_exploration,2.0,0.52,f1,0.5874
yolo11m,B_finetuned_unsupervised,bo_exploitation,2.0,0.23,f1,0.5848
yolo11m,B_finetuned_unsupervised,grid_search,4.0,0.5,f1,0.7305
yolo11n,A_unfinetuned,baseline,0.0,0.0,f1,0.0001
yolo11n,A_unfinetuned,bo_exploration,2.0,0.61,f1,0.543
yolo11n,A_unfinetuned,bo_exploitation,1.0,-0.01,f1,0.0125
yolo11n,A_unfinetuned,grid_search,4.0,0.5,f1,0.7426
yolo11n,B_finetuned_unsupervised,baseline,0.0,0.0,f1,0.0
yolo11n,B_finetuned_unsupervised,bo_exploration,3.0,0.62,f1,0.742
yolo11n,B_finetuned_unsupervised,bo_exploitation,3.0,0.56,f1,0.742
yolo11n,B_finetuned_unsupervised,grid_search,4.0,0.5,f1,0.7809
yolo11n,C_finetuned_supervised,bo_exploration,3.0,0.23,f1,0.7449
yolo11n,C_finetuned_supervised,bo_exploitation,3.0,-0.12,f1,0.734
yolo11n,C_finetuned_supervised,grid_search,4.0,0.0,f1,0.7986
yolo11m,A_unfinetuned,baseline,0.0,0.0,f1,0.0
yolo11m,A_unfinetuned,bo_exploration,4.0,0.54,f1,0.7381
yolo11m,A_unfinetuned,bo_exploitation,3.0,0.4,f1,0.7102
yolo11m,A_unfinetuned,grid_search,4.0,0.5,f1,0.7381
yolo11m,B_finetuned_unsupervised,baseline,0.0,0.0,f1,0.0001
yolo11m,B_finetuned_unsupervised,bo_exploration,3.0,0.43,f1,0.7129
yolo11m,B_finetuned_unsupervised,bo_exploitation,2.0,-0.1,f1,0.5879
yolo11m,B_finetuned_unsupervised,grid_search,4.0,0.5,f1,0.731
yolo11m,C_finetuned_supervised,bo_exploration,4.0,-0.12,f1,0.7431
yolo11m,C_finetuned_supervised,bo_exploitation,2.0,0.55,f1,0.5876
yolo11m,C_finetuned_supervised,grid_search,4.0,0.0,f1,0.7431
rtdetr-l,A_unfinetuned,baseline,0.0,0.0,f1,0.0001
rtdetr-l,A_unfinetuned,bo_exploration,3.0,0.62,f1,0.6463
rtdetr-l,A_unfinetuned,bo_exploitation,3.0,0.3,f1,0.6393
rtdetr-l,A_unfinetuned,grid_search,4.0,0.5,f1,0.6769
rtdetr-l,B_finetuned_unsupervised,baseline,0.0,0.0,f1,0.0002
rtdetr-l,B_finetuned_unsupervised,bo_exploration,2.0,0.52,f1,0.5218
rtdetr-l,B_finetuned_unsupervised,bo_exploitation,4.0,0.62,f1,0.7051
rtdetr-l,B_finetuned_unsupervised,grid_search,4.0,0.5,f1,0.7051
rtdetr-l,C_finetuned_supervised,bo_exploration,3.0,0.24,f1,0.6657
rtdetr-l,C_finetuned_supervised,bo_exploitation,2.0,-0.12,f1,0.5124
rtdetr-l,C_finetuned_supervised,grid_search,4.0,0.0,f1,0.7008
yolo11n,A_unfinetuned,baseline,0.0,0.0,f1,0.0
yolo11n,A_unfinetuned,bo_exploration,4.0,0.62,f1,0.7552
yolo11n,A_unfinetuned,bo_exploitation,4.0,0.47,f1,0.7552
yolo11n,A_unfinetuned,grid_search,4.0,0.5,f1,0.7552
yolo11n,B_finetuned_unsupervised,baseline,0.0,0.0,f1,0.0
yolo11n,B_finetuned_unsupervised,bo_exploration,4.0,0.62,f1,0.7809
yolo11n,B_finetuned_unsupervised,bo_exploitation,3.0,0.44,f1,0.7419
yolo11n,B_finetuned_unsupervised,grid_search,4.0,0.5,f1,0.7809
yolo11n,C_finetuned_supervised,bo_exploration,4.0,0.09,f1,0.7988
yolo11n,C_finetuned_supervised,bo_exploitation,4.0,-0.08,f1,0.7988
yolo11n,C_finetuned_supervised,grid_search,4.0,0.0,f1,0.7988
yolo11m,A_unfinetuned,baseline,0.0,0.0,f1,0.0003
yolo11m,A_unfinetuned,bo_exploration,3.0,0.59,f1,0.6249
yolo11m,A_unfinetuned,bo_exploitation,4.0,0.47,f1,0.6482
yolo11m,A_unfinetuned,grid_search,4.0,0.5,f1,0.6482
yolo11m,B_finetuned_unsupervised,baseline,0.0,0.0,f1,0.0001
yolo11m,B_finetuned_unsupervised,bo_exploration,3.0,0.62,f1,0.7132
yolo11m,B_finetuned_unsupervised,bo_exploitation,4.0,0.27,f1,0.7334
yolo11m,B_finetuned_unsupervised,grid_search,4.0,0.5,f1,0.7312
yolo11m,C_finetuned_supervised,bo_exploration,4.0,0.05,f1,0.7434
yolo11m,C_finetuned_supervised,bo_exploitation,2.0,0.26,f1,0.5852
yolo11m,C_finetuned_supervised,grid_search,4.0,0.0,f1,0.7434
rtdetr-l,A_unfinetuned,baseline,0.0,0.0,f1,0.0002
rtdetr-l,A_unfinetuned,bo_exploration,3.0,0.62,f1,0.69
rtdetr-l,A_unfinetuned,bo_exploitation,2.0,0.39,f1,0.5181
rtdetr-l,A_unfinetuned,grid_search,4.0,0.5,f1,0.7194
rtdetr-l,B_finetuned_unsupervised,baseline,0.0,0.0,f1,0.002
rtdetr-l,B_finetuned_unsupervised,bo_exploration,4.0,0.62,f1,0.6936
rtdetr-l,B_finetuned_unsupervised,bo_exploitation,3.0,-0.11,f1,0.6456
rtdetr-l,B_finetuned_unsupervised,grid_search,4.0,0.5,f1,0.6936
rtdetr-l,C_finetuned_supervised,bo_exploration,4.0,0.05,f1,0.6915
rtdetr-l,C_finetuned_supervised,bo_exploitation,2.0,-0.12,f1,0.4989
rtdetr-l,C_finetuned_supervised,grid_search,4.0,0.5,f1,0.6936
yolo11n,A_unfinetuned,baseline,0.0,0.0,f1,0.0
yolo11n,A_unfinetuned,bo_exploration,3.0,0.62,f1,0.7303
yolo11n,A_unfinetuned,bo_exploitation,2.0,0.4,f1,0.5656
yolo11n,A_unfinetuned,grid_search,4.0,0.5,f1,0.7625
yolo11n,B_finetuned_unsupervised,baseline,0.0,0.0,f1,0.0
yolo11n,B_finetuned_unsupervised,bo_exploration,3.0,0.6,f1,0.7423
yolo11n,B_finetuned_unsupervised,bo_exploitation,3.0,0.26,f1,0.7453
yolo11n,B_finetuned_unsupervised,grid_search,4.0,0.5,f1,0.7813
yolo11n,C_finetuned_supervised,bo_exploration,3.0,0.1,f1,0.7344
yolo11n,C_finetuned_supervised,bo_exploitation,4.0,0.07,f1,0.7991
yolo11n,C_finetuned_supervised,grid_search,4.0,0.0,f1,0.7991
yolo11m,A_unfinetuned,baseline,0.0,0.0,f1,0.0
yolo11m,A_unfinetuned,bo_exploration,3.0,0.4,f1,0.6735
yolo11m,A_unfinetuned,bo_exploitation,4.0,0.23,f1,0.6926
yolo11m,A_unfinetuned,grid_search,4.0,0.5,f1,0.6963
yolo11m,B_finetuned_unsupervised,baseline,0.0,0.0,f1,0.0001
yolo11m,B_finetuned_unsupervised,bo_exploration,3.0,0.62,f1,0.7131
yolo11m,B_finetuned_unsupervised,bo_exploitation,4.0,0.47,f1,0.7314
yolo11m,B_finetuned_unsupervised,grid_search,4.0,0.5,f1,0.7314
yolo11m,C_finetuned_supervised,bo_exploration,3.0,0.04,f1,0.7059
yolo11m,C_finetuned_supervised,bo_exploitation,4.0,0.43,f1,0.7314
yolo11m,C_finetuned_supervised,grid_search,4.0,0.0,f1,0.7435
rtdetr-l,A_unfinetuned,baseline,0.0,0.0,f1,0.0009
rtdetr-l,A_unfinetuned,bo_exploration,3.0,0.52,f1,0.636
rtdetr-l,A_unfinetuned,bo_exploitation,3.0,0.55,f1,0.636
rtdetr-l,A_unfinetuned,grid_search,4.0,0.5,f1,0.6638
rtdetr-l,B_finetuned_unsupervised,baseline,0.0,0.0,f1,0.0001
rtdetr-l,B_finetuned_unsupervised,bo_exploration,4.0,0.62,f1,0.7584
rtdetr-l,B_finetuned_unsupervised,bo_exploitation,3.0,0.22,f1,0.7257
rtdetr-l,B_finetuned_unsupervised,grid_search,4.0,0.5,f1,0.7584
rtdetr-l,C_finetuned_supervised,bo_exploration,3.0,0.41,f1,0.7317
rtdetr-l,C_finetuned_supervised,bo_exploitation,3.0,-0.12,f1,0.7192
rtdetr-l,C_finetuned_supervised,grid_search,4.0,0.0,f1,0.7593
yolo11n,A_unfinetuned,baseline,0.0,0.0,f1,0.0
yolo11n,A_unfinetuned,bo_exploration,3.0,0.62,f1,0.7419
yolo11n,A_unfinetuned,bo_exploitation,3.0,0.51,f1,0.7419
yolo11n,A_unfinetuned,grid_search,4.0,0.5,f1,0.7739
yolo11n,B_finetuned_unsupervised,baseline,0.0,0.0,f1,0.0
yolo11n,B_finetuned_unsupervised,bo_exploration,4.0,0.62,f1,0.7613
yolo11n,B_finetuned_unsupervised,bo_exploitation,3.0,0.42,f1,0.7186
yolo11n,B_finetuned_unsupervised,grid_search,4.0,0.5,f1,0.7613
yolo11n,C_finetuned_supervised,bo_exploration,1.0,0.47,f1,0.0104
yolo11n,C_finetuned_supervised,bo_exploitation,4.0,0.06,f1,0.7794
yolo11n,C_finetuned_supervised,grid_search,4.0,0.0,f1,0.7794
yolo11m,A_unfinetuned,baseline,0.0,0.0,f1,0.0001
yolo11m,A_unfinetuned,bo_exploration,2.0,0.14,f1,0.5555
yolo11m,A_unfinetuned,bo_exploitation,1.0,0.44,f1,0.0116
yolo11m,A_unfinetuned,grid_search,4.0,0.5,f1,0.7032
yolo11m,B_finetuned_unsupervised,baseline,0.0,0.0,f1,0.0001
yolo11m,B_finetuned_unsupervised,bo_exploration,4.0,0.62,f1,0.7301
yolo11m,B_finetuned_unsupervised,bo_exploitation,4.0,-0.1,f1,0.7422
yolo11m,B_finetuned_unsupervised,grid_search,4.0,0.5,f1,0.7301
yolo11m,C_finetuned_supervised,bo_exploration,4.0,-0.09,f1,0.7422
yolo11m,C_finetuned_supervised,bo_exploitation,3.0,0.31,f1,0.7117
yolo11m,C_finetuned_supervised,grid_search,4.0,0.0,f1,0.7422
rtdetr-l,A_unfinetuned,baseline,0.0,0.0,f1,0.0006
rtdetr-l,B_finetuned_unsupervised,baseline,0.0,0.0,f1,0.0003
rtdetr-l,B_finetuned_unsupervised,bo_exploration,3.0,0.48,f1,0.7163
rtdetr-l,B_finetuned_unsupervised,bo_exploitation,3.0,-0.12,f1,0.6908
rtdetr-l,B_finetuned_unsupervised,grid_search,4.0,0.5,f1,0.751
rtdetr-l,C_finetuned_supervised,bo_exploration,4.0,-0.12,f1,0.742
rtdetr-l,C_finetuned_supervised,bo_exploitation,3.0,-0.11,f1,0.6908
rtdetr-l,C_finetuned_supervised,grid_search,4.0,0.0,f1,0.742
rtdetr-l,A_unfinetuned,baseline,0.0,0.0,f1,0.0002
rtdetr-l,A_unfinetuned,bo_exploration,3.0,0.44,f1,0.6558
rtdetr-l,A_unfinetuned,bo_exploitation,3.0,-0.12,f1,0.6391
rtdetr-l,A_unfinetuned,grid_search,4.0,0.5,f1,0.6909
rtdetr-l,B_finetuned_unsupervised,baseline,0.0,0.0,f1,0.0005
rtdetr-l,B_finetuned_unsupervised,bo_exploration,1.0,0.61,f1,0.0046
rtdetr-l,B_finetuned_unsupervised,bo_exploitation,3.0,-0.04,f1,0.6324
rtdetr-l,B_finetuned_unsupervised,grid_search,4.0,0.5,f1,0.6757
rtdetr-l,C_finetuned_supervised,bo_exploration,4.0,-0.12,f1,0.6718
rtdetr-l,C_finetuned_supervised,bo_exploitation,4.0,-0.11,f1,0.6718
rtdetr-l,C_finetuned_supervised,grid_search,4.0,0.5,f1,0.6757
rtdetr-l,A_unfinetuned,baseline,0.0,0.0,f1,0.0031
rtdetr-l,A_unfinetuned,bo_exploration,4.0,0.51,f1,0.6877
rtdetr-l,A_unfinetuned,bo_exploitation,3.0,0.45,f1,0.6603
rtdetr-l,A_unfinetuned,grid_search,4.0,0.5,f1,0.6877
rtdetr-l,B_finetuned_unsupervised,baseline,0.0,0.0,f1,0.002
rtdetr-l,B_finetuned_unsupervised,bo_exploration,2.0,-0.08,f1,0.508
rtdetr-l,B_finetuned_unsupervised,bo_exploitation,4.0,0.62,f1,0.7008
rtdetr-l,B_finetuned_unsupervised,grid_search,4.0,0.5,f1,0.7008
rtdetr-l,C_finetuned_supervised,bo_exploration,4.0,0.62,f1,0.7008
rtdetr-l,C_finetuned_supervised,bo_exploitation,4.0,-0.12,f1,0.6971
rtdetr-l,C_finetuned_supervised,grid_search,4.0,0.0,f1,0.6971
yolo11n,A_unfinetuned,baseline,0.0,0.0,f1,0.0
yolo11n,A_unfinetuned,bo_exploration,4.0,0.61,f1,0.768
yolo11n,A_unfinetuned,bo_exploitation,3.0,0.18,f1,0.7256
yolo11n,A_unfinetuned,grid_search,4.0,0.5,f1,0.768
yolo11n,B_finetuned_unsupervised,baseline,0.0,0.0,f1,0.0
yolo11n,B_finetuned_unsupervised,bo_exploration,3.0,0.58,f1,0.7209
yolo11n,B_finetuned_unsupervised,bo_exploitation,2.0,0.62,f1,0.5429
yolo11n,B_finetuned_unsupervised,grid_search,4.0,0.5,f1,0.7573
yolo11n,C_finetuned_supervised,bo_exploration,3.0,0.44,f1,0.7209
yolo11n,C_finetuned_supervised,bo_exploitation,3.0,0.17,f1,0.7306
yolo11n,C_finetuned_supervised,grid_search,4.0,0.0,f1,0.7769
yolo11m,A_unfinetuned,baseline,0.0,0.0,f1,0.0
yolo11m,A_unfinetuned,bo_exploration,4.0,0.62,f1,0.7584
yolo11m,A_unfinetuned,bo_exploitation,4.0,0.62,f1,0.7584
yolo11m,A_unfinetuned,grid_search,4.0,0.5,f1,0.7584
yolo11m,B_finetuned_unsupervised,baseline,0.0,0.0,f1,0.0001
yolo11m,B_finetuned_unsupervised,bo_exploration,3.0,0.62,f1,0.7128
yolo11m,B_finetuned_unsupervised,bo_exploitation,4.0,0.62,f1,0.7308
yolo11m,B_finetuned_unsupervised,grid_search,4.0,0.5,f1,0.7308
yolo11n,A_unfinetuned,baseline,0.0,0.0,f1,0.0001
yolo11n,A_unfinetuned,bo_exploration,4.0,0.36,f1,0.7157
yolo11n,A_unfinetuned,bo_exploitation,3.0,0.58,f1,0.6736
yolo11n,A_unfinetuned,grid_search,4.0,0.5,f1,0.7115
yolo11n,B_finetuned_unsupervised,baseline,0.0,0.0,f1,0.0
yolo11m,A_unfinetuned,baseline,0.0,0.0,f1,0.0001
yolo11m,A_unfinetuned,bo_exploration,3.0,0.45,f1,0.6608
yolo11m,A_unfinetuned,bo_exploitation,1.0,0.15,f1,0.0116
yolo11m,A_unfinetuned,grid_search,4.0,0.5,f1,0.6872
yolo11m,B_finetuned_unsupervised,baseline,0.0,0.0,f1,0.0001
yolo11m,B_finetuned_unsupervised,bo_exploration,3.0,0.22,f1,0.7131
yolo11m,B_finetuned_unsupervised,bo_exploitation,1.0,0.41,f1,0.0131
yolo11m,B_finetuned_unsupervised,grid_search,4.0,0.5,f1,0.7315
yolo11m,C_finetuned_supervised,bo_exploration,3.0,-0.12,f1,0.7063
yolo11m,C_finetuned_supervised,bo_exploitation,4.0,0.11,f1,0.7439
yolo11m,C_finetuned_supervised,grid_search,4.0,0.0,f1,0.7439
yolo11n,A_unfinetuned,baseline,0.0,0.0,f1,0.0
yolo11n,A_unfinetuned,bo_exploration,3.0,0.62,f1,0.7185
yolo11n,A_unfinetuned,bo_exploitation,3.0,0.62,f1,0.7185
yolo11n,A_unfinetuned,grid_search,4.0,0.5,f1,0.7523
yolo11n,B_finetuned_unsupervised,baseline,0.0,0.0,f1,0.0
yolo11n,B_finetuned_unsupervised,bo_exploration,4.0,0.62,f1,0.7811
yolo11n,B_finetuned_unsupervised,bo_exploitation,3.0,0.46,f1,0.742
yolo11n,B_finetuned_unsupervised,grid_search,4.0,0.5,f1,0.7811
yolo11n,C_finetuned_supervised,bo_exploration,4.0,-0.12,f1,0.799
yolo11n,C_finetuned_supervised,bo_exploitation,4.0,-0.12,f1,0.799
yolo11n,C_finetuned_supervised,grid_search,4.0,0.0,f1,0.799
yolo11m,A_unfinetuned,baseline,0.0,0.0,f1,0.0
yolo11m,A_unfinetuned,bo_exploration,3.0,0.4,f1,0.7352
yolo11m,A_unfinetuned,bo_exploitation,3.0,0.41,f1,0.7352
yolo11m,A_unfinetuned,grid_search,4.0,0.5,f1,0.7614
yolo11m,B_finetuned_unsupervised,baseline,0.0,0.0,f1,0.0001
yolo11m,B_finetuned_unsupervised,bo_exploration,4.0,0.45,f1,0.731
yolo11m,B_finetuned_unsupervised,bo_exploitation,4.0,0.33,f1,0.7333
yolo11m,B_finetuned_unsupervised,grid_search,4.0,0.5,f1,0.731
yolo11m,C_finetuned_supervised,bo_exploration,4.0,-0.12,f1,0.7432
yolo11m,C_finetuned_supervised,bo_exploitation,3.0,0.0,f1,0.7058
yolo11m,C_finetuned_supervised,grid_search,4.0,0.0,f1,0.7432
rtdetr-l,A_unfinetuned,baseline,0.0,0.0,f1,0.0001
rtdetr-l,A_unfinetuned,bo_exploration,4.0,0.59,f1,0.7044
rtdetr-l,A_unfinetuned,bo_exploitation,2.0,0.4,f1,0.4956
rtdetr-l,A_unfinetuned,grid_search,4.0,0.5,f1,0.7044
rtdetr-l,B_finetuned_unsupervised,baseline,0.0,0.0,f1,0.0
rtdetr-l,B_finetuned_unsupervised,bo_exploration,3.0,0.62,f1,0.6824
rtdetr-l,B_finetuned_unsupervised,bo_exploitation,3.0,0.62,f1,0.6824
rtdetr-l,B_finetuned_unsupervised,grid_search,4.0,0.5,f1,0.7258
rtdetr-l,C_finetuned_supervised,bo_exploration,3.0,-0.12,f1,0.6646
rtdetr-l,C_finetuned_supervised,bo_exploitation,3.0,-0.09,f1,0.6646
rtdetr-l,C_finetuned_supervised,grid_search,4.0,0.0,f1,0.7189
yolo11n,A_unfinetuned,baseline,0.0,0.0,f1,0.0
yolo11n,A_unfinetuned,bo_exploration,2.0,-0.11,f1,0.5779
yolo11n,A_unfinetuned,bo_exploitation,3.0,0.37,f1,0.7446
yolo11n,A_unfinetuned,grid_search,4.0,0.5,f1,0.7707
yolo11n,B_finetuned_unsupervised,baseline,0.0,0.0,f1,0.0
yolo11n,B_finetuned_unsupervised,bo_exploration,3.0,0.62,f1,0.7416
yolo11n,B_finetuned_unsupervised,bo_exploitation,3.0,0.2,f1,0.7452
yolo11n,B_finetuned_unsupervised,grid_search,4.0,0.5,f1,0.7808
yolo11n,C_finetuned_supervised,bo_exploration,4.0,-0.09,f1,0.7989
yolo11n,C_finetuned_supervised,bo_exploitation,3.0,-0.06,f1,0.7341
yolo11n,C_finetuned_supervised,grid_search,4.0,0.0,f1,0.7989
yolo11m,A_unfinetuned,baseline,0.0,0.0,f1,0.0001
yolo11m,A_unfinetuned,bo_exploration,4.0,0.62,f1,0.7415
yolo11m,A_unfinetuned,bo_exploitation,3.0,0.25,f1,0.7324
yolo11m,A_unfinetuned,grid_search,4.0,0.5,f1,0.7415
yolo11m,B_finetuned_unsupervised,baseline,0.0,0.0,f1,0.0001
yolo11m,B_finetuned_unsupervised,bo_exploration,3.0,0.24,f1,0.7124
yolo11m,B_finetuned_unsupervised,bo_exploitation,3.0,0.4,f1,0.7128
yolo11m,B_finetuned_unsupervised,grid_search,4.0,0.5,f1,0.7308
yolo11m,C_finetuned_supervised,bo_exploration,3.0,0.37,f1,0.7124
yolo11m,C_finetuned_supervised,bo_exploitation,3.0,0.34,f1,0.7124
yolo11m,C_finetuned_supervised,grid_search,4.0,0.0,f1,0.743
rtdetr-l,A_unfinetuned,baseline,0.0,0.0,f1,0.0008
rtdetr-l,A_unfinetuned,bo_exploration,4.0,0.62,f1,0.6998
rtdetr-l,A_unfinetuned,bo_exploitation,3.0,-0.01,f1,0.6592
rtdetr-l,A_unfinetuned,grid_search,4.0,0.5,f1,0.6998
rtdetr-l,B_finetuned_unsupervised,baseline,0.0,0.0,f1,0.001
rtdetr-l,B_finetuned_unsupervised,bo_exploration,2.0,-0.08,f1,0.4611
rtdetr-l,B_finetuned_unsupervised,bo_exploitation,4.0,0.62,f1,0.6659
rtdetr-l,B_finetuned_unsupervised,grid_search,4.0,0.5,f1,0.6659
rtdetr-l,C_finetuned_supervised,bo_exploration,4.0,-0.12,f1,0.6642
rtdetr-l,C_finetuned_supervised,bo_exploitation,4.0,0.04,f1,0.6642
rtdetr-l,C_finetuned_supervised,grid_search,4.0,0.0,f1,0.6642
yolo11n,A_unfinetuned,baseline,0.0,0.0,f1,0.0
yolo11n,A_unfinetuned,bo_exploration,4.0,0.62,f1,0.7448
yolo11n,A_unfinetuned,bo_exploitation,4.0,0.62,f1,0.7448
yolo11n,A_unfinetuned,grid_search,4.0,0.5,f1,0.7448
yolo11n,B_finetuned_unsupervised,baseline,0.0,0.0,f1,0.0
yolo11n,B_finetuned_unsupervised,bo_exploration,4.0,0.58,f1,0.7805
yolo11n,B_finetuned_unsupervised,bo_exploitation,4.0,0.03,f1,0.7986
yolo11n,B_finetuned_unsupervised,grid_search,4.0,0.5,f1,0.7805
yolo11n,C_finetuned_supervised,bo_exploration,3.0,0.22,f1,0.7443
yolo11n,C_finetuned_supervised,bo_exploitation,4.0,0.05,f1,0.7986
yolo11n,C_finetuned_supervised,grid_search,4.0,0.0,f1,0.7986
yolo11m,A_unfinetuned,baseline,0.0,0.0,f1,0.0
yolo11m,B_finetuned_unsupervised,baseline,0.0,0.0,f1,0.0001
yolo11m,B_finetuned_unsupervised,bo_exploration,3.0,0.62,f1,0.7126
yolo11m,B_finetuned_unsupervised,bo_exploitation,4.0,0.17,f1,0.7331
yolo11m,B_finetuned_unsupervised,grid_search,4.0,0.5,f1,0.7308
yolo11m,C_finetuned_supervised,bo_exploration,3.0,-0.12,f1,0.7054
yolo11m,C_finetuned_supervised,bo_exploitation,3.0,0.02,f1,0.7054
yolo11m,C_finetuned_supervised,grid_search,4.0,0.0,f1,0.7432
rtdetr-l,A_unfinetuned,baseline,0.0,0.0,f1,0.0008
rtdetr-l,A_unfinetuned,bo_exploration,4.0,0.62,f1,0.6764
rtdetr-l,A_unfinetuned,bo_exploitation,3.0,0.58,f1,0.6546
rtdetr-l,A_unfinetuned,grid_search,4.0,0.5,f1,0.6764
rtdetr-l,B_finetuned_unsupervised,baseline,0.0,0.0,f1,0.0001
rtdetr-l,B_finetuned_unsupervised,bo_exploration,4.0,0.62,f1,0.7434
rtdetr-l,B_finetuned_unsupervised,bo_exploitation,1.0,0.2,f1,0.0023
rtdetr-l,B_finetuned_unsupervised,grid_search,4.0,0.5,f1,0.7434
rtdetr-l,C_finetuned_supervised,bo_exploration,4.0,-0.12,f1,0.7424
rtdetr-l,C_finetuned_supervised,bo_exploitation,3.0,-0.11,f1,0.6939
rtdetr-l,C_finetuned_supervised,grid_search,4.0,0.0,f1,0.7424
yolo11n,A_unfinetuned,baseline,0.0,0.0,f1,0.0002
yolo11n,A_unfinetuned,bo_exploration,4.0,0.1,f1,0.7677
yolo11n,A_unfinetuned,bo_exploitation,3.0,0.31,f1,0.7303
yolo11n,A_unfinetuned,grid_search,4.0,0.5,f1,0.7519
yolo11n,B_finetuned_unsupervised,baseline,0.0,0.0,f1,0.0
yolo11n,B_finetuned_unsupervised,bo_exploration,4.0,0.62,f1,0.7613
yolo11n,B_finetuned_unsupervised,bo_exploitation,3.0,0.08,f1,0.722
yolo11n,B_finetuned_unsupervised,grid_search,4.0,0.5,f1,0.7613
yolo11n,C_finetuned_supervised,bo_exploration,4.0,0.0,f1,0.7794
yolo11n,C_finetuned_supervised,bo_exploitation,4.0,-0.12,f1,0.7794
yolo11n,C_finetuned_supervised,grid_search,4.0,0.0,f1,0.7794
yolo11m,A_unfinetuned,baseline,0.0,0.0,f1,0.0001
yolo11m,A_unfinetuned,bo_exploration,4.0,0.62,f1,0.7196
yolo11m,A_unfinetuned,bo_exploitation,3.0,0.52,f1,0.7053
yolo11m,A_unfinetuned,grid_search,4.0,0.5,f1,0.7196
yolo11m,B_finetuned_unsupervised,baseline,0.0,0.0,f1,0.0001
yolo11m,B_finetuned_unsupervised,bo_exploration,3.0,-0.05,f1,0.7049
yolo11m,B_finetuned_unsupervised,bo_exploitation,3.0,0.54,f1,0.7122
yolo11m,B_finetuned_unsupervised,grid_search,4.0,0.5,f1,0.7301
yolo11m,C_finetuned_supervised,bo_exploration,3.0,-0.03,f1,0.7049
yolo11m,C_finetuned_supervised,bo_exploitation,3.0,0.16,f1,0.7117
yolo11m,C_finetuned_supervised,grid_search,4.0,0.0,f1,0.7422
rtdetr-l,A_unfinetuned,baseline,0.0,0.0,f1,0.0004
rtdetr-l,A_unfinetuned,bo_exploration,3.0,-0.12,f1,0.6401
rtdetr-l,A_unfinetuned,bo_exploitation,2.0,0.43,f1,0.4993
rtdetr-l,A_unfinetuned,grid_search,4.0,0.5,f1,0.6816
rtdetr-l,B_finetuned_unsupervised,baseline,0.0,0.0,f1,0.0009
rtdetr-l,B_finetuned_unsupervised,bo_exploration,4.0,0.4,f1,0.6706
rtdetr-l,B_finetuned_unsupervised,bo_exploitation,3.0,0.52,f1,0.6423
rtdetr-l,B_finetuned_unsupervised,grid_search,4.0,0.5,f1,0.6706
rtdetr-l,C_finetuned_supervised,bo_exploration,4.0,0.08,f1,0.6706
rtdetr-l,C_finetuned_supervised,bo_exploitation,2.0,0.47,f1,0.4827
rtdetr-l,C_finetuned_supervised,grid_search,4.0,0.0,f1,0.6706
rtdetr-l,A_unfinetuned,baseline,0.0,0.0,f1,0.0002
rtdetr-l,B_finetuned_unsupervised,baseline,0.0,0.0,f1,0.0009
rtdetr-l,B_finetuned_unsupervised,bo_exploration,2.0,0.61,f1,0.521
rtdetr-l,B_finetuned_unsupervised,bo_exploitation,4.0,0.3,f1,0.6948
rtdetr-l,B_finetuned_unsupervised,grid_search,4.0,0.5,f1,0.7042
rtdetr-l,C_finetuned_supervised,bo_exploration,3.0,0.56,f1,0.6815
rtdetr-l,C_finetuned_supervised,bo_exploitation,3.0,0.52,f1,0.6815
rtdetr-l,C_finetuned_supervised,grid_search,4.0,0.0,f1,0.7006
rtdetr-l,A_unfinetuned,baseline,0.0,0.0,f1,0.0006
rtdetr-l,A_unfinetuned,bo_exploration,2.0,0.59,f1,0.4958
rtdetr-l,A_unfinetuned,bo_exploitation,4.0,0.03,f1,0.6694
rtdetr-l,A_unfinetuned,grid_search,4.0,0.5,f1,0.6772
rtdetr-l,B_finetuned_unsupervised,baseline,0.0,0.0,f1,0.0003
rtdetr-l,B_finetuned_unsupervised,bo_exploration,4.0,0.62,f1,0.7411
rtdetr-l,B_finetuned_unsupervised,bo_exploitation,4.0,-0.0,f1,0.7394
rtdetr-l,B_finetuned_unsupervised,grid_search,4.0,0.5,f1,0.7411
rtdetr-l,C_finetuned_supervised,bo_exploration,3.0,0.35,f1,0.699
rtdetr-l,C_finetuned_supervised,bo_exploitation,3.0,0.44,f1,0.7106
rtdetr-l,C_finetuned_supervised,grid_search,4.0,0.0,f1,0.7394
yolo11n,A_unfinetuned,baseline,0.0,0.0,f1,0.0004
yolo11n,A_unfinetuned,bo_exploration,4.0,0.62,f1,0.7447
yolo11n,A_unfinetuned,bo_exploitation,4.0,0.62,f1,0.7447
yolo11n,A_unfinetuned,grid_search,4.0,0.5,f1,0.7447
yolo11n,B_finetuned_unsupervised,baseline,0.0,0.0,f1,0.0
yolo11n,B_finetuned_unsupervised,bo_exploration,3.0,0.47,f1,0.7417
yolo11n,B_finetuned_unsupervised,bo_exploitation,3.0,0.43,f1,0.7417
yolo11n,B_finetuned_unsupervised,grid_search,4.0,0.5,f1,0.7808
yolo11n,C_finetuned_supervised,bo_exploration,4.0,0.62,f1,0.7808
yolo11n,C_finetuned_supervised,bo_exploitation,2.0,0.38,f1,0.5738
yolo11n,C_finetuned_supervised,grid_search,4.0,0.0,f1,0.7987
yolo11m,A_unfinetuned,baseline,0.0,0.0,f1,0.0
yolo11m,A_unfinetuned,bo_exploration,3.0,0.38,f1,0.6956
yolo11m,A_unfinetuned,bo_exploitation,3.0,0.62,f1,0.6956
yolo11m,A_unfinetuned,grid_search,4.0,0.5,f1,0.7277
yolo11m,B_finetuned_unsupervised,baseline,0.0,0.0,f1,0.0001
yolo11m,B_finetuned_unsupervised,bo_exploration,4.0,0.47,f1,0.7309
yolo11m,B_finetuned_unsupervised,bo_exploitation,3.0,-0.11,f1,0.7055
yolo11m,B_finetuned_unsupervised,grid_search,4.0,0.5,f1,0.7309
yolo11m,C_finetuned_supervised,bo_exploration,3.0,-0.12,f1,0.7055
yolo11m,C_finetuned_supervised,bo_exploitation,4.0,-0.11,f1,0.7429
yolo11m,C_finetuned_supervised,grid_search,4.0,0.0,f1,0.7429
yolo11n,A_unfinetuned,baseline,0.0,0.0,f1,0.0
yolo11n,A_unfinetuned,bo_exploration,4.0,0.42,f1,0.7498
yolo11n,A_unfinetuned,bo_exploitation,4.0,0.23,f1,0.7558
yolo11n,A_unfinetuned,grid_search,4.0,0.5,f1,0.7498
yolo11n,B_finetuned_unsupervised,baseline,0.0,0.0,f1,0.0
yolo11n,B_finetuned_unsupervised,bo_exploration,1.0,0.28,f1,0.0087
yolo11n,B_finetuned_unsupervised,bo_exploitation,3.0,0.39,f1,0.7205
yolo11n,B_finetuned_unsupervised,grid_search,4.0,0.5,f1,0.7565
yolo11n,C_finetuned_supervised,bo_exploration,4.0,-0.12,f1,0.7759
yolo11n,C_finetuned_supervised,bo_exploitation,4.0,0.24,f1,0.7642
yolo11n,C_finetuned_supervised,grid_search,4.0,0.0,f1,0.7759
yolo11m,A_unfinetuned,baseline,0.0,0.0,f1,0.0
yolo11m,A_unfinetuned,bo_exploration,3.0,0.62,f1,0.6533
yolo11m,A_unfinetuned,bo_exploitation,1.0,0.19,f1,0.0111
yolo11m,A_unfinetuned,grid_search,4.0,0.5,f1,0.6887
yolo11m,B_finetuned_unsupervised,baseline,0.0,0.0,f1,0.0001
yolo11m,B_finetuned_unsupervised,bo_exploration,4.0,0.62,f1,0.7303
yolo11m,B_finetuned_unsupervised,bo_exploitation,3.0,-0.09,f1,0.7054
yolo11m,B_finetuned_unsupervised,grid_search,4.0,0.5,f1,0.7303
yolo11m,C_finetuned_supervised,bo_exploration,3.0,-0.01,f1,0.7054
yolo11m,C_finetuned_supervised,bo_exploitation,4.0,-0.12,f1,0.7425
yolo11m,C_finetuned_supervised,grid_search,4.0,0.0,f1,0.7425
yolo11n,A_unfinetuned,baseline,0.0,0.0,f1,0.0001
yolo11n,A_unfinetuned,bo_exploration,4.0,0.62,f1,0.7616
yolo11n,A_unfinetuned,bo_exploitation,3.0,0.35,f1,0.7339
yolo11n,A_unfinetuned,grid_search,4.0,0.5,f1,0.7616
yolo11n,B_finetuned_unsupervised,baseline,0.0,0.0,f1,0.0
yolo11n,B_finetuned_unsupervised,bo_exploration,4.0,0.62,f1,0.755
yolo11n,B_finetuned_unsupervised,bo_exploitation,3.0,0.28,f1,0.7326
yolo11n,B_finetuned_unsupervised,grid_search,4.0,0.5,f1,0.755
yolo11n,C_finetuned_supervised,bo_exploration,3.0,0.22,f1,0.7326
yolo11n,C_finetuned_supervised,bo_exploitation,2.0,0.06,f1,0.5395
yolo11n,C_finetuned_supervised,grid_search,4.0,0.0,f1,0.7862
yolo11m,A_unfinetuned,baseline,0.0,0.0,f1,0.0
yolo11m,A_unfinetuned,bo_exploration,3.0,0.34,f1,0.7307
yolo11m,A_unfinetuned,bo_exploitation,4.0,0.62,f1,0.7526
yolo11m,A_unfinetuned,grid_search,4.0,0.5,f1,0.7526
yolo11m,B_finetuned_unsupervised,baseline,0.0,0.0,f1,0.0001
yolo11m,B_finetuned_unsupervised,bo_exploration,3.0,0.45,f1,0.7135
yolo11m,B_finetuned_unsupervised,bo_exploitation,3.0,-0.11,f1,0.7061
yolo11m,B_finetuned_unsupervised,grid_search,4.0,0.5,f1,0.7315
yolo11m,C_finetuned_supervised,bo_exploration,4.0,0.03,f1,0.7437
yolo11m,C_finetuned_supervised,bo_exploitation,4.0,0.22,f1,0.7338
yolo11m,C_finetuned_supervised,grid_search,4.0,0.0,f1,0.7437
rtdetr-l,A_unfinetuned,baseline,0.0,0.0,f1,0.0006
rtdetr-l,A_unfinetuned,bo_exploration,4.0,0.62,f1,0.6685
rtdetr-l,A_unfinetuned,bo_exploitation,4.0,0.59,f1,0.6685
rtdetr-l,A_unfinetuned,grid_search,4.0,0.5,f1,0.6685
rtdetr-l,B_finetuned_unsupervised,baseline,0.0,0.0,f1,0.0004
rtdetr-l,B_finetuned_unsupervised,bo_exploration,4.0,0.59,f1,0.6741
rtdetr-l,B_finetuned_unsupervised,bo_exploitation,3.0,-0.08,f1,0.6305
rtdetr-l,B_finetuned_unsupervised,grid_search,4.0,0.5,f1,0.6741
rtdetr-l,C_finetuned_supervised,bo_exploration,4.0,-0.12,f1,0.677
rtdetr-l,C_finetuned_supervised,bo_exploitation,4.0,-0.06,f1,0.677
rtdetr-l,C_finetuned_supervised,grid_search,4.0,0.0,f1,0.677
yolo11n,A_unfinetuned,baseline,0.0,0.0,f1,0.0
yolo11n,A_unfinetuned,bo_exploration,3.0,-0.12,f1,0.7316
yolo11n,A_unfinetuned,bo_exploitation,4.0,0.54,f1,0.7719
yolo11n,A_unfinetuned,grid_search,4.0,0.5,f1,0.7719
yolo11n,B_finetuned_unsupervised,baseline,0.0,0.0,f1,0.0
yolo11n,B_finetuned_unsupervised,bo_exploration,3.0,0.24,f1,0.7449
yolo11n,B_finetuned_unsupervised,bo_exploitation,4.0,0.61,f1,0.781
yolo11n,B_finetuned_unsupervised,grid_search,4.0,0.5,f1,0.781
yolo11n,C_finetuned_supervised,bo_exploration,3.0,0.12,f1,0.7339
yolo11n,C_finetuned_supervised,bo_exploitation,3.0,-0.12,f1,0.7339
yolo11n,C_finetuned_supervised,grid_search,4.0,0.0,f1,0.799
yolo11m,A_unfinetuned,baseline,0.0,0.0,f1,0.0002
yolo11m,A_unfinetuned,bo_exploration,4.0,0.62,f1,0.7227
yolo11m,A_unfinetuned,bo_exploitation,4.0,0.42,f1,0.7227
yolo11m,A_unfinetuned,grid_search,4.0,0.5,f1,0.7227
yolo11m,B_finetuned_unsupervised,baseline,0.0,0.0,f1,0.0001
yolo11m,B_finetuned_unsupervised,bo_exploration,3.0,0.52,f1,0.713
yolo11m,B_finetuned_unsupervised,bo_exploitation,3.0,0.45,f1,0.713
yolo11m,B_finetuned_unsupervised,grid_search,4.0,0.5,f1,0.7309
yolo11m,C_finetuned_supervised,bo_exploration,3.0,-0.08,f1,0.7056
yolo11m,C_finetuned_supervised,bo_exploitation,2.0,-0.11,f1,0.5873
yolo11m,C_finetuned_supervised,grid_search,4.0,0.0,f1,0.743
rtdetr-l,A_unfinetuned,baseline,0.0,0.0,f1,0.0004
rtdetr-l,A_unfinetuned,bo_exploration,3.0,0.62,f1,0.6717
rtdetr-l,A_unfinetuned,bo_exploitation,2.0,0.4,f1,0.5061
rtdetr-l,A_unfinetuned,grid_search,4.0,0.5,f1,0.6983
rtdetr-l,B_finetuned_unsupervised,baseline,0.0,0.0,f1,0.0002
rtdetr-l,B_finetuned_unsupervised,bo_exploration,4.0,0.59,f1,0.7134
rtdetr-l,B_finetuned_unsupervised,bo_exploitation,3.0,0.55,f1,0.6848
rtdetr-l,B_finetuned_unsupervised,grid_search,4.0,0.5,f1,0.7134
rtdetr-l,C_finetuned_supervised,bo_exploration,4.0,0.17,f1,0.7021
rtdetr-l,C_finetuned_supervised,bo_exploitation,4.0,0.42,f1,0.7134
rtdetr-l,C_finetuned_supervised,grid_search,4.0,0.0,f1,0.704
yolo11n,A_unfinetuned,baseline,0.0,0.0,f1,0.0001
yolo11n,A_unfinetuned,bo_exploration,3.0,0.62,f1,0.7379
yolo11n,A_unfinetuned,bo_exploitation,4.0,0.47,f1,0.7672
yolo11n,A_unfinetuned,grid_search,4.0,0.5,f1,0.7672
yolo11n,B_finetuned_unsupervised,baseline,0.0,0.0,f1,0.0
yolo11n,B_finetuned_unsupervised,bo_exploration,2.0,0.39,f1,0.5746
yolo11n,B_finetuned_unsupervised,bo_exploitation,3.0,0.14,f1,0.7451
yolo11n,B_finetuned_unsupervised,grid_search,4.0,0.5,f1,0.7809
yolo11n,C_finetuned_supervised,bo_exploration,4.0,-0.03,f1,0.7988
yolo11n,C_finetuned_supervised,bo_exploitation,3.0,-0.12,f1,0.7341
yolo11n,C_finetuned_supervised,grid_search,4.0,0.0,f1,0.7988
yolo11m,A_unfinetuned,baseline,0.0,0.0,f1,0.0001
yolo11m,A_unfinetuned,bo_exploration,2.0,0.07,f1,0.5957
yolo11m,A_unfinetuned,bo_exploitation,3.0,0.54,f1,0.7104
yolo11m,A_unfinetuned,grid_search,4.0,0.5,f1,0.734
yolo11m,B_finetuned_unsupervised,baseline,0.0,0.0,f1,0.0001
yolo11m,B_finetuned_unsupervised,bo_exploration,2.0,0.39,f1,0.5877
yolo11m,B_finetuned_unsupervised,bo_exploitation,4.0,0.45,f1,0.7312
yolo11m,B_finetuned_unsupervised,grid_search,4.0,0.5,f1,0.7312
yolo11m,C_finetuned_supervised,bo_exploration,4.0,-0.12,f1,0.7434
yolo11m,C_finetuned_supervised,bo_exploitation,3.0,0.11,f1,0.7059
yolo11m,C_finetuned_supervised,grid_search,4.0,0.0,f1,0.7434
rtdetr-l,A_unfinetuned,baseline,0.0,0.0,f1,0.0007
rtdetr-l,A_unfinetuned,bo_exploration,3.0,-0.12,f1,0.6455
rtdetr-l,A_unfinetuned,bo_exploitation,4.0,0.62,f1,0.692
rtdetr-l,A_unfinetuned,grid_search,4.0,0.5,f1,0.692
rtdetr-l,B_finetuned_unsupervised,baseline,0.0,0.0,f1,0.0109
rtdetr-l,B_finetuned_unsupervised,bo_exploration,4.0,0.62,f1,0.5895
rtdetr-l,B_finetuned_unsupervised,bo_exploitation,2.0,0.41,f1,0.3761
rtdetr-l,B_finetuned_unsupervised,grid_search,4.0,0.5,f1,0.5895
rtdetr-l,C_finetuned_supervised,bo_exploration,3.0,0.1,f1,0.5418
rtdetr-l,C_finetuned_supervised,bo_exploitation,4.0,-0.06,f1,0.595
rtdetr-l,C_finetuned_supervised,grid_search,4.0,0.0,f1,0.595
yolo11n,A_unfinetuned,baseline,0.0,0.0,f1,0.0002
yolo11n,A_unfinetuned,bo_exploration,3.0,0.62,f1,0.6838
yolo11n,A_unfinetuned,bo_exploitation,3.0,-0.12,f1,0.6874
yolo11n,A_unfinetuned,grid_search,4.0,0.5,f1,0.7226
yolo11n,B_finetuned_unsupervised,baseline,0.0,0.0,f1,0.0
yolo11n,B_finetuned_unsupervised,bo_exploration,3.0,0.16,f1,0.7452
yolo11n,B_finetuned_unsupervised,bo_exploitation,3.0,0.56,f1,0.7421
yolo11n,B_finetuned_unsupervised,grid_search,4.0,0.5,f1,0.7807
yolo11n,C_finetuned_supervised,bo_exploration,3.0,-0.12,f1,0.7341
yolo11n,C_finetuned_supervised,bo_exploitation,3.0,-0.12,f1,0.7341
yolo11n,C_finetuned_supervised,grid_search,4.0,0.0,f1,0.7987
yolo11m,A_unfinetuned,baseline,0.0,0.0,f1,0.0002
yolo11m,A_unfinetuned,bo_exploration,3.0,0.62,f1,0.6448
yolo11m,A_unfinetuned,bo_exploitation,4.0,0.48,f1,0.6648
yolo11m,A_unfinetuned,grid_search,4.0,0.5,f1,0.6648
yolo11m,B_finetuned_unsupervised,baseline,0.0,0.0,f1,0.0001
yolo11m,B_finetuned_unsupervised,bo_exploration,4.0,0.24,f1,0.7328
yolo11m,B_finetuned_unsupervised,bo_exploitation,4.0,0.38,f1,0.7305
yolo11m,B_finetuned_unsupervised,grid_search,4.0,0.5,f1,0.7305
yolo11m,C_finetuned_supervised,bo_exploration,3.0,-0.12,f1,0.7057
yolo11m,C_finetuned_supervised,bo_exploitation,4.0,0.01,f1,0.7427
yolo11m,C_finetuned_supervised,grid_search,4.0,0.0,f1,0.7427
rtdetr-l,A_unfinetuned,baseline,0.0,0.0,f1,0.0006
rtdetr-l,A_unfinetuned,bo_exploration,4.0,0.55,f1,0.6783
rtdetr-l,A_unfinetuned,bo_exploitation,1.0,-0.07,f1,0.0053
rtdetr-l,A_unfinetuned,grid_search,4.0,0.5,f1,0.6783
rtdetr-l,B_finetuned_unsupervised,baseline,0.0,0.0,f1,0.0011
rtdetr-l,B_finetuned_unsupervised,bo_exploration,2.0,0.62,f1,0.4794
rtdetr-l,B_finetuned_unsupervised,bo_exploitation,4.0,0.47,f1,0.6678
rtdetr-l,B_finetuned_unsupervised,grid_search,4.0,0.5,f1,0.6678
rtdetr-l,C_finetuned_supervised,bo_exploration,3.0,-0.12,f1,0.6117
rtdetr-l,C_finetuned_supervised,bo_exploitation,3.0,0.04,f1,0.6117
rtdetr-l,C_finetuned_supervised,grid_search,4.0,0.0,f1,0.6576
rtdetr-l,A_unfinetuned,baseline,0.0,0.0,f1,0.0002
rtdetr-l,A_unfinetuned,bo_exploration,2.0,0.62,f1,0.474
rtdetr-l,A_unfinetuned,bo_exploitation,3.0,0.38,f1,0.6532
rtdetr-l,A_unfinetuned,grid_search,4.0,0.5,f1,0.6851
rtdetr-l,B_finetuned_unsupervised,baseline,0.0,0.0,f1,0.0001
rtdetr-l,B_finetuned_unsupervised,bo_exploration,4.0,0.25,f1,0.761
rtdetr-l,B_finetuned_unsupervised,bo_exploitation,4.0,0.55,f1,0.7673
rtdetr-l,B_finetuned_unsupervised,grid_search,4.0,0.5,f1,0.7673
rtdetr-l,A_unfinetuned,baseline,0.0,0.0,f1,0.0003
rtdetr-l,A_unfinetuned,bo_exploration,2.0,0.41,f1,0.484
rtdetr-l,A_unfinetuned,bo_exploitation,1.0,0.62,f1,0.003
rtdetr-l,A_unfinetuned,grid_search,4.0,0.5,f1,0.687
rtdetr-l,B_finetuned_unsupervised,baseline,0.0,0.0,f1,0.0008
rtdetr-l,B_finetuned_unsupervised,bo_exploration,4.0,0.62,f1,0.6843
rtdetr-l,B_finetuned_unsupervised,bo_exploitation,3.0,0.53,f1,0.653
rtdetr-l,B_finetuned_unsupervised,grid_search,4.0,0.5,f1,0.6843
rtdetr-l,C_finetuned_supervised,bo_exploration,3.0,0.2,f1,0.6416
rtdetr-l,C_finetuned_supervised,bo_exploitation,4.0,0.1,f1,0.6811
rtdetr-l,C_finetuned_supervised,grid_search,4.0,0.25,f1,0.6759
yolo11n,A_unfinetuned,baseline,0.0,0.0,f1,0.0
yolo11n,A_unfinetuned,bo_exploration,4.0,0.6,f1,0.757
yolo11n,A_unfinetuned,bo_exploitation,4.0,0.5,f1,0.757
yolo11n,A_unfinetuned,grid_search,4.0,0.5,f1,0.757
yolo11n,B_finetuned_unsupervised,baseline,0.0,0.0,f1,0.0
yolo11n,B_finetuned_unsupervised,bo_exploration,4.0,0.62,f1,0.7454
yolo11n,B_finetuned_unsupervised,bo_exploitation,4.0,0.46,f1,0.7454
yolo11n,B_finetuned_unsupervised,grid_search,4.0,0.5,f1,0.7454
yolo11n,C_finetuned_supervised,bo_exploration,4.0,-0.02,f1,0.7681
yolo11n,C_finetuned_supervised,bo_exploitation,4.0,0.09,f1,0.7681
yolo11n,C_finetuned_supervised,grid_search,4.0,0.0,f1,0.7681
yolo11m,A_unfinetuned,baseline,0.0,0.0,f1,0.0007
yolo11m,A_unfinetuned,bo_exploration,4.0,0.47,f1,0.6551
yolo11m,A_unfinetuned,bo_exploitation,4.0,0.62,f1,0.6551
yolo11m,A_unfinetuned,grid_search,4.0,0.5,f1,0.6551
yolo11m,B_finetuned_unsupervised,baseline,0.0,0.0,f1,0.0
yolo11m,B_finetuned_unsupervised,bo_exploration,2.0,0.62,f1,0.5531
yolo11m,B_finetuned_unsupervised,bo_exploitation,1.0,0.58,f1,0.0152
yolo11m,B_finetuned_unsupervised,grid_search,4.0,0.5,f1,0.7285
yolo11m,C_finetuned_supervised,bo_exploration,3.0,0.62,f1,0.6995
yolo11m,C_finetuned_supervised,bo_exploitation,4.0,-0.12,f1,0.7289
yolo11m,C_finetuned_supervised,grid_search,4.0,0.0,f1,0.7289
yolo11n,A_unfinetuned,baseline,0.0,0.0,f1,0.0
yolo11n,A_unfinetuned,bo_exploration,2.0,0.43,f1,0.554
yolo11n,A_unfinetuned,bo_exploitation,1.0,0.49,f1,0.0062
yolo11n,A_unfinetuned,grid_search,4.0,0.5,f1,0.7845
yolo11n,B_finetuned_unsupervised,baseline,0.0,0.0,f1,0.0
yolo11n,B_finetuned_unsupervised,bo_exploration,4.0,0.62,f1,0.7806
yolo11n,B_finetuned_unsupervised,bo_exploitation,2.0,0.37,f1,0.57
yolo11n,B_finetuned_unsupervised,grid_search,4.0,0.5,f1,0.7806
yolo11n,C_finetuned_supervised,bo_exploration,4.0,0.33,f1,0.788
yolo11n,C_finetuned_supervised,bo_exploitation,3.0,-0.1,f1,0.7339
yolo11n,C_finetuned_supervised,grid_search,4.0,0.0,f1,0.7988
yolo11m,A_unfinetuned,baseline,0.0,0.0,f1,0.0
yolo11m,A_unfinetuned,bo_exploration,3.0,-0.12,f1,0.677
yolo11m,A_unfinetuned,bo_exploitation,3.0,0.38,f1,0.6799
yolo11m,A_unfinetuned,grid_search,4.0,0.5,f1,0.7136
yolo11m,B_finetuned_unsupervised,baseline,0.0,0.0,f1,0.0001
yolo11m,B_finetuned_unsupervised,bo_exploration,3.0,0.23,f1,0.7122
yolo11m,B_finetuned_unsupervised,bo_exploitation,3.0,0.16,f1,0.7122
yolo11m,B_finetuned_unsupervised,grid_search,4.0,0.5,f1,0.7304
yolo11m,C_finetuned_supervised,bo_exploration,4.0,-0.12,f1,0.7427
yolo11m,C_finetuned_supervised,bo_exploitation,3.0,0.61,f1,0.7125
yolo11m,C_finetuned_supervised,grid_search,4.0,0.0,f1,0.7427
yolo11n,A_unfinetuned,baseline,0.0,0.0,f1,0.0001
yolo11n,A_unfinetuned,bo_exploration,3.0,0.02,f1,0.6605
yolo11n,A_unfinetuned,bo_exploitation,1.0,0.21,f1,0.0096
yolo11n,A_unfinetuned,grid_search,4.0,0.5,f1,0.6976
yolo11n,B_finetuned_unsupervised,baseline,0.0,0.0,f1,0.0
yolo11n,B_finetuned_unsupervised,bo_exploration,4.0,0.62,f1,0.7809
yolo11n,B_finetuned_unsupervised,bo_exploitation,4.0,0.38,f1,0.7809
yolo11n,B_finetuned_unsupervised,grid_search,4.0,0.5,f1,0.7809
yolo11n,C_finetuned_supervised,bo_exploration,4.0,0.44,f1,0.7809
yolo11m,A_unfinetuned,baseline,0.0,0.0,f1,0.0
yolo11m,A_unfinetuned,bo_exploration,3.0,0.62,f1,0.6998
yolo11m,A_unfinetuned,bo_exploitation,2.0,0.62,f1,0.5661
yolo11m,A_unfinetuned,grid_search,4.0,0.5,f1,0.7244
yolo11m,B_finetuned_unsupervised,baseline,0.0,0.0,f1,0.0001
yolo11m,B_finetuned_unsupervised,bo_exploration,3.0,0.51,f1,0.713
yolo11m,B_finetuned_unsupervised,bo_exploitation,4.0,0.62,f1,0.731
yolo11m,B_finetuned_unsupervised,grid_search,4.0,0.5,f1,0.731
yolo11m,C_finetuned_supervised,bo_exploration,3.0,-0.12,f1,0.7056
yolo11m,C_finetuned_supervised,bo_exploitation,2.0,0.15,f1,0.5849
yolo11m,C_finetuned_supervised,grid_search,4.0,0.0,f1,0.7432
rtdetr-l,A_unfinetuned,baseline,0.0,0.0,f1,0.0002
rtdetr-l,A_unfinetuned,bo_exploration,4.0,0.38,f1,0.7385
rtdetr-l,A_unfinetuned,bo_exploitation,3.0,0.54,f1,0.7081
rtdetr-l,A_unfinetuned,grid_search,4.0,0.5,f1,0.7385
rtdetr-l,B_finetuned_unsupervised,baseline,0.0,0.0,f1,0.0007
rtdetr-l,B_finetuned_unsupervised,bo_exploration,3.0,0.08,f1,0.6396
rtdetr-l,B_finetuned_unsupervised,bo_exploitation,3.0,0.22,f1,0.6409
rtdetr-l,B_finetuned_unsupervised,grid_search,4.0,0.5,f1,0.6893
rtdetr-l,C_finetuned_supervised,bo_exploration,2.0,0.52,f1,0.4966
rtdetr-l,C_finetuned_supervised,bo_exploitation,3.0,-0.09,f1,0.6396
rtdetr-l,C_finetuned_supervised,grid_search,4.0,0.0,f1,0.6818
yolo11n,A_unfinetuned,baseline,0.0,0.0,f1,0.0
yolo11n,A_unfinetuned,bo_exploration,3.0,0.61,f1,0.7162
yolo11n,A_unfinetuned,bo_exploitation,1.0,0.5,f1,0.0057
yolo11n,A_unfinetuned,grid_search,4.0,0.5,f1,0.7548
yolo11n,B_finetuned_unsupervised,baseline,0.0,0.0,f1,0.0
yolo11n,B_finetuned_unsupervised,bo_exploration,3.0,-0.1,f1,0.7339
yolo11n,B_finetuned_unsupervised,bo_exploitation,3.0,0.49,f1,0.7416
yolo11n,B_finetuned_unsupervised,grid_search,4.0,0.5,f1,0.7806
yolo11m,A_unfinetuned,baseline,0.0,0.0,f1,0.0
yolo11m,A_unfinetuned,bo_exploration,3.0,0.62,f1,0.6925
yolo11m,A_unfinetuned,bo_exploitation,4.0,0.43,f1,0.7106
yolo11m,A_unfinetuned,grid_search,4.0,0.5,f1,0.7106
yolo11m,B_finetuned_unsupervised,baseline,0.0,0.0,f1,0.0001
yolo11m,B_finetuned_unsupervised,bo_exploration,1.0,0.62,f1,0.0131
yolo11m,B_finetuned_unsupervised,bo_exploitation,4.0,0.62,f1,0.7304
yolo11m,B_finetuned_unsupervised,grid_search,4.0,0.5,f1,0.7304
yolo11m,C_finetuned_supervised,bo_exploration,3.0,0.14,f1,0.7122
yolo11m,C_finetuned_supervised,bo_exploitation,4.0,-0.08,f1,0.7427
yolo11m,C_finetuned_supervised,grid_search,4.0,0.0,f1,0.7427
rtdetr-l,A_unfinetuned,baseline,0.0,0.0,f1,0.0004
rtdetr-l,A_unfinetuned,bo_exploration,3.0,0.62,f1,0.6655
rtdetr-l,A_unfinetuned,bo_exploitation,4.0,0.62,f1,0.7006
rtdetr-l,A_unfinetuned,grid_search,4.0,0.5,f1,0.7006
rtdetr-l,B_finetuned_unsupervised,baseline,0.0,0.0,f1,0.0006
rtdetr-l,B_finetuned_unsupervised,bo_exploration,1.0,0.62,f1,0.0056
rtdetr-l,B_finetuned_unsupervised,bo_exploitation,3.0,0.08,f1,0.6012
rtdetr-l,B_finetuned_unsupervised,grid_search,4.0,0.5,f1,0.655
rtdetr-l,C_finetuned_supervised,bo_exploration,2.0,-0.12,f1,0.4522
rtdetr-l,C_finetuned_supervised,bo_exploitation,4.0,-0.12,f1,0.6517
rtdetr-l,C_finetuned_supervised,grid_search,4.0,0.0,f1,0.6517
yolo11n,A_unfinetuned,baseline,0.0,0.0,f1,0.0001
yolo11n,A_unfinetuned,bo_exploration,2.0,0.34,f1,0.5597
yolo11n,A_unfinetuned,bo_exploitation,2.0,0.59,f1,0.5616
yolo11n,A_unfinetuned,grid_search,4.0,0.5,f1,0.7765
yolo11n,B_finetuned_unsupervised,baseline,0.0,0.0,f1,0.0
yolo11n,B_finetuned_unsupervised,bo_exploration,3.0,0.62,f1,0.742
yolo11n,B_finetuned_unsupervised,bo_exploitation,3.0,0.62,f1,0.742
yolo11n,B_finetuned_unsupervised,grid_search,4.0,0.5,f1,0.781
yolo11n,C_finetuned_supervised,bo_exploration,3.0,0.38,f1,0.742
yolo11n,C_finetuned_supervised,bo_exploitation,4.0,0.6,f1,0.781
yolo11n,C_finetuned_supervised,grid_search,4.0,0.0,f1,0.7989
yolo11m,A_unfinetuned,baseline,0.0,0.0,f1,0.0002
yolo11m,A_unfinetuned,bo_exploration,4.0,0.62,f1,0.7021
yolo11m,A_unfinetuned,bo_exploitation,2.0,0.01,f1,0.5755
yolo11m,A_unfinetuned,grid_search,4.0,0.5,f1,0.7021
yolo11m,B_finetuned_unsupervised,baseline,0.0,0.0,f1,0.0001
yolo11m,B_finetuned_unsupervised,bo_exploration,4.0,0.62,f1,0.7309
yolo11m,B_finetuned_unsupervised,bo_exploitation,4.0,0.62,f1,0.7309
yolo11m,B_finetuned_unsupervised,grid_search,4.0,0.5,f1,0.7309
yolo11m,C_finetuned_supervised,bo_exploration,4.0,-0.12,f1,0.7431
yolo11m,C_finetuned_supervised,bo_exploitation,4.0,-0.12,f1,0.7431
yolo11m,C_finetuned_supervised,grid_search,4.0,0.0,f1,0.7431
rtdetr-l,A_unfinetuned,baseline,0.0,0.0,f1,0.0006
rtdetr-l,A_unfinetuned,bo_exploration,3.0,0.62,f1,0.6563
rtdetr-l,A_unfinetuned,bo_exploitation,4.0,0.62,f1,0.6997
rtdetr-l,A_unfinetuned,grid_search,4.0,0.5,f1,0.6997
rtdetr-l,B_finetuned_unsupervised,baseline,0.0,0.0,f1,0.001
rtdetr-l,B_finetuned_unsupervised,bo_exploration,4.0,0.46,f1,0.6701
rtdetr-l,B_finetuned_unsupervised,bo_exploitation,2.0,0.16,f1,0.4829
rtdetr-l,B_finetuned_unsupervised,grid_search,4.0,0.5,f1,0.6701
rtdetr-l,C_finetuned_supervised,bo_exploration,4.0,0.27,f1,0.6661
rtdetr-l,C_finetuned_supervised,bo_exploitation,4.0,0.01,f1,0.6747
rtdetr-l,C_finetuned_supervised,grid_search,4.0,0.25,f1,0.6661
yolo11n,A_unfinetuned,baseline,0.0,0.0,f1,0.0002
yolo11n,A_unfinetuned,bo_exploration,3.0,0.62,f1,0.7068
yolo11n,A_unfinetuned,bo_exploitation,2.0,0.05,f1,0.5715
yolo11n,A_unfinetuned,grid_search,4.0,0.5,f1,0.7207
yolo11n,B_finetuned_unsupervised,baseline,0.0,0.0,f1,0.0
yolo11n,B_finetuned_unsupervised,bo_exploration,4.0,0.62,f1,0.781
yolo11n,B_finetuned_unsupervised,bo_exploitation,3.0,0.62,f1,0.7418
yolo11n,B_finetuned_unsupervised,grid_search,4.0,0.5,f1,0.781
yolo11n,C_finetuned_supervised,bo_exploration,4.0,-0.12,f1,0.799
yolo11n,C_finetuned_supervised,bo_exploitation,2.0,-0.12,f1,0.5688
yolo11n,C_finetuned_supervised,grid_search,4.0,0.0,f1,0.799
yolo11m,A_unfinetuned,baseline,0.0,0.0,f1,0.0006
yolo11m,A_unfinetuned,bo_exploration,4.0,0.42,f1,0.6344
yolo11m,A_unfinetuned,bo_exploitation,4.0,0.62,f1,0.6344
yolo11m,A_unfinetuned,grid_search,4.0,0.5,f1,0.6344
yolo11m,B_finetuned_unsupervised,baseline,0.0,0.0,f1,0.0001
yolo11m,B_finetuned_unsupervised,bo_exploration,3.0,0.5,f1,0.713
yolo11m,B_finetuned_unsupervised,bo_exploitation,2.0,0.49,f1,0.5871
yolo11m,B_finetuned_unsupervised,grid_search,4.0,0.5,f1,0.7309
yolo11m,C_finetuned_supervised,bo_exploration,3.0,-0.08,f1,0.7056
yolo11m,C_finetuned_supervised,bo_exploitation,4.0,-0.09,f1,0.743
yolo11m,C_finetuned_supervised,grid_search,4.0,0.0,f1,0.743
rtdetr-l,A_unfinetuned,baseline,0.0,0.0,f1,0.0
rtdetr-l,A_unfinetuned,bo_exploration,3.0,0.6,f1,0.6965
rtdetr-l,A_unfinetuned,bo_exploitation,2.0,-0.03,f1,0.4896
rtdetr-l,A_unfinetuned,grid_search,4.0,0.5,f1,0.7306
rtdetr-l,B_finetuned_unsupervised,baseline,0.0,0.0,f1,0.0001
rtdetr-l,B_finetuned_unsupervised,bo_exploration,3.0,0.07,f1,0.6346
rtdetr-l,B_finetuned_unsupervised,bo_exploitation,3.0,0.02,f1,0.6346
rtdetr-l,B_finetuned_unsupervised,grid_search,4.0,0.5,f1,0.6987
rtdetr-l,A_unfinetuned,baseline,0.0,0.0,f1,0.0002
rtdetr-l,B_finetuned_unsupervised,baseline,0.0,0.0,f1,0.0001
rtdetr-l,B_finetuned_unsupervised,bo_exploration,4.0,0.62,f1,0.7752
rtdetr-l,B_finetuned_unsupervised,bo_exploitation,2.0,-0.08,f1,0.5179
rtdetr-l,B_finetuned_unsupervised,grid_search,4.0,0.5,f1,0.7752
rtdetr-l,C_finetuned_supervised,bo_exploration,1.0,0.09,f1,0.0019
rtdetr-l,C_finetuned_supervised,bo_exploitation,4.0,0.58,f1,0.7752
rtdetr-l,C_finetuned_supervised,grid_search,4.0,0.5,f1,0.7752
rtdetr-l,A_unfinetuned,baseline,0.0,0.0,f1,0.0005
rtdetr-l,A_unfinetuned,bo_exploration,3.0,0.62,f1,0.6931
rtdetr-l,A_unfinetuned,bo_exploitation,4.0,0.42,f1,0.7164
rtdetr-l,A_unfinetuned,grid_search,4.0,0.5,f1,0.7164
rtdetr-l,B_finetuned_unsupervised,baseline,0.0,0.0,f1,0.0001
rtdetr-l,B_finetuned_unsupervised,bo_exploration,3.0,0.62,f1,0.6699
rtdetr-l,B_finetuned_unsupervised,bo_exploitation,3.0,-0.12,f1,0.6512
rtdetr-l,B_finetuned_unsupervised,grid_search,4.0,0.5,f1,0.6938
rtdetr-l,C_finetuned_supervised,bo_exploration,3.0,0.1,f1,0.6512
rtdetr-l,C_finetuned_supervised,bo_exploitation,3.0,0.06,f1,0.6512
rtdetr-l,C_finetuned_supervised,grid_search,4.0,0.0,f1,0.69
yolo11n,A_unfinetuned,baseline,0.0,0.0,f1,0.0
yolo11n,B_finetuned_unsupervised,baseline,0.0,0.0,f1,0.0
yolo11n,B_finetuned_unsupervised,bo_exploration,3.0,0.47,f1,0.6992
yolo11n,B_finetuned_unsupervised,bo_exploitation,4.0,0.62,f1,0.7454
yolo11n,B_finetuned_unsupervised,grid_search,4.0,0.5,f1,0.7454
yolo11n,C_finetuned_supervised,bo_exploration,3.0,0.19,f1,0.7122
yolo11n,C_finetuned_supervised,bo_exploitation,3.0,0.13,f1,0.7122
yolo11n,C_finetuned_supervised,grid_search,4.0,0.0,f1,0.768
yolo11m,A_unfinetuned,baseline,0.0,0.0,f1,0.0
yolo11m,A_unfinetuned,bo_exploration,4.0,0.42,f1,0.714
yolo11m,A_unfinetuned,bo_exploitation,3.0,0.29,f1,0.7013
yolo11m,A_unfinetuned,grid_search,4.0,0.5,f1,0.714
yolo11m,B_finetuned_unsupervised,baseline,0.0,0.0,f1,0.0001
yolo11m,B_finetuned_unsupervised,bo_exploration,4.0,0.4,f1,0.7312
yolo11m,B_finetuned_unsupervised,bo_exploitation,3.0,0.44,f1,0.7133
yolo11m,B_finetuned_unsupervised,grid_search,4.0,0.5,f1,0.7312
yolo11m,C_finetuned_supervised,bo_exploration,2.0,0.55,f1,0.5876
yolo11m,C_finetuned_supervised,bo_exploitation,3.0,0.05,f1,0.706
yolo11m,C_finetuned_supervised,grid_search,4.0,0.0,f1,0.7433
yolo11n,A_unfinetuned,baseline,0.0,0.0,f1,0.0001
yolo11n,A_unfinetuned,bo_exploration,3.0,0.52,f1,0.7247
yolo11n,A_unfinetuned,bo_exploitation,2.0,0.62,f1,0.5671
yolo11n,A_unfinetuned,grid_search,4.0,0.5,f1,0.7527
yolo11n,B_finetuned_unsupervised,baseline,0.0,0.0,f1,0.0
yolo11n,B_finetuned_unsupervised,bo_exploration,3.0,0.62,f1,0.7422
yolo11n,B_finetuned_unsupervised,bo_exploitation,2.0,0.62,f1,0.5751
yolo11n,B_finetuned_unsupervised,grid_search,4.0,0.5,f1,0.7812
yolo11n,C_finetuned_supervised,bo_exploration,3.0,-0.01,f1,0.7345
yolo11n,C_finetuned_supervised,bo_exploitation,3.0,0.29,f1,0.7454
yolo11n,C_finetuned_supervised,grid_search,4.0,0.0,f1,0.799
yolo11m,A_unfinetuned,baseline,0.0,0.0,f1,0.0002
yolo11m,A_unfinetuned,bo_exploration,2.0,0.61,f1,0.5142
yolo11m,A_unfinetuned,bo_exploitation,3.0,0.3,f1,0.6294
yolo11m,A_unfinetuned,grid_search,4.0,0.5,f1,0.6442
yolo11m,B_finetuned_unsupervised,baseline,0.0,0.0,f1,0.0001
yolo11m,B_finetuned_unsupervised,bo_exploration,2.0,0.38,f1,0.5884
yolo11m,B_finetuned_unsupervised,bo_exploitation,2.0,-0.11,f1,0.5886
yolo11m,B_finetuned_unsupervised,grid_search,4.0,0.5,f1,0.7315
yolo11m,C_finetuned_supervised,bo_exploration,3.0,-0.11,f1,0.7064
yolo11m,C_finetuned_supervised,bo_exploitation,3.0,-0.1,f1,0.7064
yolo11m,C_finetuned_supervised,grid_search,4.0,0.0,f1,0.7437
yolo11n,A_unfinetuned,baseline,0.0,0.0,f1,0.0003
yolo11n,A_unfinetuned,bo_exploration,3.0,0.52,f1,0.7007
yolo11n,A_unfinetuned,bo_exploitation,2.0,0.45,f1,0.542
yolo11n,A_unfinetuned,grid_search,4.0,0.5,f1,0.7448
yolo11n,B_finetuned_unsupervised,baseline,0.0,0.0,f1,0.0
yolo11n,B_finetuned_unsupervised,bo_exploration,4.0,0.62,f1,0.7808
yolo11n,B_finetuned_unsupervised,bo_exploitation,4.0,0.31,f1,0.7882
yolo11n,B_finetuned_unsupervised,grid_search,4.0,0.5,f1,0.7808
yolo11n,C_finetuned_supervised,bo_exploration,3.0,-0.12,f1,0.7337
yolo11n,C_finetuned_supervised,bo_exploitation,4.0,0.56,f1,0.7808
yolo11n,C_finetuned_supervised,grid_search,4.0,0.0,f1,0.7989
yolo11m,A_unfinetuned,baseline,0.0,0.0,f1,0.0
yolo11m,A_unfinetuned,bo_exploration,2.0,0.61,f1,0.5333
yolo11m,A_unfinetuned,bo_exploitation,4.0,0.36,f1,0.7074
yolo11m,A_unfinetuned,grid_search,4.0,0.5,f1,0.7063
yolo11m,B_finetuned_unsupervised,baseline,0.0,0.0,f1,0.0001
yolo11m,B_finetuned_unsupervised,bo_exploration,4.0,0.62,f1,0.7315
yolo11m,B_finetuned_unsupervised,bo_exploitation,1.0,0.27,f1,0.0128
yolo11m,B_finetuned_unsupervised,grid_search,4.0,0.5,f1,0.7315
yolo11m,C_finetuned_supervised,bo_exploration,4.0,-0.12,f1,0.7436
yolo11m,C_finetuned_supervised,bo_exploitation,3.0,0.11,f1,0.7062
yolo11m,C_finetuned_supervised,grid_search,4.0,0.0,f1,0.7436
rtdetr-l,A_unfinetuned,baseline,0.0,0.0,f1,0.0006
rtdetr-l,A_unfinetuned,bo_exploration,2.0,0.5,f1,0.4487
rtdetr-l,A_unfinetuned,bo_exploitation,2.0,0.07,f1,0.4497
rtdetr-l,A_unfinetuned,grid_search,4.0,0.5,f1,0.6553
rtdetr-l,B_finetuned_unsupervised,baseline,0.0,0.0,f1,0.0
rtdetr-l,B_finetuned_unsupervised,bo_exploration,3.0,0.62,f1,0.7608
rtdetr-l,B_finetuned_unsupervised,bo_exploitation,4.0,0.46,f1,0.7896
rtdetr-l,B_finetuned_unsupervised,grid_search,4.0,0.5,f1,0.7896
rtdetr-l,C_finetuned_supervised,bo_exploration,3.0,0.02,f1,0.7493
rtdetr-l,C_finetuned_supervised,bo_exploitation,2.0,0.19,f1,0.5741
rtdetr-l,C_finetuned_supervised,grid_search,4.0,0.0,f1,0.7936
yolo11n,A_unfinetuned,baseline,0.0,0.0,f1,0.0003
yolo11n,A_unfinetuned,bo_exploration,2.0,0.18,f1,0.5355
yolo11n,A_unfinetuned,bo_exploitation,3.0,0.43,f1,0.6866
yolo11n,A_unfinetuned,grid_search,4.0,0.5,f1,0.7161
yolo11n,B_finetuned_unsupervised,baseline,0.0,0.0,f1,0.0
yolo11n,B_finetuned_unsupervised,bo_exploration,4.0,0.49,f1,0.7807
yolo11n,B_finetuned_unsupervised,bo_exploitation,1.0,0.18,f1,0.0098
yolo11n,B_finetuned_unsupervised,grid_search,4.0,0.5,f1,0.7807
yolo11n,C_finetuned_supervised,bo_exploration,3.0,0.18,f1,0.7452
yolo11n,C_finetuned_supervised,bo_exploitation,3.0,0.3,f1,0.7452
yolo11n,C_finetuned_supervised,grid_search,4.0,0.0,f1,0.7988
yolo11m,A_unfinetuned,baseline,0.0,0.0,f1,0.0002
yolo11m,A_unfinetuned,bo_exploration,4.0,0.45,f1,0.6935
yolo11m,A_unfinetuned,bo_exploitation,4.0,0.18,f1,0.6935
yolo11m,A_unfinetuned,grid_search,4.0,0.5,f1,0.6935
yolo11m,B_finetuned_unsupervised,baseline,0.0,0.0,f1,0.0001
yolo11m,B_finetuned_unsupervised,bo_exploration,2.0,0.55,f1,0.5879
yolo11m,B_finetuned_unsupervised,bo_exploitation,4.0,0.45,f1,0.7308
yolo11m,B_finetuned_unsupervised,grid_search,4.0,0.5,f1,0.7308
yolo11m,C_finetuned_supervised,bo_exploration,3.0,0.57,f1,0.713
yolo11m,C_finetuned_supervised,bo_exploitation,4.0,0.09,f1,0.7432
yolo11m,C_finetuned_supervised,grid_search,4.0,0.0,f1,0.7432
rtdetr-l,A_unfinetuned,baseline,0.0,0.0,f1,0.0001
rtdetr-l,A_unfinetuned,bo_exploration,3.0,-0.05,f1,0.6224
rtdetr-l,A_unfinetuned,bo_exploitation,3.0,0.47,f1,0.6365
rtdetr-l,A_unfinetuned,grid_search,4.0,0.5,f1,0.6713
rtdetr-l,B_finetuned_unsupervised,baseline,0.0,0.0,f1,0.0002
rtdetr-l,B_finetuned_unsupervised,bo_exploration,4.0,0.55,f1,0.6929
rtdetr-l,B_finetuned_unsupervised,bo_exploitation,4.0,0.09,f1,0.7021
rtdetr-l,B_finetuned_unsupervised,grid_search,4.0,0.5,f1,0.6929
rtdetr-l,C_finetuned_supervised,bo_exploration,3.0,-0.12,f1,0.6512
rtdetr-l,C_finetuned_supervised,bo_exploitation,3.0,-0.03,f1,0.6512
rtdetr-l,C_finetuned_supervised,grid_search,4.0,0.0,f1,0.7021
yolo11n,A_unfinetuned,baseline,0.0,0.0,f1,0.0001
yolo11n,A_unfinetuned,bo_exploration,4.0,0.45,f1,0.7616
yolo11n,A_unfinetuned,bo_exploitation,3.0,0.03,f1,0.7278
yolo11n,A_unfinetuned,grid_search,4.0,0.5,f1,0.7616
yolo11n,B_finetuned_unsupervised,baseline,0.0,0.0,f1,0.0
yolo11n,B_finetuned_unsupervised,bo_exploration,4.0,0.62,f1,0.7816
yolo11n,B_finetuned_unsupervised,bo_exploitation,4.0,0.58,f1,0.7816
yolo11n,B_finetuned_unsupervised,grid_search,4.0,0.5,f1,0.7816
yolo11n,C_finetuned_supervised,bo_exploration,1.0,0.02,f1,0.0095
yolo11n,C_finetuned_supervised,bo_exploitation,4.0,0.08,f1,0.7992
yolo11n,C_finetuned_supervised,grid_search,4.0,0.0,f1,0.7992
yolo11m,A_unfinetuned,baseline,0.0,0.0,f1,0.0
yolo11m,A_unfinetuned,bo_exploration,4.0,-0.12,f1,0.7638
yolo11m,A_unfinetuned,bo_exploitation,2.0,0.53,f1,0.5769
yolo11m,A_unfinetuned,grid_search,4.0,0.5,f1,0.7557
yolo11m,B_finetuned_unsupervised,baseline,0.0,0.0,f1,0.0
yolo11m,B_finetuned_unsupervised,bo_exploration,2.0,0.21,f1,0.5997
yolo11m,B_finetuned_unsupervised,bo_exploitation,4.0,-0.1,f1,0.7775
yolo11m,B_finetuned_unsupervised,grid_search,4.0,0.5,f1,0.7682
yolo11m,C_finetuned_supervised,bo_exploration,4.0,0.09,f1,0.7775
yolo11m,C_finetuned_supervised,bo_exploitation,2.0,0.28,f1,0.5997
yolo11m,C_finetuned_supervised,grid_search,4.0,0.0,f1,0.7775
rtdetr-l,A_unfinetuned,baseline,0.0,0.0,f1,0.0001
rtdetr-l,A_unfinetuned,bo_exploration,3.0,0.21,f1,0.6684
rtdetr-l,A_unfinetuned,bo_exploitation,2.0,0.21,f1,0.4916
rtdetr-l,A_unfinetuned,grid_search,4.0,0.5,f1,0.7072
rtdetr-l,B_finetuned_unsupervised,baseline,0.0,0.0,f1,0.0006
rtdetr-l,B_finetuned_unsupervised,bo_exploration,3.0,0.62,f1,0.7072
rtdetr-l,B_finetuned_unsupervised,bo_exploitation,4.0,0.52,f1,0.7337
rtdetr-l,B_finetuned_unsupervised,grid_search,4.0,0.5,f1,0.7337
rtdetr-l,C_finetuned_supervised,bo_exploration,2.0,0.01,f1,0.5408
yolo11n,A_unfinetuned,baseline,0.0,0.0,f1,0.0
yolo11n,A_unfinetuned,bo_exploration,3.0,0.55,f1,0.7367
yolo11n,A_unfinetuned,bo_exploitation,3.0,0.14,f1,0.7426
yolo11n,A_unfinetuned,grid_search,4.0,0.5,f1,0.7732
yolo11n,B_finetuned_unsupervised,baseline,0.0,0.0,f1,0.0
yolo11n,B_finetuned_unsupervised,bo_exploration,4.0,0.62,f1,0.7811
yolo11n,B_finetuned_unsupervised,bo_exploitation,2.0,0.59,f1,0.5743
yolo11n,B_finetuned_unsupervised,grid_search,4.0,0.5,f1,0.7811
yolo11n,C_finetuned_supervised,bo_exploration,3.0,-0.01,f1,0.7339
yolo11n,C_finetuned_supervised,bo_exploitation,3.0,0.4,f1,0.7416
yolo11n,C_finetuned_supervised,grid_search,4.0,0.0,f1,0.7986
yolo11m,A_unfinetuned,baseline,0.0,0.0,f1,0.0002
yolo11m,A_unfinetuned,bo_exploration,3.0,0.34,f1,0.669
yolo11m,A_unfinetuned,bo_exploitation,2.0,0.45,f1,0.5503
yolo11m,A_unfinetuned,grid_search,4.0,0.5,f1,0.6859
yolo11m,B_finetuned_unsupervised,baseline,0.0,0.0,f1,0.0001
yolo11m,B_finetuned_unsupervised,bo_exploration,4.0,0.44,f1,0.7307
yolo11m,B_finetuned_unsupervised,bo_exploitation,2.0,0.33,f1,0.5846
yolo11m,B_finetuned_unsupervised,grid_search,4.0,0.5,f1,0.7307
yolo11m,C_finetuned_supervised,bo_exploration,4.0,-0.12,f1,0.7427
yolo11m,C_finetuned_supervised,bo_exploitation,3.0,0.31,f1,0.7122
yolo11m,C_finetuned_supervised,grid_search,4.0,0.0,f1,0.7427
rtdetr-l,A_unfinetuned,baseline,0.0,0.0,f1,0.0006
rtdetr-l,A_unfinetuned,bo_exploration,2.0,0.46,f1,0.5328
rtdetr-l,A_unfinetuned,bo_exploitation,3.0,0.57,f1,0.6801
rtdetr-l,A_unfinetuned,grid_search,4.0,0.5,f1,0.7047
rtdetr-l,B_finetuned_unsupervised,baseline,0.0,0.0,f1,0.0
rtdetr-l,B_finetuned_unsupervised,bo_exploration,4.0,0.62,f1,0.7708
rtdetr-l,B_finetuned_unsupervised,bo_exploitation,1.0,0.2,f1,0.0009
rtdetr-l,B_finetuned_unsupervised,grid_search,4.0,0.5,f1,0.7708
rtdetr-l,C_finetuned_supervised,bo_exploration,4.0,-0.12,f1,0.7687
rtdetr-l,C_finetuned_supervised,bo_exploitation,4.0,-0.12,f1,0.7687
rtdetr-l,C_finetuned_supervised,grid_search,4.0,0.0,f1,0.7687
rtdetr-l,A_unfinetuned,baseline,0.0,0.0,f1,0.0013
rtdetr-l,A_unfinetuned,bo_exploration,4.0,0.54,f1,0.7405
rtdetr-l,A_unfinetuned,bo_exploitation,3.0,0.44,f1,0.7185
rtdetr-l,A_unfinetuned,grid_search,4.0,0.5,f1,0.7405
rtdetr-l,B_finetuned_unsupervised,baseline,0.0,0.0,f1,0.0003
rtdetr-l,A_unfinetuned,baseline,0.0,0.0,f1,0.0004
rtdetr-l,A_unfinetuned,bo_exploration,3.0,-0.0,f1,0.6339
rtdetr-l,A_unfinetuned,bo_exploitation,2.0,0.55,f1,0.4822
rtdetr-l,A_unfinetuned,grid_search,4.0,0.5,f1,0.6846
rtdetr-l,B_finetuned_unsupervised,baseline,0.0,0.0,f1,0.0001
rtdetr-l,B_finetuned_unsupervised,bo_exploration,4.0,0.62,f1,0.7189
rtdetr-l,B_finetuned_unsupervised,bo_exploitation,2.0,0.41,f1,0.5127
rtdetr-l,B_finetuned_unsupervised,grid_search,4.0,0.5,f1,0.7189
rtdetr-l,C_finetuned_supervised,bo_exploration,3.0,-0.07,f1,0.6697
rtdetr-l,C_finetuned_supervised,bo_exploitation,2.0,0.36,f1,0.508
rtdetr-l,C_finetuned_supervised,grid_search,4.0,0.0,f1,0.7171
yolo11n,A_unfinetuned,baseline,0.0,0.0,f1,0.0
yolo11n,A_unfinetuned,bo_exploration,4.0,0.62,f1,0.7801
yolo11n,A_unfinetuned,bo_exploitation,3.0,-0.05,f1,0.7452
yolo11n,A_unfinetuned,grid_search,4.0,0.5,f1,0.7801
yolo11n,B_finetuned_unsupervised,baseline,0.0,0.0,f1,0.0
yolo11n,B_finetuned_unsupervised,bo_exploration,4.0,0.62,f1,0.7813
yolo11n,B_finetuned_unsupervised,bo_exploitation,3.0,0.17,f1,0.7453
yolo11n,B_finetuned_unsupervised,grid_search,4.0,0.5,f1,0.7813
yolo11n,C_finetuned_supervised,bo_exploration,3.0,-0.12,f1,0.7344
yolo11n,C_finetuned_supervised,bo_exploitation,3.0,0.14,f1,0.7453
yolo11n,C_finetuned_supervised,grid_search,4.0,0.0,f1,0.7991
yolo11m,A_unfinetuned,baseline,0.0,0.0,f1,0.0
yolo11m,A_unfinetuned,bo_exploration,3.0,-0.05,f1,0.6827
yolo11m,A_unfinetuned,bo_exploitation,3.0,0.29,f1,0.6902
yolo11m,A_unfinetuned,grid_search,4.0,0.5,f1,0.7139
yolo11m,B_finetuned_unsupervised,baseline,0.0,0.0,f1,0.0001
yolo11m,B_finetuned_unsupervised,bo_exploration,4.0,0.62,f1,0.7314
yolo11n,A_unfinetuned,baseline,0.0,0.0,f1,0.0002
yolo11n,A_unfinetuned,bo_exploration,4.0,0.62,f1,0.7122
yolo11n,A_unfinetuned,bo_exploitation,3.0,0.47,f1,0.6935
yolo11n,A_unfinetuned,grid_search,4.0,0.5,f1,0.7122
yolo11n,B_finetuned_unsupervised,baseline,0.0,0.0,f1,0.0
yolo11n,B_finetuned_unsupervised,bo_exploration,3.0,0.48,f1,0.7423
yolo11n,B_finetuned_unsupervised,bo_exploitation,3.0,0.62,f1,0.7423
yolo11n,B_finetuned_unsupervised,grid_search,4.0,0.5,f1,0.7812
yolo11n,C_finetuned_supervised,bo_exploration,3.0,0.02,f1,0.7343
yolo11n,C_finetuned_supervised,bo_exploitation,4.0,0.06,f1,0.7991
yolo11n,C_finetuned_supervised,grid_search,4.0,0.0,f1,0.7991
yolo11m,A_unfinetuned,baseline,0.0,0.0,f1,0.0004
yolo11m,A_unfinetuned,bo_exploration,3.0,0.62,f1,0.6764
yolo11m,A_unfinetuned,bo_exploitation,3.0,0.44,f1,0.6764
yolo11m,A_unfinetuned,grid_search,4.0,0.5,f1,0.7012
yolo11m,B_finetuned_unsupervised,baseline,0.0,0.0,f1,0.0
yolo11m,B_finetuned_unsupervised,bo_exploration,4.0,0.61,f1,0.7352
yolo11m,B_finetuned_unsupervised,bo_exploitation,3.0,0.62,f1,0.7112
yolo11m,B_finetuned_unsupervised,grid_search,4.0,0.5,f1,0.7352
yolo11m,C_finetuned_supervised,bo_exploration,4.0,-0.1,f1,0.7475
yolo11m,C_finetuned_supervised,bo_exploitation,3.0,0.25,f1,0.715
yolo11m,C_finetuned_supervised,grid_search,4.0,0.0,f1,0.7475
yolo11n,A_unfinetuned,baseline,0.0,0.0,f1,0.0001
yolo11n,A_unfinetuned,bo_exploration,3.0,-0.12,f1,0.6771
yolo11n,A_unfinetuned,bo_exploitation,3.0,0.47,f1,0.6692
yolo11n,A_unfinetuned,grid_search,4.0,0.5,f1,0.7056
yolo11n,B_finetuned_unsupervised,baseline,0.0,0.0,f1,0.0
yolo11n,B_finetuned_unsupervised,bo_exploration,2.0,0.13,f1,0.5708
yolo11n,B_finetuned_unsupervised,bo_exploitation,2.0,0.48,f1,0.5754
yolo11n,B_finetuned_unsupervised,grid_search,4.0,0.5,f1,0.7812
yolo11n,C_finetuned_supervised,bo_exploration,4.0,0.09,f1,0.799
yolo11n,C_finetuned_supervised,bo_exploitation,3.0,-0.12,f1,0.7347
yolo11n,C_finetuned_supervised,grid_search,4.0,0.0,f1,0.799
yolo11m,A_unfinetuned,baseline,0.0,0.0,f1,0.0001
yolo11m,A_unfinetuned,bo_exploration,3.0,0.62,f1,0.6664
yolo11m,A_unfinetuned,bo_exploitation,3.0,0.49,f1,0.6664
yolo11m,A_unfinetuned,grid_search,4.0,0.5,f1,0.6977
yolo11m,B_finetuned_unsupervised,baseline,0.0,0.0,f1,0.0001
yolo11m,B_finetuned_unsupervised,bo_exploration,1.0,0.19,f1,0.0133
yolo11m,B_finetuned_unsupervised,bo_exploitation,4.0,0.53,f1,0.7315
yolo11m,B_finetuned_unsupervised,grid_search,4.0,0.5,f1,0.7315
yolo11m,C_finetuned_supervised,bo_exploration,4.0,0.46,f1,0.7315
yolo11m,C_finetuned_supervised,bo_exploitation,4.0,-0.12,f1,0.7438
yolo11m,C_finetuned_supervised,grid_search,4.0,0.0,f1,0.7438
rtdetr-l,A_unfinetuned,baseline,0.0,0.0,f1,0.0004
rtdetr-l,A_unfinetuned,bo_exploration,3.0,0.62,f1,0.6573
rtdetr-l,A_unfinetuned,bo_exploitation,4.0,0.62,f1,0.6921
rtdetr-l,A_unfinetuned,grid_search,4.0,0.5,f1,0.6921
rtdetr-l,B_finetuned_unsupervised,baseline,0.0,0.0,f1,0.0001
rtdetr-l,B_finetuned_unsupervised,bo_exploration,3.0,0.57,f1,0.7052
rtdetr-l,B_finetuned_unsupervised,bo_exploitation,4.0,0.0,f1,0.7409
rtdetr-l,B_finetuned_unsupervised,grid_search,4.0,0.5,f1,0.7415
rtdetr-l,C_finetuned_supervised,bo_exploration,4.0,-0.12,f1,0.7409
rtdetr-l,C_finetuned_supervised,bo_exploitation,4.0,0.52,f1,0.7415
rtdetr-l,C_finetuned_supervised,grid_search,4.0,0.0,f1,0.7409
yolo11n,A_unfinetuned,baseline,0.0,0.0,f1,0.0
yolo11n,A_unfinetuned,bo_exploration,4.0,0.62,f1,0.7405
yolo11n,A_unfinetuned,bo_exploitation,4.0,0.13,f1,0.7487
yolo11n,A_unfinetuned,grid_search,4.0,0.5,f1,0.7405
yolo11n,B_finetuned_unsupervised,baseline,0.0,0.0,f1,0.0
yolo11m,A_unfinetuned,baseline,0.0,0.0,f1,0.0002
yolo11m,A_unfinetuned,bo_exploration,4.0,0.62,f1,0.7223
yolo11m,A_unfinetuned,bo_exploitation,3.0,0.26,f1,0.6963
yolo11m,A_unfinetuned,grid_search,4.0,0.5,f1,0.7223
yolo11m,B_finetuned_unsupervised,baseline,0.0,0.0,f1,0.0001
yolo11m,B_finetuned_unsupervised,bo_exploration,4.0,0.21,f1,0.7326
yolo11m,B_finetuned_unsupervised,bo_exploitation,4.0,0.16,f1,0.7326
yolo11m,B_finetuned_unsupervised,grid_search,4.0,0.5,f1,0.7303
yolo11m,C_finetuned_supervised,bo_exploration,3.0,-0.0,f1,0.7052
yolo11m,C_finetuned_supervised,bo_exploitation,2.0,0.14,f1,0.5843
yolo11m,C_finetuned_supervised,grid_search,4.0,0.0,f1,0.7426
rtdetr-l,A_unfinetuned,baseline,0.0,0.0,f1,0.0002
rtdetr-l,A_unfinetuned,bo_exploration,4.0,0.62,f1,0.7047
rtdetr-l,A_unfinetuned,bo_exploitation,3.0,0.56,f1,0.677
rtdetr-l,A_unfinetuned,grid_search,4.0,0.5,f1,0.7047
rtdetr-l,B_finetuned_unsupervised,baseline,0.0,0.0,f1,0.0009
rtdetr-l,B_finetuned_unsupervised,bo_exploration,3.0,0.46,f1,0.6044
rtdetr-l,B_finetuned_unsupervised,bo_exploitation,3.0,0.33,f1,0.5854
rtdetr-l,B_finetuned_unsupervised,grid_search,4.0,0.5,f1,0.6384
rtdetr-l,C_finetuned_supervised,bo_exploration,4.0,0.31,f1,0.627
rtdetr-l,C_finetuned_supervised,bo_exploitation,2.0,0.58,f1,0.4447
rtdetr-l,C_finetuned_supervised,grid_search,4.0,0.5,f1,0.6384
yolo11n,A_unfinetuned,baseline,0.0,0.0,f1,0.0
yolo11n,A_unfinetuned,bo_exploration,3.0,0.22,f1,0.7546
yolo11n,A_unfinetuned,bo_exploitation,3.0,0.62,f1,0.7525
yolo11n,A_unfinetuned,grid_search,4.0,0.5,f1,0.7795
yolo11n,B_finetuned_unsupervised,baseline,0.0,0.0,f1,0.0
yolo11n,B_finetuned_unsupervised,bo_exploration,3.0,0.62,f1,0.7419
yolo11n,B_finetuned_unsupervised,bo_exploitation,2.0,0.26,f1,0.5692
yolo11n,B_finetuned_unsupervised,grid_search,4.0,0.5,f1,0.781
yolo11n,C_finetuned_supervised,bo_exploration,2.0,0.36,f1,0.5692
yolo11n,C_finetuned_supervised,bo_exploitation,2.0,0.2,f1,0.5692
yolo11n,C_finetuned_supervised,grid_search,4.0,0.0,f1,0.7988
yolo11m,A_unfinetuned,baseline,0.0,0.0,f1,0.0002
yolo11m,A_unfinetuned,bo_exploration,4.0,0.62,f1,0.6989
yolo11m,A_unfinetuned,bo_exploitation,3.0,0.44,f1,0.6831
yolo11m,A_unfinetuned,grid_search,4.0,0.5,f1,0.6989
yolo11m,B_finetuned_unsupervised,baseline,0.0,0.0,f1,0.0001
yolo11m,B_finetuned_unsupervised,bo_exploration,4.0,0.62,f1,0.7313
yolo11m,B_finetuned_unsupervised,bo_exploitation,4.0,0.21,f1,0.7335
yolo11m,B_finetuned_unsupervised,grid_search,4.0,0.5,f1,0.7313
yolo11m,C_finetuned_supervised,bo_exploration,3.0,-0.06,f1,0.7058
yolo11m,C_finetuned_supervised,bo_exploitation,1.0,0.56,f1,0.013
yolo11m,C_finetuned_supervised,grid_search,4.0,0.0,f1,0.7434
rtdetr-l,A_unfinetuned,baseline,0.0,0.0,f1,0.0009
rtdetr-l,A_unfinetuned,bo_exploration,4.0,0.62,f1,0.6685
rtdetr-l,A_unfinetuned,bo_exploitation,3.0,0.52,f1,0.635
rtdetr-l,A_unfinetuned,grid_search,4.0,0.5,f1,0.6685
rtdetr-l,B_finetuned_unsupervised,baseline,0.0,0.0,f1,0.0009
rtdetr-l,B_finetuned_unsupervised,bo_exploration,3.0,-0.06,f1,0.6712
rtdetr-l,B_finetuned_unsupervised,bo_exploitation,3.0,0.03,f1,0.6712
rtdetr-l,B_finetuned_unsupervised,grid_search,4.0,0.5,f1,0.7091
rtdetr-l,C_finetuned_supervised,bo_exploration,4.0,-0.05,f1,0.7105
rtdetr-l,C_finetuned_supervised,bo_exploitation,1.0,0.2,f1,0.0066
rtdetr-l,C_finetuned_supervised,grid_search,4.0,0.0,f1,0.7105
yolo11n,A_unfinetuned,baseline,0.0,0.0,f1,0.0
yolo11n,A_unfinetuned,bo_exploration,3.0,0.24,f1,0.7381
yolo11n,A_unfinetuned,bo_exploitation,2.0,0.15,f1,0.5603
yolo11n,A_unfinetuned,grid_search,4.0,0.5,f1,0.757
yolo11n,B_finetuned_unsupervised,baseline,0.0,0.0,f1,0.0
yolo11n,B_finetuned_unsupervised,bo_exploration,4.0,0.62,f1,0.7807
yolo11n,B_finetuned_unsupervised,bo_exploitation,3.0,0.52,f1,0.7417
yolo11n,B_finetuned_unsupervised,grid_search,4.0,0.5,f1,0.7807
yolo11n,C_finetuned_supervised,bo_exploration,3.0,-0.05,f1,0.7338
yolo11n,C_finetuned_supervised,bo_exploitation,3.0,0.35,f1,0.7447
yolo11n,C_finetuned_supervised,grid_search,4.0,0.0,f1,0.7985
yolo11m,A_unfinetuned,baseline,0.0,0.0,f1,0.0001
yolo11m,A_unfinetuned,bo_exploration,4.0,0.62,f1,0.6553
yolo11m,A_unfinetuned,bo_exploitation,2.0,0.54,f1,0.503
yolo11m,A_unfinetuned,grid_search,4.0,0.5,f1,0.6553
yolo11m,B_finetuned_unsupervised,baseline,0.0,0.0,f1,0.0001
yolo11m,B_finetuned_unsupervised,bo_exploration,1.0,0.35,f1,0.0131
yolo11m,B_finetuned_unsupervised,bo_exploitation,3.0,0.45,f1,0.7125
yolo11m,B_finetuned_unsupervised,grid_search,4.0,0.5,f1,0.7304
yolo11m,C_finetuned_supervised,bo_exploration,3.0,0.45,f1,0.7125
yolo11m,C_finetuned_supervised,bo_exploitation,4.0,-0.08,f1,0.7426
yolo11m,C_finetuned_supervised,grid_search,4.0,0.0,f1,0.7426
rtdetr-l,A_unfinetuned,baseline,0.0,0.0,f1,0.0006
rtdetr-l,A_unfinetuned,bo_exploration,2.0,0.61,f1,0.512
rtdetr-l,A_unfinetuned,bo_exploitation,3.0,0.41,f1,0.6967
rtdetr-l,A_unfinetuned,grid_search,4.0,0.5,f1,0.7304
rtdetr-l,B_finetuned_unsupervised,baseline,0.0,0.0,f1,0.0022
rtdetr-l,B_finetuned_unsupervised,bo_exploration,3.0,0.39,f1,0.7158
rtdetr-l,B_finetuned_unsupervised,bo_exploitation,3.0,-0.08,f1,0.693
rtdetr-l,B_finetuned_unsupervised,grid_search,4.0,0.5,f1,0.7468
rtdetr-l,C_finetuned_supervised,bo_exploration,2.0,0.36,f1,0.5429
rtdetr-l,C_finetuned_supervised,bo_exploitation,4.0,-0.12,f1,0.7401
rtdetr-l,C_finetuned_supervised,grid_search,4.0,0.0,f1,0.7401
rtdetr-l,A_unfinetuned,baseline,0.0,0.0,f1,0.0004
rtdetr-l,A_unfinetuned,bo_exploration,4.0,0.62,f1,0.6952
rtdetr-l,A_unfinetuned,bo_exploitation,3.0,0.22,f1,0.6532
rtdetr-l,A_unfinetuned,grid_search,4.0,0.5,f1,0.6952
rtdetr-l,B_finetuned_unsupervised,baseline,0.0,0.0,f1,0.002
rtdetr-l,B_finetuned_unsupervised,bo_exploration,3.0,0.62,f1,0.6285
rtdetr-l,B_finetuned_unsupervised,bo_exploitation,3.0,0.6,f1,0.6285
rtdetr-l,B_finetuned_unsupervised,grid_search,4.0,0.5,f1,0.6665
rtdetr-l,C_finetuned_supervised,bo_exploration,4.0,0.21,f1,0.6524
rtdetr-l,C_finetuned_supervised,bo_exploitation,2.0,0.1,f1,0.4617
rtdetr-l,C_finetuned_supervised,grid_search,4.0,0.0,f1,0.6561
rtdetr-l,A_unfinetuned,baseline,0.0,0.0,f1,0.0002
rtdetr-l,A_unfinetuned,bo_exploration,2.0,0.13,f1,0.4627
rtdetr-l,A_unfinetuned,bo_exploitation,4.0,0.38,f1,0.6776
rtdetr-l,A_unfinetuned,grid_search,4.0,0.5,f1,0.6776
rtdetr-l,B_finetuned_unsupervised,baseline,0.0,0.0,f1,0.0005
rtdetr-l,B_finetuned_unsupervised,bo_exploration,3.0,0.62,f1,0.6444
rtdetr-l,B_finetuned_unsupervised,bo_exploitation,4.0,0.0,f1,0.6736
rtdetr-l,B_finetuned_unsupervised,grid_search,4.0,0.5,f1,0.6855
rtdetr-l,C_finetuned_supervised,bo_exploration,4.0,0.05,f1,0.6736
rtdetr-l,C_finetuned_supervised,bo_exploitation,2.0,0.09,f1,0.4624
rtdetr-l,C_finetuned_supervised,grid_search,4.0,0.0,f1,0.6736
