model,n_params,is_finetune,thread,iters,time_per_epoch,max_mem,metric,strategy,time_hptuning,time_inference,divider,overlap,map5095,map50,precision,recall,f1,n_all,n_fn,n_fp,cat
yolo11n,2.6,1_NOFT,5,1,4.63,6904.097,baseline,baseline,0.0,4.53,0.0,0.0,0.0,0.0,0.0,0.0,0.0,81966,81966,1697,A_unfinetuned
yolo11n,2.6,1_NOFT,5,1,4.63,6904.097,count,bo_exploration,4.57,73.69,4.0,0.62,0.4484,0.777,0.8231,0.7243,0.7706,81966,22595,12763,A_unfinetuned
yolo11n,2.6,1_NOFT,5,1,4.63,6904.097,count,bo_exploitation,2.62,35.69,2.0,0.53,0.2534,0.5692,0.7,0.469,0.5617,81966,43524,16476,A_unfinetuned
yolo11n,2.6,1_NOFT,5,1,4.63,6904.097,count,grid_search,4.47,73.31,4.0,0.5,0.4484,0.777,0.8231,0.7243,0.7706,81966,22595,12763,A_unfinetuned
yolo11n,2.6,2_FT,5,1,3.237,8293.878,baseline,baseline,0.0,2.89,0.0,0.0,0.0,0.0,0.0,0.0,0.0,81966,81966,697,B_finetuned_unsupervised
yolo11n,2.6,2_FT,5,1,3.237,8293.878,count,bo_exploration,2.62,30.0,3.0,0.34,0.4084,0.755,0.8584,0.657,0.7443,81966,28112,8883,B_finetuned_unsupervised
yolo11n,2.6,2_FT,5,1,3.237,8293.878,count,bo_exploitation,2.89,32.39,2.0,0.62,0.2743,0.6046,0.7927,0.4492,0.5734,81966,45147,9630,B_finetuned_unsupervised
yolo11n,2.6,2_FT,5,1,3.237,8293.878,count,grid_search,4.38,66.3,4.0,0.5,0.4459,0.7933,0.8502,0.7214,0.7805,81966,22836,10422,B_finetuned_unsupervised
yolo11n,2.6,2_FT,5,1,3.237,8293.878,map,bo_exploration,9.69,26.61,4.0,-0.12,0.4864,0.8175,0.8643,0.7421,0.7986,81966,21140,9546,C_finetuned_supervised
yolo11n,2.6,2_FT,5,1,3.237,8293.878,map,bo_exploitation,11.57,29.64,3.0,0.29,0.4084,0.755,0.8584,0.657,0.7443,81966,28112,8883,C_finetuned_supervised
yolo11n,2.6,2_FT,5,1,3.237,8293.878,map,grid_search,14.08,26.56,4.0,0.0,0.4864,0.8175,0.8643,0.7421,0.7986,81966,21140,9546,C_finetuned_supervised
yolo11m,20.1,1_NOFT,5,1,11.585,22598.505,baseline,baseline,0.0,3.35,0.0,0.0,0.0001,0.0003,0.0005,0.0,0.0,81966,81964,3951,A_unfinetuned
yolo11m,20.1,2_FT,5,1,9.051,18860.711,baseline,baseline,0.0,3.37,0.0,0.0,0.0001,0.0005,0.001,0.0,0.0001,81966,81962,4018,B_finetuned_unsupervised
yolo11m,20.1,2_FT,5,1,9.051,18860.711,count,bo_exploration,3.41,50.53,3.0,0.41,0.3934,0.6949,0.7832,0.6536,0.7126,81966,28391,14831,B_finetuned_unsupervised
yolo11m,20.1,2_FT,5,1,9.051,18860.711,count,bo_exploitation,7.17,50.61,3.0,0.62,0.3934,0.6949,0.7832,0.6536,0.7126,81966,28391,14831,B_finetuned_unsupervised
yolo11m,20.1,2_FT,5,1,9.051,18860.711,count,grid_search,4.34,68.4,4.0,0.5,0.4077,0.7156,0.7976,0.6744,0.7308,81966,26691,14029,B_finetuned_unsupervised
yolo11m,20.1,2_FT,5,1,9.051,18860.711,map,bo_exploration,10.23,27.92,4.0,-0.12,0.4425,0.7349,0.8029,0.6918,0.7432,81966,25266,13921,C_finetuned_supervised
yolo11n,2.6,1_NOFT,5,2,4.502,6839.578,baseline,baseline,0.0,3.04,0.0,0.0,0.0,0.0,0.0,0.0,0.0,82115,82115,1862,A_unfinetuned
yolo11n,2.6,1_NOFT,5,2,4.502,6839.578,count,bo_exploration,3.47,66.91,4.0,0.62,0.3991,0.7643,0.8326,0.6975,0.7591,82115,24839,11513,A_unfinetuned
yolo11n,2.6,1_NOFT,5,2,4.502,6839.578,count,bo_exploitation,3.2,49.1,3.0,0.48,0.3401,0.7122,0.794,0.6361,0.7064,82115,29879,13550,A_unfinetuned
yolo11n,2.6,1_NOFT,5,2,4.502,6839.578,count,grid_search,3.69,66.94,4.0,0.5,0.3991,0.7643,0.8326,0.6975,0.7591,82115,24839,11513,A_unfinetuned
yolo11n,2.6,2_FT,5,2,3.168,7708.462,baseline,baseline,0.0,2.84,0.0,0.0,0.0,0.0,0.0,0.0,0.0,82115,82115,706,B_finetuned_unsupervised
yolo11n,2.6,2_FT,5,2,3.168,7708.462,count,bo_exploration,5.01,47.64,3.0,0.62,0.3903,0.7523,0.8328,0.6685,0.7417,82115,27220,11018,B_finetuned_unsupervised
yolo11n,2.6,2_FT,5,2,3.168,7708.462,count,bo_exploitation,2.36,4.96,1.0,0.54,0.0087,0.0468,0.0932,0.0052,0.0098,82115,81689,4145,B_finetuned_unsupervised
yolo11n,2.6,2_FT,5,2,3.168,7708.462,count,grid_search,3.6,66.18,4.0,0.5,0.4464,0.7937,0.8499,0.7219,0.7807,82115,22835,10471,B_finetuned_unsupervised
yolo11n,2.6,2_FT,5,2,3.168,7708.462,map,bo_exploration,7.23,26.8,4.0,-0.12,0.4867,0.8176,0.8637,0.7424,0.7985,82115,21151,9620,C_finetuned_supervised
yolo11n,2.6,2_FT,5,2,3.168,7708.462,map,bo_exploitation,7.81,29.82,3.0,0.23,0.4087,0.7554,0.8579,0.6578,0.7447,82115,28096,8944,C_finetuned_supervised
yolo11n,2.6,2_FT,5,2,3.168,7708.462,map,grid_search,11.01,26.71,4.0,0.0,0.4867,0.8176,0.8637,0.7424,0.7985,82115,21151,9620,C_finetuned_supervised
yolo11m,20.1,1_NOFT,5,2,11.869,22670.67,baseline,baseline,0.0,3.3,0.0,0.0,0.0001,0.0007,0.0014,0.0001,0.0001,82115,82110,3455,A_unfinetuned
yolo11m,20.1,1_NOFT,5,2,11.869,22670.67,count,bo_exploration,2.18,40.78,4.0,0.33,0.4182,0.7069,0.7964,0.6507,0.7162,82115,28681,13662,A_unfinetuned
yolo11m,20.1,1_NOFT,5,2,11.869,22670.67,count,bo_exploitation,2.35,36.73,2.0,0.55,0.295,0.5929,0.7233,0.5078,0.5967,82115,40414,15954,A_unfinetuned
yolo11m,20.1,1_NOFT,5,2,11.869,22670.67,count,grid_search,4.08,73.45,4.0,0.5,0.4147,0.7073,0.7726,0.6744,0.7202,82115,26740,16297,A_unfinetuned
yolo11m,20.1,2_FT,5,2,9.148,18089.114,baseline,baseline,0.0,3.33,0.0,0.0,0.0001,0.0005,0.001,0.0,0.0001,82115,82111,4049,B_finetuned_unsupervised
yolo11m,20.1,2_FT,5,2,9.148,18089.114,count,bo_exploration,4.3,51.07,3.0,0.5,0.3934,0.6947,0.7825,0.654,0.7125,82115,28414,14926,B_finetuned_unsupervised
yolo11m,20.1,2_FT,5,2,9.148,18089.114,count,bo_exploitation,3.19,50.99,3.0,0.57,0.3934,0.6947,0.7825,0.654,0.7125,82115,28414,14926,B_finetuned_unsupervised
yolo11m,20.1,2_FT,5,2,9.148,18089.114,count,grid_search,3.95,69.29,4.0,0.5,0.4075,0.7152,0.7964,0.6745,0.7304,82115,26730,14161,B_finetuned_unsupervised
yolo11m,20.1,2_FT,5,2,9.148,18089.114,map,bo_exploration,10.28,26.27,3.0,-0.12,0.398,0.6892,0.7657,0.6539,0.7054,82115,28419,16428,C_finetuned_supervised
yolo11m,20.1,2_FT,5,2,9.148,18089.114,map,bo_exploitation,9.74,26.31,3.0,0.06,0.398,0.6892,0.7657,0.6539,0.7054,82115,28419,16428,C_finetuned_supervised
yolo11m,20.1,2_FT,5,2,9.148,18089.114,map,grid_search,12.32,28.04,4.0,0.0,0.4422,0.7344,0.8016,0.6917,0.7426,82115,25317,14058,C_finetuned_supervised
yolo11n,2.6,1_NOFT,5,3,4.477,6921.675,baseline,baseline,0.0,3.48,0.0,0.0,0.0,0.0001,0.0003,0.0,0.0,82257,82256,3604,A_unfinetuned
yolo11n,2.6,1_NOFT,5,3,4.477,6921.675,count,bo_exploration,4.26,74.89,4.0,0.62,0.4075,0.7125,0.7716,0.7008,0.7345,82257,24609,17064,A_unfinetuned
yolo11n,2.6,1_NOFT,5,3,4.477,6921.675,count,bo_exploitation,2.5,33.9,3.0,0.22,0.3813,0.6867,0.7755,0.6511,0.7079,82257,28701,15502,A_unfinetuned
yolo11n,2.6,1_NOFT,5,3,4.477,6921.675,count,grid_search,4.16,74.84,4.0,0.5,0.4075,0.7125,0.7716,0.7008,0.7345,82257,24609,17064,A_unfinetuned
yolo11n,2.6,2_FT,5,3,3.131,6950.088,baseline,baseline,0.0,2.77,0.0,0.0,0.0,0.0,0.0,0.0,0.0,82257,82257,685,B_finetuned_unsupervised
yolo11n,2.6,2_FT,5,3,3.131,6950.088,count,bo_exploration,2.16,65.44,4.0,0.62,0.4468,0.7947,0.8509,0.7227,0.7816,82257,22808,10418,B_finetuned_unsupervised
yolo11n,2.6,2_FT,5,3,3.131,6950.088,count,bo_exploitation,3.2,32.2,2.0,0.61,0.2744,0.6055,0.7932,0.4497,0.574,82257,45267,9641,B_finetuned_unsupervised
yolo11n,2.6,2_FT,5,3,3.131,6950.088,count,grid_search,3.54,65.43,4.0,0.5,0.4468,0.7947,0.8509,0.7227,0.7816,82257,22808,10418,B_finetuned_unsupervised
yolo11m,20.1,1_NOFT,5,3,11.629,22708.043,baseline,baseline,0.0,4.11,0.0,0.0,0.0,0.0002,0.0003,0.0,0.0,82257,82255,7745,A_unfinetuned
yolo11m,20.1,1_NOFT,5,3,11.629,22708.043,count,bo_exploration,2.31,30.21,4.0,0.09,0.3887,0.658,0.7346,0.6635,0.6972,82257,27680,19720,A_unfinetuned
yolo11m,20.1,1_NOFT,5,3,11.629,22708.043,count,bo_exploitation,2.79,54.18,3.0,0.4,0.3656,0.6396,0.7485,0.6305,0.6845,82257,30393,17425,A_unfinetuned
yolo11m,20.1,1_NOFT,5,3,11.629,22708.043,count,grid_search,4.36,74.23,4.0,0.5,0.3793,0.6482,0.7375,0.6589,0.696,82257,28054,19296,A_unfinetuned
yolo11m,20.1,2_FT,5,3,8.88,19799.961,baseline,baseline,0.0,3.12,0.0,0.0,0.0,0.0,0.0,0.0,0.0,82257,82257,2054,B_finetuned_unsupervised
yolo11m,20.1,2_FT,5,3,8.88,19799.961,count,bo_exploration,3.7,50.94,3.0,0.62,0.4312,0.755,0.8325,0.6855,0.7519,82257,25867,11346,B_finetuned_unsupervised
yolo11m,20.1,2_FT,5,3,8.88,19799.961,count,bo_exploitation,3.96,68.96,4.0,0.39,0.4453,0.7712,0.8398,0.7077,0.7682,82257,24040,11102,B_finetuned_unsupervised
yolo11m,20.1,2_FT,5,3,8.88,19799.961,count,grid_search,3.98,69.6,4.0,0.5,0.4453,0.7712,0.8398,0.7077,0.7682,82257,24040,11102,B_finetuned_unsupervised
yolo11m,20.1,2_FT,5,3,8.88,19799.961,map,bo_exploration,3.39,5.82,1.0,0.08,0.0025,0.0148,0.0296,0.0031,0.0056,82257,82002,8346,C_finetuned_supervised
yolo11m,20.1,2_FT,5,3,8.88,19799.961,map,bo_exploitation,7.64,29.71,2.0,0.23,0.2995,0.619,0.7795,0.4873,0.5997,82257,42174,11338,C_finetuned_supervised
yolo11m,20.1,2_FT,5,3,8.88,19799.961,map,grid_search,11.22,28.0,4.0,0.0,0.4732,0.7869,0.8445,0.7204,0.7775,82257,22999,10908,C_finetuned_supervised
rtdetr-l,45.0,1_NOFT,5,1,36.976,20643.365,baseline,baseline,0.0,4.82,0.0,0.0,0.0,0.0001,0.0004,0.0,0.0,82257,82255,4884,A_unfinetuned
rtdetr-l,45.0,1_NOFT,5,1,36.976,20643.365,count,bo_exploration,5.96,111.83,4.0,0.62,0.3271,0.6147,0.7399,0.624,0.677,82257,30930,18041,A_unfinetuned
rtdetr-l,45.0,1_NOFT,5,1,36.976,20643.365,count,bo_exploitation,8.25,112.22,4.0,0.52,0.3271,0.6147,0.7399,0.624,0.677,82257,30930,18041,A_unfinetuned
rtdetr-l,45.0,1_NOFT,5,1,36.976,20643.365,count,grid_search,5.86,112.33,4.0,0.5,0.3271,0.6147,0.7399,0.624,0.677,82257,30930,18041,A_unfinetuned
rtdetr-l,45.0,2_FT,5,1,32.952,21019.178,baseline,baseline,0.0,5.04,0.0,0.0,0.0001,0.0009,0.0018,0.0001,0.0002,82257,82248,4906,B_finetuned_unsupervised
rtdetr-l,45.0,2_FT,5,1,32.952,21019.178,count,bo_exploration,4.22,59.93,4.0,0.3,0.4238,0.7193,0.811,0.6777,0.7384,82257,26512,12994,B_finetuned_unsupervised
rtdetr-l,45.0,2_FT,5,1,32.952,21019.178,count,bo_exploitation,2.26,43.58,2.0,0.42,0.2377,0.5469,0.7003,0.4657,0.5594,82257,43948,16392,B_finetuned_unsupervised
rtdetr-l,45.0,2_FT,5,1,32.952,21019.178,count,grid_search,6.65,110.75,4.0,0.5,0.4247,0.7257,0.8181,0.6874,0.747,82257,25717,12575,B_finetuned_unsupervised
rtdetr-l,45.0,2_FT,5,1,32.952,21019.178,map,bo_exploration,11.02,43.1,4.0,0.0,0.4324,0.7289,0.8093,0.6869,0.7431,82257,25752,13312,C_finetuned_supervised
rtdetr-l,45.0,2_FT,5,1,32.952,21019.178,map,bo_exploitation,13.23,70.96,3.0,0.62,0.3896,0.6999,0.7969,0.6542,0.7186,82257,28441,13716,C_finetuned_supervised
rtdetr-l,45.0,2_FT,5,1,32.952,21019.178,map,grid_search,15.04,44.06,4.0,0.0,0.4324,0.7289,0.8093,0.6869,0.7431,82257,25752,13312,C_finetuned_supervised
yolo11n,2.6,1_NOFT,5,4,4.482,6910.209,baseline,baseline,0.0,3.14,0.0,0.0,0.0,0.0003,0.0007,0.0,0.0,82188,82186,2990,A_unfinetuned
yolo11n,2.6,1_NOFT,5,4,4.482,6910.209,count,bo_exploration,3.22,52.95,3.0,0.39,0.3634,0.7046,0.7856,0.651,0.712,82188,28681,14599,A_unfinetuned
yolo11n,2.6,1_NOFT,5,4,4.482,6910.209,count,bo_exploitation,2.47,39.77,4.0,0.14,0.4401,0.7507,0.8408,0.6891,0.7574,82188,25551,10724,A_unfinetuned
yolo11n,2.6,1_NOFT,5,4,4.482,6910.209,count,grid_search,3.75,72.89,4.0,0.5,0.4212,0.7437,0.815,0.7014,0.754,82188,24542,13081,A_unfinetuned
yolo11n,2.6,2_FT,5,4,3.172,7631.57,baseline,baseline,0.0,2.81,0.0,0.0,0.0,0.0,0.0,0.0,0.0,82188,82188,705,B_finetuned_unsupervised
yolo11n,2.6,2_FT,5,4,3.172,7631.57,count,bo_exploration,1.84,47.58,3.0,0.56,0.3902,0.7523,0.8325,0.6685,0.7416,82188,27242,11055,B_finetuned_unsupervised
yolo11n,2.6,2_FT,5,4,3.172,7631.57,count,bo_exploitation,2.16,24.51,3.0,0.02,0.4061,0.7479,0.8462,0.6478,0.7339,82188,28943,9675,B_finetuned_unsupervised
yolo11n,2.6,2_FT,5,4,3.172,7631.57,count,grid_search,3.47,65.59,4.0,0.5,0.4466,0.7941,0.8499,0.7226,0.7811,82188,22801,10489,B_finetuned_unsupervised
yolo11n,2.6,2_FT,5,4,3.172,7631.57,map,bo_exploration,8.69,26.51,4.0,-0.12,0.4868,0.8177,0.8636,0.7428,0.7986,82188,21142,9644,C_finetuned_supervised
yolo11n,2.6,2_FT,5,4,3.172,7631.57,map,bo_exploitation,7.07,24.42,3.0,0.03,0.4061,0.7479,0.8462,0.6478,0.7339,82188,28943,9675,C_finetuned_supervised
yolo11n,2.6,2_FT,5,4,3.172,7631.57,map,grid_search,10.0,26.49,4.0,0.0,0.4868,0.8177,0.8636,0.7428,0.7986,82188,21142,9644,C_finetuned_supervised
yolo11m,20.1,1_NOFT,5,4,10.837,22710.7,baseline,baseline,0.0,3.79,0.0,0.0,0.0001,0.0005,0.001,0.0001,0.0001,82188,82182,5982,A_unfinetuned
yolo11m,20.1,1_NOFT,5,4,10.837,22710.7,count,bo_exploration,3.63,73.61,4.0,0.61,0.4045,0.6733,0.7784,0.6423,0.7038,82188,29398,15028,A_unfinetuned
yolo11m,20.1,1_NOFT,5,4,10.837,22710.7,count,bo_exploitation,2.52,73.66,4.0,0.54,0.4045,0.6733,0.7784,0.6423,0.7038,82188,29398,15028,A_unfinetuned
yolo11m,20.1,1_NOFT,5,4,10.837,22710.7,count,grid_search,3.98,73.51,4.0,0.5,0.4045,0.6733,0.7784,0.6423,0.7038,82188,29398,15028,A_unfinetuned
yolo11m,20.1,2_FT,5,4,8.992,19296.51,baseline,baseline,0.0,3.33,0.0,0.0,0.0001,0.0005,0.001,0.0,0.0001,82188,82184,4061,B_finetuned_unsupervised
yolo11m,20.1,2_FT,5,4,8.992,19296.51,count,bo_exploration,3.18,51.12,3.0,0.62,0.3935,0.6947,0.7826,0.6542,0.7126,82188,28422,14938,B_finetuned_unsupervised
yolo11m,20.1,2_FT,5,4,8.992,19296.51,count,bo_exploitation,2.85,51.21,3.0,0.51,0.3935,0.6947,0.7826,0.6542,0.7126,82188,28422,14938,B_finetuned_unsupervised
yolo11m,20.1,2_FT,5,4,8.992,19296.51,count,grid_search,3.83,69.48,4.0,0.5,0.4079,0.7154,0.7966,0.6748,0.7307,82188,26726,14162,B_finetuned_unsupervised
yolo11m,20.1,2_FT,5,4,8.992,19296.51,map,bo_exploration,8.78,38.14,4.0,0.2,0.4242,0.7192,0.7951,0.6797,0.7329,82188,26324,14400,C_finetuned_supervised
yolo11m,20.1,2_FT,5,4,8.992,19296.51,map,bo_exploitation,11.19,26.23,3.0,-0.09,0.3981,0.6891,0.7656,0.6539,0.7054,82188,28442,16455,C_finetuned_supervised
yolo11m,20.1,2_FT,5,4,8.992,19296.51,map,grid_search,11.16,27.96,4.0,0.0,0.4424,0.7344,0.8016,0.6919,0.7427,82188,25321,14079,C_finetuned_supervised
rtdetr-l,45.0,1_NOFT,5,2,37.022,20259.102,baseline,baseline,0.0,4.85,0.0,0.0,0.0001,0.0007,0.0015,0.0002,0.0003,82188,82174,9199,A_unfinetuned
rtdetr-l,45.0,1_NOFT,5,2,37.022,20259.102,count,bo_exploration,2.73,46.25,3.0,0.13,0.2943,0.5779,0.7122,0.5659,0.6307,82188,35679,18790,A_unfinetuned
rtdetr-l,45.0,1_NOFT,5,2,37.022,20259.102,count,bo_exploitation,2.4,9.33,1.0,0.13,0.0008,0.0049,0.0098,0.002,0.0034,82188,82021,16954,A_unfinetuned
rtdetr-l,45.0,1_NOFT,5,2,37.022,20259.102,count,grid_search,5.94,117.37,4.0,0.5,0.3152,0.6018,0.7085,0.6369,0.6708,82188,29840,21542,A_unfinetuned
rtdetr-l,45.0,2_FT,5,2,37.259,21025.095,baseline,baseline,0.0,4.26,0.0,0.0,0.0012,0.0073,0.0147,0.0012,0.0022,82188,82088,6703,B_finetuned_unsupervised
rtdetr-l,45.0,2_FT,5,2,37.259,21025.095,count,bo_exploration,4.18,117.37,4.0,0.47,0.3704,0.6731,0.7852,0.6599,0.7171,82188,27952,14838,B_finetuned_unsupervised
rtdetr-l,45.0,2_FT,5,2,37.259,21025.095,count,bo_exploitation,3.2,37.46,2.0,0.29,0.2256,0.5122,0.6808,0.448,0.5404,82188,45369,17263,B_finetuned_unsupervised
rtdetr-l,45.0,2_FT,5,2,37.259,21025.095,count,grid_search,5.74,115.47,4.0,0.5,0.3704,0.6731,0.7852,0.6599,0.7171,82188,27952,14838,B_finetuned_unsupervised
rtdetr-l,45.0,2_FT,5,2,37.259,21025.095,map,bo_exploration,10.49,37.88,2.0,0.31,0.2256,0.5122,0.6808,0.448,0.5404,82188,45369,17263,C_finetuned_supervised
rtdetr-l,45.0,2_FT,5,2,37.259,21025.095,map,bo_exploitation,8.66,45.73,4.0,-0.08,0.381,0.6807,0.783,0.6581,0.7151,82188,28097,14995,C_finetuned_supervised
rtdetr-l,45.0,2_FT,5,2,37.259,21025.095,map,grid_search,16.0,45.04,4.0,0.0,0.381,0.6807,0.783,0.6581,0.7151,82188,28097,14995,C_finetuned_supervised
yolo11n,2.6,1_NOFT,5,5,4.472,6896.244,baseline,baseline,0.0,3.04,0.0,0.0,0.0,0.0,0.0,0.0,0.0,82220,82220,2024,A_unfinetuned
yolo11n,2.6,1_NOFT,5,5,4.472,6896.244,count,bo_exploration,5.38,78.58,4.0,0.62,0.4423,0.7679,0.8396,0.7081,0.7682,82220,24001,11124,A_unfinetuned
yolo11n,2.6,1_NOFT,5,5,4.472,6896.244,count,bo_exploitation,4.25,54.44,3.0,0.62,0.3947,0.7412,0.8242,0.6628,0.7347,82220,27726,11622,A_unfinetuned
yolo11n,2.6,1_NOFT,5,5,4.472,6896.244,count,grid_search,4.17,78.95,4.0,0.5,0.4423,0.7679,0.8396,0.7081,0.7682,82220,24001,11124,A_unfinetuned
yolo11n,2.6,2_FT,5,5,3.179,8234.284,baseline,baseline,0.0,3.94,0.0,0.0,0.0,0.0,0.0,0.0,0.0,82220,82220,702,B_finetuned_unsupervised
yolo11n,2.6,2_FT,5,5,3.179,8234.284,count,bo_exploration,4.35,48.89,3.0,0.62,0.3909,0.7528,0.8334,0.6689,0.7421,82220,27224,10993,B_finetuned_unsupervised
yolo11n,2.6,2_FT,5,5,3.179,8234.284,count,bo_exploitation,5.57,48.78,3.0,0.62,0.3909,0.7528,0.8334,0.6689,0.7421,82220,27224,10993,B_finetuned_unsupervised
yolo11n,2.6,2_FT,5,5,3.179,8234.284,count,grid_search,3.56,67.95,4.0,0.5,0.4467,0.7941,0.8507,0.7224,0.7813,82220,22827,10425,B_finetuned_unsupervised
yolo11n,2.6,2_FT,5,5,3.179,8234.284,map,bo_exploration,8.45,28.38,2.0,0.27,0.2753,0.6037,0.7956,0.4439,0.5698,82220,45723,9377,C_finetuned_supervised
yolo11n,2.6,2_FT,5,5,3.179,8234.284,map,bo_exploitation,10.65,27.73,4.0,-0.01,0.4872,0.8181,0.8646,0.7429,0.7991,82220,21140,9566,C_finetuned_supervised
yolo11n,2.6,2_FT,5,5,3.179,8234.284,map,grid_search,10.96,26.7,4.0,0.0,0.4872,0.8181,0.8646,0.7429,0.7991,82220,21140,9566,C_finetuned_supervised
yolo11m,20.1,1_NOFT,5,5,10.737,22704.021,baseline,baseline,0.0,3.31,0.0,0.0,0.0,0.0004,0.0008,0.0,0.0001,82220,82217,3985,A_unfinetuned
yolo11m,20.1,1_NOFT,5,5,10.737,22704.021,count,bo_exploration,3.51,56.94,3.0,0.62,0.3921,0.6954,0.781,0.6486,0.7087,82220,28891,14955,A_unfinetuned
yolo11m,20.1,1_NOFT,5,5,10.737,22704.021,count,bo_exploitation,1.53,29.22,3.0,-0.01,0.3947,0.6922,0.7605,0.6486,0.7001,82220,28894,16796,A_unfinetuned
yolo11m,20.1,1_NOFT,5,5,10.737,22704.021,count,grid_search,4.36,76.06,4.0,0.5,0.412,0.7088,0.7839,0.6721,0.7237,82220,26963,15232,A_unfinetuned
yolo11m,20.1,2_FT,5,5,8.934,17459.557,baseline,baseline,0.0,3.29,0.0,0.0,0.0001,0.0005,0.001,0.0,0.0001,82220,82216,4035,B_finetuned_unsupervised
yolo11m,20.1,2_FT,5,5,8.934,17459.557,count,bo_exploration,3.37,73.76,4.0,0.56,0.4084,0.7162,0.7977,0.6753,0.7314,82220,26697,14078,B_finetuned_unsupervised
yolo11m,20.1,2_FT,5,5,8.934,17459.557,count,bo_exploitation,3.76,53.34,3.0,0.39,0.3942,0.6956,0.7835,0.6547,0.7133,82220,28393,14873,B_finetuned_unsupervised
yolo11m,20.1,2_FT,5,5,8.934,17459.557,count,grid_search,3.86,72.36,4.0,0.5,0.4084,0.7162,0.7977,0.6753,0.7314,82220,26697,14078,B_finetuned_unsupervised
yolo11m,20.1,2_FT,5,5,8.934,17459.557,map,bo_exploration,9.68,30.55,2.0,0.29,0.2856,0.5799,0.745,0.4819,0.5853,82220,42596,13563,C_finetuned_supervised
yolo11m,20.1,2_FT,5,5,8.934,17459.557,map,bo_exploitation,9.52,29.32,4.0,-0.12,0.443,0.7352,0.8029,0.6923,0.7435,82220,25295,13972,C_finetuned_supervised
yolo11m,20.1,2_FT,5,5,8.934,17459.557,map,grid_search,10.77,29.32,4.0,0.0,0.443,0.7352,0.8029,0.6923,0.7435,82220,25295,13972,C_finetuned_supervised
rtdetr-l,45.0,1_NOFT,5,3,36.99,20640.755,baseline,baseline,0.0,4.47,0.0,0.0,0.0,0.0003,0.0007,0.0001,0.0001,82220,82215,7285,A_unfinetuned
rtdetr-l,45.0,1_NOFT,5,3,36.99,20640.755,count,bo_exploration,3.12,8.59,1.0,0.47,0.0004,0.0028,0.0056,0.001,0.0017,82220,82139,14513,A_unfinetuned
rtdetr-l,45.0,1_NOFT,5,3,36.99,20640.755,count,bo_exploitation,3.32,8.52,1.0,0.4,0.0004,0.0028,0.0056,0.001,0.0017,82220,82139,14513,A_unfinetuned
rtdetr-l,45.0,1_NOFT,5,3,36.99,20640.755,count,grid_search,5.82,113.76,4.0,0.5,0.3528,0.6475,0.7627,0.6522,0.7031,82220,28597,16680,A_unfinetuned
rtdetr-l,45.0,2_FT,5,3,24.44,21014.794,baseline,baseline,0.0,4.39,0.0,0.0,0.0001,0.0006,0.0011,0.0001,0.0002,82220,82211,8171,B_finetuned_unsupervised
rtdetr-l,45.0,2_FT,5,3,24.44,21014.794,count,bo_exploration,5.0,75.36,3.0,0.62,0.3504,0.6312,0.7636,0.5957,0.6693,82220,33243,15159,B_finetuned_unsupervised
rtdetr-l,45.0,2_FT,5,3,24.44,21014.794,count,bo_exploitation,4.92,47.56,2.0,0.45,0.2048,0.4678,0.5503,0.4344,0.4855,82220,46502,29188,B_finetuned_unsupervised
rtdetr-l,45.0,2_FT,5,3,24.44,21014.794,count,grid_search,7.03,115.8,4.0,0.5,0.3854,0.6611,0.763,0.6555,0.7052,82220,28326,16744,B_finetuned_unsupervised
rtdetr-l,45.0,2_FT,5,3,24.44,21014.794,map,bo_exploration,13.64,44.78,4.0,-0.12,0.3941,0.6645,0.7625,0.6386,0.6951,82220,29718,16350,C_finetuned_supervised
rtdetr-l,45.0,2_FT,5,3,24.44,21014.794,map,bo_exploitation,10.22,41.57,2.0,0.16,0.2114,0.469,0.5644,0.4227,0.4834,82220,47464,26822,C_finetuned_supervised
rtdetr-l,45.0,2_FT,5,3,24.44,21014.794,map,grid_search,16.21,44.61,4.0,0.0,0.3941,0.6645,0.7625,0.6386,0.6951,82220,29718,16350,C_finetuned_supervised
yolo11n,2.6,1_NOFT,5,6,4.453,6838.192,baseline,baseline,0.0,2.79,0.0,0.0,0.0,0.0,0.0,0.0,0.0,82860,82860,286,A_unfinetuned
yolo11n,2.6,1_NOFT,5,6,4.453,6838.192,count,bo_exploration,2.12,32.63,2.0,0.62,0.2219,0.5539,0.7233,0.4076,0.5214,82860,49084,12920,A_unfinetuned
yolo11n,2.6,1_NOFT,5,6,4.453,6838.192,count,bo_exploitation,1.95,39.05,4.0,0.3,0.4603,0.8099,0.8756,0.7222,0.7916,82860,23018,8499,A_unfinetuned
yolo11n,2.6,1_NOFT,5,6,4.453,6838.192,count,grid_search,2.92,71.74,4.0,0.5,0.4411,0.8022,0.8484,0.7342,0.7872,82860,22023,10870,A_unfinetuned
yolo11n,2.6,2_FT,5,6,3.154,5961.689,baseline,baseline,0.0,3.14,0.0,0.0,0.0,0.0004,0.0007,0.0,0.0,82860,82858,2833,B_finetuned_unsupervised
yolo11n,2.6,2_FT,5,6,3.154,5961.689,count,bo_exploration,3.26,73.83,4.0,0.62,0.3968,0.7319,0.8235,0.6809,0.7454,82860,26439,12094,B_finetuned_unsupervised
yolo11n,2.6,2_FT,5,6,3.154,5961.689,count,bo_exploitation,2.85,73.83,4.0,0.62,0.3968,0.7319,0.8235,0.6809,0.7454,82860,26439,12094,B_finetuned_unsupervised
yolo11n,2.6,2_FT,5,6,3.154,5961.689,count,grid_search,3.02,73.61,4.0,0.5,0.3968,0.7319,0.8235,0.6809,0.7454,82860,26439,12094,B_finetuned_unsupervised
yolo11n,2.6,2_FT,5,6,3.154,5961.689,map,bo_exploration,4.28,29.73,4.0,-0.12,0.4503,0.7696,0.8346,0.7112,0.768,82860,23926,11676,C_finetuned_supervised
yolo11n,2.6,2_FT,5,6,3.154,5961.689,map,bo_exploitation,2.5,29.72,4.0,-0.06,0.4503,0.7696,0.8346,0.7112,0.768,82860,23926,11676,C_finetuned_supervised
yolo11n,2.6,2_FT,5,6,3.154,5961.689,map,grid_search,4.79,29.77,4.0,0.0,0.4503,0.7696,0.8346,0.7112,0.768,82860,23926,11676,C_finetuned_supervised
yolo11m,20.1,1_NOFT,5,6,8.787,22667.373,baseline,baseline,0.0,3.5,0.0,0.0,0.0,0.0001,0.0002,0.0,0.0,82860,82859,4596,A_unfinetuned
yolo11m,20.1,1_NOFT,5,6,8.787,22667.373,count,bo_exploration,2.91,53.46,3.0,0.38,0.3975,0.6933,0.7601,0.6686,0.7114,82860,27458,17483,A_unfinetuned
yolo11m,20.1,1_NOFT,5,6,8.787,22667.373,count,bo_exploitation,1.83,6.83,1.0,0.36,0.0035,0.0189,0.0376,0.0063,0.0108,82860,82336,13407,A_unfinetuned
yolo11m,20.1,1_NOFT,5,6,8.787,22667.373,count,grid_search,3.23,71.84,4.0,0.5,0.425,0.7131,0.7891,0.6827,0.732,82860,26293,15121,A_unfinetuned
yolo11m,20.1,2_FT,5,6,8.882,22016.646,baseline,baseline,0.0,3.43,0.0,0.0,0.0001,0.0005,0.001,0.0,0.0001,82860,82856,4072,B_finetuned_unsupervised
yolo11m,20.1,2_FT,5,6,8.882,22016.646,count,bo_exploration,2.73,69.78,4.0,0.59,0.408,0.7159,0.7974,0.6751,0.7312,82860,26921,14209,B_finetuned_unsupervised
yolo11m,20.1,2_FT,5,6,8.882,22016.646,count,bo_exploitation,2.1,32.32,3.0,0.18,0.4037,0.6951,0.7764,0.6589,0.7128,82860,28266,15725,B_finetuned_unsupervised
yolo11m,20.1,2_FT,5,6,8.882,22016.646,count,grid_search,3.17,69.62,4.0,0.5,0.408,0.7159,0.7974,0.6751,0.7312,82860,26921,14209,B_finetuned_unsupervised
yolo11m,20.1,2_FT,5,6,8.882,22016.646,map,bo_exploration,2.92,28.58,4.0,-0.12,0.4427,0.735,0.8025,0.6922,0.7433,82860,25503,14115,C_finetuned_supervised
yolo11m,20.1,2_FT,5,6,8.882,22016.646,map,bo_exploitation,3.61,28.57,4.0,-0.12,0.4427,0.735,0.8025,0.6922,0.7433,82860,25503,14115,C_finetuned_supervised
yolo11m,20.1,2_FT,5,6,8.882,22016.646,map,grid_search,4.84,28.45,4.0,0.0,0.4427,0.735,0.8025,0.6922,0.7433,82860,25503,14115,C_finetuned_supervised
rtdetr-l,45.0,1_NOFT,5,4,35.013,21037.913,baseline,baseline,0.0,4.11,0.0,0.0,0.0002,0.0012,0.0025,0.0002,0.0004,82860,82844,6401,A_unfinetuned
rtdetr-l,45.0,1_NOFT,5,4,35.013,21037.913,count,bo_exploration,4.81,110.55,4.0,0.62,0.3702,0.6846,0.7746,0.6712,0.7192,82860,27244,16188,A_unfinetuned
rtdetr-l,45.0,1_NOFT,5,4,35.013,21037.913,count,bo_exploitation,1.19,8.24,1.0,0.37,0.001,0.0067,0.0134,0.0022,0.0038,82860,82675,13671,A_unfinetuned
rtdetr-l,45.0,1_NOFT,5,4,35.013,21037.913,count,grid_search,4.89,111.18,4.0,0.5,0.3702,0.6846,0.7746,0.6712,0.7192,82860,27244,16188,A_unfinetuned
rtdetr-l,45.0,2_FT,5,4,23.966,21022.316,baseline,baseline,0.0,6.04,0.0,0.0,0.0,0.0002,0.0005,0.0,0.0001,82860,82856,8465,B_finetuned_unsupervised
rtdetr-l,45.0,2_FT,5,4,23.966,21022.316,count,bo_exploration,3.66,72.15,3.0,0.44,0.3137,0.6132,0.7336,0.6031,0.662,82860,32886,18143,B_finetuned_unsupervised
rtdetr-l,45.0,2_FT,5,4,23.966,21022.316,count,bo_exploitation,6.11,73.16,3.0,0.62,0.3137,0.6132,0.7336,0.6031,0.662,82860,32886,18143,B_finetuned_unsupervised
rtdetr-l,45.0,2_FT,5,4,23.966,21022.316,count,grid_search,5.62,112.8,4.0,0.5,0.3642,0.657,0.75,0.6651,0.705,82860,27751,18370,B_finetuned_unsupervised
rtdetr-l,45.0,2_FT,5,4,23.966,21022.316,map,bo_exploration,6.15,37.4,3.0,-0.12,0.3187,0.6005,0.7134,0.5844,0.6425,82860,34439,19457,C_finetuned_supervised
rtdetr-l,45.0,2_FT,5,4,23.966,21022.316,map,bo_exploitation,8.02,60.21,4.0,0.21,0.3609,0.6491,0.77,0.6276,0.6916,82860,30856,15532,C_finetuned_supervised
rtdetr-l,45.0,2_FT,5,4,23.966,21022.316,map,grid_search,7.02,43.99,4.0,0.0,0.364,0.656,0.7515,0.6476,0.6957,82860,29197,17746,C_finetuned_supervised
rtdetr-l,45.0,1_NOFT,5,5,36.996,20631.628,baseline,baseline,0.0,4.3,0.0,0.0,0.0001,0.0006,0.0013,0.0001,0.0002,82696,82688,6372,A_unfinetuned
rtdetr-l,45.0,1_NOFT,5,5,36.996,20631.628,count,bo_exploration,6.11,109.1,4.0,0.5,0.351,0.6768,0.7758,0.6673,0.7175,82696,27514,15943,A_unfinetuned
rtdetr-l,45.0,1_NOFT,5,5,36.996,20631.628,count,bo_exploitation,6.72,70.08,3.0,0.62,0.3222,0.6508,0.7663,0.6254,0.6887,82696,30982,15772,A_unfinetuned
rtdetr-l,45.0,1_NOFT,5,5,36.996,20631.628,count,grid_search,5.25,109.26,4.0,0.5,0.351,0.6768,0.7758,0.6673,0.7175,82696,27514,15943,A_unfinetuned
rtdetr-l,45.0,2_FT,5,5,20.24,21023.193,baseline,baseline,0.0,4.57,0.0,0.0,0.0003,0.002,0.0041,0.0004,0.0007,82696,82662,8271,B_finetuned_unsupervised
rtdetr-l,45.0,2_FT,5,5,20.24,21023.193,count,bo_exploration,3.75,44.89,2.0,0.53,0.2294,0.4976,0.6369,0.4528,0.5293,82696,45253,21343,B_finetuned_unsupervised
rtdetr-l,45.0,2_FT,5,5,20.24,21023.193,count,bo_exploitation,4.65,74.36,3.0,0.62,0.3481,0.6308,0.7387,0.6183,0.6732,82696,31564,18085,B_finetuned_unsupervised
rtdetr-l,45.0,2_FT,5,5,20.24,21023.193,count,grid_search,5.63,115.88,4.0,0.5,0.3702,0.6559,0.7589,0.655,0.7031,82696,28530,17213,B_finetuned_unsupervised
rtdetr-l,45.0,2_FT,5,5,20.24,21023.193,map,bo_exploration,6.25,45.04,4.0,-0.12,0.3623,0.6521,0.7386,0.6416,0.6867,82696,29640,18775,C_finetuned_supervised
rtdetr-l,45.0,2_FT,5,5,20.24,21023.193,map,bo_exploitation,11.9,74.71,3.0,0.62,0.3481,0.6308,0.7387,0.6183,0.6732,82696,31564,18085,C_finetuned_supervised
rtdetr-l,45.0,2_FT,5,5,20.24,21023.193,map,grid_search,9.09,116.22,4.0,0.5,0.3702,0.6559,0.7589,0.655,0.7031,82696,28530,17213,C_finetuned_supervised
rtdetr-l,45.0,1_NOFT,5,6,36.385,20636.481,baseline,baseline,0.0,4.62,0.0,0.0,0.0001,0.0007,0.0014,0.0002,0.0003,82784,82770,9689,A_unfinetuned
rtdetr-l,45.0,2_FT,5,6,29.359,21023.703,baseline,baseline,0.0,4.99,0.0,0.0,0.0,0.0,0.0,0.0,0.0,82784,82784,6660,B_finetuned_unsupervised
rtdetr-l,45.0,2_FT,5,6,29.359,21023.703,count,bo_exploration,6.14,112.34,4.0,0.62,0.3766,0.6827,0.7819,0.6729,0.7233,82784,27079,15542,B_finetuned_unsupervised
rtdetr-l,45.0,2_FT,5,6,29.359,21023.703,count,bo_exploitation,5.96,110.56,4.0,0.51,0.3766,0.6827,0.7819,0.6729,0.7233,82784,27079,15542,B_finetuned_unsupervised
rtdetr-l,45.0,2_FT,5,6,29.359,21023.703,count,grid_search,5.11,112.86,4.0,0.5,0.3766,0.6827,0.7819,0.6729,0.7233,82784,27079,15542,B_finetuned_unsupervised
rtdetr-l,45.0,2_FT,5,6,29.359,21023.703,map,bo_exploration,6.79,36.98,3.0,-0.12,0.338,0.6429,0.7487,0.6174,0.6767,82784,31672,17158,C_finetuned_supervised
rtdetr-l,45.0,2_FT,5,6,29.359,21023.703,map,bo_exploitation,4.66,21.64,2.0,0.05,0.1983,0.4817,0.6645,0.3995,0.499,82784,49712,16695,C_finetuned_supervised
rtdetr-l,45.0,2_FT,5,6,29.359,21023.703,map,grid_search,7.99,44.21,4.0,0.0,0.3928,0.6933,0.7901,0.6717,0.7261,82784,27178,14775,C_finetuned_supervised
yolo11n,2.6,1_NOFT,3,1,4.49,6838.014,baseline,baseline,0.0,3.01,0.0,0.0,0.0,0.0,0.0,0.0,0.0,81337,81337,1453,A_unfinetuned
yolo11n,2.6,1_NOFT,3,1,4.49,6838.014,count,bo_exploration,5.24,74.7,4.0,0.62,0.479,0.7957,0.8618,0.7237,0.7868,81337,22471,9436,A_unfinetuned
yolo11n,2.6,1_NOFT,3,1,4.49,6838.014,count,bo_exploitation,4.32,51.82,3.0,0.52,0.4432,0.7737,0.8414,0.6936,0.7604,81337,24921,10633,A_unfinetuned
yolo11n,2.6,1_NOFT,3,1,4.49,6838.014,count,grid_search,5.25,74.67,4.0,0.5,0.479,0.7957,0.8618,0.7237,0.7868,81337,22471,9436,A_unfinetuned
yolo11n,2.6,2_FT,3,1,3.248,9861.723,baseline,baseline,0.0,2.89,0.0,0.0,0.0,0.0,0.0,0.0,0.0,81337,81337,699,B_finetuned_unsupervised
yolo11n,2.6,2_FT,3,1,3.248,9861.723,count,bo_exploration,6.68,47.48,3.0,0.62,0.391,0.753,0.8328,0.6696,0.7424,81337,26873,10931,B_finetuned_unsupervised
yolo11n,2.6,2_FT,3,1,3.248,9861.723,count,bo_exploitation,3.89,47.29,3.0,0.47,0.391,0.753,0.8328,0.6696,0.7424,81337,26873,10931,B_finetuned_unsupervised
yolo11n,2.6,2_FT,3,1,3.248,9861.723,count,grid_search,4.5,65.12,4.0,0.5,0.4465,0.7939,0.8502,0.7226,0.7812,81337,22562,10355,B_finetuned_unsupervised
yolo11n,2.6,2_FT,3,1,3.248,9861.723,map,bo_exploration,10.29,5.07,1.0,0.23,0.0087,0.0472,0.0939,0.0052,0.0099,81337,80913,4091,C_finetuned_supervised
yolo11n,2.6,2_FT,3,1,3.248,9861.723,map,bo_exploitation,18.56,24.38,3.0,-0.12,0.407,0.7487,0.8467,0.6488,0.7347,81337,28565,9553,C_finetuned_supervised
yolo11n,2.6,2_FT,3,1,3.248,9861.723,map,grid_search,22.26,26.43,4.0,0.0,0.4869,0.818,0.864,0.7431,0.799,81337,20893,9513,C_finetuned_supervised
yolo11m,20.1,1_NOFT,3,1,11.367,22660.169,baseline,baseline,0.0,3.37,0.0,0.0,0.0,0.0,0.0,0.0,0.0,81337,81337,3780,A_unfinetuned
yolo11m,20.1,1_NOFT,3,1,11.367,22660.169,count,bo_exploration,3.45,6.59,1.0,0.62,0.0035,0.0185,0.0368,0.0057,0.0099,81337,80874,12134,A_unfinetuned
yolo11m,20.1,1_NOFT,3,1,11.367,22660.169,count,bo_exploitation,3.42,51.93,3.0,0.62,0.4136,0.7053,0.7886,0.6526,0.7142,81337,28259,14230,A_unfinetuned
yolo11m,20.1,1_NOFT,3,1,11.367,22660.169,count,grid_search,5.1,69.56,4.0,0.5,0.4357,0.7216,0.8131,0.6695,0.7343,81337,26885,12516,A_unfinetuned
yolo11m,20.1,2_FT,3,1,9.106,16709.057,baseline,baseline,0.0,3.41,0.0,0.0,0.0001,0.0005,0.001,0.0,0.0001,81337,81333,4001,B_finetuned_unsupervised
yolo11m,20.1,2_FT,3,1,9.106,16709.057,count,bo_exploration,3.15,30.15,2.0,0.33,0.2863,0.581,0.7454,0.4835,0.5866,81337,42008,13432,B_finetuned_unsupervised
yolo11m,20.1,2_FT,3,1,9.106,16709.057,count,bo_exploitation,1.62,6.53,1.0,-0.02,0.0048,0.0256,0.0507,0.0076,0.0133,81337,80717,11598,B_finetuned_unsupervised
yolo11m,20.1,2_FT,3,1,9.106,16709.057,count,grid_search,4.9,68.39,4.0,0.5,0.4086,0.7164,0.7973,0.6757,0.7315,81337,26375,13976,B_finetuned_unsupervised
yolo11n,2.6,1_NOFT,3,2,4.47,6906.68,baseline,baseline,0.0,3.02,0.0,0.0,0.0,0.0,0.0,0.0,0.0,82860,82860,2201,A_unfinetuned
yolo11n,2.6,1_NOFT,3,2,4.47,6906.68,count,bo_exploration,2.72,72.19,4.0,0.62,0.3688,0.7315,0.7961,0.6915,0.7401,82860,25562,14673,A_unfinetuned
yolo11n,2.6,1_NOFT,3,2,4.47,6906.68,count,bo_exploitation,2.65,53.05,3.0,0.52,0.3366,0.7017,0.7941,0.6329,0.7044,82860,30415,13596,A_unfinetuned
yolo11n,2.6,1_NOFT,3,2,4.47,6906.68,count,grid_search,2.99,72.34,4.0,0.5,0.3688,0.7315,0.7961,0.6915,0.7401,82860,25562,14673,A_unfinetuned
yolo11n,2.6,2_FT,3,2,3.145,5961.689,baseline,baseline,0.0,3.05,0.0,0.0,0.0,0.0004,0.0007,0.0,0.0,82860,82858,2833,B_finetuned_unsupervised
yolo11n,2.6,2_FT,3,2,3.145,5961.689,count,bo_exploration,0.66,5.74,1.0,0.05,0.0034,0.0189,0.0375,0.0045,0.0081,82860,82486,9591,B_finetuned_unsupervised
yolo11n,2.6,2_FT,3,2,3.145,5961.689,count,bo_exploitation,3.45,54.59,3.0,0.61,0.3561,0.6921,0.7789,0.6343,0.6992,82860,30304,14922,B_finetuned_unsupervised
yolo11n,2.6,2_FT,3,2,3.145,5961.689,count,grid_search,3.03,74.18,4.0,0.5,0.3968,0.7319,0.8235,0.6809,0.7454,82860,26439,12094,B_finetuned_unsupervised
yolo11n,2.6,2_FT,3,2,3.145,5961.689,map,bo_exploration,2.83,28.0,3.0,0.02,0.3787,0.7042,0.7769,0.6468,0.7059,82860,29266,15391,C_finetuned_supervised
yolo11n,2.6,2_FT,3,2,3.145,5961.689,map,bo_exploitation,4.08,28.0,3.0,-0.08,0.3787,0.7042,0.7769,0.6468,0.7059,82860,29266,15391,C_finetuned_supervised
yolo11n,2.6,2_FT,3,2,3.145,5961.689,map,grid_search,4.77,29.85,4.0,0.0,0.4503,0.7696,0.8346,0.7112,0.768,82860,23926,11676,C_finetuned_supervised
yolo11m,20.1,1_NOFT,3,2,11.836,22723.583,baseline,baseline,0.0,3.23,0.0,0.0,0.0,0.0,0.0,0.0,0.0,82860,82860,2163,A_unfinetuned
yolo11m,20.1,1_NOFT,3,2,11.836,22723.583,count,bo_exploration,1.94,37.99,2.0,0.58,0.2107,0.531,0.6408,0.4657,0.5394,82860,44269,21631,A_unfinetuned
yolo11m,20.1,2_FT,3,2,9.062,22016.646,baseline,baseline,0.0,3.35,0.0,0.0,0.0001,0.0005,0.001,0.0,0.0001,82860,82856,4072,B_finetuned_unsupervised
yolo11m,20.1,2_FT,3,2,9.062,22016.646,count,bo_exploration,2.69,38.53,4.0,0.19,0.4245,0.7197,0.7959,0.68,0.7334,82860,26516,14451,B_finetuned_unsupervised
yolo11m,20.1,2_FT,3,2,9.062,22016.646,count,bo_exploitation,2.05,35.91,2.0,0.54,0.2822,0.5781,0.7404,0.487,0.5876,82860,42505,14147,B_finetuned_unsupervised
yolo11m,20.1,2_FT,3,2,9.062,22016.646,count,grid_search,3.14,69.55,4.0,0.5,0.408,0.7159,0.7974,0.6751,0.7312,82860,26921,14209,B_finetuned_unsupervised
yolo11m,20.1,2_FT,3,2,9.062,22016.646,map,bo_exploration,3.64,28.31,4.0,-0.12,0.4427,0.735,0.8025,0.6922,0.7433,82860,25503,14115,C_finetuned_supervised
yolo11m,20.1,2_FT,3,2,9.062,22016.646,map,bo_exploitation,3.33,26.4,3.0,0.03,0.3985,0.6897,0.7665,0.6543,0.706,82860,28642,16516,C_finetuned_supervised
yolo11m,20.1,2_FT,3,2,9.062,22016.646,map,grid_search,4.8,28.17,4.0,0.0,0.4427,0.735,0.8025,0.6922,0.7433,82860,25503,14115,C_finetuned_supervised
yolo11n,2.6,1_NOFT,3,3,4.463,6895.154,baseline,baseline,0.0,3.01,0.0,0.0,0.0,0.0,0.0,0.0,0.0,82115,82115,1951,A_unfinetuned
yolo11n,2.6,1_NOFT,3,3,4.463,6895.154,count,bo_exploration,4.6,72.81,4.0,0.62,0.4574,0.7814,0.8424,0.7198,0.7763,82115,23005,11061,A_unfinetuned
yolo11n,2.6,1_NOFT,3,3,4.463,6895.154,count,bo_exploitation,2.56,32.1,3.0,0.32,0.4199,0.7541,0.831,0.6801,0.748,82115,26268,11354,A_unfinetuned
yolo11n,2.6,1_NOFT,3,3,4.463,6895.154,count,grid_search,3.89,72.74,4.0,0.5,0.4574,0.7814,0.8424,0.7198,0.7763,82115,23005,11061,A_unfinetuned
yolo11n,2.6,2_FT,3,3,3.181,7708.462,baseline,baseline,0.0,2.77,0.0,0.0,0.0,0.0,0.0,0.0,0.0,82115,82115,706,B_finetuned_unsupervised
yolo11n,2.6,2_FT,3,3,3.181,7708.462,count,bo_exploration,2.37,24.44,3.0,-0.12,0.406,0.7478,0.8462,0.6477,0.7338,82115,28927,9668,B_finetuned_unsupervised
yolo11n,2.6,2_FT,3,3,3.181,7708.462,count,bo_exploitation,2.11,27.23,2.0,0.18,0.2748,0.6033,0.7949,0.4437,0.5695,82115,45677,9401,B_finetuned_unsupervised
yolo11n,2.6,2_FT,3,3,3.181,7708.462,count,grid_search,3.57,65.46,4.0,0.5,0.4464,0.7937,0.8499,0.7219,0.7807,82115,22835,10471,B_finetuned_unsupervised
yolo11n,2.6,2_FT,3,3,3.181,7708.462,map,bo_exploration,10.82,26.47,4.0,-0.01,0.4867,0.8176,0.8637,0.7424,0.7985,82115,21151,9620,C_finetuned_supervised
yolo11n,2.6,2_FT,3,3,3.181,7708.462,map,bo_exploitation,8.82,29.48,3.0,0.35,0.4087,0.7554,0.8579,0.6578,0.7447,82115,28096,8944,C_finetuned_supervised
yolo11n,2.6,2_FT,3,3,3.181,7708.462,map,grid_search,10.89,26.44,4.0,0.0,0.4867,0.8176,0.8637,0.7424,0.7985,82115,21151,9620,C_finetuned_supervised
yolo11m,20.1,1_NOFT,3,3,11.574,22697.327,baseline,baseline,0.0,3.71,0.0,0.0,0.0,0.0001,0.0004,0.0,0.0,82115,82114,2590,A_unfinetuned
yolo11m,20.1,1_NOFT,3,3,11.574,22697.327,count,bo_exploration,4.66,53.79,3.0,0.62,0.345,0.6378,0.7157,0.6257,0.6677,82115,30738,20407,A_unfinetuned
yolo11m,20.1,1_NOFT,3,3,11.574,22697.327,count,bo_exploitation,2.01,19.22,2.0,-0.01,0.2328,0.5107,0.6357,0.4565,0.5314,82115,44631,21478,A_unfinetuned
yolo11m,20.1,1_NOFT,3,3,11.574,22697.327,count,grid_search,4.14,73.71,4.0,0.5,0.3864,0.6649,0.7421,0.6618,0.6996,82115,27774,18887,A_unfinetuned
yolo11m,20.1,2_FT,3,3,9.065,18089.114,baseline,baseline,0.0,3.34,0.0,0.0,0.0001,0.0005,0.001,0.0,0.0001,82115,82111,4049,B_finetuned_unsupervised
yolo11m,20.1,2_FT,3,3,9.065,18089.114,count,bo_exploration,2.24,6.45,1.0,0.23,0.0047,0.0253,0.0502,0.0076,0.0131,82115,81495,11725,B_finetuned_unsupervised
yolo11m,20.1,2_FT,3,3,9.065,18089.114,count,bo_exploitation,2.23,6.44,1.0,0.17,0.0047,0.0253,0.0502,0.0076,0.0131,82115,81495,11725,B_finetuned_unsupervised
yolo11m,20.1,2_FT,3,3,9.065,18089.114,count,grid_search,3.92,68.57,4.0,0.5,0.4075,0.7152,0.7964,0.6745,0.7304,82115,26730,14161,B_finetuned_unsupervised
yolo11m,20.1,2_FT,3,3,9.065,18089.114,map,bo_exploration,6.13,17.68,2.0,-0.12,0.2967,0.5864,0.763,0.4779,0.5877,82115,42873,12186,C_finetuned_supervised
yolo11m,20.1,2_FT,3,3,9.065,18089.114,map,bo_exploitation,10.4,29.84,2.0,0.27,0.2852,0.5793,0.7445,0.4814,0.5847,82115,42581,13568,C_finetuned_supervised
yolo11m,20.1,2_FT,3,3,9.065,18089.114,map,grid_search,12.38,28.08,4.0,0.0,0.4422,0.7344,0.8016,0.6917,0.7426,82115,25317,14058,C_finetuned_supervised
rtdetr-l,45.0,1_NOFT,3,1,37.015,20640.826,baseline,baseline,0.0,4.42,0.0,0.0,0.0002,0.0016,0.0031,0.0003,0.0005,82115,82091,7617,A_unfinetuned
rtdetr-l,45.0,1_NOFT,3,1,37.015,20640.826,count,bo_exploration,3.28,43.45,4.0,-0.12,0.3687,0.6646,0.7701,0.6468,0.703,82115,29006,15859,A_unfinetuned
rtdetr-l,45.0,1_NOFT,3,1,37.015,20640.826,count,bo_exploitation,2.64,36.46,3.0,-0.02,0.3233,0.6178,0.7489,0.5819,0.6549,82115,34333,16020,A_unfinetuned
rtdetr-l,45.0,1_NOFT,3,1,37.015,20640.826,count,grid_search,5.85,110.98,4.0,0.5,0.3437,0.6494,0.7588,0.6487,0.6995,82115,28847,16930,A_unfinetuned
rtdetr-l,45.0,2_FT,3,1,39.447,21026.657,baseline,baseline,0.0,4.74,0.0,0.0,0.0013,0.0082,0.0164,0.0019,0.0034,82115,81961,9263,B_finetuned_unsupervised
rtdetr-l,45.0,2_FT,3,1,39.447,21026.657,count,bo_exploration,3.24,22.25,2.0,-0.05,0.2242,0.48,0.6608,0.4159,0.5105,82115,47967,17526,B_finetuned_unsupervised
rtdetr-l,45.0,2_FT,3,1,39.447,21026.657,count,bo_exploitation,3.03,45.43,2.0,0.56,0.2131,0.479,0.6327,0.4384,0.5179,82115,46114,20898,B_finetuned_unsupervised
rtdetr-l,45.0,2_FT,3,1,39.447,21026.657,count,grid_search,6.03,113.83,4.0,0.5,0.3474,0.6315,0.7539,0.6413,0.6931,82115,29451,17192,B_finetuned_unsupervised
rtdetr-l,45.0,2_FT,3,1,39.447,21026.657,map,bo_exploration,13.53,44.68,4.0,-0.12,0.3526,0.6409,0.7524,0.6431,0.6935,82115,29303,17383,C_finetuned_supervised
rtdetr-l,45.0,2_FT,3,1,39.447,21026.657,map,bo_exploitation,13.68,44.6,4.0,-0.09,0.3526,0.6409,0.7524,0.6431,0.6935,82115,29303,17383,C_finetuned_supervised
rtdetr-l,45.0,2_FT,3,1,39.447,21026.657,map,grid_search,17.26,44.61,4.0,0.0,0.3526,0.6409,0.7524,0.6431,0.6935,82115,29303,17383,C_finetuned_supervised
yolo11n,2.6,1_NOFT,3,4,4.444,6836.902,baseline,baseline,0.0,3.07,0.0,0.0,0.0,0.0,0.0,0.0,0.0,82784,82784,2059,A_unfinetuned
yolo11n,2.6,1_NOFT,3,4,4.444,6836.902,count,bo_exploration,2.52,29.2,3.0,-0.12,0.4028,0.7377,0.81,0.6625,0.7288,82784,27943,12865,A_unfinetuned
yolo11n,2.6,1_NOFT,3,4,4.444,6836.902,count,bo_exploitation,3.14,56.8,3.0,0.62,0.3876,0.7344,0.8207,0.6547,0.7283,82784,28589,11838,A_unfinetuned
yolo11n,2.6,1_NOFT,3,4,4.444,6836.902,count,grid_search,3.52,83.4,4.0,0.5,0.4278,0.7587,0.789,0.726,0.7562,82784,22686,16068,A_unfinetuned
yolo11n,2.6,2_FT,3,4,3.083,5426.022,baseline,baseline,0.0,2.77,0.0,0.0,0.0,0.0,0.0,0.0,0.0,82784,82784,700,B_finetuned_unsupervised
yolo11n,2.6,2_FT,3,4,3.083,5426.022,count,bo_exploration,2.19,32.15,2.0,0.62,0.2744,0.6049,0.7924,0.4499,0.5739,82784,45541,9758,B_finetuned_unsupervised
yolo11n,2.6,2_FT,3,4,3.083,5426.022,count,bo_exploitation,2.24,5.0,1.0,0.56,0.0087,0.0468,0.0931,0.0051,0.0097,82784,82360,4128,B_finetuned_unsupervised
yolo11n,2.6,2_FT,3,4,3.083,5426.022,count,grid_search,2.9,65.53,4.0,0.5,0.4467,0.7941,0.8504,0.7224,0.7812,82784,22984,10523,B_finetuned_unsupervised
yolo11n,2.6,2_FT,3,4,3.083,5426.022,map,bo_exploration,2.48,47.54,3.0,0.53,0.3909,0.7529,0.8334,0.6691,0.7423,82784,27393,11073,C_finetuned_supervised
yolo11n,2.6,2_FT,3,4,3.083,5426.022,map,bo_exploitation,2.08,27.19,2.0,0.35,0.2747,0.6035,0.7951,0.4437,0.5695,82784,46054,9466,C_finetuned_supervised
yolo11n,2.6,2_FT,3,4,3.083,5426.022,map,grid_search,4.78,26.44,4.0,0.0,0.4872,0.8182,0.8645,0.743,0.7991,82784,21277,9643,C_finetuned_supervised
yolo11m,20.1,1_NOFT,3,4,11.501,22678.022,baseline,baseline,0.0,3.85,0.0,0.0,0.0,0.0004,0.0008,0.0001,0.0001,82784,82778,7591,A_unfinetuned
yolo11m,20.1,1_NOFT,3,4,11.501,22678.022,count,bo_exploration,1.81,41.0,4.0,0.2,0.373,0.637,0.7235,0.6468,0.683,82784,29239,20459,A_unfinetuned
yolo11m,20.1,1_NOFT,3,4,11.501,22678.022,count,bo_exploitation,1.71,28.18,3.0,0.04,0.34,0.6063,0.6925,0.6149,0.6514,82784,31876,22605,A_unfinetuned
yolo11m,20.1,1_NOFT,3,4,11.501,22678.022,count,grid_search,3.53,74.74,4.0,0.5,0.3647,0.6314,0.7273,0.6421,0.682,82784,29632,19934,A_unfinetuned
yolo11m,20.1,2_FT,3,4,8.347,22376.69,baseline,baseline,0.0,3.45,0.0,0.0,0.0,0.0002,0.0005,0.0,0.0,82784,82782,4442,B_finetuned_unsupervised
yolo11m,20.1,2_FT,3,4,8.347,22376.69,count,bo_exploration,1.23,18.34,2.0,-0.12,0.2765,0.5583,0.73,0.4686,0.5708,82784,43995,14345,B_finetuned_unsupervised
yolo11m,20.1,2_FT,3,4,8.347,22376.69,count,bo_exploitation,2.49,52.37,3.0,0.58,0.3915,0.6862,0.7681,0.6622,0.7112,82784,27968,16549,B_finetuned_unsupervised
yolo11m,20.1,2_FT,3,4,8.347,22376.69,count,grid_search,3.36,70.74,4.0,0.5,0.4266,0.7122,0.7922,0.6858,0.7352,82784,26014,14887,B_finetuned_unsupervised
yolo11m,20.1,2_FT,3,4,8.347,22376.69,map,bo_exploration,3.68,29.05,4.0,-0.12,0.4501,0.7315,0.7973,0.7036,0.7475,82784,24536,14805,C_finetuned_supervised
yolo11m,20.1,2_FT,3,4,8.347,22376.69,map,bo_exploitation,4.09,29.03,4.0,-0.09,0.4501,0.7315,0.7973,0.7036,0.7475,82784,24536,14805,C_finetuned_supervised
yolo11m,20.1,2_FT,3,4,8.347,22376.69,map,grid_search,5.59,29.02,4.0,0.0,0.4501,0.7315,0.7973,0.7036,0.7475,82784,24536,14805,C_finetuned_supervised
rtdetr-l,45.0,1_NOFT,3,2,36.846,20249.621,baseline,baseline,0.0,4.59,0.0,0.0,0.0009,0.0057,0.0114,0.0013,0.0023,82784,82680,8987,A_unfinetuned
rtdetr-l,45.0,1_NOFT,3,2,36.846,20249.621,count,bo_exploration,3.84,113.17,4.0,0.6,0.3403,0.6378,0.7486,0.644,0.6923,82784,29475,17903,A_unfinetuned
rtdetr-l,45.0,1_NOFT,3,2,36.846,20249.621,count,bo_exploitation,2.94,22.11,2.0,0.09,0.2124,0.4733,0.6447,0.4057,0.498,82784,49201,18511,A_unfinetuned
rtdetr-l,45.0,1_NOFT,3,2,36.846,20249.621,count,grid_search,5.3,113.45,4.0,0.5,0.3403,0.6378,0.7486,0.644,0.6923,82784,29475,17903,A_unfinetuned
rtdetr-l,45.0,2_FT,3,2,22.093,21023.703,baseline,baseline,0.0,4.16,0.0,0.0,0.0003,0.0014,0.0027,0.0002,0.0003,82784,82769,5473,B_finetuned_unsupervised
rtdetr-l,45.0,2_FT,3,2,22.093,21023.703,count,bo_exploration,5.94,70.44,3.0,0.62,0.3558,0.666,0.7801,0.6251,0.694,82784,31039,14586,B_finetuned_unsupervised
rtdetr-l,45.0,2_FT,3,2,22.093,21023.703,count,bo_exploitation,6.31,109.8,4.0,0.41,0.3889,0.6921,0.8049,0.6612,0.726,82784,28047,13271,B_finetuned_unsupervised
rtdetr-l,45.0,2_FT,3,2,22.093,21023.703,count,grid_search,5.12,109.75,4.0,0.5,0.3889,0.6921,0.8049,0.6612,0.726,82784,28047,13271,B_finetuned_unsupervised
rtdetr-l,45.0,2_FT,3,2,22.093,21023.703,map,bo_exploration,4.13,36.06,3.0,-0.12,0.355,0.6508,0.72,0.6252,0.6692,82784,31027,20131,C_finetuned_supervised
rtdetr-l,45.0,2_FT,3,2,22.093,21023.703,map,bo_exploitation,5.94,43.25,3.0,0.28,0.3571,0.6554,0.7676,0.6003,0.6737,82784,33089,15049,C_finetuned_supervised
rtdetr-l,45.0,2_FT,3,2,22.093,21023.703,map,grid_search,7.84,58.73,4.0,0.25,0.3925,0.6883,0.7946,0.6495,0.7148,82784,29014,13899,C_finetuned_supervised
yolo11n,2.6,1_NOFT,3,5,4.527,6905.731,baseline,baseline,0.0,3.26,0.0,0.0,0.0001,0.0011,0.0021,0.0001,0.0002,82390,82381,4179,A_unfinetuned
yolo11n,2.6,1_NOFT,3,5,4.527,6905.731,count,bo_exploration,3.28,74.04,4.0,0.62,0.4148,0.7335,0.8207,0.6938,0.7519,82390,25228,12490,A_unfinetuned
yolo11n,2.6,1_NOFT,3,5,4.527,6905.731,count,bo_exploitation,2.7,32.85,3.0,0.26,0.3854,0.7059,0.8027,0.658,0.7232,82390,28175,13323,A_unfinetuned
yolo11n,2.6,1_NOFT,3,5,4.527,6905.731,count,grid_search,3.66,74.02,4.0,0.5,0.4148,0.7335,0.8207,0.6938,0.7519,82390,25228,12490,A_unfinetuned
yolo11n,2.6,2_FT,3,5,3.135,7621.904,baseline,baseline,0.0,2.75,0.0,0.0,0.0,0.0,0.0,0.0,0.0,82390,82390,704,B_finetuned_unsupervised
yolo11n,2.6,2_FT,3,5,3.135,7621.904,count,bo_exploration,3.53,65.54,4.0,0.62,0.4463,0.7935,0.8502,0.7218,0.7807,82390,22923,10479,B_finetuned_unsupervised
yolo11n,2.6,2_FT,3,5,3.135,7621.904,count,bo_exploitation,1.96,29.48,3.0,0.36,0.4087,0.7554,0.8584,0.6577,0.7448,82390,28200,8936,B_finetuned_unsupervised
yolo11n,2.6,2_FT,3,5,3.135,7621.904,count,grid_search,3.3,65.45,4.0,0.5,0.4463,0.7935,0.8502,0.7218,0.7807,82390,22923,10479,B_finetuned_unsupervised
yolo11n,2.6,2_FT,3,5,3.135,7621.904,map,bo_exploration,7.61,26.43,4.0,-0.12,0.4868,0.8177,0.8643,0.7424,0.7987,82390,21225,9606,C_finetuned_supervised
yolo11n,2.6,2_FT,3,5,3.135,7621.904,map,bo_exploitation,4.29,24.41,3.0,-0.12,0.4064,0.748,0.847,0.6479,0.7342,82390,29013,9642,C_finetuned_supervised
yolo11n,2.6,2_FT,3,5,3.135,7621.904,map,grid_search,7.95,26.42,4.0,0.0,0.4868,0.8177,0.8643,0.7424,0.7987,82390,21225,9606,C_finetuned_supervised
yolo11m,20.1,1_NOFT,3,5,11.351,22715.71,baseline,baseline,0.0,3.55,0.0,0.0,0.0001,0.0008,0.0016,0.0001,0.0002,82390,82383,4461,A_unfinetuned
yolo11m,20.1,1_NOFT,3,5,11.351,22715.71,count,bo_exploration,3.95,52.99,3.0,0.62,0.4125,0.7069,0.7998,0.6627,0.7249,82390,27787,13667,A_unfinetuned
yolo11m,20.1,1_NOFT,3,5,11.351,22715.71,count,bo_exploitation,3.43,52.92,3.0,0.62,0.4125,0.7069,0.7998,0.6627,0.7249,82390,27787,13667,A_unfinetuned
yolo11m,20.1,1_NOFT,3,5,11.351,22715.71,count,grid_search,3.78,70.81,4.0,0.5,0.4271,0.7208,0.7959,0.6933,0.7411,82390,25268,14649,A_unfinetuned
yolo11m,20.1,2_FT,3,5,8.98,19768.38,baseline,baseline,0.0,3.31,0.0,0.0,0.0001,0.0005,0.001,0.0,0.0001,82390,82386,4065,B_finetuned_unsupervised
yolo11m,20.1,2_FT,3,5,8.98,19768.38,count,bo_exploration,4.34,68.39,4.0,0.62,0.4074,0.7151,0.797,0.6742,0.7305,82390,26840,14153,B_finetuned_unsupervised
yolo11m,20.1,2_FT,3,5,8.98,19768.38,count,bo_exploitation,3.14,50.59,3.0,0.62,0.3934,0.6947,0.783,0.6539,0.7127,82390,28515,14927,B_finetuned_unsupervised
yolo11m,20.1,2_FT,3,5,8.98,19768.38,count,grid_search,3.66,68.5,4.0,0.5,0.4074,0.7151,0.797,0.6742,0.7305,82390,26840,14153,B_finetuned_unsupervised
yolo11m,20.1,2_FT,3,5,8.98,19768.38,map,bo_exploration,6.34,35.32,2.0,0.62,0.2822,0.5775,0.7402,0.4867,0.5873,82390,42288,14073,C_finetuned_supervised
yolo11m,20.1,2_FT,3,5,8.98,19768.38,map,bo_exploitation,6.37,27.66,4.0,0.08,0.4422,0.7342,0.802,0.6915,0.7426,82390,25420,14067,C_finetuned_supervised
yolo11m,20.1,2_FT,3,5,8.98,19768.38,map,grid_search,8.99,27.71,4.0,0.0,0.4422,0.7342,0.802,0.6915,0.7426,82390,25420,14067,C_finetuned_supervised
rtdetr-l,45.0,1_NOFT,3,3,30.807,20066.961,baseline,baseline,0.0,4.41,0.0,0.0,0.0002,0.0018,0.0036,0.0003,0.0006,82390,82362,7660,A_unfinetuned
rtdetr-l,45.0,1_NOFT,3,3,30.807,20066.961,count,bo_exploration,5.77,109.66,4.0,0.62,0.3787,0.6701,0.7765,0.6569,0.7117,82390,28270,15575,A_unfinetuned
rtdetr-l,45.0,1_NOFT,3,3,30.807,20066.961,count,bo_exploitation,5.06,45.16,2.0,0.61,0.2003,0.4884,0.6431,0.4471,0.5275,82390,45552,20446,A_unfinetuned
rtdetr-l,45.0,1_NOFT,3,3,30.807,20066.961,count,grid_search,5.56,109.73,4.0,0.5,0.3787,0.6701,0.7765,0.6569,0.7117,82390,28270,15575,A_unfinetuned
rtdetr-l,45.0,2_FT,3,3,32.245,21019.547,baseline,baseline,0.0,3.87,0.0,0.0,0.0,0.0002,0.0003,0.0,0.0,82390,82389,3036,B_finetuned_unsupervised
rtdetr-l,45.0,2_FT,3,3,32.245,21019.547,count,bo_exploration,3.9,59.11,4.0,0.21,0.4443,0.763,0.8496,0.7002,0.7677,82390,24703,10213,B_finetuned_unsupervised
rtdetr-l,45.0,2_FT,3,3,32.245,21019.547,count,bo_exploitation,2.71,7.58,1.0,0.56,0.0004,0.003,0.006,0.0006,0.0011,82390,82341,8149,B_finetuned_unsupervised
rtdetr-l,45.0,2_FT,3,3,32.245,21019.547,count,grid_search,5.48,110.27,4.0,0.5,0.4384,0.7623,0.8385,0.7106,0.7693,82390,23846,11273,B_finetuned_unsupervised
rtdetr-l,45.0,2_FT,3,3,32.245,21019.547,map,bo_exploration,9.56,42.97,4.0,-0.12,0.4547,0.7763,0.8376,0.7209,0.7749,82390,22991,11514,C_finetuned_supervised
rtdetr-l,45.0,2_FT,3,3,32.245,21019.547,map,bo_exploitation,12.67,59.2,4.0,0.23,0.4443,0.763,0.8496,0.7002,0.7677,82390,24703,10213,C_finetuned_supervised
rtdetr-l,45.0,2_FT,3,3,32.245,21019.547,map,grid_search,12.1,42.87,4.0,0.0,0.4547,0.7763,0.8376,0.7209,0.7749,82390,22991,11514,C_finetuned_supervised
yolo11n,2.6,1_NOFT,3,6,4.424,6810.087,baseline,baseline,0.0,3.22,0.0,0.0,0.0,0.0003,0.0007,0.0,0.0,83033,83031,2910,A_unfinetuned
yolo11n,2.6,1_NOFT,3,6,4.424,6810.087,count,bo_exploration,1.76,35.94,2.0,0.62,0.2758,0.5849,0.722,0.4888,0.5829,83033,42449,15624,A_unfinetuned
yolo11n,2.6,1_NOFT,3,6,4.424,6810.087,count,bo_exploitation,2.14,35.96,2.0,0.39,0.2758,0.5849,0.722,0.4888,0.5829,83033,42449,15624,A_unfinetuned
yolo11n,2.6,1_NOFT,3,6,4.424,6810.087,count,grid_search,2.86,72.52,4.0,0.5,0.4223,0.7556,0.8133,0.7155,0.7612,83033,23626,13640,A_unfinetuned
yolo11n,2.6,2_FT,3,6,4.113,6124.298,baseline,baseline,0.0,2.95,0.0,0.0,0.0,0.0003,0.0008,0.0,0.0,83033,83032,1220,B_finetuned_unsupervised
yolo11n,2.6,2_FT,3,6,4.113,6124.298,count,bo_exploration,2.47,52.23,3.0,0.62,0.385,0.7259,0.791,0.6518,0.7147,83033,28908,14298,B_finetuned_unsupervised
yolo11n,2.6,2_FT,3,6,4.113,6124.298,count,bo_exploitation,2.42,26.55,3.0,-0.01,0.4023,0.7299,0.7904,0.6567,0.7174,83033,28507,14455,B_finetuned_unsupervised
yolo11n,2.6,2_FT,3,6,4.113,6124.298,count,grid_search,2.8,71.2,4.0,0.5,0.4151,0.7551,0.8156,0.6946,0.7503,83033,25355,13038,B_finetuned_unsupervised
yolo11n,2.6,2_FT,3,6,4.113,6124.298,map,bo_exploration,3.74,28.62,4.0,-0.12,0.4675,0.7886,0.8334,0.7187,0.7718,83033,23361,11926,C_finetuned_supervised
yolo11n,2.6,2_FT,3,6,4.113,6124.298,map,bo_exploitation,2.37,28.6,4.0,-0.12,0.4675,0.7886,0.8334,0.7187,0.7718,83033,23361,11926,C_finetuned_supervised
yolo11n,2.6,2_FT,3,6,4.113,6124.298,map,grid_search,3.72,28.58,4.0,0.0,0.4675,0.7886,0.8334,0.7187,0.7718,83033,23361,11926,C_finetuned_supervised
yolo11m,20.1,1_NOFT,3,6,11.583,22703.726,baseline,baseline,0.0,3.2,0.0,0.0,0.0,0.0,0.0,0.0,0.0,83033,83033,2456,A_unfinetuned
yolo11m,20.1,1_NOFT,3,6,11.583,22703.726,count,bo_exploration,1.45,35.6,3.0,0.27,0.3809,0.709,0.8009,0.638,0.7103,83033,30055,13170,A_unfinetuned
yolo11m,20.1,1_NOFT,3,6,11.583,22703.726,count,bo_exploitation,3.13,58.02,3.0,0.62,0.3672,0.7053,0.7751,0.6519,0.7082,83033,28906,15703,A_unfinetuned
yolo11m,20.1,1_NOFT,3,6,11.583,22703.726,count,grid_search,3.17,78.1,4.0,0.5,0.41,0.7314,0.8211,0.6671,0.7361,83033,27638,12072,A_unfinetuned
yolo11m,20.1,2_FT,3,6,7.306,22643.015,baseline,baseline,0.0,3.19,0.0,0.0,0.0,0.0,0.0,0.0,0.0,83033,83033,2234,B_finetuned_unsupervised
yolo11m,20.1,2_FT,3,6,7.306,22643.015,count,bo_exploration,1.64,29.3,4.0,0.12,0.467,0.7693,0.83,0.706,0.763,83033,24413,12003,B_finetuned_unsupervised
yolo11m,20.1,2_FT,3,6,7.306,22643.015,count,bo_exploitation,4.11,71.93,4.0,0.62,0.4418,0.7469,0.8199,0.688,0.7482,83033,25906,12549,B_finetuned_unsupervised
yolo11m,20.1,2_FT,3,6,7.306,22643.015,count,grid_search,3.06,71.73,4.0,0.5,0.4418,0.7469,0.8199,0.688,0.7482,83033,25906,12549,B_finetuned_unsupervised
yolo11m,20.1,2_FT,3,6,7.306,22643.015,map,bo_exploration,4.47,29.24,4.0,-0.12,0.467,0.7693,0.83,0.706,0.763,83033,24413,12003,C_finetuned_supervised
yolo11m,20.1,2_FT,3,6,7.306,22643.015,map,bo_exploitation,2.2,39.52,4.0,0.28,0.4505,0.7513,0.8178,0.6967,0.7524,83033,25188,12890,C_finetuned_supervised
yolo11m,20.1,2_FT,3,6,7.306,22643.015,map,grid_search,4.06,39.48,4.0,0.25,0.4505,0.7513,0.8178,0.6967,0.7524,83033,25188,12890,C_finetuned_supervised
rtdetr-l,45.0,1_NOFT,3,4,36.956,20636.545,baseline,baseline,0.0,4.62,0.0,0.0,0.0003,0.002,0.0045,0.0005,0.0009,83033,82994,8623,A_unfinetuned
rtdetr-l,45.0,1_NOFT,3,4,36.956,20636.545,count,bo_exploration,6.56,116.56,4.0,0.62,0.3071,0.5951,0.7292,0.6092,0.6638,83033,32447,18783,A_unfinetuned
rtdetr-l,45.0,1_NOFT,3,4,36.956,20636.545,count,bo_exploitation,4.07,116.4,4.0,0.57,0.3071,0.5951,0.7292,0.6092,0.6638,83033,32447,18783,A_unfinetuned
rtdetr-l,45.0,1_NOFT,3,4,36.956,20636.545,count,grid_search,5.1,116.62,4.0,0.5,0.3071,0.5951,0.7292,0.6092,0.6638,83033,32447,18783,A_unfinetuned
rtdetr-l,45.0,2_FT,3,4,23.867,21015.271,baseline,baseline,0.0,4.08,0.0,0.0,0.0003,0.0023,0.0046,0.0003,0.0005,83033,83011,4789,B_finetuned_unsupervised
rtdetr-l,45.0,2_FT,3,4,23.867,21015.271,count,bo_exploration,3.83,108.48,4.0,0.47,0.3979,0.711,0.8138,0.6676,0.7335,83033,27601,12680,B_finetuned_unsupervised
rtdetr-l,45.0,2_FT,3,4,23.867,21015.271,count,bo_exploitation,2.81,42.25,4.0,-0.12,0.3944,0.7077,0.7981,0.6576,0.7211,83033,28428,13817,B_finetuned_unsupervised
rtdetr-l,45.0,2_FT,3,4,23.867,21015.271,count,grid_search,4.8,108.36,4.0,0.5,0.3979,0.711,0.8138,0.6676,0.7335,83033,27601,12680,B_finetuned_unsupervised
rtdetr-l,45.0,2_FT,3,4,23.867,21015.271,map,bo_exploration,5.83,42.28,4.0,-0.08,0.3944,0.7077,0.7981,0.6576,0.7211,83033,28428,13817,C_finetuned_supervised
rtdetr-l,45.0,2_FT,3,4,23.867,21015.271,map,bo_exploitation,3.98,35.41,2.0,0.29,0.237,0.5368,0.7128,0.434,0.5395,83033,46996,14522,C_finetuned_supervised
rtdetr-l,45.0,2_FT,3,4,23.867,21015.271,map,grid_search,5.9,108.35,4.0,0.5,0.3979,0.711,0.8138,0.6676,0.7335,83033,27601,12680,C_finetuned_supervised
rtdetr-l,45.0,1_NOFT,3,5,35.552,20057.502,baseline,baseline,0.0,5.04,0.0,0.0,0.0002,0.0009,0.0021,0.0003,0.0005,81305,81283,10630,A_unfinetuned
rtdetr-l,45.0,1_NOFT,3,5,35.552,20057.502,count,bo_exploration,6.93,72.82,3.0,0.47,0.2538,0.5391,0.6705,0.5591,0.6097,81305,35851,22334,A_unfinetuned
rtdetr-l,45.0,1_NOFT,3,5,35.552,20057.502,count,bo_exploitation,6.3,72.8,3.0,0.51,0.2538,0.5391,0.6705,0.5591,0.6097,81305,35851,22334,A_unfinetuned
rtdetr-l,45.0,1_NOFT,3,5,35.552,20057.502,count,grid_search,6.89,111.55,4.0,0.5,0.288,0.5694,0.7024,0.5924,0.6427,81305,33143,20407,A_unfinetuned
rtdetr-l,45.0,2_FT,3,5,24.593,18890.626,baseline,baseline,0.0,4.02,0.0,0.0,0.0014,0.0089,0.0178,0.0012,0.0022,81305,81210,5255,B_finetuned_unsupervised
rtdetr-l,45.0,2_FT,3,5,24.593,18890.626,count,bo_exploration,4.28,37.23,3.0,0.12,0.3636,0.6706,0.7711,0.6388,0.6987,81305,29369,15414,B_finetuned_unsupervised
rtdetr-l,45.0,2_FT,3,5,24.593,18890.626,count,bo_exploitation,7.32,112.83,4.0,0.55,0.3944,0.704,0.8028,0.6813,0.7371,81305,25911,13610,B_finetuned_unsupervised
rtdetr-l,45.0,2_FT,3,5,24.593,18890.626,count,grid_search,6.89,112.96,4.0,0.5,0.3944,0.704,0.8028,0.6813,0.7371,81305,25911,13610,B_finetuned_unsupervised
rtdetr-l,45.0,2_FT,3,5,24.593,18890.626,map,bo_exploration,29.6,43.93,4.0,-0.09,0.4051,0.7138,0.8019,0.6819,0.737,81305,25865,13693,C_finetuned_supervised
rtdetr-l,45.0,2_FT,3,5,24.593,18890.626,map,bo_exploitation,16.99,8.11,1.0,0.61,0.0086,0.0424,0.0838,0.0128,0.0222,81305,80267,11349,C_finetuned_supervised
rtdetr-l,45.0,2_FT,3,5,24.593,18890.626,map,grid_search,33.82,44.0,4.0,0.0,0.4051,0.7138,0.8019,0.6819,0.737,81305,25865,13693,C_finetuned_supervised
rtdetr-l,45.0,1_NOFT,3,6,36.891,20070.566,baseline,baseline,0.0,4.71,0.0,0.0,0.0001,0.0007,0.0016,0.0002,0.0003,81462,81449,8078,A_unfinetuned
rtdetr-l,45.0,1_NOFT,3,6,36.891,20070.566,count,bo_exploration,8.39,70.82,3.0,0.62,0.3171,0.6083,0.7298,0.5989,0.6579,81462,32674,18064,A_unfinetuned
rtdetr-l,45.0,1_NOFT,3,6,36.891,20070.566,count,bo_exploitation,4.53,59.21,4.0,0.28,0.3452,0.6276,0.7523,0.6164,0.6776,81462,31248,16530,A_unfinetuned
rtdetr-l,45.0,1_NOFT,3,6,36.891,20070.566,count,grid_search,6.71,110.12,4.0,0.5,0.3454,0.631,0.7516,0.6321,0.6867,81462,29966,17022,A_unfinetuned
rtdetr-l,45.0,2_FT,3,6,29.112,19085.385,baseline,baseline,0.0,4.66,0.0,0.0,0.0001,0.0004,0.0008,0.0001,0.0002,81462,81454,9413,B_finetuned_unsupervised
yolo11n,2.6,1_NOFT,1,1,4.537,6839.294,baseline,baseline,0.0,3.2,0.0,0.0,0.0,0.0,0.0,0.0,0.0,82100,82100,3059,A_unfinetuned
yolo11n,2.6,1_NOFT,1,1,4.537,6839.294,count,bo_exploration,5.71,78.02,4.0,0.62,0.4186,0.7442,0.827,0.69,0.7523,82100,25450,11854,A_unfinetuned
yolo11n,2.6,1_NOFT,1,1,4.537,6839.294,count,bo_exploitation,3.69,38.25,2.0,0.42,0.2297,0.5409,0.6477,0.4648,0.5412,82100,43939,20759,A_unfinetuned
yolo11n,2.6,1_NOFT,1,1,4.537,6839.294,count,grid_search,4.28,78.0,4.0,0.5,0.4186,0.7442,0.827,0.69,0.7523,82100,25450,11854,A_unfinetuned
yolo11n,2.6,2_FT,1,1,3.211,7639.88,baseline,baseline,0.0,2.9,0.0,0.0,0.0,0.0,0.0,0.0,0.0,82100,82100,702,B_finetuned_unsupervised
yolo11n,2.6,2_FT,1,1,3.211,7639.88,count,bo_exploration,3.35,47.96,3.0,0.52,0.3897,0.7519,0.8329,0.668,0.7414,82100,27261,11000,B_finetuned_unsupervised
yolo11n,2.6,2_FT,1,1,3.211,7639.88,count,bo_exploitation,3.75,65.73,4.0,0.56,0.4458,0.7933,0.85,0.7214,0.7804,82100,22875,10452,B_finetuned_unsupervised
yolo11n,2.6,2_FT,1,1,3.211,7639.88,count,grid_search,3.73,65.83,4.0,0.5,0.4458,0.7933,0.85,0.7214,0.7804,82100,22875,10452,B_finetuned_unsupervised
yolo11n,2.6,2_FT,1,1,3.211,7639.88,map,bo_exploration,5.54,26.67,4.0,-0.12,0.4864,0.8176,0.8642,0.7422,0.7985,82100,21166,9578,C_finetuned_supervised
yolo11n,2.6,2_FT,1,1,3.211,7639.88,map,bo_exploitation,9.76,26.62,4.0,-0.12,0.4864,0.8176,0.8642,0.7422,0.7985,82100,21166,9578,C_finetuned_supervised
yolo11n,2.6,2_FT,1,1,3.211,7639.88,map,grid_search,11.93,26.7,4.0,0.0,0.4864,0.8176,0.8642,0.7422,0.7985,82100,21166,9578,C_finetuned_supervised
yolo11m,20.1,1_NOFT,1,1,11.592,22659.93,baseline,baseline,0.0,4.68,0.0,0.0,0.0,0.0001,0.0007,0.0,0.0,82100,82099,1520,A_unfinetuned
yolo11m,20.1,1_NOFT,1,1,11.592,22659.93,count,bo_exploration,5.15,73.14,4.0,0.62,0.4111,0.7222,0.778,0.6928,0.7329,82100,25221,16232,A_unfinetuned
yolo11m,20.1,1_NOFT,1,1,11.592,22659.93,count,bo_exploitation,3.48,26.84,3.0,-0.12,0.3805,0.6992,0.782,0.6433,0.7059,82100,29287,14727,A_unfinetuned
yolo11m,20.1,1_NOFT,1,1,11.592,22659.93,count,grid_search,4.28,73.12,4.0,0.5,0.4111,0.7222,0.778,0.6928,0.7329,82100,25221,16232,A_unfinetuned
yolo11m,20.1,2_FT,1,1,8.989,19423.492,baseline,baseline,0.0,3.37,0.0,0.0,0.0001,0.0005,0.001,0.0,0.0001,82100,82096,4044,B_finetuned_unsupervised
yolo11m,20.1,2_FT,1,1,8.989,19423.492,count,bo_exploration,2.85,38.19,4.0,0.37,0.424,0.719,0.7953,0.6791,0.7327,82100,26342,14351,B_finetuned_unsupervised
yolo11m,20.1,2_FT,1,1,8.989,19423.492,count,bo_exploitation,3.87,51.21,3.0,0.38,0.3932,0.6947,0.7829,0.6538,0.7125,82100,28423,14888,B_finetuned_unsupervised
yolo11m,20.1,2_FT,1,1,8.989,19423.492,count,grid_search,4.1,69.36,4.0,0.5,0.4075,0.7152,0.7968,0.6744,0.7305,82100,26731,14121,B_finetuned_unsupervised
yolo11m,20.1,2_FT,1,1,8.989,19423.492,map,bo_exploration,8.6,26.32,3.0,-0.12,0.3979,0.6891,0.766,0.6535,0.7053,82100,28447,16390,C_finetuned_supervised
yolo11m,20.1,2_FT,1,1,8.989,19423.492,map,bo_exploitation,10.75,31.83,3.0,0.32,0.4031,0.6945,0.7757,0.6581,0.7121,82100,28072,15619,C_finetuned_supervised
yolo11m,20.1,2_FT,1,1,8.989,19423.492,map,grid_search,13.2,28.04,4.0,0.0,0.4424,0.7346,0.802,0.6916,0.7427,82100,25318,14021,C_finetuned_supervised
yolo11n,2.6,1_NOFT,1,2,4.648,6912.824,baseline,baseline,0.0,3.17,0.0,0.0,0.0,0.0002,0.0005,0.0,0.0,82458,82457,1867,A_unfinetuned
yolo11n,2.6,1_NOFT,1,2,4.648,6912.824,count,bo_exploration,2.82,51.69,3.0,0.62,0.4016,0.7367,0.8177,0.6694,0.7362,82458,27258,12308,A_unfinetuned
yolo11n,2.6,1_NOFT,1,2,4.648,6912.824,count,bo_exploitation,3.54,51.66,3.0,0.56,0.4016,0.7367,0.8177,0.6694,0.7362,82458,27258,12308,A_unfinetuned
yolo11n,2.6,1_NOFT,1,2,4.648,6912.824,count,grid_search,3.44,69.51,4.0,0.5,0.4437,0.7673,0.8237,0.7187,0.7676,82458,23198,12686,A_unfinetuned
yolo11n,2.6,2_FT,1,2,3.21,7380.669,baseline,baseline,0.0,2.88,0.0,0.0,0.0,0.0,0.0,0.0,0.0,82458,82458,706,B_finetuned_unsupervised
yolo11n,2.6,2_FT,1,2,3.21,7380.669,count,bo_exploration,4.65,66.48,4.0,0.62,0.4468,0.794,0.8503,0.7224,0.7811,82458,22891,10489,B_finetuned_unsupervised
yolo11n,2.6,2_FT,1,2,3.21,7380.669,count,bo_exploitation,2.46,48.33,3.0,0.62,0.3912,0.7526,0.8331,0.6689,0.742,82458,27301,11052,B_finetuned_unsupervised
yolo11n,2.6,2_FT,1,2,3.21,7380.669,count,grid_search,3.2,66.24,4.0,0.5,0.4468,0.794,0.8503,0.7224,0.7811,82458,22891,10489,B_finetuned_unsupervised
yolo11n,2.6,2_FT,1,2,3.21,7380.669,map,bo_exploration,7.59,48.3,3.0,0.53,0.3912,0.7526,0.8331,0.6689,0.742,82458,27301,11052,C_finetuned_supervised
yolo11n,2.6,2_FT,1,2,3.21,7380.669,map,bo_exploitation,7.03,24.84,3.0,0.02,0.4064,0.7482,0.8466,0.6483,0.7343,82458,29004,9688,C_finetuned_supervised
yolo11n,2.6,2_FT,1,2,3.21,7380.669,map,grid_search,7.09,26.92,4.0,0.0,0.4871,0.8181,0.8643,0.743,0.799,82458,21193,9623,C_finetuned_supervised
yolo11m,20.1,1_NOFT,1,2,11.562,22597.729,baseline,baseline,0.0,3.3,0.0,0.0,0.0,0.0,0.0,0.0,0.0,82458,82458,3075,A_unfinetuned
yolo11m,20.1,1_NOFT,1,2,11.562,22597.729,count,bo_exploration,3.54,55.95,3.0,0.62,0.3576,0.6998,0.7627,0.6507,0.7022,82458,28805,16696,A_unfinetuned
yolo11m,20.1,1_NOFT,1,2,11.562,22597.729,count,bo_exploitation,3.06,55.97,3.0,0.41,0.3576,0.6998,0.7627,0.6507,0.7022,82458,28805,16696,A_unfinetuned
yolo11m,20.1,1_NOFT,1,2,11.562,22597.729,count,grid_search,3.73,75.84,4.0,0.5,0.408,0.7299,0.8094,0.6796,0.7388,82458,26421,13192,A_unfinetuned
yolo11m,20.1,2_FT,1,2,9.087,19842.333,baseline,baseline,0.0,3.49,0.0,0.0,0.0001,0.0005,0.001,0.0,0.0001,82458,82454,4059,B_finetuned_unsupervised
yolo11m,20.1,2_FT,1,2,9.087,19842.333,count,bo_exploration,3.38,69.73,4.0,0.62,0.4078,0.7157,0.7969,0.675,0.7309,82458,26795,14186,B_finetuned_unsupervised
yolo11m,20.1,2_FT,1,2,9.087,19842.333,count,bo_exploitation,3.31,26.35,3.0,-0.12,0.3985,0.6895,0.766,0.6542,0.7057,82458,28517,16475,B_finetuned_unsupervised
yolo11m,20.1,2_FT,1,2,9.087,19842.333,count,grid_search,3.55,69.28,4.0,0.5,0.4078,0.7157,0.7969,0.675,0.7309,82458,26795,14186,B_finetuned_unsupervised
yolo11m,20.1,2_FT,1,2,9.087,19842.333,map,bo_exploration,5.02,69.12,4.0,0.54,0.4078,0.7157,0.7969,0.675,0.7309,82458,26795,14186,C_finetuned_supervised
yolo11m,20.1,2_FT,1,2,9.087,19842.333,map,bo_exploitation,4.82,31.9,3.0,0.28,0.4037,0.695,0.7758,0.6588,0.7126,82458,28131,15697,C_finetuned_supervised
yolo11m,20.1,2_FT,1,2,9.087,19842.333,map,grid_search,7.96,28.09,4.0,0.0,0.4427,0.735,0.8023,0.6924,0.7433,82458,25368,14070,C_finetuned_supervised
yolo11n,2.6,1_NOFT,1,3,4.533,6837.506,baseline,baseline,0.0,3.04,0.0,0.0,0.0002,0.0012,0.0023,0.0,0.0001,82458,82454,1732,A_unfinetuned
yolo11n,2.6,1_NOFT,1,3,4.533,6837.506,count,bo_exploration,2.02,5.69,1.0,0.36,0.0083,0.0385,0.0765,0.0076,0.0139,82458,81828,7606,A_unfinetuned
yolo11n,2.6,1_NOFT,1,3,4.533,6837.506,count,bo_exploitation,5.34,73.85,4.0,0.62,0.4599,0.7828,0.8566,0.711,0.777,82458,23827,9819,A_unfinetuned
yolo11n,2.6,1_NOFT,1,3,4.533,6837.506,count,grid_search,3.52,73.93,4.0,0.5,0.4599,0.7828,0.8566,0.711,0.777,82458,23827,9819,A_unfinetuned
yolo11n,2.6,2_FT,1,3,3.177,7380.669,baseline,baseline,0.0,2.88,0.0,0.0,0.0,0.0,0.0,0.0,0.0,82458,82458,706,B_finetuned_unsupervised
yolo11m,20.1,1_NOFT,1,3,11.577,22664.301,baseline,baseline,0.0,3.62,0.0,0.0,0.0001,0.0009,0.0018,0.0001,0.0002,82458,82448,5557,A_unfinetuned
yolo11m,20.1,1_NOFT,1,3,11.577,22664.301,count,bo_exploration,4.0,77.8,4.0,0.62,0.3853,0.669,0.7799,0.6371,0.7013,82458,29927,14822,A_unfinetuned
yolo11m,20.1,1_NOFT,1,3,11.577,22664.301,count,bo_exploitation,2.1,7.1,1.0,0.34,0.006,0.0294,0.0581,0.0113,0.0189,82458,81530,15052,A_unfinetuned
yolo11m,20.1,1_NOFT,1,3,11.577,22664.301,count,grid_search,3.8,77.77,4.0,0.5,0.3853,0.669,0.7799,0.6371,0.7013,82458,29927,14822,A_unfinetuned
yolo11m,20.1,2_FT,1,3,8.966,19822.333,baseline,baseline,0.0,3.38,0.0,0.0,0.0001,0.0005,0.001,0.0,0.0001,82458,82454,4059,B_finetuned_unsupervised
yolo11m,20.1,2_FT,1,3,8.966,19822.333,count,bo_exploration,4.59,50.99,3.0,0.62,0.3937,0.6951,0.7828,0.6544,0.7129,82458,28500,14969,B_finetuned_unsupervised
yolo11m,20.1,2_FT,1,3,8.966,19822.333,count,bo_exploitation,2.13,6.52,1.0,0.19,0.0047,0.0251,0.0498,0.0075,0.013,82458,81841,11761,B_finetuned_unsupervised
yolo11m,20.1,2_FT,1,3,8.966,19822.333,count,grid_search,3.51,68.57,4.0,0.5,0.4078,0.7157,0.7969,0.675,0.7309,82458,26795,14186,B_finetuned_unsupervised
yolo11m,20.1,2_FT,1,3,8.966,19822.333,map,bo_exploration,5.26,29.73,2.0,0.31,0.2852,0.5795,0.7448,0.4816,0.585,82458,42746,13605,C_finetuned_supervised
yolo11m,20.1,2_FT,1,3,8.966,19822.333,map,bo_exploitation,6.71,26.02,3.0,-0.02,0.3985,0.6895,0.766,0.6542,0.7057,82458,28517,16475,C_finetuned_supervised
yolo11m,20.1,2_FT,1,3,8.966,19822.333,map,grid_search,7.88,27.89,4.0,0.0,0.4427,0.735,0.8023,0.6924,0.7433,82458,25368,14070,C_finetuned_supervised
rtdetr-l,45.0,1_NOFT,1,1,19.432,20631.914,baseline,baseline,0.0,4.54,0.0,0.0,0.0,0.0003,0.0008,0.0,0.0001,82458,82454,5000,A_unfinetuned
rtdetr-l,45.0,1_NOFT,1,1,19.432,20631.914,count,bo_exploration,1.41,8.08,1.0,0.46,0.0004,0.0031,0.0061,0.001,0.0017,82458,82378,12955,A_unfinetuned
rtdetr-l,45.0,1_NOFT,1,1,19.432,20631.914,count,bo_exploitation,4.49,70.2,3.0,0.46,0.3105,0.6166,0.737,0.5857,0.6527,82458,34162,17235,A_unfinetuned
rtdetr-l,45.0,1_NOFT,1,1,19.432,20631.914,count,grid_search,5.3,110.52,4.0,0.5,0.3656,0.6665,0.7818,0.6475,0.7083,82458,29068,14904,A_unfinetuned
rtdetr-l,45.0,2_FT,1,1,13.822,21020.887,baseline,baseline,0.0,4.79,0.0,0.0,0.0017,0.0106,0.0212,0.0027,0.0047,82458,82239,10088,B_finetuned_unsupervised
rtdetr-l,45.0,2_FT,1,1,13.822,21020.887,count,bo_exploration,9.68,78.94,3.0,0.62,0.2481,0.511,0.6272,0.533,0.5762,82458,38511,26123,B_finetuned_unsupervised
rtdetr-l,45.0,2_FT,1,1,13.822,21020.887,count,bo_exploitation,2.42,9.49,1.0,0.3,0.0059,0.03,0.0592,0.0137,0.0222,82458,81329,17931,B_finetuned_unsupervised
rtdetr-l,45.0,2_FT,1,1,13.822,21020.887,count,grid_search,5.77,121.41,4.0,0.5,0.298,0.5604,0.6972,0.5746,0.63,82458,35079,20580,B_finetuned_unsupervised
rtdetr-l,45.0,2_FT,1,1,13.822,21020.887,map,bo_exploration,6.86,46.89,4.0,-0.12,0.3242,0.5864,0.7043,0.5971,0.6463,82458,33225,20670,C_finetuned_supervised
rtdetr-l,45.0,2_FT,1,1,13.822,21020.887,map,bo_exploitation,7.28,46.79,4.0,-0.06,0.3242,0.5864,0.7043,0.5971,0.6463,82458,33225,20670,C_finetuned_supervised
rtdetr-l,45.0,2_FT,1,1,13.822,21020.887,map,grid_search,11.11,46.9,4.0,0.0,0.3242,0.5864,0.7043,0.5971,0.6463,82458,33225,20670,C_finetuned_supervised
yolo11n,2.6,1_NOFT,1,4,4.513,6905.663,baseline,baseline,0.0,3.26,0.0,0.0,0.0,0.0,0.0,0.0,0.0,81533,81533,3230,A_unfinetuned
yolo11n,2.6,2_FT,1,4,3.9,10187.61,baseline,baseline,0.0,3.01,0.0,0.0,0.0,0.0003,0.0006,0.0,0.0,81533,81532,1765,B_finetuned_unsupervised
yolo11n,2.6,2_FT,1,4,3.9,10187.61,count,bo_exploration,4.22,71.01,4.0,0.62,0.4295,0.7633,0.8188,0.7031,0.7565,81533,24211,12686,B_finetuned_unsupervised
yolo11n,2.6,2_FT,1,4,3.9,10187.61,count,bo_exploitation,6.82,71.11,4.0,0.62,0.4295,0.7633,0.8188,0.7031,0.7565,81533,24211,12686,B_finetuned_unsupervised
yolo11n,2.6,2_FT,1,4,3.9,10187.61,count,grid_search,4.57,71.75,4.0,0.5,0.4295,0.7633,0.8188,0.7031,0.7565,81533,24211,12686,B_finetuned_unsupervised
yolo11n,2.6,2_FT,1,4,3.9,10187.61,map,bo_exploration,14.45,17.34,2.0,-0.05,0.2708,0.5706,0.7188,0.4541,0.5566,81533,44511,14481,C_finetuned_supervised
yolo11n,2.6,2_FT,1,4,3.9,10187.61,map,bo_exploitation,17.69,27.06,3.0,0.08,0.4152,0.7387,0.7853,0.6728,0.7247,81533,26681,14996,C_finetuned_supervised
yolo11n,2.6,2_FT,1,4,3.9,10187.61,map,grid_search,21.11,28.93,4.0,0.0,0.4804,0.7928,0.8316,0.7273,0.7759,81533,22237,12011,C_finetuned_supervised
yolo11m,20.1,1_NOFT,1,4,11.028,22591.553,baseline,baseline,0.0,3.44,0.0,0.0,0.0001,0.0003,0.0006,0.0,0.0001,81533,81530,4786,A_unfinetuned
yolo11m,20.1,1_NOFT,1,4,11.028,22591.553,count,bo_exploration,4.71,36.86,2.0,0.62,0.2612,0.556,0.6877,0.4983,0.5779,81533,40906,18451,A_unfinetuned
yolo11m,20.1,1_NOFT,1,4,11.028,22591.553,count,bo_exploitation,5.48,69.57,4.0,0.5,0.4208,0.71,0.8046,0.6724,0.7326,81533,26709,13316,A_unfinetuned
yolo11m,20.1,1_NOFT,1,4,11.028,22591.553,count,grid_search,4.75,69.38,4.0,0.5,0.4208,0.71,0.8046,0.6724,0.7326,81533,26709,13316,A_unfinetuned
yolo11m,20.1,2_FT,1,4,9.05,17400.369,baseline,baseline,0.0,3.48,0.0,0.0,0.0001,0.0005,0.001,0.0,0.0001,81533,81529,4033,B_finetuned_unsupervised
yolo11m,20.1,2_FT,1,4,9.05,17400.369,count,bo_exploration,2.41,26.22,3.0,-0.1,0.3982,0.689,0.7653,0.6541,0.7054,81533,28203,16351,B_finetuned_unsupervised
yolo11m,20.1,2_FT,1,4,9.05,17400.369,count,bo_exploitation,6.88,50.35,3.0,0.62,0.3932,0.6944,0.782,0.6542,0.7124,81533,28195,14865,B_finetuned_unsupervised
yolo11m,20.1,2_FT,1,4,9.05,17400.369,count,grid_search,4.54,67.62,4.0,0.5,0.4073,0.7149,0.796,0.6746,0.7303,81533,26533,14099,B_finetuned_unsupervised
yolo11m,20.1,2_FT,1,4,9.05,17400.369,map,bo_exploration,12.49,35.13,2.0,0.43,0.2828,0.5783,0.7402,0.4883,0.5884,81533,41718,13975,C_finetuned_supervised
yolo11m,20.1,2_FT,1,4,9.05,17400.369,map,bo_exploitation,17.33,27.74,4.0,-0.07,0.4421,0.7341,0.8012,0.6918,0.7425,81533,25131,13996,C_finetuned_supervised
yolo11m,20.1,2_FT,1,4,9.05,17400.369,map,grid_search,20.38,27.75,4.0,0.0,0.4421,0.7341,0.8012,0.6918,0.7425,81533,25131,13996,C_finetuned_supervised
rtdetr-l,45.0,1_NOFT,1,2,37.189,20630.318,baseline,baseline,0.0,4.43,0.0,0.0,0.0,0.0002,0.0006,0.0,0.0001,81533,81530,4656,A_unfinetuned
rtdetr-l,45.0,1_NOFT,1,2,37.189,20630.318,count,bo_exploration,5.42,62.33,4.0,0.16,0.3316,0.6458,0.7735,0.6173,0.6866,81533,31204,14739,A_unfinetuned
rtdetr-l,45.0,1_NOFT,1,2,37.189,20630.318,count,bo_exploitation,9.06,113.87,4.0,0.58,0.3256,0.6496,0.7684,0.6386,0.6975,81533,29469,15692,A_unfinetuned
rtdetr-l,45.0,1_NOFT,1,2,37.189,20630.318,count,grid_search,6.25,110.09,4.0,0.5,0.3256,0.6496,0.7684,0.6386,0.6975,81533,29469,15692,A_unfinetuned
rtdetr-l,45.0,2_FT,1,2,33.889,19281.764,baseline,baseline,0.0,4.43,0.0,0.0,0.0001,0.0006,0.0012,0.0,0.0001,81533,81530,2573,B_finetuned_unsupervised
rtdetr-l,45.0,2_FT,1,2,33.889,19281.764,count,bo_exploration,9.07,108.26,4.0,0.62,0.4309,0.7619,0.8335,0.7098,0.7667,81533,23660,11562,B_finetuned_unsupervised
rtdetr-l,45.0,2_FT,1,2,33.889,19281.764,count,bo_exploitation,5.12,68.78,3.0,0.4,0.3994,0.7372,0.82,0.6744,0.7401,81533,26551,12070,B_finetuned_unsupervised
rtdetr-l,45.0,2_FT,1,2,33.889,19281.764,count,grid_search,6.14,107.91,4.0,0.5,0.4309,0.7619,0.8335,0.7098,0.7667,81533,23660,11562,B_finetuned_unsupervised
rtdetr-l,45.0,2_FT,1,2,33.889,19281.764,map,bo_exploration,21.81,35.12,3.0,-0.12,0.4004,0.726,0.8023,0.6667,0.7282,81533,27178,13396,C_finetuned_supervised
rtdetr-l,45.0,2_FT,1,2,33.889,19281.764,map,bo_exploitation,25.24,68.97,3.0,0.49,0.3994,0.7372,0.82,0.6744,0.7401,81533,26551,12070,C_finetuned_supervised
rtdetr-l,45.0,2_FT,1,2,33.889,19281.764,map,grid_search,25.79,41.97,4.0,0.0,0.4429,0.7695,0.8446,0.7042,0.768,81533,24120,10565,C_finetuned_supervised
yolo11n,2.6,1_NOFT,1,5,4.544,6838.219,baseline,baseline,0.0,3.06,0.0,0.0,0.0,0.0,0.0,0.0,0.0,81863,81863,2625,A_unfinetuned
yolo11n,2.6,1_NOFT,1,5,4.544,6838.219,count,bo_exploration,3.69,75.05,4.0,0.45,0.4064,0.7425,0.8251,0.6904,0.7518,81863,25344,11982,A_unfinetuned
yolo11n,2.6,1_NOFT,1,5,4.544,6838.219,count,bo_exploitation,3.64,75.12,4.0,0.48,0.4064,0.7425,0.8251,0.6904,0.7518,81863,25344,11982,A_unfinetuned
yolo11n,2.6,1_NOFT,1,5,4.544,6838.219,count,grid_search,4.35,75.08,4.0,0.5,0.4064,0.7425,0.8251,0.6904,0.7518,81863,25344,11982,A_unfinetuned
yolo11n,2.6,2_FT,1,5,5.262,10555.609,baseline,baseline,0.0,3.04,0.0,0.0,0.0,0.0002,0.0005,0.0,0.0,81863,81862,2155,B_finetuned_unsupervised
yolo11n,2.6,2_FT,1,5,5.262,10555.609,count,bo_exploration,5.38,71.74,4.0,0.62,0.4089,0.7639,0.823,0.7095,0.7621,81863,23782,12489,B_finetuned_unsupervised
yolo11n,2.6,2_FT,1,5,5.262,10555.609,count,bo_exploitation,2.49,51.59,3.0,0.48,0.3596,0.7257,0.7969,0.6555,0.7193,81863,28201,13675,B_finetuned_unsupervised
yolo11n,2.6,2_FT,1,5,5.262,10555.609,count,grid_search,4.3,71.27,4.0,0.5,0.4089,0.7639,0.823,0.7095,0.7621,81863,23782,12489,B_finetuned_unsupervised
yolo11n,2.6,2_FT,1,5,5.262,10555.609,map,bo_exploration,11.18,26.5,3.0,-0.12,0.3844,0.7334,0.7958,0.6622,0.7229,81863,27651,13913,C_finetuned_supervised
yolo11n,2.6,2_FT,1,5,5.262,10555.609,map,bo_exploitation,12.32,28.8,4.0,-0.12,0.4658,0.7962,0.8369,0.7309,0.7803,81863,22026,11660,C_finetuned_supervised
yolo11n,2.6,2_FT,1,5,5.262,10555.609,map,grid_search,18.96,28.82,4.0,0.0,0.4658,0.7962,0.8369,0.7309,0.7803,81863,22026,11660,C_finetuned_supervised
yolo11m,20.1,1_NOFT,1,5,11.238,22549.562,baseline,baseline,0.0,3.43,0.0,0.0,0.0001,0.0004,0.0008,0.0,0.0001,81863,81860,3782,A_unfinetuned
yolo11m,20.1,2_FT,1,5,9.038,17002.022,baseline,baseline,0.0,3.36,0.0,0.0,0.0001,0.0005,0.001,0.0,0.0001,81863,81859,4044,B_finetuned_unsupervised
yolo11m,20.1,2_FT,1,5,9.038,17002.022,count,bo_exploration,5.2,51.79,3.0,0.62,0.3932,0.6945,0.7822,0.654,0.7124,81863,28322,14907,B_finetuned_unsupervised
yolo11m,20.1,2_FT,1,5,9.038,17002.022,count,bo_exploitation,2.31,17.8,2.0,-0.01,0.2964,0.5861,0.7626,0.4781,0.5877,81863,42728,12182,B_finetuned_unsupervised
yolo11m,20.1,2_FT,1,5,9.038,17002.022,count,grid_search,4.26,69.41,4.0,0.5,0.4075,0.715,0.7965,0.6747,0.7305,81863,26631,14113,B_finetuned_unsupervised
yolo11m,20.1,2_FT,1,5,9.038,17002.022,map,bo_exploration,13.23,26.2,3.0,-0.12,0.398,0.689,0.7656,0.654,0.7054,81863,28327,16387,C_finetuned_supervised
yolo11m,20.1,2_FT,1,5,9.038,17002.022,map,bo_exploitation,13.52,52.77,3.0,0.59,0.3932,0.6945,0.7822,0.654,0.7124,81863,28322,14907,C_finetuned_supervised
yolo11m,20.1,2_FT,1,5,9.038,17002.022,map,grid_search,15.78,28.04,4.0,0.0,0.4423,0.7345,0.8017,0.6921,0.7429,81863,25204,14016,C_finetuned_supervised
rtdetr-l,45.0,1_NOFT,1,3,36.861,21229.491,baseline,baseline,0.0,3.94,0.0,0.0,0.0001,0.0008,0.0018,0.0001,0.0001,81863,81857,3252,A_unfinetuned
rtdetr-l,45.0,1_NOFT,1,3,36.861,21229.491,count,bo_exploration,4.15,7.61,1.0,0.62,0.0012,0.0074,0.0149,0.0017,0.0031,81863,81723,9270,A_unfinetuned
rtdetr-l,45.0,1_NOFT,1,3,36.861,21229.491,count,bo_exploitation,8.94,68.78,3.0,0.62,0.3734,0.711,0.8145,0.6479,0.7217,81863,28827,12076,A_unfinetuned
rtdetr-l,45.0,1_NOFT,1,3,36.861,21229.491,count,grid_search,5.88,108.5,4.0,0.5,0.4011,0.7353,0.8244,0.687,0.7495,81863,25623,11980,A_unfinetuned
rtdetr-l,45.0,2_FT,1,3,29.676,21013.146,baseline,baseline,0.0,4.4,0.0,0.0,0.0002,0.0011,0.0022,0.0002,0.0003,81863,81848,6833,B_finetuned_unsupervised
rtdetr-l,45.0,2_FT,1,3,29.676,21013.146,count,bo_exploration,5.06,112.2,4.0,0.59,0.3857,0.6815,0.7896,0.6554,0.7162,81863,28211,14299,B_finetuned_unsupervised
rtdetr-l,45.0,2_FT,1,3,29.676,21013.146,count,bo_exploitation,2.94,22.11,2.0,0.03,0.215,0.4962,0.693,0.3917,0.5005,81863,49798,14208,B_finetuned_unsupervised
rtdetr-l,45.0,2_FT,1,3,29.676,21013.146,count,grid_search,6.07,109.32,4.0,0.5,0.3857,0.6815,0.7896,0.6554,0.7162,81863,28211,14299,B_finetuned_unsupervised
rtdetr-l,45.0,2_FT,1,3,29.676,21013.146,map,bo_exploration,17.16,43.92,4.0,-0.12,0.3923,0.685,0.7902,0.643,0.709,81863,29224,13978,C_finetuned_supervised
rtdetr-l,45.0,2_FT,1,3,29.676,21013.146,map,bo_exploitation,21.07,36.89,3.0,-0.07,0.3413,0.636,0.7337,0.6068,0.6642,81863,32192,18025,C_finetuned_supervised
rtdetr-l,45.0,2_FT,1,3,29.676,21013.146,map,grid_search,23.39,44.06,4.0,0.0,0.3923,0.685,0.7902,0.643,0.709,81863,29224,13978,C_finetuned_supervised
yolo11n,2.6,1_NOFT,1,6,4.475,6906.752,baseline,baseline,0.0,3.43,0.0,0.0,0.0004,0.0028,0.0056,0.0004,0.0007,81639,81610,5168,A_unfinetuned
yolo11n,2.6,1_NOFT,1,6,4.475,6906.752,count,bo_exploration,2.74,40.0,4.0,0.15,0.4098,0.7186,0.7983,0.682,0.7356,81639,25965,14067,A_unfinetuned
yolo11n,2.6,1_NOFT,1,6,4.475,6906.752,count,bo_exploitation,5.49,73.32,4.0,0.55,0.3915,0.7111,0.7686,0.6937,0.7292,81639,25010,17045,A_unfinetuned
yolo11n,2.6,1_NOFT,1,6,4.475,6906.752,count,grid_search,4.65,73.19,4.0,0.5,0.3915,0.7111,0.7686,0.6937,0.7292,81639,25010,17045,A_unfinetuned
yolo11n,2.6,2_FT,1,6,3.256,8690.831,baseline,baseline,0.0,2.8,0.0,0.0,0.0,0.0,0.0,0.0,0.0,81639,81639,705,B_finetuned_unsupervised
yolo11n,2.6,2_FT,1,6,3.256,8690.831,count,bo_exploration,5.59,66.8,4.0,0.62,0.4459,0.7936,0.8496,0.722,0.7806,81639,22698,10433,B_finetuned_unsupervised
yolo11n,2.6,2_FT,1,6,3.256,8690.831,count,bo_exploitation,5.06,65.29,4.0,0.59,0.4459,0.7936,0.8496,0.722,0.7806,81639,22698,10433,B_finetuned_unsupervised
yolo11n,2.6,2_FT,1,6,3.256,8690.831,count,grid_search,4.1,65.2,4.0,0.5,0.4459,0.7936,0.8496,0.722,0.7806,81639,22698,10433,B_finetuned_unsupervised
yolo11n,2.6,2_FT,1,6,3.256,8690.831,map,bo_exploration,14.51,29.31,3.0,0.19,0.4085,0.7556,0.8581,0.6581,0.7449,81639,27909,8886,C_finetuned_supervised
yolo11n,2.6,2_FT,1,6,3.256,8690.831,map,bo_exploitation,10.71,26.29,4.0,-0.12,0.4868,0.818,0.8639,0.7429,0.7988,81639,20991,9552,C_finetuned_supervised
yolo11n,2.6,2_FT,1,6,3.256,8690.831,map,grid_search,17.41,26.3,4.0,0.0,0.4868,0.818,0.8639,0.7429,0.7988,81639,20991,9552,C_finetuned_supervised
yolo11m,20.1,1_NOFT,1,6,11.587,22599.466,baseline,baseline,0.0,3.7,0.0,0.0,0.0,0.0003,0.0008,0.0,0.0001,81639,81635,5036,A_unfinetuned
yolo11m,20.1,1_NOFT,1,6,11.587,22599.466,count,bo_exploration,2.96,33.78,3.0,0.35,0.37,0.6497,0.74,0.6329,0.6823,81639,29969,18152,A_unfinetuned
yolo11m,20.1,1_NOFT,1,6,11.587,22599.466,count,bo_exploitation,3.4,33.77,3.0,0.21,0.37,0.6497,0.74,0.6329,0.6823,81639,29969,18152,A_unfinetuned
yolo11m,20.1,1_NOFT,1,6,11.587,22599.466,count,grid_search,4.77,73.73,4.0,0.5,0.3969,0.6715,0.7782,0.6484,0.7074,81639,28701,15089,A_unfinetuned
yolo11m,20.1,2_FT,1,6,9.046,17965.771,baseline,baseline,0.0,3.26,0.0,0.0,0.0001,0.0005,0.001,0.0,0.0001,81639,81635,4039,B_finetuned_unsupervised
rtdetr-l,45.0,1_NOFT,1,4,36.961,20255.864,baseline,baseline,0.0,4.36,0.0,0.0,0.0001,0.0008,0.0015,0.0001,0.0002,81639,81629,6600,A_unfinetuned
rtdetr-l,45.0,2_FT,1,4,35.081,19282.198,baseline,baseline,0.0,4.12,0.0,0.0,0.0004,0.0025,0.0049,0.0004,0.0007,81639,81607,6520,B_finetuned_unsupervised
rtdetr-l,45.0,1_NOFT,1,5,36.933,20253.654,baseline,baseline,0.0,4.69,0.0,0.0,0.0002,0.0015,0.0033,0.0004,0.0006,81702,81673,8886,A_unfinetuned
rtdetr-l,45.0,1_NOFT,1,5,36.933,20253.654,count,bo_exploration,3.49,36.37,2.0,0.35,0.1691,0.431,0.5904,0.3784,0.4612,81702,50789,21450,A_unfinetuned
rtdetr-l,45.0,1_NOFT,1,5,36.933,20253.654,count,bo_exploitation,2.58,21.18,2.0,-0.03,0.1748,0.4282,0.6059,0.3576,0.4497,81702,52488,19004,A_unfinetuned
rtdetr-l,45.0,1_NOFT,1,5,36.933,20253.654,count,grid_search,6.34,112.79,4.0,0.5,0.3171,0.5966,0.7132,0.6112,0.6583,81702,31763,20085,A_unfinetuned
rtdetr-l,45.0,2_FT,1,5,28.427,19282.199,baseline,baseline,0.0,3.91,0.0,0.0,0.0,0.0002,0.0007,0.0,0.0,81702,81701,1358,B_finetuned_unsupervised
rtdetr-l,45.0,2_FT,1,5,28.427,19282.199,count,bo_exploration,2.66,43.5,2.0,0.48,0.2077,0.5464,0.6982,0.4573,0.5527,81702,44338,16147,B_finetuned_unsupervised
rtdetr-l,45.0,2_FT,1,5,28.427,19282.199,count,bo_exploitation,5.23,110.4,4.0,0.47,0.4407,0.7655,0.8424,0.7173,0.7748,81702,23095,10966,B_finetuned_unsupervised
rtdetr-l,45.0,2_FT,1,5,28.427,19282.199,count,grid_search,6.13,110.16,4.0,0.5,0.4407,0.7655,0.8424,0.7173,0.7748,81702,23095,10966,B_finetuned_unsupervised
rtdetr-l,45.0,2_FT,1,5,28.427,19282.199,map,bo_exploration,18.54,42.39,4.0,-0.11,0.4592,0.7792,0.8517,0.7153,0.7776,81702,23261,10173,C_finetuned_supervised
rtdetr-l,45.0,2_FT,1,5,28.427,19282.199,map,bo_exploitation,16.09,42.53,4.0,0.11,0.4592,0.7792,0.8517,0.7153,0.7776,81702,23261,10173,C_finetuned_supervised
rtdetr-l,45.0,2_FT,1,5,28.427,19282.199,map,grid_search,23.71,42.57,4.0,0.0,0.4592,0.7792,0.8517,0.7153,0.7776,81702,23261,10173,C_finetuned_supervised
rtdetr-l,45.0,1_NOFT,1,6,36.977,20234.505,baseline,baseline,0.0,4.73,0.0,0.0,0.0002,0.0015,0.0032,0.0003,0.0006,82188,82161,8309,A_unfinetuned
rtdetr-l,45.0,1_NOFT,1,6,36.977,20234.505,count,bo_exploration,5.79,110.6,4.0,0.62,0.3421,0.6354,0.7428,0.6456,0.6908,82188,29131,18368,A_unfinetuned
rtdetr-l,45.0,1_NOFT,1,6,36.977,20234.505,count,bo_exploitation,3.11,36.78,3.0,0.0,0.306,0.5977,0.7096,0.5878,0.643,82188,33877,19775,A_unfinetuned
rtdetr-l,45.0,1_NOFT,1,6,36.977,20234.505,count,grid_search,5.76,110.58,4.0,0.5,0.3421,0.6354,0.7428,0.6456,0.6908,82188,29131,18368,A_unfinetuned
rtdetr-l,45.0,2_FT,1,6,17.452,21025.095,baseline,baseline,0.0,4.32,0.0,0.0,0.0001,0.0005,0.001,0.0001,0.0002,82188,82180,8187,B_finetuned_unsupervised
rtdetr-l,45.0,2_FT,1,6,17.452,21025.095,count,bo_exploration,6.71,75.94,3.0,0.62,0.2832,0.5722,0.7128,0.5688,0.6327,82188,35438,18832,B_finetuned_unsupervised
rtdetr-l,45.0,2_FT,1,6,17.452,21025.095,count,bo_exploitation,7.56,118.21,4.0,0.43,0.3424,0.62,0.7199,0.6481,0.6821,82188,28925,20723,B_finetuned_unsupervised
rtdetr-l,45.0,2_FT,1,6,17.452,21025.095,count,grid_search,5.95,118.68,4.0,0.5,0.3424,0.62,0.7199,0.6481,0.6821,82188,28925,20723,B_finetuned_unsupervised
rtdetr-l,45.0,2_FT,1,6,17.452,21025.095,map,bo_exploration,13.87,46.06,4.0,-0.12,0.362,0.6329,0.754,0.624,0.6828,82188,30905,16732,C_finetuned_supervised
rtdetr-l,45.0,2_FT,1,6,17.452,21025.095,map,bo_exploitation,13.92,77.11,3.0,0.5,0.2832,0.5722,0.7128,0.5688,0.6327,82188,35438,18832,C_finetuned_supervised
rtdetr-l,45.0,2_FT,1,6,17.452,21025.095,map,grid_search,17.12,45.91,4.0,0.0,0.362,0.6329,0.754,0.624,0.6828,82188,30905,16732,C_finetuned_supervised
yolo11n,2.6,1_NOFT,6,1,4.788,6836.952,baseline,baseline,0.0,3.38,0.0,0.0,0.0,0.0,0.0,0.0,0.0,81856,81856,3262,A_unfinetuned
yolo11n,2.6,1_NOFT,6,1,4.788,6836.952,count,bo_exploration,3.85,71.57,4.0,0.62,0.4223,0.7427,0.8141,0.6964,0.7506,81856,24855,13015,A_unfinetuned
yolo11n,2.6,1_NOFT,6,1,4.788,6836.952,count,bo_exploitation,2.37,30.18,2.0,0.23,0.225,0.521,0.6485,0.4334,0.5195,81856,46383,19228,A_unfinetuned
yolo11n,2.6,1_NOFT,6,1,4.788,6836.952,count,grid_search,4.3,72.28,4.0,0.5,0.4223,0.7427,0.8141,0.6964,0.7506,81856,24855,13015,A_unfinetuned
yolo11n,2.6,2_FT,6,1,3.249,8044.517,baseline,baseline,0.0,2.9,0.0,0.0,0.0,0.0,0.0,0.0,0.0,81856,81856,705,B_finetuned_unsupervised
yolo11n,2.6,2_FT,6,1,3.249,8044.517,count,bo_exploration,2.95,33.22,2.0,0.58,0.2748,0.6052,0.7926,0.4505,0.5745,81856,44979,9651,B_finetuned_unsupervised
yolo11n,2.6,2_FT,6,1,3.249,8044.517,count,bo_exploitation,1.93,28.14,2.0,0.13,0.2751,0.6037,0.7953,0.444,0.5698,81856,45513,9357,B_finetuned_unsupervised
yolo11n,2.6,2_FT,6,1,3.249,8044.517,count,grid_search,3.89,65.39,4.0,0.5,0.4456,0.793,0.8494,0.7214,0.7802,81856,22804,10467,B_finetuned_unsupervised
yolo11m,20.1,1_NOFT,6,1,11.636,22667.96,baseline,baseline,0.0,3.43,0.0,0.0,0.0,0.0,0.0,0.0,0.0,81856,81856,4385,A_unfinetuned
yolo11m,20.1,1_NOFT,6,1,11.636,22667.96,count,bo_exploration,2.63,28.92,4.0,-0.12,0.4276,0.7179,0.7895,0.6824,0.7321,81856,25994,14897,A_unfinetuned
yolo11m,20.1,1_NOFT,6,1,11.636,22667.96,count,bo_exploitation,3.74,71.22,4.0,0.45,0.4038,0.6967,0.7805,0.6677,0.7197,81856,27200,15375,A_unfinetuned
yolo11m,20.1,1_NOFT,6,1,11.636,22667.96,count,grid_search,4.51,71.04,4.0,0.5,0.4038,0.6967,0.7805,0.6677,0.7197,81856,27200,15375,A_unfinetuned
yolo11m,20.1,2_FT,6,1,9.087,17827.379,baseline,baseline,0.0,3.41,0.0,0.0,0.0001,0.0005,0.001,0.0,0.0001,81856,81852,4042,B_finetuned_unsupervised
yolo11m,20.1,2_FT,6,1,9.087,17827.379,count,bo_exploration,4.4,69.53,4.0,0.62,0.407,0.7146,0.7961,0.6741,0.73,81856,26679,14131,B_finetuned_unsupervised
yolo11m,20.1,2_FT,6,1,9.087,17827.379,count,bo_exploitation,2.32,6.53,1.0,0.33,0.0048,0.0253,0.0503,0.0075,0.0131,81856,81238,11671,B_finetuned_unsupervised
yolo11m,20.1,2_FT,6,1,9.087,17827.379,count,grid_search,4.34,69.79,4.0,0.5,0.407,0.7146,0.7961,0.6741,0.73,81856,26679,14131,B_finetuned_unsupervised
yolo11m,20.1,2_FT,6,1,9.087,17827.379,map,bo_exploration,11.33,28.19,4.0,-0.12,0.4419,0.7338,0.8015,0.6914,0.7424,81856,25258,14021,C_finetuned_supervised
yolo11m,20.1,2_FT,6,1,9.087,17827.379,map,bo_exploitation,14.76,28.11,4.0,0.0,0.4419,0.7338,0.8015,0.6914,0.7424,81856,25258,14021,C_finetuned_supervised
yolo11m,20.1,2_FT,6,1,9.087,17827.379,map,grid_search,16.82,28.37,4.0,0.0,0.4419,0.7338,0.8015,0.6914,0.7424,81856,25258,14021,C_finetuned_supervised
yolo11n,2.6,1_NOFT,6,2,4.45,6838.591,baseline,baseline,0.0,3.03,0.0,0.0,0.0,0.0,0.0,0.0,0.0,82021,82021,2053,A_unfinetuned
yolo11n,2.6,1_NOFT,6,2,4.45,6838.591,count,bo_exploration,3.44,32.97,3.0,0.2,0.3892,0.7359,0.8103,0.6561,0.7251,82021,28209,12596,A_unfinetuned
yolo11n,2.6,1_NOFT,6,2,4.45,6838.591,count,bo_exploitation,4.94,74.58,4.0,0.4,0.4219,0.7615,0.8041,0.7098,0.754,82021,23804,14180,A_unfinetuned
yolo11n,2.6,1_NOFT,6,2,4.45,6838.591,count,grid_search,4.14,74.35,4.0,0.5,0.4219,0.7615,0.8041,0.7098,0.754,82021,23804,14180,A_unfinetuned
yolo11n,2.6,2_FT,6,2,3.784,8197.971,baseline,baseline,0.0,3.22,0.0,0.0,0.0,0.0003,0.0006,0.0,0.0,82021,82020,1751,B_finetuned_unsupervised
yolo11n,2.6,2_FT,6,2,3.784,8197.971,count,bo_exploration,4.03,71.93,4.0,0.5,0.4295,0.7639,0.8195,0.7029,0.7567,82021,24370,12700,B_finetuned_unsupervised
yolo11n,2.6,2_FT,6,2,3.784,8197.971,count,bo_exploitation,4.03,71.95,4.0,0.48,0.4295,0.7639,0.8195,0.7029,0.7567,82021,24370,12700,B_finetuned_unsupervised
yolo11n,2.6,2_FT,6,2,3.784,8197.971,count,grid_search,4.15,72.18,4.0,0.5,0.4295,0.7639,0.8195,0.7029,0.7567,82021,24370,12700,B_finetuned_unsupervised
yolo11n,2.6,2_FT,6,2,3.784,8197.971,map,bo_exploration,8.13,27.28,3.0,-0.12,0.4149,0.7385,0.7856,0.6719,0.7243,82021,26908,15039,C_finetuned_supervised
yolo11n,2.6,2_FT,6,2,3.784,8197.971,map,bo_exploitation,12.09,39.69,4.0,0.26,0.456,0.7751,0.8197,0.7161,0.7644,82021,23289,12916,C_finetuned_supervised
yolo11n,2.6,2_FT,6,2,3.784,8197.971,map,grid_search,14.48,29.33,4.0,0.0,0.4804,0.7935,0.8323,0.7273,0.7762,82021,22371,12020,C_finetuned_supervised
yolo11m,20.1,1_NOFT,6,2,11.888,22661.489,baseline,baseline,0.0,4.25,0.0,0.0,0.0001,0.0005,0.001,0.0001,0.0002,82021,82010,10922,A_unfinetuned
yolo11m,20.1,1_NOFT,6,2,11.888,22661.489,count,bo_exploration,5.12,82.43,4.0,0.62,0.3606,0.62,0.7378,0.6237,0.6759,82021,30866,18183,A_unfinetuned
yolo11m,20.1,1_NOFT,6,2,11.888,22661.489,count,bo_exploitation,4.29,62.52,3.0,0.62,0.3073,0.5806,0.6991,0.5722,0.6293,82021,35087,20204,A_unfinetuned
yolo11m,20.1,1_NOFT,6,2,11.888,22661.489,count,grid_search,4.8,82.51,4.0,0.5,0.3606,0.62,0.7378,0.6237,0.6759,82021,30866,18183,A_unfinetuned
yolo11m,20.1,2_FT,6,2,9.172,18564.947,baseline,baseline,0.0,3.41,0.0,0.0,0.0001,0.0005,0.001,0.0,0.0001,82021,82017,4043,B_finetuned_unsupervised
yolo11m,20.1,2_FT,6,2,9.172,18564.947,count,bo_exploration,3.95,51.06,3.0,0.42,0.3929,0.6944,0.7826,0.6536,0.7123,82021,28415,14892,B_finetuned_unsupervised
yolo11m,20.1,2_FT,6,2,9.172,18564.947,count,bo_exploitation,2.38,35.56,2.0,0.48,0.2819,0.5773,0.7398,0.4864,0.5869,82021,42129,14033,B_finetuned_unsupervised
yolo11m,20.1,2_FT,6,2,9.172,18564.947,count,grid_search,4.21,69.2,4.0,0.5,0.4073,0.7151,0.7967,0.6741,0.7303,82021,26732,14108,B_finetuned_unsupervised
yolo11m,20.1,2_FT,6,2,9.172,18564.947,map,bo_exploration,9.38,26.21,3.0,-0.12,0.3977,0.6889,0.7658,0.6536,0.7052,82021,28416,16397,C_finetuned_supervised
yolo11m,20.1,2_FT,6,2,9.172,18564.947,map,bo_exploitation,6.45,6.41,1.0,0.52,0.0047,0.0252,0.05,0.0075,0.013,82021,81407,11678,C_finetuned_supervised
yolo11m,20.1,2_FT,6,2,9.172,18564.947,map,grid_search,15.36,29.01,4.0,0.0,0.442,0.7345,0.802,0.6914,0.7426,82021,25310,13998,C_finetuned_supervised
yolo11n,2.6,1_NOFT,6,3,4.354,6669.136,baseline,baseline,0.0,3.11,0.0,0.0,0.0,0.0,0.0,0.0,0.0,82133,82133,2977,A_unfinetuned
yolo11n,2.6,1_NOFT,6,3,4.354,6669.136,count,bo_exploration,4.3,71.99,4.0,0.55,0.4245,0.7417,0.7968,0.7125,0.7523,82133,23616,14923,A_unfinetuned
yolo11n,2.6,1_NOFT,6,3,4.354,6669.136,count,bo_exploitation,3.58,52.31,3.0,0.47,0.3537,0.6966,0.7865,0.6477,0.7104,82133,28938,14442,A_unfinetuned
yolo11n,2.6,1_NOFT,6,3,4.354,6669.136,count,grid_search,3.75,71.73,4.0,0.5,0.4245,0.7417,0.7968,0.7125,0.7523,82133,23616,14923,A_unfinetuned
yolo11n,2.6,2_FT,6,3,3.187,8484.278,baseline,baseline,0.0,2.79,0.0,0.0,0.0,0.0,0.0,0.0,0.0,82133,82133,706,B_finetuned_unsupervised
yolo11n,2.6,2_FT,6,3,3.187,8484.278,count,bo_exploration,3.13,65.68,4.0,0.62,0.4462,0.7934,0.8497,0.7218,0.7805,82133,22853,10487,B_finetuned_unsupervised
yolo11n,2.6,2_FT,6,3,3.187,8484.278,count,bo_exploitation,4.11,47.55,3.0,0.62,0.3901,0.7522,0.8328,0.6686,0.7417,82133,27221,11028,B_finetuned_unsupervised
yolo11n,2.6,2_FT,6,3,3.187,8484.278,count,grid_search,3.54,65.45,4.0,0.5,0.4462,0.7934,0.8497,0.7218,0.7805,82133,22853,10487,B_finetuned_unsupervised
yolo11n,2.6,2_FT,6,3,3.187,8484.278,map,bo_exploration,7.93,26.46,4.0,-0.12,0.4868,0.8176,0.8638,0.7424,0.7985,82133,21155,9616,C_finetuned_supervised
yolo11n,2.6,2_FT,6,3,3.187,8484.278,map,bo_exploitation,9.54,47.53,3.0,0.51,0.3901,0.7522,0.8328,0.6686,0.7417,82133,27221,11028,C_finetuned_supervised
yolo11n,2.6,2_FT,6,3,3.187,8484.278,map,grid_search,10.61,26.46,4.0,0.0,0.4868,0.8176,0.8638,0.7424,0.7985,82133,21155,9616,C_finetuned_supervised
yolo11m,20.1,1_NOFT,6,3,11.633,22719.594,baseline,baseline,0.0,4.21,0.0,0.0,0.0002,0.002,0.004,0.0005,0.0008,82133,82094,9647,A_unfinetuned
yolo11m,20.1,1_NOFT,6,3,11.633,22719.594,count,bo_exploration,4.51,74.56,4.0,0.62,0.3569,0.6174,0.713,0.6311,0.6695,82133,30302,20866,A_unfinetuned
yolo11m,20.1,1_NOFT,6,3,11.633,22719.594,count,bo_exploitation,2.39,57.74,3.0,0.45,0.3315,0.5969,0.6963,0.6022,0.6458,82133,32674,21569,A_unfinetuned
yolo11m,20.1,1_NOFT,6,3,11.633,22719.594,count,grid_search,4.21,74.6,4.0,0.5,0.3569,0.6174,0.713,0.6311,0.6695,82133,30302,20866,A_unfinetuned
yolo11m,20.1,2_FT,6,3,9.03,18505.559,baseline,baseline,0.0,3.46,0.0,0.0,0.0001,0.0005,0.001,0.0,0.0001,82133,82129,4052,B_finetuned_unsupervised
yolo11m,20.1,2_FT,6,3,9.03,18505.559,count,bo_exploration,3.72,51.04,3.0,0.39,0.3936,0.6947,0.7825,0.6541,0.7126,82133,28407,14937,B_finetuned_unsupervised
yolo11m,20.1,2_FT,6,3,9.03,18505.559,count,bo_exploitation,2.91,69.68,4.0,0.51,0.4078,0.7153,0.7965,0.6745,0.7304,82133,26734,14154,B_finetuned_unsupervised
yolo11m,20.1,2_FT,6,3,9.03,18505.559,count,grid_search,3.94,69.55,4.0,0.5,0.4078,0.7153,0.7965,0.6745,0.7304,82133,26734,14154,B_finetuned_unsupervised
yolo11m,20.1,2_FT,6,3,9.03,18505.559,map,bo_exploration,10.43,28.21,4.0,-0.06,0.4425,0.7345,0.8019,0.6919,0.7428,82133,25304,14041,C_finetuned_supervised
yolo11m,20.1,2_FT,6,3,9.03,18505.559,map,bo_exploitation,10.04,69.58,4.0,0.5,0.4078,0.7153,0.7965,0.6745,0.7304,82133,26734,14154,C_finetuned_supervised
yolo11m,20.1,2_FT,6,3,9.03,18505.559,map,grid_search,11.74,28.2,4.0,0.0,0.4425,0.7345,0.8019,0.6919,0.7428,82133,25304,14041,C_finetuned_supervised
rtdetr-l,45.0,1_NOFT,6,1,36.89,20258.026,baseline,baseline,0.0,5.2,0.0,0.0,0.0002,0.0016,0.0038,0.0003,0.0006,82133,82107,6860,A_unfinetuned
rtdetr-l,45.0,1_NOFT,6,1,36.89,20258.026,count,bo_exploration,3.54,44.28,3.0,0.27,0.3343,0.6294,0.7458,0.6018,0.6661,82133,32709,16842,A_unfinetuned
rtdetr-l,45.0,1_NOFT,6,1,36.89,20258.026,count,bo_exploitation,4.26,113.38,4.0,0.48,0.3588,0.6567,0.7688,0.6408,0.699,82133,29506,15823,A_unfinetuned
rtdetr-l,45.0,1_NOFT,6,1,36.89,20258.026,count,grid_search,6.81,112.24,4.0,0.5,0.3588,0.6567,0.7688,0.6408,0.699,82133,29506,15823,A_unfinetuned
rtdetr-l,45.0,2_FT,6,1,16.739,21020.341,baseline,baseline,0.0,4.74,0.0,0.0,0.0005,0.0034,0.0068,0.0009,0.0016,82133,82056,11180,B_finetuned_unsupervised
rtdetr-l,45.0,2_FT,6,1,16.739,21020.341,count,bo_exploration,4.17,37.58,3.0,-0.12,0.2929,0.551,0.659,0.5599,0.6054,82133,36147,23792,B_finetuned_unsupervised
rtdetr-l,45.0,2_FT,6,1,16.739,21020.341,count,bo_exploitation,2.43,21.93,2.0,-0.08,0.1776,0.3799,0.5342,0.3464,0.4203,82133,53682,24805,B_finetuned_unsupervised
rtdetr-l,45.0,2_FT,6,1,16.739,21020.341,count,grid_search,5.88,114.14,4.0,0.5,0.3316,0.5975,0.7264,0.6096,0.6629,82133,32063,18862,B_finetuned_unsupervised
rtdetr-l,45.0,2_FT,6,1,16.739,21020.341,map,bo_exploration,12.65,114.02,4.0,0.62,0.3316,0.5975,0.7264,0.6096,0.6629,82133,32063,18862,C_finetuned_supervised
rtdetr-l,45.0,2_FT,6,1,16.739,21020.341,map,bo_exploitation,11.36,44.53,4.0,-0.09,0.3333,0.603,0.7096,0.6131,0.6578,82133,31780,20611,C_finetuned_supervised
rtdetr-l,45.0,2_FT,6,1,16.739,21020.341,map,grid_search,15.6,114.15,4.0,0.5,0.3316,0.5975,0.7264,0.6096,0.6629,82133,32063,18862,C_finetuned_supervised
yolo11n,2.6,1_NOFT,6,4,4.44,6827.887,baseline,baseline,0.0,3.06,0.0,0.0,0.0001,0.0004,0.0008,0.0,0.0,82188,82186,2583,A_unfinetuned
yolo11n,2.6,2_FT,6,4,3.133,7631.57,baseline,baseline,0.0,2.76,0.0,0.0,0.0,0.0,0.0,0.0,0.0,82188,82188,705,B_finetuned_unsupervised
yolo11n,2.6,2_FT,6,4,3.133,7631.57,count,bo_exploration,4.38,47.33,3.0,0.62,0.3902,0.7523,0.8325,0.6685,0.7416,82188,27242,11055,B_finetuned_unsupervised
yolo11n,2.6,2_FT,6,4,3.133,7631.57,count,bo_exploitation,2.28,29.39,3.0,0.2,0.4087,0.7555,0.858,0.6581,0.7449,82188,28100,8952,B_finetuned_unsupervised
yolo11n,2.6,2_FT,6,4,3.133,7631.57,count,grid_search,3.45,65.33,4.0,0.5,0.4466,0.7941,0.8499,0.7226,0.7811,82188,22801,10489,B_finetuned_unsupervised
yolo11n,2.6,2_FT,6,4,3.133,7631.57,map,bo_exploration,4.06,4.88,1.0,0.31,0.0085,0.0462,0.0918,0.0051,0.0097,82188,81768,4153,C_finetuned_supervised
yolo11n,2.6,2_FT,6,4,3.133,7631.57,map,bo_exploitation,9.06,24.29,3.0,-0.02,0.4061,0.7479,0.8462,0.6478,0.7339,82188,28943,9675,C_finetuned_supervised
yolo11n,2.6,2_FT,6,4,3.133,7631.57,map,grid_search,9.88,26.41,4.0,0.0,0.4868,0.8177,0.8636,0.7428,0.7986,82188,21142,9644,C_finetuned_supervised
yolo11m,20.1,1_NOFT,6,4,14.67,22740.919,baseline,baseline,0.0,3.45,0.0,0.0,0.0001,0.0005,0.0011,0.0001,0.0001,82188,82183,4677,A_unfinetuned
yolo11m,20.1,1_NOFT,6,4,14.67,22740.919,count,bo_exploration,3.43,79.52,4.0,0.61,0.4063,0.6875,0.7456,0.6669,0.704,82188,27380,18698,A_unfinetuned
yolo11m,20.1,1_NOFT,6,4,14.67,22740.919,count,bo_exploitation,2.78,6.72,1.0,0.62,0.0054,0.0257,0.051,0.0091,0.0155,82188,81438,13958,A_unfinetuned
yolo11m,20.1,1_NOFT,6,4,14.67,22740.919,count,grid_search,4.09,79.33,4.0,0.5,0.4063,0.6875,0.7456,0.6669,0.704,82188,27380,18698,A_unfinetuned
yolo11m,20.1,2_FT,6,4,8.951,19296.51,baseline,baseline,0.0,3.42,0.0,0.0,0.0001,0.0005,0.001,0.0,0.0001,82188,82184,4061,B_finetuned_unsupervised
yolo11m,20.1,2_FT,6,4,8.951,19296.51,count,bo_exploration,2.86,51.4,3.0,0.39,0.3935,0.6947,0.7826,0.6542,0.7126,82188,28422,14938,B_finetuned_unsupervised
yolo11m,20.1,2_FT,6,4,8.951,19296.51,count,bo_exploitation,2.88,35.94,2.0,0.48,0.2819,0.5774,0.7396,0.4869,0.5872,82188,42169,14092,B_finetuned_unsupervised
yolo11m,20.1,2_FT,6,4,8.951,19296.51,count,grid_search,3.83,69.48,4.0,0.5,0.4079,0.7154,0.7966,0.6748,0.7307,82188,26726,14162,B_finetuned_unsupervised
yolo11m,20.1,2_FT,6,4,8.951,19296.51,map,bo_exploration,8.49,30.09,2.0,0.36,0.2848,0.5789,0.7441,0.4814,0.5846,82188,42625,13608,C_finetuned_supervised
yolo11m,20.1,2_FT,6,4,8.951,19296.51,map,bo_exploitation,8.32,17.68,2.0,-0.03,0.2962,0.586,0.7625,0.4778,0.5875,82188,42922,12228,C_finetuned_supervised
yolo11m,20.1,2_FT,6,4,8.951,19296.51,map,grid_search,11.09,27.98,4.0,0.0,0.4424,0.7344,0.8016,0.6919,0.7427,82188,25321,14079,C_finetuned_supervised
rtdetr-l,45.0,1_NOFT,6,2,37.129,20635.795,baseline,baseline,0.0,4.46,0.0,0.0,0.0003,0.0021,0.0042,0.0004,0.0008,82188,82152,8508,A_unfinetuned
rtdetr-l,45.0,1_NOFT,6,2,37.129,20635.795,count,bo_exploration,2.94,44.19,4.0,-0.08,0.3493,0.6505,0.7577,0.6413,0.6947,82188,29482,16850,A_unfinetuned
rtdetr-l,45.0,1_NOFT,6,2,37.129,20635.795,count,bo_exploitation,6.42,74.68,3.0,0.57,0.3152,0.6164,0.7439,0.6028,0.666,82188,32642,17057,A_unfinetuned
rtdetr-l,45.0,1_NOFT,6,2,37.129,20635.795,count,grid_search,5.71,116.41,4.0,0.5,0.3391,0.6403,0.7522,0.6467,0.6954,82188,29040,17513,A_unfinetuned
rtdetr-l,45.0,2_FT,6,2,37.356,21023.587,baseline,baseline,0.0,4.83,0.0,0.0,0.0011,0.0063,0.0126,0.0018,0.0032,82188,82040,11562,B_finetuned_unsupervised
rtdetr-l,45.0,2_FT,6,2,37.356,21023.587,count,bo_exploration,2.83,44.94,4.0,0.03,0.33,0.5927,0.7067,0.6055,0.6522,82188,32425,20652,B_finetuned_unsupervised
rtdetr-l,45.0,2_FT,6,2,37.356,21023.587,count,bo_exploitation,2.31,9.48,1.0,0.39,0.0035,0.0179,0.0354,0.0086,0.0138,82188,81483,19215,B_finetuned_unsupervised
rtdetr-l,45.0,2_FT,6,2,37.356,21023.587,count,grid_search,5.76,115.54,4.0,0.5,0.3298,0.5935,0.7105,0.6195,0.6619,82188,31271,20744,B_finetuned_unsupervised
rtdetr-l,45.0,2_FT,6,2,37.356,21023.587,map,bo_exploration,15.59,38.14,3.0,-0.12,0.2998,0.5571,0.6561,0.5792,0.6153,82188,34583,24955,C_finetuned_supervised
rtdetr-l,45.0,2_FT,6,2,37.356,21023.587,map,bo_exploitation,11.57,75.36,3.0,0.39,0.3096,0.5737,0.6994,0.5826,0.6357,82188,34308,20574,C_finetuned_supervised
rtdetr-l,45.0,2_FT,6,2,37.356,21023.587,map,grid_search,14.89,46.26,4.0,0.0,0.33,0.5927,0.7067,0.6055,0.6522,82188,32425,20652,C_finetuned_supervised
yolo11n,2.6,1_NOFT,6,5,4.445,6906.645,baseline,baseline,0.0,2.91,0.0,0.0,0.0,0.0,0.0,0.0,0.0,82329,82329,944,A_unfinetuned
yolo11n,2.6,1_NOFT,6,5,4.445,6906.645,count,bo_exploration,1.02,16.76,2.0,0.09,0.2112,0.5277,0.6918,0.397,0.5045,82329,49645,14564,A_unfinetuned
yolo11n,2.6,1_NOFT,6,5,4.445,6906.645,count,bo_exploitation,3.27,74.76,4.0,0.62,0.3995,0.7665,0.8327,0.7051,0.7636,82329,24281,11666,A_unfinetuned
yolo11n,2.6,1_NOFT,6,5,4.445,6906.645,count,grid_search,3.6,74.73,4.0,0.5,0.3995,0.7665,0.8327,0.7051,0.7636,82329,24281,11666,A_unfinetuned
yolo11n,2.6,2_FT,6,5,3.157,7898.298,baseline,baseline,0.0,2.78,0.0,0.0,0.0,0.0,0.0,0.0,0.0,82329,82329,706,B_finetuned_unsupervised
yolo11n,2.6,2_FT,6,5,3.157,7898.298,count,bo_exploration,3.79,65.72,4.0,0.62,0.4462,0.7938,0.8501,0.7222,0.7809,82329,22875,10487,B_finetuned_unsupervised
yolo11n,2.6,2_FT,6,5,3.157,7898.298,count,bo_exploitation,2.91,65.67,4.0,0.51,0.4462,0.7938,0.8501,0.7222,0.7809,82329,22875,10487,B_finetuned_unsupervised
yolo11n,2.6,2_FT,6,5,3.157,7898.298,count,grid_search,3.35,65.4,4.0,0.5,0.4462,0.7938,0.8501,0.7222,0.7809,82329,22875,10487,B_finetuned_unsupervised
yolo11m,20.1,1_NOFT,6,5,11.637,22587.536,baseline,baseline,0.0,3.98,0.0,0.0,0.0001,0.0006,0.0012,0.0001,0.0002,82329,82320,7634,A_unfinetuned
yolo11m,20.1,1_NOFT,6,5,11.637,22587.536,count,bo_exploration,2.98,61.81,3.0,0.56,0.2942,0.5764,0.6811,0.5742,0.6231,82329,35055,22135,A_unfinetuned
yolo11m,20.1,2_FT,6,5,8.951,19549.479,baseline,baseline,0.0,3.82,0.0,0.0,0.0001,0.0005,0.001,0.0,0.0001,82329,82325,4051,B_finetuned_unsupervised
yolo11m,20.1,2_FT,6,5,8.951,19549.479,count,bo_exploration,1.32,6.55,1.0,-0.06,0.0048,0.0253,0.0503,0.0076,0.0131,82329,81707,11743,B_finetuned_unsupervised
yolo11m,20.1,2_FT,6,5,8.951,19549.479,count,bo_exploitation,1.48,30.65,2.0,0.15,0.285,0.5793,0.7447,0.4814,0.5848,82329,42698,13588,B_finetuned_unsupervised
yolo11m,20.1,2_FT,6,5,8.951,19549.479,count,grid_search,4.14,70.65,4.0,0.5,0.408,0.7158,0.797,0.6749,0.7309,82329,26767,14149,B_finetuned_unsupervised
yolo11m,20.1,2_FT,6,5,8.951,19549.479,map,bo_exploration,8.24,28.72,4.0,0.1,0.4426,0.7349,0.8021,0.692,0.743,82329,25354,14060,C_finetuned_supervised
yolo11m,20.1,2_FT,6,5,8.951,19549.479,map,bo_exploitation,7.22,38.62,4.0,0.31,0.4244,0.7196,0.7955,0.6799,0.7331,82329,26357,14388,C_finetuned_supervised
yolo11m,20.1,2_FT,6,5,8.951,19549.479,map,grid_search,9.67,28.55,4.0,0.0,0.4426,0.7349,0.8021,0.692,0.743,82329,25354,14060,C_finetuned_supervised
rtdetr-l,45.0,1_NOFT,6,3,36.975,21229.743,baseline,baseline,0.0,4.83,0.0,0.0,0.0001,0.0009,0.0018,0.0002,0.0004,82329,82309,11021,A_unfinetuned
rtdetr-l,45.0,1_NOFT,6,3,36.975,21229.743,count,bo_exploration,4.53,36.7,3.0,-0.06,0.2788,0.5583,0.6649,0.566,0.6115,82329,35733,23479,A_unfinetuned
rtdetr-l,45.0,1_NOFT,6,3,36.975,21229.743,count,bo_exploitation,5.56,112.83,4.0,0.47,0.3142,0.5957,0.7089,0.6179,0.6603,82329,31458,20886,A_unfinetuned
rtdetr-l,45.0,1_NOFT,6,3,36.975,21229.743,count,grid_search,5.9,115.52,4.0,0.5,0.3142,0.5957,0.7089,0.6179,0.6603,82329,31458,20886,A_unfinetuned
rtdetr-l,45.0,2_FT,6,3,24.658,21018.836,baseline,baseline,0.0,4.19,0.0,0.0,0.0,0.0002,0.0006,0.0,0.0,82329,82328,1670,B_finetuned_unsupervised
rtdetr-l,45.0,2_FT,6,3,24.658,21018.836,count,bo_exploration,7.33,111.08,4.0,0.62,0.4687,0.7707,0.8449,0.7128,0.7733,82329,23647,10769,B_finetuned_unsupervised
rtdetr-l,45.0,2_FT,6,3,24.658,21018.836,count,bo_exploitation,3.68,36.37,3.0,-0.08,0.4284,0.7276,0.7967,0.6589,0.7213,82329,28082,13842,B_finetuned_unsupervised
rtdetr-l,45.0,2_FT,6,3,24.658,21018.836,count,grid_search,5.68,111.03,4.0,0.5,0.4687,0.7707,0.8449,0.7128,0.7733,82329,23647,10769,B_finetuned_unsupervised
rtdetr-l,45.0,2_FT,6,3,24.658,21018.836,map,bo_exploration,8.95,42.01,4.0,0.1,0.4764,0.7713,0.8526,0.6908,0.7632,82329,25459,9832,C_finetuned_supervised
rtdetr-l,45.0,2_FT,6,3,24.658,21018.836,map,bo_exploitation,10.41,42.06,4.0,-0.08,0.4764,0.7713,0.8526,0.6908,0.7632,82329,25459,9832,C_finetuned_supervised
rtdetr-l,45.0,2_FT,6,3,24.658,21018.836,map,grid_search,12.3,41.94,4.0,0.0,0.4764,0.7713,0.8526,0.6908,0.7632,82329,25459,9832,C_finetuned_supervised
yolo11n,2.6,1_NOFT,6,6,4.444,6837.372,baseline,baseline,0.0,2.93,0.0,0.0,0.0,0.0,0.0,0.0,0.0,82691,82691,1177,A_unfinetuned
yolo11n,2.6,1_NOFT,6,6,4.444,6837.372,count,bo_exploration,3.6,73.28,4.0,0.38,0.4531,0.787,0.8274,0.7334,0.7776,82691,22047,12651,A_unfinetuned
yolo11n,2.6,1_NOFT,6,6,4.444,6837.372,count,bo_exploitation,3.18,35.7,2.0,0.62,0.2333,0.5668,0.6923,0.4628,0.5547,82691,44422,17011,A_unfinetuned
yolo11n,2.6,1_NOFT,6,6,4.444,6837.372,count,grid_search,3.26,73.32,4.0,0.5,0.4531,0.787,0.8274,0.7334,0.7776,82691,22047,12651,A_unfinetuned
yolo11n,2.6,2_FT,6,6,3.082,6330.375,baseline,baseline,0.0,2.73,0.0,0.0,0.0,0.0,0.0,0.0,0.0,82691,82691,705,B_finetuned_unsupervised
yolo11m,20.1,1_NOFT,6,6,11.529,22676.648,baseline,baseline,0.0,3.2,0.0,0.0,0.0,0.0,0.0,0.0,0.0,82691,82691,3225,A_unfinetuned
yolo11m,20.1,1_NOFT,6,6,11.529,22676.648,count,bo_exploration,1.99,32.67,2.0,0.29,0.309,0.5984,0.7204,0.5125,0.5989,82691,40312,16447,A_unfinetuned
yolo11m,20.1,1_NOFT,6,6,11.529,22676.648,count,bo_exploitation,1.29,6.2,1.0,0.06,0.0043,0.0217,0.0336,0.0048,0.0084,82691,82294,11430,A_unfinetuned
yolo11m,20.1,1_NOFT,6,6,11.529,22676.648,count,grid_search,3.69,80.46,4.0,0.5,0.4264,0.7248,0.7883,0.6985,0.7407,82691,24931,15511,A_unfinetuned
yolo11m,20.1,2_FT,6,6,8.905,20476.409,baseline,baseline,0.0,3.42,0.0,0.0,0.0001,0.0005,0.001,0.0,0.0001,82691,82687,4075,B_finetuned_unsupervised
yolo11m,20.1,2_FT,6,6,8.905,20476.409,count,bo_exploration,1.59,17.94,2.0,0.01,0.2963,0.586,0.7628,0.4775,0.5873,82691,43207,12275,B_finetuned_unsupervised
yolo11m,20.1,2_FT,6,6,8.905,20476.409,count,bo_exploitation,3.77,69.55,4.0,0.6,0.4076,0.7155,0.7974,0.6747,0.7309,82691,26898,14179,B_finetuned_unsupervised
yolo11m,20.1,2_FT,6,6,8.905,20476.409,count,grid_search,3.38,69.59,4.0,0.5,0.4076,0.7155,0.7974,0.6747,0.7309,82691,26898,14179,B_finetuned_unsupervised
rtdetr-l,45.0,1_NOFT,6,4,36.316,20631.393,baseline,baseline,0.0,4.53,0.0,0.0,0.0,0.0002,0.0005,0.0,0.0001,82691,82688,6583,A_unfinetuned
rtdetr-l,45.0,1_NOFT,6,4,36.316,20631.393,count,bo_exploration,3.01,37.75,3.0,0.06,0.322,0.6151,0.7181,0.5983,0.6528,82691,33216,19420,A_unfinetuned
rtdetr-l,45.0,1_NOFT,6,4,36.316,20631.393,count,bo_exploitation,1.97,45.7,2.0,0.46,0.1737,0.4569,0.5882,0.4218,0.4913,82691,47816,24414,A_unfinetuned
rtdetr-l,45.0,1_NOFT,6,4,36.316,20631.393,count,grid_search,5.33,113.38,4.0,0.5,0.3656,0.6567,0.7654,0.6486,0.7021,82691,29059,16443,A_unfinetuned
rtdetr-l,45.0,2_FT,6,4,29.27,21021.467,baseline,baseline,0.0,4.57,0.0,0.0,0.0001,0.0005,0.0011,0.0001,0.0002,82691,82680,9567,B_finetuned_unsupervised
rtdetr-l,45.0,2_FT,6,4,29.27,21021.467,count,bo_exploration,2.67,8.79,1.0,0.44,0.0007,0.0042,0.0084,0.0017,0.0029,82691,82547,16936,B_finetuned_unsupervised
rtdetr-l,45.0,2_FT,6,4,29.27,21021.467,count,bo_exploitation,3.06,36.75,2.0,0.18,0.1892,0.4467,0.6149,0.4066,0.4895,82691,49068,21055,B_finetuned_unsupervised
rtdetr-l,45.0,2_FT,6,4,29.27,21021.467,count,grid_search,5.31,112.99,4.0,0.5,0.3562,0.6306,0.738,0.6492,0.6908,82691,29006,19059,B_finetuned_unsupervised
rtdetr-l,45.0,2_FT,6,4,29.27,21021.467,map,bo_exploration,3.65,60.29,4.0,0.2,0.354,0.6266,0.7557,0.6196,0.6809,82691,31454,16560,C_finetuned_supervised
rtdetr-l,45.0,2_FT,6,4,29.27,21021.467,map,bo_exploitation,8.67,60.29,4.0,0.34,0.354,0.6266,0.7557,0.6196,0.6809,82691,31454,16560,C_finetuned_supervised
rtdetr-l,45.0,2_FT,6,4,29.27,21021.467,map,grid_search,9.13,60.28,4.0,0.25,0.354,0.6266,0.7557,0.6196,0.6809,82691,31454,16560,C_finetuned_supervised
rtdetr-l,45.0,1_NOFT,6,5,37.135,20628.073,baseline,baseline,0.0,4.8,0.0,0.0,0.0001,0.0009,0.002,0.0002,0.0004,82021,82003,8927,A_unfinetuned
rtdetr-l,45.0,1_NOFT,6,5,37.135,20628.073,count,bo_exploration,3.55,9.22,1.0,0.62,0.0012,0.007,0.0138,0.0032,0.0052,82021,81759,18679,A_unfinetuned
rtdetr-l,45.0,1_NOFT,6,5,37.135,20628.073,count,bo_exploitation,6.55,111.64,4.0,0.47,0.3274,0.6253,0.7407,0.6353,0.684,82021,29915,18239,A_unfinetuned
rtdetr-l,45.0,1_NOFT,6,5,37.135,20628.073,count,grid_search,6.15,114.21,4.0,0.5,0.3274,0.6253,0.7407,0.6353,0.684,82021,29915,18239,A_unfinetuned
rtdetr-l,45.0,2_FT,6,5,34.658,21027.464,baseline,baseline,0.0,4.8,0.0,0.0,0.0005,0.0037,0.0076,0.001,0.0017,82021,81942,10308,B_finetuned_unsupervised
rtdetr-l,45.0,2_FT,6,5,34.658,21027.464,count,bo_exploration,4.81,42.85,4.0,-0.12,0.3379,0.6102,0.7322,0.6171,0.6697,82021,31408,18513,B_finetuned_unsupervised
rtdetr-l,45.0,2_FT,6,5,34.658,21027.464,count,bo_exploitation,2.52,9.27,1.0,0.14,0.0027,0.0149,0.0296,0.0069,0.0111,82021,81458,18453,B_finetuned_unsupervised
rtdetr-l,45.0,2_FT,6,5,34.658,21027.464,count,grid_search,6.01,109.85,4.0,0.5,0.3273,0.6018,0.7257,0.6203,0.6689,82021,31145,19232,B_finetuned_unsupervised
rtdetr-l,45.0,2_FT,6,5,34.658,21027.464,map,bo_exploration,13.18,42.87,4.0,-0.03,0.3379,0.6102,0.7322,0.6171,0.6697,82021,31408,18513,C_finetuned_supervised
rtdetr-l,45.0,2_FT,6,5,34.658,21027.464,map,bo_exploitation,12.55,43.61,3.0,0.34,0.2957,0.5701,0.706,0.5649,0.6276,82021,35688,19295,C_finetuned_supervised
rtdetr-l,45.0,2_FT,6,5,34.658,21027.464,map,grid_search,18.68,43.06,4.0,0.0,0.3379,0.6102,0.7322,0.6171,0.6697,82021,31408,18513,C_finetuned_supervised
rtdetr-l,45.0,1_NOFT,6,6,33.213,20064.619,baseline,baseline,0.0,3.56,0.0,0.0,0.0,0.0002,0.0006,0.0,0.0,81518,81517,1616,A_unfinetuned
rtdetr-l,45.0,1_NOFT,6,6,33.213,20064.619,count,bo_exploration,7.32,110.14,4.0,0.62,0.4259,0.7687,0.8428,0.7118,0.7718,81518,23491,10826,A_unfinetuned
rtdetr-l,45.0,1_NOFT,6,6,33.213,20064.619,count,bo_exploitation,3.31,35.93,3.0,-0.02,0.3963,0.7315,0.8058,0.6578,0.7243,81518,27893,12925,A_unfinetuned
rtdetr-l,45.0,1_NOFT,6,6,33.213,20064.619,count,grid_search,6.58,110.33,4.0,0.5,0.4259,0.7687,0.8428,0.7118,0.7718,81518,23491,10826,A_unfinetuned
rtdetr-l,45.0,2_FT,6,6,25.532,19089.755,baseline,baseline,0.0,4.65,0.0,0.0,0.0,0.0002,0.0006,0.0,0.0001,81518,81514,6619,B_finetuned_unsupervised
rtdetr-l,45.0,2_FT,6,6,25.532,19089.755,count,bo_exploration,6.51,108.07,4.0,0.62,0.3747,0.6559,0.7587,0.6496,0.6999,81518,28560,16844,B_finetuned_unsupervised
rtdetr-l,45.0,2_FT,6,6,25.532,19089.755,count,bo_exploitation,4.65,69.27,3.0,0.45,0.3388,0.6255,0.7394,0.6102,0.6686,81518,31776,17531,B_finetuned_unsupervised
rtdetr-l,45.0,2_FT,6,6,25.532,19089.755,count,grid_search,6.31,108.03,4.0,0.5,0.3747,0.6559,0.7587,0.6496,0.6999,81518,28560,16844,B_finetuned_unsupervised
rtdetr-l,45.0,2_FT,6,6,25.532,19089.755,map,bo_exploration,13.13,35.44,3.0,-0.12,0.3415,0.6145,0.7239,0.5972,0.6545,81518,32834,18569,C_finetuned_supervised
yolo11n,2.6,1_NOFT,9,1,4.501,6921.573,baseline,baseline,0.0,3.19,0.0,0.0,0.0,0.0,0.0,0.0,0.0,81490,81490,2356,A_unfinetuned
yolo11n,2.6,1_NOFT,9,1,4.501,6921.573,count,bo_exploration,4.82,71.15,4.0,0.62,0.4129,0.7538,0.8159,0.7017,0.7545,81490,24311,12901,A_unfinetuned
yolo11n,2.6,1_NOFT,9,1,4.501,6921.573,count,bo_exploitation,3.65,36.25,2.0,0.51,0.2076,0.5304,0.6559,0.4558,0.5378,81490,44347,19488,A_unfinetuned
yolo11n,2.6,1_NOFT,9,1,4.501,6921.573,count,grid_search,4.87,71.32,4.0,0.5,0.4129,0.7538,0.8159,0.7017,0.7545,81490,24311,12901,A_unfinetuned
yolo11n,2.6,2_FT,9,1,3.278,10482.674,baseline,baseline,0.0,2.8,0.0,0.0,0.0,0.0,0.0,0.0,0.0,81490,81490,704,B_finetuned_unsupervised
yolo11n,2.6,2_FT,9,1,3.278,10482.674,count,bo_exploration,3.73,47.53,3.0,0.62,0.3905,0.7523,0.8327,0.669,0.7419,81490,26975,10949,B_finetuned_unsupervised
yolo11n,2.6,2_FT,9,1,3.278,10482.674,count,bo_exploitation,2.92,5.02,1.0,0.62,0.0087,0.047,0.0935,0.0052,0.0098,81490,81067,4102,B_finetuned_unsupervised
yolo11n,2.6,2_FT,9,1,3.278,10482.674,count,grid_search,4.34,65.72,4.0,0.5,0.4459,0.7934,0.8498,0.7219,0.7806,81490,22663,10399,B_finetuned_unsupervised
yolo11n,2.6,2_FT,9,1,3.278,10482.674,map,bo_exploration,19.43,26.54,4.0,-0.12,0.4864,0.8174,0.8638,0.7424,0.7985,81490,20994,9536,C_finetuned_supervised
yolo11n,2.6,2_FT,9,1,3.278,10482.674,map,bo_exploitation,20.18,24.41,3.0,0.07,0.4065,0.7482,0.8467,0.6483,0.7343,81490,28661,9567,C_finetuned_supervised
yolo11n,2.6,2_FT,9,1,3.278,10482.674,map,grid_search,20.22,26.5,4.0,0.0,0.4864,0.8174,0.8638,0.7424,0.7985,81490,20994,9536,C_finetuned_supervised
yolo11m,20.1,1_NOFT,9,1,11.546,22693.419,baseline,baseline,0.0,3.62,0.0,0.0,0.0001,0.0005,0.001,0.0001,0.0001,81490,81485,4992,A_unfinetuned
yolo11m,20.1,1_NOFT,9,1,11.546,22693.419,count,bo_exploration,7.05,78.9,4.0,0.62,0.4168,0.7031,0.7779,0.6636,0.7162,81490,27412,15437,A_unfinetuned
yolo11m,20.1,1_NOFT,9,1,11.546,22693.419,count,bo_exploitation,3.48,19.69,2.0,-0.03,0.3015,0.577,0.6872,0.4972,0.5769,81490,40975,18443,A_unfinetuned
yolo11m,20.1,1_NOFT,9,1,11.546,22693.419,count,grid_search,5.38,78.86,4.0,0.5,0.4168,0.7031,0.7779,0.6636,0.7162,81490,27412,15437,A_unfinetuned
yolo11m,20.1,2_FT,9,1,9.073,14412.211,baseline,baseline,0.0,3.36,0.0,0.0,0.0001,0.0005,0.001,0.0,0.0001,81490,81486,4015,B_finetuned_unsupervised
yolo11m,20.1,2_FT,9,1,9.073,14412.211,count,bo_exploration,3.43,25.85,3.0,0.03,0.3984,0.6896,0.7661,0.6545,0.7059,81490,28157,16282,B_finetuned_unsupervised
yolo11m,20.1,2_FT,9,1,9.073,14412.211,count,bo_exploitation,4.78,49.51,3.0,0.62,0.3935,0.6952,0.7827,0.6546,0.713,81490,28145,14808,B_finetuned_unsupervised
yolo11m,20.1,2_FT,9,1,9.073,14412.211,count,grid_search,4.63,67.04,4.0,0.5,0.4076,0.7158,0.7971,0.6751,0.731,81490,26474,14007,B_finetuned_unsupervised
yolo11m,20.1,2_FT,9,1,9.073,14412.211,map,bo_exploration,14.82,25.83,3.0,-0.08,0.3984,0.6896,0.7661,0.6545,0.7059,81490,28157,16282,C_finetuned_supervised
yolo11m,20.1,2_FT,9,1,9.073,14412.211,map,bo_exploitation,20.86,27.51,4.0,-0.12,0.4425,0.735,0.8022,0.6923,0.7432,81490,25075,13912,C_finetuned_supervised
yolo11m,20.1,2_FT,9,1,9.073,14412.211,map,grid_search,21.53,27.54,4.0,0.0,0.4425,0.735,0.8022,0.6923,0.7432,81490,25075,13912,C_finetuned_supervised
yolo11n,2.6,1_NOFT,9,2,4.483,6801.383,baseline,baseline,0.0,3.31,0.0,0.0,0.0001,0.0006,0.0012,0.0001,0.0001,81863,81858,4306,A_unfinetuned
yolo11n,2.6,1_NOFT,9,2,4.483,6801.383,count,bo_exploration,5.43,71.91,4.0,0.62,0.3718,0.7052,0.7842,0.6752,0.7256,81863,26586,15214,A_unfinetuned
yolo11n,2.6,1_NOFT,9,2,4.483,6801.383,count,bo_exploitation,5.69,36.85,2.0,0.62,0.198,0.5019,0.6259,0.4459,0.5208,81863,45363,21815,A_unfinetuned
yolo11n,2.6,1_NOFT,9,2,4.483,6801.383,count,grid_search,4.32,72.02,4.0,0.5,0.3718,0.7052,0.7842,0.6752,0.7256,81863,26586,15214,A_unfinetuned
yolo11n,2.6,2_FT,9,2,5.142,10555.609,baseline,baseline,0.0,3.09,0.0,0.0,0.0,0.0002,0.0005,0.0,0.0,81863,81862,2155,B_finetuned_unsupervised
yolo11n,2.6,2_FT,9,2,5.142,10555.609,count,bo_exploration,2.18,29.8,2.0,0.17,0.2483,0.5714,0.7031,0.4628,0.5582,81863,43980,15995,B_finetuned_unsupervised
yolo11n,2.6,2_FT,9,2,5.142,10555.609,count,bo_exploitation,1.49,5.82,1.0,-0.06,0.0053,0.0269,0.0535,0.0058,0.0105,81863,81386,8439,B_finetuned_unsupervised
yolo11n,2.6,2_FT,9,2,5.142,10555.609,count,grid_search,4.32,71.92,4.0,0.5,0.4089,0.7639,0.823,0.7095,0.7621,81863,23782,12489,B_finetuned_unsupervised
yolo11n,2.6,2_FT,9,2,5.142,10555.609,map,bo_exploration,13.46,28.9,4.0,-0.11,0.4658,0.7962,0.8369,0.7309,0.7803,81863,22026,11660,C_finetuned_supervised
yolo11n,2.6,2_FT,9,2,5.142,10555.609,map,bo_exploitation,13.45,32.05,3.0,0.15,0.3833,0.7352,0.802,0.6677,0.7287,81863,27205,13497,C_finetuned_supervised
yolo11n,2.6,2_FT,9,2,5.142,10555.609,map,grid_search,16.81,28.86,4.0,0.0,0.4658,0.7962,0.8369,0.7309,0.7803,81863,22026,11660,C_finetuned_supervised
yolo11m,20.1,1_NOFT,9,2,11.732,22692.76,baseline,baseline,0.0,3.75,0.0,0.0,0.0001,0.0009,0.0018,0.0001,0.0003,81863,81852,5969,A_unfinetuned
yolo11m,20.1,1_NOFT,9,2,11.732,22692.76,count,bo_exploration,2.71,56.67,3.0,0.43,0.3714,0.6618,0.7403,0.6428,0.6881,81863,29239,18458,A_unfinetuned
yolo11m,20.1,1_NOFT,9,2,11.732,22692.76,count,bo_exploitation,4.41,56.73,3.0,0.42,0.3714,0.6618,0.7403,0.6428,0.6881,81863,29239,18458,A_unfinetuned
yolo11m,20.1,1_NOFT,9,2,11.732,22692.76,count,grid_search,4.69,78.91,4.0,0.5,0.3842,0.6651,0.7576,0.64,0.6939,81863,29468,16764,A_unfinetuned
yolo11m,20.1,2_FT,9,2,9.147,16865.356,baseline,baseline,0.0,3.32,0.0,0.0,0.0001,0.0005,0.001,0.0,0.0001,81863,81859,4044,B_finetuned_unsupervised
yolo11m,20.1,2_FT,9,2,9.147,16865.356,count,bo_exploration,2.58,35.21,2.0,0.52,0.282,0.5775,0.7396,0.4871,0.5874,81863,41984,14038,B_finetuned_unsupervised
yolo11m,20.1,2_FT,9,2,9.147,16865.356,count,bo_exploitation,2.53,29.52,2.0,0.23,0.2848,0.5792,0.7442,0.4817,0.5848,81863,42430,13555,B_finetuned_unsupervised
yolo11m,20.1,2_FT,9,2,9.147,16865.356,count,grid_search,4.2,67.92,4.0,0.5,0.4075,0.715,0.7965,0.6747,0.7305,81863,26631,14113,B_finetuned_unsupervised
yolo11n,2.6,1_NOFT,9,3,4.482,6905.098,baseline,baseline,0.0,3.24,0.0,0.0,0.0001,0.0005,0.0011,0.0,0.0001,81518,81514,3650,A_unfinetuned
yolo11n,2.6,1_NOFT,9,3,4.482,6905.098,count,bo_exploration,4.04,36.54,2.0,0.61,0.218,0.5293,0.6555,0.4634,0.543,81518,43743,19849,A_unfinetuned
yolo11n,2.6,1_NOFT,9,3,4.482,6905.098,count,bo_exploitation,1.66,6.44,1.0,-0.01,0.0042,0.0236,0.0469,0.0072,0.0125,81518,80928,11992,A_unfinetuned
yolo11n,2.6,1_NOFT,9,3,4.482,6905.098,count,grid_search,5.15,75.41,4.0,0.5,0.4071,0.7235,0.8121,0.6842,0.7426,81518,25746,12908,A_unfinetuned
yolo11n,2.6,2_FT,9,3,3.202,8656.265,baseline,baseline,0.0,2.79,0.0,0.0,0.0,0.0,0.0,0.0,0.0,81518,81518,699,B_finetuned_unsupervised
yolo11n,2.6,2_FT,9,3,3.202,8656.265,count,bo_exploration,5.92,47.25,3.0,0.62,0.3904,0.7523,0.8331,0.6688,0.742,81518,26999,10921,B_finetuned_unsupervised
yolo11n,2.6,2_FT,9,3,3.202,8656.265,count,bo_exploitation,6.04,47.31,3.0,0.56,0.3904,0.7523,0.8331,0.6688,0.742,81518,26999,10921,B_finetuned_unsupervised
yolo11n,2.6,2_FT,9,3,3.202,8656.265,count,grid_search,4.36,65.16,4.0,0.5,0.4463,0.7937,0.85,0.7221,0.7809,81518,22654,10386,B_finetuned_unsupervised
yolo11n,2.6,2_FT,9,3,3.202,8656.265,map,bo_exploration,10.56,29.35,3.0,0.23,0.4087,0.7554,0.8583,0.658,0.7449,81518,27877,8856,C_finetuned_supervised
yolo11n,2.6,2_FT,9,3,3.202,8656.265,map,bo_exploitation,16.31,24.32,3.0,-0.12,0.4063,0.7479,0.8466,0.6479,0.734,81518,28704,9573,C_finetuned_supervised
yolo11n,2.6,2_FT,9,3,3.202,8656.265,map,grid_search,20.44,26.36,4.0,0.0,0.4873,0.8175,0.8638,0.7425,0.7986,81518,20994,9540,C_finetuned_supervised
yolo11m,20.1,1_NOFT,9,3,11.213,22583.936,baseline,baseline,0.0,3.21,0.0,0.0,0.0,0.0004,0.0011,0.0,0.0,81518,81516,1745,A_unfinetuned
yolo11m,20.1,1_NOFT,9,3,11.213,22583.936,count,bo_exploration,4.25,78.17,4.0,0.54,0.4246,0.7345,0.7997,0.6853,0.7381,81518,25656,13994,A_unfinetuned
yolo11m,20.1,1_NOFT,9,3,11.213,22583.936,count,bo_exploitation,5.13,56.13,3.0,0.4,0.3711,0.7076,0.7789,0.6526,0.7102,81518,28321,15097,A_unfinetuned
yolo11m,20.1,1_NOFT,9,3,11.213,22583.936,count,grid_search,5.23,77.85,4.0,0.5,0.4246,0.7345,0.7997,0.6853,0.7381,81518,25656,13994,A_unfinetuned
yolo11m,20.1,2_FT,9,3,9.057,17980.711,baseline,baseline,0.0,3.28,0.0,0.0,0.0001,0.0005,0.001,0.0,0.0001,81518,81514,4008,B_finetuned_unsupervised
yolo11m,20.1,2_FT,9,3,9.057,17980.711,count,bo_exploration,4.7,50.47,3.0,0.43,0.3936,0.6952,0.7829,0.6543,0.7129,81518,28178,14791,B_finetuned_unsupervised
yolo11m,20.1,2_FT,9,3,9.057,17980.711,count,bo_exploitation,3.1,17.65,2.0,-0.1,0.2969,0.5869,0.7633,0.4781,0.5879,81518,42546,12084,B_finetuned_unsupervised
yolo11m,20.1,2_FT,9,3,9.057,17980.711,count,grid_search,4.82,68.43,4.0,0.5,0.4077,0.7157,0.7972,0.6749,0.731,81518,26501,13997,B_finetuned_unsupervised
yolo11m,20.1,2_FT,9,3,9.057,17980.711,map,bo_exploration,15.69,28.0,4.0,-0.12,0.4427,0.7349,0.8022,0.6921,0.7431,81518,25097,13909,C_finetuned_supervised
yolo11m,20.1,2_FT,9,3,9.057,17980.711,map,bo_exploitation,14.83,35.37,2.0,0.55,0.2825,0.5782,0.7401,0.4873,0.5876,81518,41798,13947,C_finetuned_supervised
yolo11m,20.1,2_FT,9,3,9.057,17980.711,map,grid_search,22.28,28.0,4.0,0.0,0.4427,0.7349,0.8022,0.6921,0.7431,81518,25097,13909,C_finetuned_supervised
rtdetr-l,45.0,1_NOFT,9,1,29.142,20644.944,baseline,baseline,0.0,4.79,0.0,0.0,0.0,0.0001,0.0003,0.0,0.0001,81518,81515,9518,A_unfinetuned
rtdetr-l,45.0,1_NOFT,9,1,29.142,20644.944,count,bo_exploration,8.47,71.77,3.0,0.62,0.3071,0.5923,0.706,0.5959,0.6463,81518,32943,20231,A_unfinetuned
rtdetr-l,45.0,1_NOFT,9,1,29.142,20644.944,count,bo_exploitation,4.97,44.27,3.0,0.3,0.3112,0.5901,0.7108,0.5808,0.6393,81518,34171,19263,A_unfinetuned
rtdetr-l,45.0,1_NOFT,9,1,29.142,20644.944,count,grid_search,6.64,111.08,4.0,0.5,0.3357,0.62,0.7306,0.6306,0.6769,81518,30111,18956,A_unfinetuned
rtdetr-l,45.0,2_FT,9,1,24.901,19091.701,baseline,baseline,0.0,4.38,0.0,0.0,0.0001,0.0007,0.0013,0.0001,0.0002,81518,81508,7540,B_finetuned_unsupervised
rtdetr-l,45.0,2_FT,9,1,24.901,19091.701,count,bo_exploration,4.23,44.69,2.0,0.52,0.2168,0.4824,0.6336,0.4435,0.5218,81518,45361,20906,B_finetuned_unsupervised
rtdetr-l,45.0,2_FT,9,1,24.901,19091.701,count,bo_exploitation,8.91,111.18,4.0,0.62,0.3809,0.6591,0.7778,0.6449,0.7051,81518,28949,15021,B_finetuned_unsupervised
rtdetr-l,45.0,2_FT,9,1,24.901,19091.701,count,grid_search,6.66,111.41,4.0,0.5,0.3809,0.6591,0.7778,0.6449,0.7051,81518,28949,15021,B_finetuned_unsupervised
rtdetr-l,45.0,2_FT,9,1,24.901,19091.701,map,bo_exploration,14.6,43.8,3.0,0.24,0.3465,0.6286,0.7164,0.6217,0.6657,81518,30839,20058,C_finetuned_supervised
rtdetr-l,45.0,2_FT,9,1,24.901,19091.701,map,bo_exploitation,13.16,21.77,2.0,-0.12,0.2315,0.4854,0.6629,0.4176,0.5124,81518,47480,17311,C_finetuned_supervised
rtdetr-l,45.0,2_FT,9,1,24.901,19091.701,map,grid_search,28.19,43.44,4.0,0.0,0.3991,0.6689,0.7652,0.6464,0.7008,81518,28822,16171,C_finetuned_supervised
yolo11n,2.6,1_NOFT,9,4,4.448,6910.216,baseline,baseline,0.0,3.04,0.0,0.0,0.0,0.0,0.0,0.0,0.0,81928,81928,2230,A_unfinetuned
yolo11n,2.6,1_NOFT,9,4,4.448,6910.216,count,bo_exploration,5.51,72.91,4.0,0.62,0.4174,0.7521,0.8346,0.6896,0.7552,81928,25433,11196,A_unfinetuned
yolo11n,2.6,1_NOFT,9,4,4.448,6910.216,count,bo_exploitation,4.04,73.01,4.0,0.47,0.4174,0.7521,0.8346,0.6896,0.7552,81928,25433,11196,A_unfinetuned
yolo11n,2.6,1_NOFT,9,4,4.448,6910.216,count,grid_search,4.17,72.86,4.0,0.5,0.4174,0.7521,0.8346,0.6896,0.7552,81928,25433,11196,A_unfinetuned
yolo11n,2.6,2_FT,9,4,3.174,8629.838,baseline,baseline,0.0,2.79,0.0,0.0,0.0,0.0,0.0,0.0,0.0,81928,81928,705,B_finetuned_unsupervised
yolo11n,2.6,2_FT,9,4,3.174,8629.838,count,bo_exploration,3.35,65.66,4.0,0.62,0.4461,0.7937,0.8499,0.7222,0.7809,81928,22760,10446,B_finetuned_unsupervised
yolo11n,2.6,2_FT,9,4,3.174,8629.838,count,bo_exploitation,3.67,47.74,3.0,0.44,0.3904,0.7523,0.8328,0.6688,0.7419,81928,27131,11003,B_finetuned_unsupervised
yolo11n,2.6,2_FT,9,4,3.174,8629.838,count,grid_search,3.81,65.82,4.0,0.5,0.4461,0.7937,0.8499,0.7222,0.7809,81928,22760,10446,B_finetuned_unsupervised
yolo11n,2.6,2_FT,9,4,3.174,8629.838,map,bo_exploration,12.64,26.59,4.0,0.09,0.4867,0.8177,0.8638,0.7429,0.7988,81928,21066,9600,C_finetuned_supervised
yolo11n,2.6,2_FT,9,4,3.174,8629.838,map,bo_exploitation,11.07,26.61,4.0,-0.08,0.4867,0.8177,0.8638,0.7429,0.7988,81928,21066,9600,C_finetuned_supervised
yolo11n,2.6,2_FT,9,4,3.174,8629.838,map,grid_search,13.36,26.58,4.0,0.0,0.4867,0.8177,0.8638,0.7429,0.7988,81928,21066,9600,C_finetuned_supervised
yolo11m,20.1,1_NOFT,9,4,11.518,22655.487,baseline,baseline,0.0,4.29,0.0,0.0,0.0001,0.0006,0.0012,0.0001,0.0003,81928,81916,10401,A_unfinetuned
yolo11m,20.1,1_NOFT,9,4,11.518,22655.487,count,bo_exploration,4.03,57.65,3.0,0.59,0.305,0.5623,0.6778,0.5796,0.6249,81928,34442,22568,A_unfinetuned
yolo11m,20.1,1_NOFT,9,4,11.518,22655.487,count,bo_exploitation,4.75,81.52,4.0,0.47,0.3391,0.5831,0.6991,0.6042,0.6482,81928,32429,21307,A_unfinetuned
yolo11m,20.1,1_NOFT,9,4,11.518,22655.487,count,grid_search,5.01,81.48,4.0,0.5,0.3391,0.5831,0.6991,0.6042,0.6482,81928,32429,21307,A_unfinetuned
yolo11m,20.1,2_FT,9,4,8.956,16413.742,baseline,baseline,0.0,3.32,0.0,0.0,0.0001,0.0005,0.001,0.0,0.0001,81928,81924,4023,B_finetuned_unsupervised
yolo11m,20.1,2_FT,9,4,8.956,16413.742,count,bo_exploration,5.16,50.9,3.0,0.62,0.3936,0.6953,0.7831,0.6548,0.7132,81928,28284,14862,B_finetuned_unsupervised
yolo11m,20.1,2_FT,9,4,8.956,16413.742,count,bo_exploitation,2.9,38.19,4.0,0.27,0.4243,0.7198,0.7957,0.6802,0.7334,81928,26203,14304,B_finetuned_unsupervised
yolo11m,20.1,2_FT,9,4,8.956,16413.742,count,grid_search,4.23,68.93,4.0,0.5,0.4078,0.7159,0.7972,0.6754,0.7312,81928,26597,14080,B_finetuned_unsupervised
yolo11m,20.1,2_FT,9,4,8.956,16413.742,map,bo_exploration,11.43,28.18,4.0,0.05,0.4427,0.7351,0.8022,0.6926,0.7434,81928,25184,13991,C_finetuned_supervised
yolo11m,20.1,2_FT,9,4,8.956,16413.742,map,bo_exploitation,12.15,30.0,2.0,0.26,0.2853,0.5797,0.7448,0.482,0.5852,81928,42442,13530,C_finetuned_supervised
yolo11m,20.1,2_FT,9,4,8.956,16413.742,map,grid_search,14.82,28.21,4.0,0.0,0.4427,0.7351,0.8022,0.6926,0.7434,81928,25184,13991,C_finetuned_supervised
rtdetr-l,45.0,1_NOFT,9,2,32.925,20248.395,baseline,baseline,0.0,4.28,0.0,0.0,0.0001,0.0005,0.0011,0.0001,0.0002,81928,81921,6578,A_unfinetuned
rtdetr-l,45.0,1_NOFT,9,2,32.925,20248.395,count,bo_exploration,6.63,72.58,3.0,0.62,0.3389,0.6569,0.7776,0.6201,0.69,81928,31124,14529,A_unfinetuned
rtdetr-l,45.0,1_NOFT,9,2,32.925,20248.395,count,bo_exploitation,3.37,45.06,2.0,0.39,0.2063,0.4925,0.6281,0.4409,0.5181,81928,45809,21386,A_unfinetuned
rtdetr-l,45.0,1_NOFT,9,2,32.925,20248.395,count,grid_search,6.16,113.93,4.0,0.5,0.3686,0.6787,0.7917,0.6592,0.7194,81928,27920,14207,A_unfinetuned
rtdetr-l,45.0,2_FT,9,2,34.331,21022.022,baseline,baseline,0.0,4.67,0.0,0.0,0.0008,0.0049,0.0098,0.0011,0.002,81928,81838,9119,B_finetuned_unsupervised
rtdetr-l,45.0,2_FT,9,2,34.331,21022.022,count,bo_exploration,7.32,111.94,4.0,0.62,0.3528,0.6418,0.7491,0.6457,0.6936,81928,29023,17722,B_finetuned_unsupervised
rtdetr-l,45.0,2_FT,9,2,34.331,21022.022,count,bo_exploitation,2.84,37.5,3.0,-0.11,0.3128,0.6005,0.7201,0.5852,0.6456,81928,33987,18639,B_finetuned_unsupervised
rtdetr-l,45.0,2_FT,9,2,34.331,21022.022,count,grid_search,6.16,112.05,4.0,0.5,0.3528,0.6418,0.7491,0.6457,0.6936,81928,29023,17722,B_finetuned_unsupervised
rtdetr-l,45.0,2_FT,9,2,34.331,21022.022,map,bo_exploration,16.9,43.96,4.0,0.05,0.3572,0.6467,0.752,0.6401,0.6915,81928,29489,17291,C_finetuned_supervised
rtdetr-l,45.0,2_FT,9,2,34.331,21022.022,map,bo_exploitation,10.2,22.23,2.0,-0.12,0.2171,0.4805,0.6315,0.4124,0.4989,81928,48141,19720,C_finetuned_supervised
rtdetr-l,45.0,2_FT,9,2,34.331,21022.022,map,grid_search,19.46,112.02,4.0,0.5,0.3528,0.6418,0.7491,0.6457,0.6936,81928,29023,17722,C_finetuned_supervised
yolo11n,2.6,1_NOFT,9,5,4.57,6905.882,baseline,baseline,0.0,2.94,0.0,0.0,0.0,0.0,0.0,0.0,0.0,81721,81721,1308,A_unfinetuned
yolo11n,2.6,1_NOFT,9,5,4.57,6905.882,count,bo_exploration,4.69,54.82,3.0,0.62,0.3795,0.7386,0.7945,0.6756,0.7303,81721,26508,14279,A_unfinetuned
yolo11n,2.6,1_NOFT,9,5,4.57,6905.882,count,bo_exploitation,3.15,36.06,2.0,0.4,0.2372,0.5708,0.6993,0.4747,0.5656,81721,42924,16681,A_unfinetuned
yolo11n,2.6,1_NOFT,9,5,4.57,6905.882,count,grid_search,4.83,77.74,4.0,0.5,0.4127,0.7635,0.8106,0.7199,0.7625,81721,22892,13748,A_unfinetuned
yolo11n,2.6,2_FT,9,5,3.152,8069.977,baseline,baseline,0.0,2.83,0.0,0.0,0.0,0.0,0.0,0.0,0.0,81721,81721,688,B_finetuned_unsupervised
yolo11n,2.6,2_FT,9,5,3.152,8069.977,count,bo_exploration,4.04,47.34,3.0,0.6,0.3908,0.7531,0.8333,0.6692,0.7423,81721,27031,10938,B_finetuned_unsupervised
yolo11n,2.6,2_FT,9,5,3.152,8069.977,count,bo_exploitation,3.99,29.44,3.0,0.26,0.4091,0.7559,0.8585,0.6584,0.7453,81721,27912,8867,B_finetuned_unsupervised
yolo11n,2.6,2_FT,9,5,3.152,8069.977,count,grid_search,4.06,65.27,4.0,0.5,0.4467,0.7942,0.8503,0.7226,0.7813,81721,22669,10399,B_finetuned_unsupervised
yolo11n,2.6,2_FT,9,5,3.152,8069.977,map,bo_exploration,15.05,24.33,3.0,0.1,0.4065,0.7485,0.8468,0.6484,0.7344,81721,28736,9585,C_finetuned_supervised
yolo11n,2.6,2_FT,9,5,3.152,8069.977,map,bo_exploitation,16.89,26.45,4.0,0.07,0.4872,0.8181,0.8642,0.743,0.7991,81721,21001,9539,C_finetuned_supervised
yolo11n,2.6,2_FT,9,5,3.152,8069.977,map,grid_search,16.45,26.45,4.0,0.0,0.4872,0.8181,0.8642,0.743,0.7991,81721,21001,9539,C_finetuned_supervised
yolo11m,20.1,1_NOFT,9,5,10.791,22605.092,baseline,baseline,0.0,3.66,0.0,0.0,0.0,0.0001,0.0003,0.0,0.0,81721,81719,6695,A_unfinetuned
yolo11m,20.1,1_NOFT,9,5,10.791,22605.092,count,bo_exploration,4.49,54.99,3.0,0.4,0.3575,0.6371,0.7479,0.6126,0.6735,81721,31657,16876,A_unfinetuned
yolo11m,20.1,1_NOFT,9,5,10.791,22605.092,count,bo_exploitation,2.79,40.44,4.0,0.23,0.3946,0.6581,0.7484,0.6445,0.6926,81721,29048,17708,A_unfinetuned
yolo11m,20.1,1_NOFT,9,5,10.791,22605.092,count,grid_search,5.0,73.74,4.0,0.5,0.3913,0.6572,0.7609,0.6419,0.6963,81721,29268,16484,A_unfinetuned
yolo11m,20.1,2_FT,9,5,9.014,18039.108,baseline,baseline,0.0,3.24,0.0,0.0,0.0001,0.0005,0.001,0.0,0.0001,81721,81717,4016,B_finetuned_unsupervised
yolo11m,20.1,2_FT,9,5,9.014,18039.108,count,bo_exploration,5.74,50.0,3.0,0.62,0.3937,0.6954,0.7832,0.6545,0.7131,81721,28232,14810,B_finetuned_unsupervised
yolo11m,20.1,2_FT,9,5,9.014,18039.108,count,bo_exploitation,4.55,67.81,4.0,0.47,0.4081,0.7162,0.7977,0.6752,0.7314,81721,26546,13989,B_finetuned_unsupervised
yolo11m,20.1,2_FT,9,5,9.014,18039.108,count,grid_search,4.5,67.93,4.0,0.5,0.4081,0.7162,0.7977,0.6752,0.7314,81721,26546,13989,B_finetuned_unsupervised
yolo11m,20.1,2_FT,9,5,9.014,18039.108,map,bo_exploration,13.69,25.96,3.0,0.04,0.3984,0.6897,0.7661,0.6544,0.7059,81721,28244,16323,C_finetuned_supervised
yolo11m,20.1,2_FT,9,5,9.014,18039.108,map,bo_exploitation,13.3,67.97,4.0,0.43,0.4081,0.7162,0.7977,0.6752,0.7314,81721,26546,13989,C_finetuned_supervised
yolo11m,20.1,2_FT,9,5,9.014,18039.108,map,grid_search,18.14,27.71,4.0,0.0,0.4429,0.7353,0.8028,0.6923,0.7435,81721,25144,13897,C_finetuned_supervised
rtdetr-l,45.0,1_NOFT,9,3,36.663,20626.229,baseline,baseline,0.0,4.9,0.0,0.0,0.0003,0.002,0.0041,0.0005,0.0009,81721,81679,10183,A_unfinetuned
rtdetr-l,45.0,1_NOFT,9,3,36.663,20626.229,count,bo_exploration,4.24,73.18,3.0,0.52,0.2772,0.5683,0.7065,0.5782,0.636,81721,34467,19634,A_unfinetuned
rtdetr-l,45.0,1_NOFT,9,3,36.663,20626.229,count,bo_exploitation,5.82,73.06,3.0,0.55,0.2772,0.5683,0.7065,0.5782,0.636,81721,34467,19634,A_unfinetuned
rtdetr-l,45.0,1_NOFT,9,3,36.663,20626.229,count,grid_search,6.54,113.28,4.0,0.5,0.3044,0.5885,0.6972,0.6335,0.6638,81721,29947,22486,A_unfinetuned
rtdetr-l,45.0,2_FT,9,3,22.092,19282.191,baseline,baseline,0.0,3.86,0.0,0.0,0.0001,0.0007,0.0013,0.0,0.0001,81721,81717,3027,B_finetuned_unsupervised
rtdetr-l,45.0,2_FT,9,3,22.092,19282.191,count,bo_exploration,10.12,110.83,4.0,0.62,0.4293,0.7463,0.8118,0.7116,0.7584,81721,23565,13482,B_finetuned_unsupervised
rtdetr-l,45.0,2_FT,9,3,22.092,19282.191,count,bo_exploitation,3.12,43.38,3.0,0.22,0.3947,0.7195,0.8205,0.6504,0.7257,81721,28566,11626,B_finetuned_unsupervised
rtdetr-l,45.0,2_FT,9,3,22.092,19282.191,count,grid_search,6.21,110.79,4.0,0.5,0.4293,0.7463,0.8118,0.7116,0.7584,81721,23565,13482,B_finetuned_unsupervised
rtdetr-l,45.0,2_FT,9,3,22.092,19282.191,map,bo_exploration,21.0,70.59,3.0,0.41,0.3909,0.7236,0.8194,0.661,0.7317,81721,27701,11909,C_finetuned_supervised
rtdetr-l,45.0,2_FT,9,3,22.092,19282.191,map,bo_exploitation,17.71,36.11,3.0,-0.12,0.393,0.7154,0.8137,0.6443,0.7192,81721,29069,12055,C_finetuned_supervised
rtdetr-l,45.0,2_FT,9,3,22.092,19282.191,map,grid_search,23.36,43.08,4.0,0.0,0.436,0.7553,0.8234,0.7044,0.7593,81721,24155,12347,C_finetuned_supervised
yolo11n,2.6,1_NOFT,9,6,4.437,6903.498,baseline,baseline,0.0,2.91,0.0,0.0,0.0,0.0,0.0,0.0,0.0,81931,81931,1277,A_unfinetuned
yolo11n,2.6,1_NOFT,9,6,4.437,6903.498,count,bo_exploration,4.5,52.67,3.0,0.62,0.3795,0.7515,0.8212,0.6766,0.7419,81931,26496,12071,A_unfinetuned
yolo11n,2.6,1_NOFT,9,6,4.437,6903.498,count,bo_exploitation,4.48,52.76,3.0,0.51,0.3795,0.7515,0.8212,0.6766,0.7419,81931,26496,12071,A_unfinetuned
yolo11n,2.6,1_NOFT,9,6,4.437,6903.498,count,grid_search,4.29,72.07,4.0,0.5,0.4303,0.7831,0.847,0.7124,0.7739,81931,23563,10544,A_unfinetuned
yolo11n,2.6,2_FT,9,6,5.051,9531.271,baseline,baseline,0.0,3.06,0.0,0.0,0.0,0.0002,0.0005,0.0,0.0,81931,81930,2150,B_finetuned_unsupervised
yolo11n,2.6,2_FT,9,6,5.051,9531.271,count,bo_exploration,4.71,71.7,4.0,0.62,0.4082,0.7633,0.8222,0.7088,0.7613,81931,23857,12557,B_finetuned_unsupervised
yolo11n,2.6,2_FT,9,6,5.051,9531.271,count,bo_exploitation,4.37,51.63,3.0,0.42,0.3592,0.7252,0.7963,0.6546,0.7186,81931,28297,13716,B_finetuned_unsupervised
yolo11n,2.6,2_FT,9,6,5.051,9531.271,count,grid_search,4.26,71.67,4.0,0.5,0.4082,0.7633,0.8222,0.7088,0.7613,81931,23857,12557,B_finetuned_unsupervised
yolo11n,2.6,2_FT,9,6,5.051,9531.271,map,bo_exploration,7.26,5.84,1.0,0.47,0.0053,0.0266,0.053,0.0057,0.0104,81931,81460,8408,C_finetuned_supervised
yolo11n,2.6,2_FT,9,6,5.051,9531.271,map,bo_exploitation,12.85,28.79,4.0,0.06,0.4649,0.7954,0.8359,0.7301,0.7794,81931,22114,11739,C_finetuned_supervised
yolo11n,2.6,2_FT,9,6,5.051,9531.271,map,grid_search,16.55,28.77,4.0,0.0,0.4649,0.7954,0.8359,0.7301,0.7794,81931,22114,11739,C_finetuned_supervised
yolo11m,20.1,1_NOFT,9,6,11.505,22690.171,baseline,baseline,0.0,3.72,0.0,0.0,0.0001,0.0004,0.0009,0.0001,0.0001,81931,81926,5803,A_unfinetuned
yolo11m,20.1,1_NOFT,9,6,11.505,22690.171,count,bo_exploration,2.9,31.84,2.0,0.14,0.2348,0.5232,0.6745,0.4722,0.5555,81931,43241,18670,A_unfinetuned
yolo11m,20.1,1_NOFT,9,6,11.505,22690.171,count,bo_exploitation,2.82,7.4,1.0,0.44,0.003,0.0177,0.0351,0.007,0.0116,81931,81359,15710,A_unfinetuned
yolo11m,20.1,1_NOFT,9,6,11.505,22690.171,count,grid_search,4.6,73.93,4.0,0.5,0.3803,0.6675,0.7545,0.6585,0.7032,81931,27983,17549,A_unfinetuned
yolo11m,20.1,2_FT,9,6,8.947,18738.825,baseline,baseline,0.0,3.39,0.0,0.0,0.0001,0.0005,0.001,0.0,0.0001,81931,81927,4033,B_finetuned_unsupervised
yolo11m,20.1,2_FT,9,6,8.947,18738.825,count,bo_exploration,6.01,69.6,4.0,0.62,0.4069,0.7147,0.7964,0.6739,0.7301,81931,26716,14112,B_finetuned_unsupervised
yolo11m,20.1,2_FT,9,6,8.947,18738.825,count,bo_exploitation,1.54,28.19,4.0,-0.1,0.4418,0.734,0.8015,0.6912,0.7422,81931,25304,14028,B_finetuned_unsupervised
yolo11m,20.1,2_FT,9,6,8.947,18738.825,count,grid_search,4.36,69.54,4.0,0.5,0.4069,0.7147,0.7964,0.6739,0.7301,81931,26716,14112,B_finetuned_unsupervised
yolo11m,20.1,2_FT,9,6,8.947,18738.825,map,bo_exploration,12.85,28.19,4.0,-0.09,0.4418,0.734,0.8015,0.6912,0.7422,81931,25304,14028,C_finetuned_supervised
yolo11m,20.1,2_FT,9,6,8.947,18738.825,map,bo_exploitation,12.12,31.93,3.0,0.31,0.4028,0.6941,0.7754,0.6577,0.7117,81931,28047,15605,C_finetuned_supervised
yolo11m,20.1,2_FT,9,6,8.947,18738.825,map,grid_search,16.07,28.2,4.0,0.0,0.4418,0.734,0.8015,0.6912,0.7422,81931,25304,14028,C_finetuned_supervised
rtdetr-l,45.0,1_NOFT,9,4,35.856,20253.42,baseline,baseline,0.0,4.38,0.0,0.0,0.0003,0.0017,0.0034,0.0003,0.0006,81931,81906,7243,A_unfinetuned
rtdetr-l,45.0,2_FT,9,4,28.309,21020.82,baseline,baseline,0.0,4.01,0.0,0.0,0.0002,0.0016,0.0032,0.0002,0.0003,81931,81918,4098,B_finetuned_unsupervised
rtdetr-l,45.0,2_FT,9,4,28.309,21020.82,count,bo_exploration,3.04,69.96,3.0,0.48,0.3888,0.7039,0.8056,0.6449,0.7163,81931,29096,12748,B_finetuned_unsupervised
rtdetr-l,45.0,2_FT,9,4,28.309,21020.82,count,bo_exploitation,2.77,35.69,3.0,-0.12,0.3872,0.6854,0.7555,0.6363,0.6908,81931,29799,16874,B_finetuned_unsupervised
rtdetr-l,45.0,2_FT,9,4,28.309,21020.82,count,grid_search,5.94,110.15,4.0,0.5,0.4267,0.7316,0.8271,0.6878,0.751,81931,25578,11783,B_finetuned_unsupervised
rtdetr-l,45.0,2_FT,9,4,28.309,21020.82,map,bo_exploration,19.97,42.96,4.0,-0.12,0.4337,0.7337,0.828,0.6721,0.742,81931,26862,11439,C_finetuned_supervised
rtdetr-l,45.0,2_FT,9,4,28.309,21020.82,map,bo_exploitation,15.22,35.84,3.0,-0.11,0.3872,0.6854,0.7555,0.6363,0.6908,81931,29799,16874,C_finetuned_supervised
rtdetr-l,45.0,2_FT,9,4,28.309,21020.82,map,grid_search,20.14,42.94,4.0,0.0,0.4337,0.7337,0.828,0.6721,0.742,81931,26862,11439,C_finetuned_supervised
rtdetr-l,45.0,1_NOFT,9,5,31.267,20254.251,baseline,baseline,0.0,4.52,0.0,0.0,0.0001,0.0007,0.0013,0.0001,0.0002,81650,81639,8382,A_unfinetuned
rtdetr-l,45.0,1_NOFT,9,5,31.267,20254.251,count,bo_exploration,3.56,73.05,3.0,0.44,0.3036,0.5999,0.7146,0.6059,0.6558,81650,32182,19755,A_unfinetuned
rtdetr-l,45.0,1_NOFT,9,5,31.267,20254.251,count,bo_exploitation,3.57,37.39,3.0,-0.12,0.3093,0.5925,0.7056,0.584,0.6391,81650,33964,19893,A_unfinetuned
rtdetr-l,45.0,1_NOFT,9,5,31.267,20254.251,count,grid_search,6.43,113.5,4.0,0.5,0.3465,0.6349,0.7511,0.6396,0.6909,81650,29424,17306,A_unfinetuned
rtdetr-l,45.0,2_FT,9,5,33.293,19282.204,baseline,baseline,0.0,4.92,0.0,0.0,0.0002,0.0011,0.0022,0.0003,0.0005,81650,81626,11047,B_finetuned_unsupervised
rtdetr-l,45.0,2_FT,9,5,33.293,19282.204,count,bo_exploration,3.47,9.61,1.0,0.61,0.001,0.0059,0.0119,0.0028,0.0046,81650,81419,19238,B_finetuned_unsupervised
rtdetr-l,45.0,2_FT,9,5,33.293,19282.204,count,bo_exploitation,4.59,37.95,3.0,-0.04,0.3094,0.5771,0.6921,0.5822,0.6324,81650,34114,21152,B_finetuned_unsupervised
rtdetr-l,45.0,2_FT,9,5,33.293,19282.204,count,grid_search,6.58,111.96,4.0,0.5,0.3471,0.6151,0.7235,0.6338,0.6757,81650,29902,19781,B_finetuned_unsupervised
rtdetr-l,45.0,2_FT,9,5,33.293,19282.204,map,bo_exploration,23.91,43.89,4.0,-0.12,0.3508,0.6172,0.7252,0.6257,0.6718,81650,30560,19358,C_finetuned_supervised
rtdetr-l,45.0,2_FT,9,5,33.293,19282.204,map,bo_exploitation,16.91,43.86,4.0,-0.11,0.3508,0.6172,0.7252,0.6257,0.6718,81650,30560,19358,C_finetuned_supervised
rtdetr-l,45.0,2_FT,9,5,33.293,19282.204,map,grid_search,25.29,111.98,4.0,0.5,0.3471,0.6151,0.7235,0.6338,0.6757,81650,29902,19781,C_finetuned_supervised
rtdetr-l,45.0,1_NOFT,9,6,36.739,20640.026,baseline,baseline,0.0,4.62,0.0,0.0,0.0011,0.0074,0.0147,0.0017,0.0031,82368,82226,9507,A_unfinetuned
rtdetr-l,45.0,1_NOFT,9,6,36.739,20640.026,count,bo_exploration,4.37,113.53,4.0,0.51,0.3347,0.6289,0.7462,0.6378,0.6877,82368,29837,17866,A_unfinetuned
rtdetr-l,45.0,1_NOFT,9,6,36.739,20640.026,count,bo_exploitation,5.12,72.74,3.0,0.45,0.3101,0.6092,0.7353,0.5992,0.6603,82368,33012,17772,A_unfinetuned
rtdetr-l,45.0,1_NOFT,9,6,36.739,20640.026,count,grid_search,5.78,113.8,4.0,0.5,0.3347,0.6289,0.7462,0.6378,0.6877,82368,29837,17866,A_unfinetuned
rtdetr-l,45.0,2_FT,9,6,36.694,20239.765,baseline,baseline,0.0,4.5,0.0,0.0,0.0008,0.0055,0.011,0.0011,0.002,82368,82279,7995,B_finetuned_unsupervised
rtdetr-l,45.0,2_FT,9,6,36.694,20239.765,count,bo_exploration,2.04,21.4,2.0,-0.08,0.2302,0.4914,0.6829,0.4044,0.508,82368,49059,15465,B_finetuned_unsupervised
rtdetr-l,45.0,2_FT,9,6,36.694,20239.765,count,bo_exploitation,4.18,108.53,4.0,0.62,0.3594,0.6498,0.7664,0.6456,0.7008,82368,29192,16210,B_finetuned_unsupervised
rtdetr-l,45.0,2_FT,9,6,36.694,20239.765,count,grid_search,5.59,108.38,4.0,0.5,0.3594,0.6498,0.7664,0.6456,0.7008,82368,29192,16210,B_finetuned_unsupervised
rtdetr-l,45.0,2_FT,9,6,36.694,20239.765,map,bo_exploration,10.46,108.84,4.0,0.62,0.3594,0.6498,0.7664,0.6456,0.7008,82368,29192,16210,C_finetuned_supervised
rtdetr-l,45.0,2_FT,9,6,36.694,20239.765,map,bo_exploitation,8.19,42.51,4.0,-0.12,0.3746,0.6577,0.7716,0.6358,0.6971,82368,30002,15504,C_finetuned_supervised
rtdetr-l,45.0,2_FT,9,6,36.694,20239.765,map,grid_search,12.42,42.48,4.0,0.0,0.3746,0.6577,0.7716,0.6358,0.6971,82368,30002,15504,C_finetuned_supervised
yolo11n,2.6,1_NOFT,0,1,4.321,6564.344,baseline,baseline,0.0,2.97,0.0,0.0,0.0,0.0,0.0,0.0,0.0,82723,82723,1734,A_unfinetuned
yolo11n,2.6,1_NOFT,0,1,4.321,6564.344,count,bo_exploration,2.79,70.87,4.0,0.61,0.4464,0.7744,0.8357,0.7105,0.768,82723,23949,11553,A_unfinetuned
yolo11n,2.6,1_NOFT,0,1,4.321,6564.344,count,bo_exploitation,1.88,33.77,3.0,0.18,0.404,0.7362,0.7957,0.6669,0.7256,82723,27558,14161,A_unfinetuned
yolo11n,2.6,1_NOFT,0,1,4.321,6564.344,count,grid_search,3.12,70.84,4.0,0.5,0.4464,0.7744,0.8357,0.7105,0.768,82723,23949,11553,A_unfinetuned
yolo11n,2.6,2_FT,0,1,3.658,6311.196,baseline,baseline,0.0,2.96,0.0,0.0,0.0,0.0003,0.0006,0.0,0.0,82723,82722,1762,B_finetuned_unsupervised
yolo11n,2.6,2_FT,0,1,3.658,6311.196,count,bo_exploration,2.88,52.5,3.0,0.58,0.3942,0.7322,0.7884,0.6641,0.7209,82723,27786,14747,B_finetuned_unsupervised
yolo11n,2.6,2_FT,0,1,3.658,6311.196,count,bo_exploitation,3.09,34.93,2.0,0.62,0.2476,0.5486,0.6784,0.4525,0.5429,82723,45292,17742,B_finetuned_unsupervised
yolo11n,2.6,2_FT,0,1,3.658,6311.196,count,grid_search,3.16,71.45,4.0,0.5,0.4302,0.7643,0.82,0.7035,0.7573,82723,24526,12772,B_finetuned_unsupervised
yolo11n,2.6,2_FT,0,1,3.658,6311.196,map,bo_exploration,4.41,52.36,3.0,0.44,0.3942,0.7322,0.7884,0.6641,0.7209,82723,27786,14747,C_finetuned_supervised
yolo11n,2.6,2_FT,0,1,3.658,6311.196,map,bo_exploitation,3.66,32.51,3.0,0.17,0.4167,0.7424,0.7911,0.6786,0.7306,82723,26586,14820,C_finetuned_supervised
yolo11n,2.6,2_FT,0,1,3.658,6311.196,map,grid_search,5.78,28.82,4.0,0.0,0.4811,0.7941,0.8329,0.7279,0.7769,82723,22510,12082,C_finetuned_supervised
yolo11m,20.1,1_NOFT,0,1,11.599,22623.19,baseline,baseline,0.0,3.08,0.0,0.0,0.0001,0.0006,0.0012,0.0,0.0,82723,82721,1709,A_unfinetuned
yolo11m,20.1,1_NOFT,0,1,11.599,22623.19,count,bo_exploration,3.03,75.52,4.0,0.62,0.4516,0.7631,0.8087,0.714,0.7584,82723,23656,13971,A_unfinetuned
yolo11m,20.1,1_NOFT,0,1,11.599,22623.19,count,bo_exploitation,3.44,75.68,4.0,0.62,0.4516,0.7631,0.8087,0.714,0.7584,82723,23656,13971,A_unfinetuned
yolo11m,20.1,1_NOFT,0,1,11.599,22623.19,count,grid_search,3.42,75.6,4.0,0.5,0.4516,0.7631,0.8087,0.714,0.7584,82723,23656,13971,A_unfinetuned
yolo11m,20.1,2_FT,0,1,8.947,22248.517,baseline,baseline,0.0,3.34,0.0,0.0,0.0001,0.0005,0.001,0.0,0.0001,82723,82719,4081,B_finetuned_unsupervised
yolo11m,20.1,2_FT,0,1,8.947,22248.517,count,bo_exploration,4.09,51.38,3.0,0.62,0.3935,0.6949,0.7831,0.6541,0.7128,82723,28612,14985,B_finetuned_unsupervised
yolo11m,20.1,2_FT,0,1,8.947,22248.517,count,bo_exploitation,3.44,69.51,4.0,0.62,0.4076,0.7153,0.7971,0.6746,0.7308,82723,26917,14207,B_finetuned_unsupervised
yolo11m,20.1,2_FT,0,1,8.947,22248.517,count,grid_search,3.32,69.54,4.0,0.5,0.4076,0.7153,0.7971,0.6746,0.7308,82723,26917,14207,B_finetuned_unsupervised
yolo11n,2.6,1_NOFT,0,2,4.467,6839.578,baseline,baseline,0.0,3.5,0.0,0.0,0.0,0.0003,0.0005,0.0,0.0001,81688,81685,5907,A_unfinetuned
yolo11n,2.6,1_NOFT,0,2,4.467,6839.578,count,bo_exploration,2.21,39.13,4.0,0.36,0.4031,0.6828,0.7681,0.6701,0.7157,81688,26951,16530,A_unfinetuned
yolo11n,2.6,1_NOFT,0,2,4.467,6839.578,count,bo_exploitation,4.99,52.16,3.0,0.58,0.3367,0.6355,0.739,0.6188,0.6736,81688,31139,17849,A_unfinetuned
yolo11n,2.6,1_NOFT,0,2,4.467,6839.578,count,grid_search,4.68,71.36,4.0,0.5,0.3881,0.6756,0.7689,0.6622,0.7115,81688,27596,16262,A_unfinetuned
yolo11n,2.6,2_FT,0,2,4.688,10153.602,baseline,baseline,0.0,2.93,0.0,0.0,0.0001,0.0008,0.0016,0.0,0.0,81688,81686,1280,B_finetuned_unsupervised
yolo11m,20.1,1_NOFT,0,2,11.758,22669.563,baseline,baseline,0.0,4.0,0.0,0.0,0.0,0.0002,0.0005,0.0,0.0001,81688,81684,7988,A_unfinetuned
yolo11m,20.1,1_NOFT,0,2,11.758,22669.563,count,bo_exploration,5.72,60.49,3.0,0.45,0.3493,0.613,0.7334,0.6013,0.6608,81688,32573,17856,A_unfinetuned
yolo11m,20.1,1_NOFT,0,2,11.758,22669.563,count,bo_exploitation,1.39,7.91,1.0,0.15,0.0028,0.0155,0.0293,0.0072,0.0116,81688,81100,19459,A_unfinetuned
yolo11m,20.1,1_NOFT,0,2,11.758,22669.563,count,grid_search,5.37,80.41,4.0,0.5,0.3764,0.6345,0.74,0.6415,0.6872,81688,29286,18416,A_unfinetuned
yolo11m,20.1,2_FT,0,2,9.191,15517.271,baseline,baseline,0.0,3.48,0.0,0.0,0.0,0.0004,0.0007,0.0,0.0001,81688,81685,4012,B_finetuned_unsupervised
yolo11m,20.1,2_FT,0,2,9.191,15517.271,count,bo_exploration,3.19,31.87,3.0,0.22,0.4037,0.6956,0.7763,0.6594,0.7131,81688,27820,15525,B_finetuned_unsupervised
yolo11m,20.1,2_FT,0,2,9.191,15517.271,count,bo_exploitation,2.76,6.7,1.0,0.41,0.0047,0.0253,0.0501,0.0075,0.0131,81688,81074,11630,B_finetuned_unsupervised
yolo11m,20.1,2_FT,0,2,9.191,15517.271,count,grid_search,4.57,69.01,4.0,0.5,0.4081,0.7162,0.7977,0.6755,0.7315,81688,26511,13989,B_finetuned_unsupervised
yolo11m,20.1,2_FT,0,2,9.191,15517.271,map,bo_exploration,15.31,26.39,3.0,-0.12,0.3985,0.6902,0.7667,0.6548,0.7063,81688,28198,16277,C_finetuned_supervised
yolo11m,20.1,2_FT,0,2,9.191,15517.271,map,bo_exploitation,15.53,28.16,4.0,0.11,0.443,0.7356,0.8031,0.6928,0.7439,81688,25092,13880,C_finetuned_supervised
yolo11m,20.1,2_FT,0,2,9.191,15517.271,map,grid_search,18.41,28.14,4.0,0.0,0.443,0.7356,0.8031,0.6928,0.7439,81688,25092,13880,C_finetuned_supervised
yolo11n,2.6,1_NOFT,0,3,4.461,6906.623,baseline,baseline,0.0,3.09,0.0,0.0,0.0,0.0,0.0,0.0,0.0,82653,82653,2208,A_unfinetuned
yolo11n,2.6,1_NOFT,0,3,4.461,6906.623,count,bo_exploration,3.5,53.21,3.0,0.62,0.3709,0.7178,0.789,0.6596,0.7185,82653,28133,14581,A_unfinetuned
yolo11n,2.6,1_NOFT,0,3,4.461,6906.623,count,bo_exploitation,4.04,53.33,3.0,0.62,0.3709,0.7178,0.789,0.6596,0.7185,82653,28133,14581,A_unfinetuned
yolo11n,2.6,1_NOFT,0,3,4.461,6906.623,count,grid_search,3.39,76.78,4.0,0.5,0.4226,0.751,0.7984,0.7112,0.7523,82653,23868,14848,A_unfinetuned
yolo11n,2.6,2_FT,0,3,3.109,6442.364,baseline,baseline,0.0,2.94,0.0,0.0,0.0,0.0,0.0,0.0,0.0,82653,82653,708,B_finetuned_unsupervised
yolo11n,2.6,2_FT,0,3,3.109,6442.364,count,bo_exploration,2.77,65.98,4.0,0.62,0.4466,0.794,0.8506,0.722,0.7811,82653,22977,10479,B_finetuned_unsupervised
yolo11n,2.6,2_FT,0,3,3.109,6442.364,count,bo_exploitation,3.53,48.02,3.0,0.46,0.3906,0.7526,0.8335,0.6686,0.742,82653,27388,11043,B_finetuned_unsupervised
yolo11n,2.6,2_FT,0,3,3.109,6442.364,count,grid_search,3.08,65.98,4.0,0.5,0.4466,0.794,0.8506,0.722,0.7811,82653,22977,10479,B_finetuned_unsupervised
yolo11n,2.6,2_FT,0,3,3.109,6442.364,map,bo_exploration,3.51,26.81,4.0,-0.12,0.487,0.8179,0.8646,0.7426,0.799,82653,21277,9611,C_finetuned_supervised
yolo11n,2.6,2_FT,0,3,3.109,6442.364,map,bo_exploitation,3.25,26.73,4.0,-0.12,0.487,0.8179,0.8646,0.7426,0.799,82653,21277,9611,C_finetuned_supervised
yolo11n,2.6,2_FT,0,3,3.109,6442.364,map,grid_search,5.84,26.68,4.0,0.0,0.487,0.8179,0.8646,0.7426,0.799,82653,21277,9611,C_finetuned_supervised
yolo11m,20.1,1_NOFT,0,3,11.638,22700.504,baseline,baseline,0.0,3.12,0.0,0.0,0.0,0.0,0.0,0.0,0.0,82653,82653,1281,A_unfinetuned
yolo11m,20.1,1_NOFT,0,3,11.638,22700.504,count,bo_exploration,1.58,55.94,3.0,0.4,0.419,0.7523,0.793,0.6852,0.7352,82653,26018,14786,A_unfinetuned
yolo11m,20.1,1_NOFT,0,3,11.638,22700.504,count,bo_exploitation,3.95,55.96,3.0,0.41,0.419,0.7523,0.793,0.6852,0.7352,82653,26018,14786,A_unfinetuned
yolo11m,20.1,1_NOFT,0,3,11.638,22700.504,count,grid_search,3.65,77.81,4.0,0.5,0.4534,0.7709,0.8149,0.7144,0.7614,82653,23603,13414,A_unfinetuned
yolo11m,20.1,2_FT,0,3,9.038,20011.205,baseline,baseline,0.0,3.35,0.0,0.0,0.0001,0.0005,0.001,0.0,0.0001,82653,82649,4064,B_finetuned_unsupervised
yolo11m,20.1,2_FT,0,3,9.038,20011.205,count,bo_exploration,2.81,70.81,4.0,0.45,0.4078,0.7158,0.7976,0.6747,0.731,82653,26887,14155,B_finetuned_unsupervised
yolo11m,20.1,2_FT,0,3,9.038,20011.205,count,bo_exploitation,2.63,38.88,4.0,0.33,0.4244,0.7197,0.7961,0.6796,0.7333,82653,26483,14383,B_finetuned_unsupervised
yolo11m,20.1,2_FT,0,3,9.038,20011.205,count,grid_search,3.45,69.79,4.0,0.5,0.4078,0.7158,0.7976,0.6747,0.731,82653,26887,14155,B_finetuned_unsupervised
yolo11m,20.1,2_FT,0,3,9.038,20011.205,map,bo_exploration,5.57,28.55,4.0,-0.12,0.4425,0.7349,0.8028,0.6919,0.7432,82653,25468,14043,C_finetuned_supervised
yolo11m,20.1,2_FT,0,3,9.038,20011.205,map,bo_exploitation,3.59,26.74,3.0,0.0,0.3982,0.6895,0.7666,0.6539,0.7058,82653,28610,16453,C_finetuned_supervised
yolo11m,20.1,2_FT,0,3,9.038,20011.205,map,grid_search,6.65,28.45,4.0,0.0,0.4425,0.7349,0.8028,0.6919,0.7432,82653,25468,14043,C_finetuned_supervised
rtdetr-l,45.0,1_NOFT,0,1,36.964,20829.314,baseline,baseline,0.0,4.46,0.0,0.0,0.0001,0.0003,0.0008,0.0001,0.0001,82653,82648,6647,A_unfinetuned
rtdetr-l,45.0,1_NOFT,0,1,36.964,20829.314,count,bo_exploration,6.28,113.55,4.0,0.59,0.3549,0.659,0.7575,0.6582,0.7044,82653,28252,17414,A_unfinetuned
rtdetr-l,45.0,1_NOFT,0,1,36.964,20829.314,count,bo_exploitation,4.01,44.31,2.0,0.4,0.1792,0.4646,0.6032,0.4206,0.4956,82653,47892,22871,A_unfinetuned
rtdetr-l,45.0,1_NOFT,0,1,36.964,20829.314,count,grid_search,5.31,113.14,4.0,0.5,0.3549,0.659,0.7575,0.6582,0.7044,82653,28252,17414,A_unfinetuned
rtdetr-l,45.0,2_FT,0,1,15.876,21027.146,baseline,baseline,0.0,4.02,0.0,0.0,0.0,0.0,0.0,0.0,0.0,82653,82653,5431,B_finetuned_unsupervised
rtdetr-l,45.0,2_FT,0,1,15.876,21027.146,count,bo_exploration,7.54,70.55,3.0,0.62,0.3358,0.6538,0.7599,0.6193,0.6824,82653,31466,16170,B_finetuned_unsupervised
rtdetr-l,45.0,2_FT,0,1,15.876,21027.146,count,bo_exploitation,7.32,71.57,3.0,0.62,0.3358,0.6538,0.7599,0.6193,0.6824,82653,31466,16170,B_finetuned_unsupervised
rtdetr-l,45.0,2_FT,0,1,15.876,21027.146,count,grid_search,5.15,114.84,4.0,0.5,0.402,0.6963,0.792,0.6698,0.7258,82653,27294,14540,B_finetuned_unsupervised
rtdetr-l,45.0,2_FT,0,1,15.876,21027.146,map,bo_exploration,4.88,36.59,3.0,-0.12,0.3464,0.6418,0.7411,0.6024,0.6646,82653,32861,17397,C_finetuned_supervised
rtdetr-l,45.0,2_FT,0,1,15.876,21027.146,map,bo_exploitation,7.79,36.55,3.0,-0.09,0.3464,0.6418,0.7411,0.6024,0.6646,82653,32861,17397,C_finetuned_supervised
rtdetr-l,45.0,2_FT,0,1,15.876,21027.146,map,grid_search,9.68,44.44,4.0,0.0,0.4143,0.7005,0.7773,0.6686,0.7189,82653,27394,15828,C_finetuned_supervised
yolo11n,2.6,1_NOFT,0,4,4.442,6905.238,baseline,baseline,0.0,3.19,0.0,0.0,0.0,0.0002,0.0004,0.0,0.0,82018,82017,2714,A_unfinetuned
yolo11n,2.6,1_NOFT,0,4,4.442,6905.238,count,bo_exploration,2.04,18.13,2.0,-0.11,0.2712,0.5855,0.7273,0.4794,0.5779,82018,42699,14746,A_unfinetuned
yolo11n,2.6,1_NOFT,0,4,4.442,6905.238,count,bo_exploitation,2.76,32.88,3.0,0.37,0.419,0.7464,0.8228,0.68,0.7446,82018,26244,12011,A_unfinetuned
yolo11n,2.6,1_NOFT,0,4,4.442,6905.238,count,grid_search,4.56,73.28,4.0,0.5,0.4492,0.7716,0.8192,0.7276,0.7707,82018,22342,13168,A_unfinetuned
yolo11n,2.6,2_FT,0,4,3.184,8932.351,baseline,baseline,0.0,2.76,0.0,0.0,0.0,0.0,0.0,0.0,0.0,82018,82018,706,B_finetuned_unsupervised
yolo11n,2.6,2_FT,0,4,3.184,8932.351,count,bo_exploration,4.93,47.46,3.0,0.62,0.3903,0.7522,0.8325,0.6686,0.7416,82018,27178,11031,B_finetuned_unsupervised
yolo11n,2.6,2_FT,0,4,3.184,8932.351,count,bo_exploitation,2.42,29.48,3.0,0.2,0.4088,0.7557,0.8583,0.6584,0.7452,82018,28014,8919,B_finetuned_unsupervised
yolo11n,2.6,2_FT,0,4,3.184,8932.351,count,grid_search,3.6,65.52,4.0,0.5,0.4463,0.7937,0.8499,0.7221,0.7808,82018,22795,10458,B_finetuned_unsupervised
yolo11n,2.6,2_FT,0,4,3.184,8932.351,map,bo_exploration,10.78,26.46,4.0,-0.09,0.4869,0.8178,0.8642,0.7427,0.7989,82018,21100,9574,C_finetuned_supervised
yolo11n,2.6,2_FT,0,4,3.184,8932.351,map,bo_exploitation,6.07,24.36,3.0,-0.06,0.4062,0.748,0.8464,0.6481,0.7341,82018,28864,9643,C_finetuned_supervised
yolo11n,2.6,2_FT,0,4,3.184,8932.351,map,grid_search,11.52,26.38,4.0,0.0,0.4869,0.8178,0.8642,0.7427,0.7989,82018,21100,9574,C_finetuned_supervised
yolo11m,20.1,1_NOFT,0,4,11.508,22615.968,baseline,baseline,0.0,3.31,0.0,0.0,0.0,0.0005,0.001,0.0,0.0001,82018,82015,3133,A_unfinetuned
yolo11m,20.1,1_NOFT,0,4,11.508,22615.968,count,bo_exploration,4.96,73.86,4.0,0.62,0.4345,0.7376,0.7848,0.7027,0.7415,82018,24383,15803,A_unfinetuned
yolo11m,20.1,1_NOFT,0,4,11.508,22615.968,count,bo_exploitation,2.66,33.55,3.0,0.25,0.4285,0.7321,0.8023,0.6737,0.7324,82018,26759,13620,A_unfinetuned
yolo11m,20.1,1_NOFT,0,4,11.508,22615.968,count,grid_search,4.2,73.88,4.0,0.5,0.4345,0.7376,0.7848,0.7027,0.7415,82018,24383,15803,A_unfinetuned
yolo11m,20.1,2_FT,0,4,9.0,13932.399,baseline,baseline,0.0,3.36,0.0,0.0,0.0001,0.0005,0.001,0.0,0.0001,82018,82014,4039,B_finetuned_unsupervised
yolo11m,20.1,2_FT,0,4,9.0,13932.399,count,bo_exploration,2.99,31.67,3.0,0.24,0.4037,0.6949,0.7753,0.659,0.7124,82018,27971,15666,B_finetuned_unsupervised
yolo11m,20.1,2_FT,0,4,9.0,13932.399,count,bo_exploitation,3.57,50.48,3.0,0.4,0.3938,0.6952,0.7824,0.6546,0.7128,82018,28328,14934,B_finetuned_unsupervised
yolo11m,20.1,2_FT,0,4,9.0,13932.399,count,grid_search,4.02,68.36,4.0,0.5,0.4081,0.7156,0.7966,0.675,0.7308,82018,26654,14134,B_finetuned_unsupervised
yolo11m,20.1,2_FT,0,4,9.0,13932.399,map,bo_exploration,8.65,31.68,3.0,0.37,0.4037,0.6949,0.7753,0.659,0.7124,82018,27971,15666,C_finetuned_supervised
yolo11m,20.1,2_FT,0,4,9.0,13932.399,map,bo_exploitation,11.11,31.83,3.0,0.34,0.4037,0.6949,0.7753,0.659,0.7124,82018,27971,15666,C_finetuned_supervised
yolo11m,20.1,2_FT,0,4,9.0,13932.399,map,grid_search,13.0,28.13,4.0,0.0,0.4428,0.7348,0.8017,0.6923,0.743,82018,25238,14043,C_finetuned_supervised
rtdetr-l,45.0,1_NOFT,0,2,37.14,20052.827,baseline,baseline,0.0,4.59,0.0,0.0,0.0003,0.002,0.0041,0.0004,0.0008,82018,81984,8347,A_unfinetuned
rtdetr-l,45.0,1_NOFT,0,2,37.14,20052.827,count,bo_exploration,7.23,117.43,4.0,0.62,0.3433,0.6472,0.7545,0.6526,0.6998,82018,28497,17412,A_unfinetuned
rtdetr-l,45.0,1_NOFT,0,2,37.14,20052.827,count,bo_exploitation,5.22,37.99,3.0,-0.01,0.319,0.6208,0.7341,0.5981,0.6592,82018,32959,17773,A_unfinetuned
rtdetr-l,45.0,1_NOFT,0,2,37.14,20052.827,count,grid_search,5.92,116.76,4.0,0.5,0.3433,0.6472,0.7545,0.6526,0.6998,82018,28497,17412,A_unfinetuned
rtdetr-l,45.0,2_FT,0,2,37.642,21026.888,baseline,baseline,0.0,4.79,0.0,0.0,0.0003,0.002,0.0048,0.0006,0.001,82018,81972,9507,B_finetuned_unsupervised
rtdetr-l,45.0,2_FT,0,2,37.642,21026.888,count,bo_exploration,3.7,23.38,2.0,-0.08,0.1851,0.418,0.5744,0.3852,0.4611,82018,50427,23411,B_finetuned_unsupervised
rtdetr-l,45.0,2_FT,0,2,37.642,21026.888,count,bo_exploitation,7.53,114.83,4.0,0.62,0.3346,0.5989,0.7156,0.6226,0.6659,82018,30950,20292,B_finetuned_unsupervised
rtdetr-l,45.0,2_FT,0,2,37.642,21026.888,count,grid_search,6.06,114.41,4.0,0.5,0.3346,0.5989,0.7156,0.6226,0.6659,82018,30950,20292,B_finetuned_unsupervised
rtdetr-l,45.0,2_FT,0,2,37.642,21026.888,map,bo_exploration,14.5,45.24,4.0,-0.12,0.3387,0.6051,0.716,0.6194,0.6642,82018,31212,20151,C_finetuned_supervised
rtdetr-l,45.0,2_FT,0,2,37.642,21026.888,map,bo_exploitation,15.55,44.69,4.0,0.04,0.3387,0.6051,0.716,0.6194,0.6642,82018,31212,20151,C_finetuned_supervised
rtdetr-l,45.0,2_FT,0,2,37.642,21026.888,map,grid_search,17.74,45.53,4.0,0.0,0.3387,0.6051,0.716,0.6194,0.6642,82018,31212,20151,C_finetuned_supervised
yolo11n,2.6,1_NOFT,0,5,4.45,6837.279,baseline,baseline,0.0,3.32,0.0,0.0,0.0,0.0001,0.0003,0.0,0.0,81966,81965,3130,A_unfinetuned
yolo11n,2.6,1_NOFT,0,5,4.45,6837.279,count,bo_exploration,6.23,76.24,4.0,0.62,0.412,0.7302,0.8311,0.6748,0.7448,81966,26654,11244,A_unfinetuned
yolo11n,2.6,1_NOFT,0,5,4.45,6837.279,count,bo_exploitation,6.47,76.34,4.0,0.62,0.412,0.7302,0.8311,0.6748,0.7448,81966,26654,11244,A_unfinetuned
yolo11n,2.6,1_NOFT,0,5,4.45,6837.279,count,grid_search,4.61,76.25,4.0,0.5,0.412,0.7302,0.8311,0.6748,0.7448,81966,26654,11244,A_unfinetuned
yolo11n,2.6,2_FT,0,5,3.181,8293.878,baseline,baseline,0.0,2.69,0.0,0.0,0.0,0.0,0.0,0.0,0.0,81966,81966,697,B_finetuned_unsupervised
yolo11n,2.6,2_FT,0,5,3.181,8293.878,count,bo_exploration,3.53,67.61,4.0,0.58,0.4459,0.7933,0.8502,0.7214,0.7805,81966,22836,10422,B_finetuned_unsupervised
yolo11n,2.6,2_FT,0,5,3.181,8293.878,count,bo_exploitation,2.07,27.7,4.0,0.03,0.4864,0.8175,0.8643,0.7421,0.7986,81966,21140,9546,B_finetuned_unsupervised
yolo11n,2.6,2_FT,0,5,3.181,8293.878,count,grid_search,3.94,67.6,4.0,0.5,0.4459,0.7933,0.8502,0.7214,0.7805,81966,22836,10422,B_finetuned_unsupervised
yolo11n,2.6,2_FT,0,5,3.181,8293.878,map,bo_exploration,13.77,30.19,3.0,0.22,0.4084,0.755,0.8584,0.657,0.7443,81966,28112,8883,C_finetuned_supervised
yolo11n,2.6,2_FT,0,5,3.181,8293.878,map,bo_exploitation,12.47,27.54,4.0,0.05,0.4864,0.8175,0.8643,0.7421,0.7986,81966,21140,9546,C_finetuned_supervised
yolo11n,2.6,2_FT,0,5,3.181,8293.878,map,grid_search,15.09,27.57,4.0,0.0,0.4864,0.8175,0.8643,0.7421,0.7986,81966,21140,9546,C_finetuned_supervised
yolo11m,20.1,1_NOFT,0,5,10.855,22670.454,baseline,baseline,0.0,3.19,0.0,0.0,0.0,0.0,0.0,0.0,0.0,81966,81966,2823,A_unfinetuned
yolo11m,20.1,2_FT,0,5,8.972,18860.711,baseline,baseline,0.0,3.33,0.0,0.0,0.0001,0.0005,0.001,0.0,0.0001,81966,81962,4018,B_finetuned_unsupervised
yolo11m,20.1,2_FT,0,5,8.972,18860.711,count,bo_exploration,5.27,50.67,3.0,0.62,0.3934,0.6949,0.7832,0.6536,0.7126,81966,28391,14831,B_finetuned_unsupervised
yolo11m,20.1,2_FT,0,5,8.972,18860.711,count,bo_exploitation,2.7,37.77,4.0,0.17,0.4241,0.7194,0.7962,0.6793,0.7331,81966,26287,14255,B_finetuned_unsupervised
yolo11m,20.1,2_FT,0,5,8.972,18860.711,count,grid_search,4.33,68.7,4.0,0.5,0.4077,0.7156,0.7976,0.6744,0.7308,81966,26691,14029,B_finetuned_unsupervised
yolo11m,20.1,2_FT,0,5,8.972,18860.711,map,bo_exploration,11.58,26.08,3.0,-0.12,0.3981,0.6894,0.7663,0.6534,0.7054,81966,28407,16337,C_finetuned_supervised
yolo11m,20.1,2_FT,0,5,8.972,18860.711,map,bo_exploitation,10.93,26.08,3.0,0.02,0.3981,0.6894,0.7663,0.6534,0.7054,81966,28407,16337,C_finetuned_supervised
yolo11m,20.1,2_FT,0,5,8.972,18860.711,map,grid_search,15.35,27.85,4.0,0.0,0.4425,0.7349,0.8029,0.6918,0.7432,81966,25266,13921,C_finetuned_supervised
rtdetr-l,45.0,1_NOFT,0,3,36.755,20259.092,baseline,baseline,0.0,4.66,0.0,0.0,0.0003,0.0021,0.0041,0.0005,0.0008,81966,81928,9123,A_unfinetuned
rtdetr-l,45.0,1_NOFT,0,3,36.755,20259.092,count,bo_exploration,8.56,115.67,4.0,0.62,0.3134,0.6102,0.7341,0.6271,0.6764,81966,30569,18618,A_unfinetuned
rtdetr-l,45.0,1_NOFT,0,3,36.755,20259.092,count,bo_exploitation,7.94,73.82,3.0,0.58,0.291,0.5964,0.7207,0.5996,0.6546,81966,32816,19052,A_unfinetuned
rtdetr-l,45.0,1_NOFT,0,3,36.755,20259.092,count,grid_search,6.32,115.41,4.0,0.5,0.3134,0.6102,0.7341,0.6271,0.6764,81966,30569,18618,A_unfinetuned
rtdetr-l,45.0,2_FT,0,3,15.689,21023.229,baseline,baseline,0.0,3.84,0.0,0.0,0.0001,0.0006,0.0011,0.0,0.0001,81966,81962,3580,B_finetuned_unsupervised
rtdetr-l,45.0,2_FT,0,3,15.689,21023.229,count,bo_exploration,7.18,108.31,4.0,0.62,0.4191,0.7321,0.8037,0.6915,0.7434,81966,25283,13846,B_finetuned_unsupervised
rtdetr-l,45.0,2_FT,0,3,15.689,21023.229,count,bo_exploitation,2.74,7.46,1.0,0.2,0.0008,0.006,0.012,0.0013,0.0023,81966,81863,8471,B_finetuned_unsupervised
rtdetr-l,45.0,2_FT,0,3,15.689,21023.229,count,grid_search,5.92,109.24,4.0,0.5,0.4191,0.7321,0.8037,0.6915,0.7434,81966,25283,13846,B_finetuned_unsupervised
rtdetr-l,45.0,2_FT,0,3,15.689,21023.229,map,bo_exploration,15.97,42.29,4.0,-0.12,0.4375,0.7371,0.788,0.7019,0.7424,81966,24436,15478,C_finetuned_supervised
rtdetr-l,45.0,2_FT,0,3,15.689,21023.229,map,bo_exploitation,18.71,36.62,3.0,-0.11,0.3745,0.6782,0.7827,0.6231,0.6939,81966,30889,14183,C_finetuned_supervised
rtdetr-l,45.0,2_FT,0,3,15.689,21023.229,map,grid_search,19.47,41.98,4.0,0.0,0.4375,0.7371,0.788,0.7019,0.7424,81966,24436,15478,C_finetuned_supervised
yolo11n,2.6,1_NOFT,0,6,4.533,6905.287,baseline,baseline,0.0,3.22,0.0,0.0,0.0002,0.0011,0.0022,0.0001,0.0002,81931,81924,3171,A_unfinetuned
yolo11n,2.6,1_NOFT,0,6,4.533,6905.287,count,bo_exploration,3.3,29.2,4.0,0.1,0.4555,0.7664,0.8324,0.7124,0.7677,81931,23567,11749,A_unfinetuned
yolo11n,2.6,1_NOFT,0,6,4.533,6905.287,count,bo_exploitation,4.4,32.75,3.0,0.31,0.4029,0.7201,0.811,0.6643,0.7303,81931,27506,12687,A_unfinetuned
yolo11n,2.6,1_NOFT,0,6,4.533,6905.287,count,grid_search,4.82,72.27,4.0,0.5,0.4082,0.7408,0.8248,0.6908,0.7519,81931,25329,12024,A_unfinetuned
yolo11n,2.6,2_FT,0,6,5.065,9531.271,baseline,baseline,0.0,3.12,0.0,0.0,0.0,0.0002,0.0005,0.0,0.0,81931,81930,2150,B_finetuned_unsupervised
yolo11n,2.6,2_FT,0,6,5.065,9531.271,count,bo_exploration,5.39,71.91,4.0,0.62,0.4082,0.7633,0.8222,0.7088,0.7613,81931,23857,12557,B_finetuned_unsupervised
yolo11n,2.6,2_FT,0,6,5.065,9531.271,count,bo_exploitation,2.76,26.65,3.0,0.08,0.3838,0.7328,0.795,0.6613,0.722,81931,27752,13971,B_finetuned_unsupervised
yolo11n,2.6,2_FT,0,6,5.065,9531.271,count,grid_search,4.26,72.12,4.0,0.5,0.4082,0.7633,0.8222,0.7088,0.7613,81931,23857,12557,B_finetuned_unsupervised
yolo11n,2.6,2_FT,0,6,5.065,9531.271,map,bo_exploration,13.51,28.76,4.0,0.0,0.4649,0.7954,0.8359,0.7301,0.7794,81931,22114,11739,C_finetuned_supervised
yolo11n,2.6,2_FT,0,6,5.065,9531.271,map,bo_exploitation,15.08,28.77,4.0,-0.12,0.4649,0.7954,0.8359,0.7301,0.7794,81931,22114,11739,C_finetuned_supervised
yolo11n,2.6,2_FT,0,6,5.065,9531.271,map,grid_search,16.71,28.83,4.0,0.0,0.4649,0.7954,0.8359,0.7301,0.7794,81931,22114,11739,C_finetuned_supervised
yolo11m,20.1,1_NOFT,0,6,11.672,22616.096,baseline,baseline,0.0,3.42,0.0,0.0,0.0,0.0003,0.0007,0.0,0.0001,81931,81928,4470,A_unfinetuned
yolo11m,20.1,1_NOFT,0,6,11.672,22616.096,count,bo_exploration,5.03,76.59,4.0,0.62,0.4043,0.6925,0.7875,0.6625,0.7196,81931,27655,14647,A_unfinetuned
yolo11m,20.1,1_NOFT,0,6,11.672,22616.096,count,bo_exploitation,3.43,55.3,3.0,0.52,0.395,0.6827,0.7675,0.6525,0.7053,81931,28472,16198,A_unfinetuned
yolo11m,20.1,1_NOFT,0,6,11.672,22616.096,count,grid_search,4.54,76.95,4.0,0.5,0.4043,0.6925,0.7875,0.6625,0.7196,81931,27655,14647,A_unfinetuned
yolo11m,20.1,2_FT,0,6,9.025,18658.94,baseline,baseline,0.0,8.02,0.0,0.0,0.0001,0.0005,0.001,0.0,0.0001,81931,81927,4033,B_finetuned_unsupervised
yolo11m,20.1,2_FT,0,6,9.025,18658.94,count,bo_exploration,2.56,27.04,3.0,-0.05,0.3977,0.6886,0.7656,0.6531,0.7049,81931,28425,16379,B_finetuned_unsupervised
yolo11m,20.1,2_FT,0,6,9.025,18658.94,count,bo_exploitation,4.78,52.75,3.0,0.54,0.3928,0.6944,0.7826,0.6533,0.7122,81931,28402,14870,B_finetuned_unsupervised
yolo11m,20.1,2_FT,0,6,9.025,18658.94,count,grid_search,4.34,71.22,4.0,0.5,0.4069,0.7147,0.7964,0.6739,0.7301,81931,26716,14112,B_finetuned_unsupervised
yolo11m,20.1,2_FT,0,6,9.025,18658.94,map,bo_exploration,15.59,26.31,3.0,-0.03,0.3977,0.6886,0.7656,0.6531,0.7049,81931,28425,16379,C_finetuned_supervised
yolo11m,20.1,2_FT,0,6,9.025,18658.94,map,bo_exploitation,13.9,32.57,3.0,0.16,0.4028,0.6941,0.7754,0.6577,0.7117,81931,28047,15605,C_finetuned_supervised
yolo11m,20.1,2_FT,0,6,9.025,18658.94,map,grid_search,17.92,28.98,4.0,0.0,0.4418,0.734,0.8015,0.6912,0.7422,81931,25304,14028,C_finetuned_supervised
rtdetr-l,45.0,1_NOFT,0,4,36.713,20641.13,baseline,baseline,0.0,4.58,0.0,0.0,0.0001,0.001,0.002,0.0002,0.0004,81931,81913,9136,A_unfinetuned
rtdetr-l,45.0,1_NOFT,0,4,36.713,20641.13,count,bo_exploration,4.02,37.94,3.0,-0.12,0.3,0.5889,0.7055,0.5859,0.6401,81931,33931,20036,A_unfinetuned
rtdetr-l,45.0,1_NOFT,0,4,36.713,20641.13,count,bo_exploitation,4.33,45.62,2.0,0.43,0.1795,0.4538,0.6053,0.4248,0.4993,81931,47126,22693,A_unfinetuned
rtdetr-l,45.0,1_NOFT,0,4,36.713,20641.13,count,grid_search,6.28,115.77,4.0,0.5,0.3294,0.6204,0.7311,0.6384,0.6816,81931,29629,19232,A_unfinetuned
rtdetr-l,45.0,2_FT,0,4,34.574,21026.914,baseline,baseline,0.0,4.61,0.0,0.0,0.0003,0.0019,0.0039,0.0005,0.0009,81931,81890,10522,B_finetuned_unsupervised
rtdetr-l,45.0,2_FT,0,4,34.574,21026.914,count,bo_exploration,6.46,112.73,4.0,0.4,0.3261,0.6009,0.728,0.6216,0.6706,81931,30999,19034,B_finetuned_unsupervised
rtdetr-l,45.0,2_FT,0,4,34.574,21026.914,count,bo_exploitation,7.38,72.69,3.0,0.52,0.298,0.5771,0.7081,0.5877,0.6423,81931,33783,19845,B_finetuned_unsupervised
rtdetr-l,45.0,2_FT,0,4,34.574,21026.914,count,grid_search,6.08,112.44,4.0,0.5,0.3261,0.6009,0.728,0.6216,0.6706,81931,30999,19034,B_finetuned_unsupervised
rtdetr-l,45.0,2_FT,0,4,34.574,21026.914,map,bo_exploration,16.34,43.74,4.0,0.08,0.335,0.6117,0.7294,0.6206,0.6706,81931,31088,18859,C_finetuned_supervised
rtdetr-l,45.0,2_FT,0,4,34.574,21026.914,map,bo_exploitation,10.96,44.21,2.0,0.47,0.1862,0.4388,0.6021,0.4029,0.4827,81931,48925,21816,C_finetuned_supervised
rtdetr-l,45.0,2_FT,0,4,34.574,21026.914,map,grid_search,20.66,43.77,4.0,0.0,0.335,0.6117,0.7294,0.6206,0.6706,81931,31088,18859,C_finetuned_supervised
rtdetr-l,45.0,1_NOFT,0,5,36.573,20059.45,baseline,baseline,0.0,4.24,0.0,0.0,0.0001,0.0006,0.0012,0.0001,0.0002,82018,82010,6546,A_unfinetuned
rtdetr-l,45.0,2_FT,0,5,39.241,21026.302,baseline,baseline,0.0,4.59,0.0,0.0,0.0004,0.0026,0.005,0.0005,0.0009,82018,81978,7923,B_finetuned_unsupervised
rtdetr-l,45.0,2_FT,0,5,39.241,21026.302,count,bo_exploration,3.12,44.77,2.0,0.61,0.2218,0.4895,0.6444,0.4373,0.521,82018,46152,19788,B_finetuned_unsupervised
rtdetr-l,45.0,2_FT,0,5,39.241,21026.302,count,bo_exploitation,4.82,59.87,4.0,0.3,0.3657,0.6482,0.7639,0.6372,0.6948,82018,29755,16149,B_finetuned_unsupervised
rtdetr-l,45.0,2_FT,0,5,39.241,21026.302,count,grid_search,5.94,111.31,4.0,0.5,0.3678,0.6525,0.7621,0.6545,0.7042,82018,28339,16754,B_finetuned_unsupervised
rtdetr-l,45.0,2_FT,0,5,39.241,21026.302,map,bo_exploration,13.88,71.33,3.0,0.56,0.3495,0.636,0.7473,0.6264,0.6815,82018,30643,17373,C_finetuned_supervised
rtdetr-l,45.0,2_FT,0,5,39.241,21026.302,map,bo_exploitation,10.2,71.25,3.0,0.52,0.3495,0.636,0.7473,0.6264,0.6815,82018,30643,17373,C_finetuned_supervised
rtdetr-l,45.0,2_FT,0,5,39.241,21026.302,map,grid_search,18.26,43.75,4.0,0.0,0.3698,0.6571,0.7629,0.6476,0.7006,82018,28901,16505,C_finetuned_supervised
rtdetr-l,45.0,1_NOFT,0,6,36.657,20641.998,baseline,baseline,0.0,4.64,0.0,0.0,0.0002,0.0014,0.0029,0.0003,0.0006,80862,80836,8974,A_unfinetuned
rtdetr-l,45.0,1_NOFT,0,6,36.657,20641.998,count,bo_exploration,6.6,43.88,2.0,0.59,0.1797,0.4533,0.6018,0.4215,0.4958,80862,46778,22551,A_unfinetuned
rtdetr-l,45.0,1_NOFT,0,6,36.657,20641.998,count,bo_exploitation,4.48,43.72,4.0,0.03,0.327,0.6202,0.7287,0.619,0.6694,80862,30807,18635,A_unfinetuned
rtdetr-l,45.0,1_NOFT,0,6,36.657,20641.998,count,grid_search,7.04,112.04,4.0,0.5,0.3231,0.6153,0.7296,0.6318,0.6772,80862,29772,18930,A_unfinetuned
rtdetr-l,45.0,2_FT,0,6,33.702,18132.238,baseline,baseline,0.0,4.15,0.0,0.0,0.0002,0.0011,0.0022,0.0001,0.0003,80862,80850,5553,B_finetuned_unsupervised
rtdetr-l,45.0,2_FT,0,6,33.702,18132.238,count,bo_exploration,8.54,107.69,4.0,0.62,0.4029,0.7129,0.8104,0.6828,0.7411,80862,25650,12917,B_finetuned_unsupervised
rtdetr-l,45.0,2_FT,0,6,33.702,18132.238,count,bo_exploitation,3.27,42.17,4.0,-0.0,0.4131,0.7201,0.8149,0.6768,0.7394,80862,26138,12427,B_finetuned_unsupervised
rtdetr-l,45.0,2_FT,0,6,33.702,18132.238,count,grid_search,6.91,107.78,4.0,0.5,0.4029,0.7129,0.8104,0.6828,0.7411,80862,25650,12917,B_finetuned_unsupervised
rtdetr-l,45.0,2_FT,0,6,33.702,18132.238,map,bo_exploration,34.87,42.37,3.0,0.35,0.3679,0.6783,0.7788,0.634,0.699,80862,29599,14557,C_finetuned_supervised
rtdetr-l,45.0,2_FT,0,6,33.702,18132.238,map,bo_exploitation,36.18,68.77,3.0,0.44,0.3675,0.6863,0.7953,0.6423,0.7106,80862,28927,13365,C_finetuned_supervised
rtdetr-l,45.0,2_FT,0,6,33.702,18132.238,map,grid_search,43.44,42.29,4.0,0.0,0.4131,0.7201,0.8149,0.6768,0.7394,80862,26138,12427,C_finetuned_supervised
yolo11n,2.6,1_NOFT,2,1,4.58,6921.67,baseline,baseline,0.0,3.55,0.0,0.0,0.0003,0.0017,0.0034,0.0002,0.0004,81305,81289,4626,A_unfinetuned
yolo11n,2.6,1_NOFT,2,1,4.58,6921.67,count,bo_exploration,6.03,76.87,4.0,0.62,0.4337,0.7282,0.8187,0.683,0.7447,81305,25773,12298,A_unfinetuned
yolo11n,2.6,1_NOFT,2,1,4.58,6921.67,count,bo_exploitation,8.32,76.66,4.0,0.62,0.4337,0.7282,0.8187,0.683,0.7447,81305,25773,12298,A_unfinetuned
yolo11n,2.6,1_NOFT,2,1,4.58,6921.67,count,grid_search,5.62,76.73,4.0,0.5,0.4337,0.7282,0.8187,0.683,0.7447,81305,25773,12298,A_unfinetuned
yolo11n,2.6,2_FT,2,1,3.313,9749.767,baseline,baseline,0.0,3.01,0.0,0.0,0.0,0.0,0.0,0.0,0.0,81305,81305,693,B_finetuned_unsupervised
yolo11n,2.6,2_FT,2,1,3.313,9749.767,count,bo_exploration,4.37,47.93,3.0,0.47,0.3897,0.7522,0.8332,0.6683,0.7417,81305,26969,10876,B_finetuned_unsupervised
yolo11n,2.6,2_FT,2,1,3.313,9749.767,count,bo_exploitation,5.65,48.06,3.0,0.43,0.3897,0.7522,0.8332,0.6683,0.7417,81305,26969,10876,B_finetuned_unsupervised
yolo11n,2.6,2_FT,2,1,3.313,9749.767,count,grid_search,4.75,66.33,4.0,0.5,0.4456,0.7937,0.8502,0.7219,0.7808,81305,22607,10344,B_finetuned_unsupervised
yolo11n,2.6,2_FT,2,1,3.313,9749.767,map,bo_exploration,21.44,66.22,4.0,0.62,0.4456,0.7937,0.8502,0.7219,0.7808,81305,22607,10344,C_finetuned_supervised
yolo11n,2.6,2_FT,2,1,3.313,9749.767,map,bo_exploitation,21.43,32.7,2.0,0.38,0.2744,0.6049,0.7925,0.4498,0.5738,81305,44737,9577,C_finetuned_supervised
yolo11n,2.6,2_FT,2,1,3.313,9749.767,map,grid_search,24.97,26.68,4.0,0.0,0.4863,0.8178,0.8642,0.7425,0.7987,81305,20935,9490,C_finetuned_supervised
yolo11m,20.1,1_NOFT,2,1,11.378,22677.647,baseline,baseline,0.0,3.5,0.0,0.0,0.0,0.0002,0.0009,0.0,0.0,81305,81303,2289,A_unfinetuned
yolo11m,20.1,1_NOFT,2,1,11.378,22677.647,count,bo_exploration,7.62,58.82,3.0,0.38,0.3873,0.6884,0.7459,0.6516,0.6956,81305,28327,18050,A_unfinetuned
yolo11m,20.1,1_NOFT,2,1,11.378,22677.647,count,bo_exploitation,5.83,58.92,3.0,0.62,0.3873,0.6884,0.7459,0.6516,0.6956,81305,28327,18050,A_unfinetuned
yolo11m,20.1,1_NOFT,2,1,11.378,22677.647,count,grid_search,5.83,78.66,4.0,0.5,0.4288,0.7142,0.7955,0.6706,0.7277,81305,26782,14013,A_unfinetuned
yolo11m,20.1,2_FT,2,1,9.107,15998.998,baseline,baseline,0.0,3.38,0.0,0.0,0.0001,0.0005,0.001,0.0,0.0001,81305,81301,3993,B_finetuned_unsupervised
yolo11m,20.1,2_FT,2,1,9.107,15998.998,count,bo_exploration,4.97,68.16,4.0,0.47,0.4075,0.7158,0.7971,0.6749,0.7309,81305,26433,13965,B_finetuned_unsupervised
yolo11m,20.1,2_FT,2,1,9.107,15998.998,count,bo_exploitation,2.8,26.32,3.0,-0.11,0.3979,0.6894,0.7658,0.654,0.7055,81305,28135,16262,B_finetuned_unsupervised
yolo11m,20.1,2_FT,2,1,9.107,15998.998,count,grid_search,5.12,68.22,4.0,0.5,0.4075,0.7158,0.7971,0.6749,0.7309,81305,26433,13965,B_finetuned_unsupervised
yolo11m,20.1,2_FT,2,1,9.107,15998.998,map,bo_exploration,15.65,26.43,3.0,-0.12,0.3979,0.6894,0.7658,0.654,0.7055,81305,28135,16262,C_finetuned_supervised
yolo11m,20.1,2_FT,2,1,9.107,15998.998,map,bo_exploitation,16.01,28.09,4.0,-0.11,0.4423,0.7349,0.8021,0.6918,0.7429,81305,25057,13878,C_finetuned_supervised
yolo11m,20.1,2_FT,2,1,9.107,15998.998,map,grid_search,26.91,28.07,4.0,0.0,0.4423,0.7349,0.8021,0.6918,0.7429,81305,25057,13878,C_finetuned_supervised
yolo11n,2.6,1_NOFT,2,2,4.523,6905.983,baseline,baseline,0.0,3.39,0.0,0.0,0.0,0.0002,0.0003,0.0,0.0,81533,81532,2902,A_unfinetuned
yolo11n,2.6,1_NOFT,2,2,4.523,6905.983,count,bo_exploration,4.83,72.85,4.0,0.42,0.4087,0.7433,0.8046,0.702,0.7498,81533,24296,13899,A_unfinetuned
yolo11n,2.6,1_NOFT,2,2,4.523,6905.983,count,bo_exploitation,2.88,39.87,4.0,0.23,0.4296,0.7522,0.8367,0.6892,0.7558,81533,25341,10968,A_unfinetuned
yolo11n,2.6,1_NOFT,2,2,4.523,6905.983,count,grid_search,4.72,72.65,4.0,0.5,0.4087,0.7433,0.8046,0.702,0.7498,81533,24296,13899,A_unfinetuned
yolo11n,2.6,2_FT,2,2,3.882,10187.61,baseline,baseline,0.0,2.99,0.0,0.0,0.0,0.0003,0.0006,0.0,0.0,81533,81532,1765,B_finetuned_unsupervised
yolo11n,2.6,2_FT,2,2,3.882,10187.61,count,bo_exploration,2.23,5.56,1.0,0.28,0.0051,0.0261,0.0519,0.0048,0.0087,81533,81144,7109,B_finetuned_unsupervised
yolo11n,2.6,2_FT,2,2,3.882,10187.61,count,bo_exploitation,3.95,52.99,3.0,0.39,0.3943,0.7316,0.7873,0.6642,0.7205,81533,27378,14629,B_finetuned_unsupervised
yolo11n,2.6,2_FT,2,2,3.882,10187.61,count,grid_search,4.6,71.92,4.0,0.5,0.4295,0.7633,0.8188,0.7031,0.7565,81533,24211,12686,B_finetuned_unsupervised
yolo11n,2.6,2_FT,2,2,3.882,10187.61,map,bo_exploration,16.9,28.99,4.0,-0.12,0.4804,0.7928,0.8316,0.7273,0.7759,81533,22237,12011,C_finetuned_supervised
yolo11n,2.6,2_FT,2,2,3.882,10187.61,map,bo_exploitation,17.65,39.44,4.0,0.24,0.4559,0.7746,0.8189,0.7163,0.7642,81533,23128,12917,C_finetuned_supervised
yolo11n,2.6,2_FT,2,2,3.882,10187.61,map,grid_search,21.34,29.12,4.0,0.0,0.4804,0.7928,0.8316,0.7273,0.7759,81533,22237,12011,C_finetuned_supervised
yolo11m,20.1,1_NOFT,2,2,11.222,22774.497,baseline,baseline,0.0,3.67,0.0,0.0,0.0,0.0001,0.0002,0.0,0.0,81533,81532,6185,A_unfinetuned
yolo11m,20.1,1_NOFT,2,2,11.222,22774.497,count,bo_exploration,5.17,58.31,3.0,0.62,0.3158,0.6148,0.6971,0.6147,0.6533,81533,31413,21783,A_unfinetuned
yolo11m,20.1,1_NOFT,2,2,11.222,22774.497,count,bo_exploitation,2.37,7.35,1.0,0.19,0.0028,0.0162,0.0319,0.0067,0.0111,81533,80985,16608,A_unfinetuned
yolo11m,20.1,1_NOFT,2,2,11.222,22774.497,count,grid_search,4.91,76.78,4.0,0.5,0.3724,0.6513,0.7159,0.6635,0.6887,81533,27434,21465,A_unfinetuned
yolo11m,20.1,2_FT,2,2,9.209,17395.775,baseline,baseline,0.0,3.42,0.0,0.0,0.0001,0.0005,0.001,0.0,0.0001,81533,81529,4033,B_finetuned_unsupervised
yolo11m,20.1,2_FT,2,2,9.209,17395.775,count,bo_exploration,5.67,68.99,4.0,0.62,0.4073,0.7149,0.796,0.6746,0.7303,81533,26533,14099,B_finetuned_unsupervised
yolo11m,20.1,2_FT,2,2,9.209,17395.775,count,bo_exploitation,2.1,26.36,3.0,-0.09,0.3982,0.689,0.7653,0.6541,0.7054,81533,28203,16351,B_finetuned_unsupervised
yolo11m,20.1,2_FT,2,2,9.209,17395.775,count,grid_search,4.61,68.35,4.0,0.5,0.4073,0.7149,0.796,0.6746,0.7303,81533,26533,14099,B_finetuned_unsupervised
yolo11m,20.1,2_FT,2,2,9.209,17395.775,map,bo_exploration,20.72,26.58,3.0,-0.01,0.3982,0.689,0.7653,0.6541,0.7054,81533,28203,16351,C_finetuned_supervised
yolo11m,20.1,2_FT,2,2,9.209,17395.775,map,bo_exploitation,16.25,28.08,4.0,-0.12,0.4421,0.7341,0.8012,0.6918,0.7425,81533,25131,13996,C_finetuned_supervised
yolo11m,20.1,2_FT,2,2,9.209,17395.775,map,grid_search,20.59,28.09,4.0,0.0,0.4421,0.7341,0.8012,0.6918,0.7425,81533,25131,13996,C_finetuned_supervised
yolo11n,2.6,1_NOFT,2,3,4.472,6922.453,baseline,baseline,0.0,2.95,0.0,0.0,0.0001,0.0006,0.0012,0.0,0.0001,81695,81692,2401,A_unfinetuned
yolo11n,2.6,1_NOFT,2,3,4.472,6922.453,count,bo_exploration,4.68,75.53,4.0,0.62,0.4432,0.7607,0.8375,0.6984,0.7616,81695,24641,11070,A_unfinetuned
yolo11n,2.6,1_NOFT,2,3,4.472,6922.453,count,bo_exploitation,3.38,33.24,3.0,0.35,0.4176,0.7368,0.8149,0.6676,0.7339,81695,27159,12384,A_unfinetuned
yolo11n,2.6,1_NOFT,2,3,4.472,6922.453,count,grid_search,4.83,75.49,4.0,0.5,0.4432,0.7607,0.8375,0.6984,0.7616,81695,24641,11070,A_unfinetuned
yolo11n,2.6,2_FT,2,3,3.378,7843.76,baseline,baseline,0.0,2.94,0.0,0.0,0.0,0.0,0.0,0.0,0.0,81695,81695,1295,B_finetuned_unsupervised
yolo11n,2.6,2_FT,2,3,3.378,7843.76,count,bo_exploration,4.44,67.28,4.0,0.62,0.4097,0.7617,0.8377,0.6872,0.755,81695,25556,10876,B_finetuned_unsupervised
yolo11n,2.6,2_FT,2,3,3.378,7843.76,count,bo_exploitation,3.08,31.33,3.0,0.28,0.396,0.7439,0.8202,0.6619,0.7326,81695,27624,11853,B_finetuned_unsupervised
yolo11n,2.6,2_FT,2,3,3.378,7843.76,count,grid_search,4.32,67.31,4.0,0.5,0.4097,0.7617,0.8377,0.6872,0.755,81695,25556,10876,B_finetuned_unsupervised
yolo11n,2.6,2_FT,2,3,3.378,7843.76,map,bo_exploration,15.1,31.22,3.0,0.22,0.396,0.7439,0.8202,0.6619,0.7326,81695,27624,11853,C_finetuned_supervised
yolo11n,2.6,2_FT,2,3,3.378,7843.76,map,bo_exploitation,9.03,16.58,2.0,0.06,0.245,0.5664,0.7361,0.4257,0.5395,81695,46915,12469,C_finetuned_supervised
yolo11n,2.6,2_FT,2,3,3.378,7843.76,map,grid_search,18.68,27.3,4.0,0.0,0.4711,0.8055,0.8651,0.7204,0.7862,81695,22839,9178,C_finetuned_supervised
yolo11m,20.1,1_NOFT,2,3,9.904,22692.277,baseline,baseline,0.0,3.25,0.0,0.0,0.0,0.0,0.0,0.0,0.0,81695,81695,2842,A_unfinetuned
yolo11m,20.1,1_NOFT,2,3,9.904,22692.277,count,bo_exploration,2.23,32.76,3.0,0.34,0.4341,0.7284,0.7993,0.673,0.7307,81695,26715,13807,A_unfinetuned
yolo11m,20.1,1_NOFT,2,3,9.904,22692.277,count,bo_exploitation,4.24,70.65,4.0,0.62,0.4531,0.7491,0.8315,0.6873,0.7526,81695,25544,11376,A_unfinetuned
yolo11m,20.1,1_NOFT,2,3,9.904,22692.277,count,grid_search,4.77,70.49,4.0,0.5,0.4531,0.7491,0.8315,0.6873,0.7526,81695,25544,11376,A_unfinetuned
yolo11m,20.1,2_FT,2,3,9.104,19192.241,baseline,baseline,0.0,3.37,0.0,0.0,0.0001,0.0005,0.001,0.0,0.0001,81695,81691,4001,B_finetuned_unsupervised
yolo11m,20.1,2_FT,2,3,9.104,19192.241,count,bo_exploration,4.41,50.91,3.0,0.45,0.3941,0.6959,0.7837,0.6549,0.7135,81695,28195,14765,B_finetuned_unsupervised
yolo11m,20.1,2_FT,2,3,9.104,19192.241,count,bo_exploitation,2.21,26.3,3.0,-0.11,0.3988,0.6903,0.7665,0.6544,0.7061,81695,28232,16283,B_finetuned_unsupervised
yolo11m,20.1,2_FT,2,3,9.104,19192.241,count,grid_search,4.67,68.95,4.0,0.5,0.4082,0.7166,0.7979,0.6752,0.7315,81695,26531,13974,B_finetuned_unsupervised
yolo11m,20.1,2_FT,2,3,9.104,19192.241,map,bo_exploration,4.93,28.05,4.0,0.03,0.4433,0.7358,0.803,0.6925,0.7437,81695,25121,13875,C_finetuned_supervised
yolo11m,20.1,2_FT,2,3,9.104,19192.241,map,bo_exploitation,15.89,37.89,4.0,0.22,0.4248,0.7204,0.7964,0.6803,0.7338,81695,26119,14204,C_finetuned_supervised
yolo11m,20.1,2_FT,2,3,9.104,19192.241,map,grid_search,19.14,28.05,4.0,0.0,0.4433,0.7358,0.803,0.6925,0.7437,81695,25121,13875,C_finetuned_supervised
rtdetr-l,45.0,1_NOFT,2,1,37.015,20627.455,baseline,baseline,0.0,4.77,0.0,0.0,0.0002,0.0013,0.0027,0.0003,0.0006,81695,81668,10157,A_unfinetuned
rtdetr-l,45.0,1_NOFT,2,1,37.015,20627.455,count,bo_exploration,6.67,111.85,4.0,0.62,0.3127,0.603,0.7208,0.6233,0.6685,81695,30772,19722,A_unfinetuned
rtdetr-l,45.0,1_NOFT,2,1,37.015,20627.455,count,bo_exploitation,7.48,111.35,4.0,0.59,0.3127,0.603,0.7208,0.6233,0.6685,81695,30772,19722,A_unfinetuned
rtdetr-l,45.0,1_NOFT,2,1,37.015,20627.455,count,grid_search,6.44,111.65,4.0,0.5,0.3127,0.603,0.7208,0.6233,0.6685,81695,30772,19722,A_unfinetuned
rtdetr-l,45.0,2_FT,2,1,27.736,19282.841,baseline,baseline,0.0,4.74,0.0,0.0,0.0001,0.0009,0.0017,0.0002,0.0004,81695,81677,10309,B_finetuned_unsupervised
rtdetr-l,45.0,2_FT,2,1,27.736,19282.841,count,bo_exploration,4.6,111.16,4.0,0.59,0.3346,0.6128,0.7326,0.6243,0.6741,81695,30690,18620,B_finetuned_unsupervised
rtdetr-l,45.0,2_FT,2,1,27.736,19282.841,count,bo_exploitation,4.67,36.66,3.0,-0.08,0.3054,0.5807,0.7049,0.5704,0.6305,81695,35099,19507,B_finetuned_unsupervised
rtdetr-l,45.0,2_FT,2,1,27.736,19282.841,count,grid_search,6.43,109.73,4.0,0.5,0.3346,0.6128,0.7326,0.6243,0.6741,81695,30690,18620,B_finetuned_unsupervised
rtdetr-l,45.0,2_FT,2,1,27.736,19282.841,map,bo_exploration,19.47,42.61,4.0,-0.12,0.353,0.6245,0.7381,0.6253,0.677,81695,30608,18131,C_finetuned_supervised
rtdetr-l,45.0,2_FT,2,1,27.736,19282.841,map,bo_exploitation,15.1,42.7,4.0,-0.06,0.353,0.6245,0.7381,0.6253,0.677,81695,30608,18131,C_finetuned_supervised
rtdetr-l,45.0,2_FT,2,1,27.736,19282.841,map,grid_search,24.07,42.59,4.0,0.0,0.353,0.6245,0.7381,0.6253,0.677,81695,30608,18131,C_finetuned_supervised
yolo11n,2.6,1_NOFT,2,4,4.44,6838.636,baseline,baseline,0.0,2.89,0.0,0.0,0.0,0.0,0.0,0.0,0.0,82581,82581,1081,A_unfinetuned
yolo11n,2.6,1_NOFT,2,4,4.44,6838.636,count,bo_exploration,2.18,26.51,3.0,-0.12,0.4045,0.7458,0.8128,0.6651,0.7316,82581,27658,12647,A_unfinetuned
yolo11n,2.6,1_NOFT,2,4,4.44,6838.636,count,bo_exploitation,2.82,72.38,4.0,0.54,0.4465,0.7832,0.8374,0.7158,0.7719,82581,23467,11475,A_unfinetuned
yolo11n,2.6,1_NOFT,2,4,4.44,6838.636,count,grid_search,3.38,72.19,4.0,0.5,0.4465,0.7832,0.8374,0.7158,0.7719,82581,23467,11475,A_unfinetuned
yolo11n,2.6,2_FT,2,4,3.102,6855.82,baseline,baseline,0.0,2.86,0.0,0.0,0.0,0.0,0.0,0.0,0.0,82581,82581,705,B_finetuned_unsupervised
yolo11n,2.6,2_FT,2,4,3.102,6855.82,count,bo_exploration,0.83,29.68,3.0,0.24,0.4087,0.7554,0.8585,0.6579,0.7449,82581,28254,8957,B_finetuned_unsupervised
yolo11n,2.6,2_FT,2,4,3.102,6855.82,count,bo_exploitation,3.2,65.97,4.0,0.61,0.4464,0.7938,0.8503,0.7222,0.781,82581,22944,10499,B_finetuned_unsupervised
yolo11n,2.6,2_FT,2,4,3.102,6855.82,count,grid_search,3.17,65.9,4.0,0.5,0.4464,0.7938,0.8503,0.7222,0.781,82581,22944,10499,B_finetuned_unsupervised
yolo11n,2.6,2_FT,2,4,3.102,6855.82,map,bo_exploration,6.05,24.53,3.0,0.12,0.4061,0.7478,0.8466,0.6476,0.7339,82581,29098,9690,C_finetuned_supervised
yolo11n,2.6,2_FT,2,4,3.102,6855.82,map,bo_exploitation,5.28,24.5,3.0,-0.12,0.4061,0.7478,0.8466,0.6476,0.7339,82581,29098,9690,C_finetuned_supervised
yolo11n,2.6,2_FT,2,4,3.102,6855.82,map,grid_search,6.46,26.55,4.0,0.0,0.4868,0.8179,0.8643,0.7428,0.799,82581,21240,9627,C_finetuned_supervised
yolo11m,20.1,1_NOFT,2,4,11.528,22595.921,baseline,baseline,0.0,3.67,0.0,0.0,0.0001,0.0006,0.0013,0.0001,0.0002,82581,82574,5567,A_unfinetuned
yolo11m,20.1,1_NOFT,2,4,11.528,22595.921,count,bo_exploration,3.3,71.65,4.0,0.62,0.4108,0.6949,0.7878,0.6675,0.7227,82581,27458,14844,A_unfinetuned
yolo11m,20.1,1_NOFT,2,4,11.528,22595.921,count,bo_exploitation,3.44,71.73,4.0,0.42,0.4108,0.6949,0.7878,0.6675,0.7227,82581,27458,14844,A_unfinetuned
yolo11m,20.1,1_NOFT,2,4,11.528,22595.921,count,grid_search,3.59,71.78,4.0,0.5,0.4108,0.6949,0.7878,0.6675,0.7227,82581,27458,14844,A_unfinetuned
yolo11m,20.1,2_FT,2,4,8.95,20818.822,baseline,baseline,0.0,3.33,0.0,0.0,0.0001,0.0005,0.001,0.0,0.0001,82581,82577,4070,B_finetuned_unsupervised
yolo11m,20.1,2_FT,2,4,8.95,20818.822,count,bo_exploration,3.19,51.66,3.0,0.52,0.3936,0.6951,0.7834,0.6542,0.713,82581,28554,14938,B_finetuned_unsupervised
yolo11m,20.1,2_FT,2,4,8.95,20818.822,count,bo_exploitation,2.55,51.66,3.0,0.45,0.3936,0.6951,0.7834,0.6542,0.713,82581,28554,14938,B_finetuned_unsupervised
yolo11m,20.1,2_FT,2,4,8.95,20818.822,count,grid_search,3.52,69.66,4.0,0.5,0.4079,0.7156,0.7974,0.6746,0.7309,82581,26870,14151,B_finetuned_unsupervised
yolo11m,20.1,2_FT,2,4,8.95,20818.822,map,bo_exploration,5.35,26.6,3.0,-0.08,0.3981,0.6892,0.7664,0.6538,0.7056,82581,28586,16461,C_finetuned_supervised
yolo11m,20.1,2_FT,2,4,8.95,20818.822,map,bo_exploitation,4.08,17.83,2.0,-0.11,0.2961,0.586,0.7632,0.4773,0.5873,82581,43162,12233,C_finetuned_supervised
yolo11m,20.1,2_FT,2,4,8.95,20818.822,map,grid_search,7.32,28.35,4.0,0.0,0.4426,0.7347,0.8024,0.6918,0.743,82581,25449,14065,C_finetuned_supervised
rtdetr-l,45.0,1_NOFT,2,2,36.861,20635.412,baseline,baseline,0.0,4.42,0.0,0.0,0.0002,0.0012,0.0023,0.0002,0.0004,82581,82562,8223,A_unfinetuned
rtdetr-l,45.0,1_NOFT,2,2,36.861,20635.412,count,bo_exploration,4.7,71.6,3.0,0.62,0.3259,0.6261,0.7356,0.618,0.6717,82581,31542,18343,A_unfinetuned
rtdetr-l,45.0,1_NOFT,2,2,36.861,20635.412,count,bo_exploitation,4.84,45.83,2.0,0.4,0.1913,0.4684,0.6254,0.425,0.5061,82581,47486,21022,A_unfinetuned
rtdetr-l,45.0,1_NOFT,2,2,36.861,20635.412,count,grid_search,5.4,118.03,4.0,0.5,0.3517,0.6464,0.7663,0.6413,0.6983,82581,29619,16152,A_unfinetuned
rtdetr-l,45.0,2_FT,2,2,28.256,21015.239,baseline,baseline,0.0,4.54,0.0,0.0,0.0001,0.0005,0.0009,0.0001,0.0002,82581,82573,8807,B_finetuned_unsupervised
rtdetr-l,45.0,2_FT,2,2,28.256,21015.239,count,bo_exploration,4.21,111.91,4.0,0.59,0.3821,0.6718,0.7848,0.654,0.7134,82581,28575,14810,B_finetuned_unsupervised
rtdetr-l,45.0,2_FT,2,2,28.256,21015.239,count,bo_exploitation,3.72,73.26,3.0,0.55,0.3462,0.6458,0.7644,0.6202,0.6848,82581,31366,15789,B_finetuned_unsupervised
rtdetr-l,45.0,2_FT,2,2,28.256,21015.239,count,grid_search,5.49,111.91,4.0,0.5,0.3821,0.6718,0.7848,0.654,0.7134,82581,28575,14810,B_finetuned_unsupervised
rtdetr-l,45.0,2_FT,2,2,28.256,21015.239,map,bo_exploration,9.09,60.03,4.0,0.17,0.3785,0.6653,0.7745,0.6421,0.7021,82581,29554,15436,C_finetuned_supervised
rtdetr-l,45.0,2_FT,2,2,28.256,21015.239,map,bo_exploitation,7.25,111.82,4.0,0.42,0.3821,0.6718,0.7848,0.654,0.7134,82581,28575,14810,C_finetuned_supervised
rtdetr-l,45.0,2_FT,2,2,28.256,21015.239,map,grid_search,10.45,43.63,4.0,0.0,0.3836,0.6731,0.7785,0.6426,0.704,82581,29518,15101,C_finetuned_supervised
yolo11n,2.6,1_NOFT,2,5,4.462,6922.271,baseline,baseline,0.0,3.13,0.0,0.0,0.0002,0.0008,0.0016,0.0,0.0001,81928,81924,2533,A_unfinetuned
yolo11n,2.6,1_NOFT,2,5,4.462,6922.271,count,bo_exploration,3.47,52.47,3.0,0.62,0.4115,0.7413,0.811,0.6769,0.7379,81928,26475,12927,A_unfinetuned
yolo11n,2.6,1_NOFT,2,5,4.462,6922.271,count,bo_exploitation,4.78,74.47,4.0,0.47,0.4454,0.767,0.8484,0.7002,0.7672,81928,24560,10254,A_unfinetuned
yolo11n,2.6,1_NOFT,2,5,4.462,6922.271,count,grid_search,4.3,74.67,4.0,0.5,0.4454,0.767,0.8484,0.7002,0.7672,81928,24560,10254,A_unfinetuned
yolo11n,2.6,2_FT,2,5,3.169,8629.838,baseline,baseline,0.0,2.83,0.0,0.0,0.0,0.0,0.0,0.0,0.0,81928,81928,705,B_finetuned_unsupervised
yolo11n,2.6,2_FT,2,5,3.169,8629.838,count,bo_exploration,2.48,32.38,2.0,0.39,0.2744,0.6052,0.7928,0.4505,0.5746,81928,45016,9648,B_finetuned_unsupervised
yolo11n,2.6,2_FT,2,5,3.169,8629.838,count,bo_exploitation,2.84,29.77,3.0,0.14,0.4089,0.7557,0.8582,0.6584,0.7451,81928,27986,8912,B_finetuned_unsupervised
yolo11n,2.6,2_FT,2,5,3.169,8629.838,count,grid_search,3.82,65.81,4.0,0.5,0.4461,0.7937,0.8499,0.7222,0.7809,81928,22760,10446,B_finetuned_unsupervised
yolo11n,2.6,2_FT,2,5,3.169,8629.838,map,bo_exploration,11.52,26.74,4.0,-0.03,0.4867,0.8177,0.8638,0.7429,0.7988,81928,21066,9600,C_finetuned_supervised
yolo11n,2.6,2_FT,2,5,3.169,8629.838,map,bo_exploitation,14.96,24.6,3.0,-0.12,0.4061,0.748,0.8464,0.6482,0.7341,81928,28823,9640,C_finetuned_supervised
yolo11n,2.6,2_FT,2,5,3.169,8629.838,map,grid_search,13.39,26.68,4.0,0.0,0.4867,0.8177,0.8638,0.7429,0.7988,81928,21066,9600,C_finetuned_supervised
yolo11m,20.1,1_NOFT,2,5,11.58,22696.493,baseline,baseline,0.0,3.07,0.0,0.0,0.0002,0.0013,0.0026,0.0001,0.0001,81928,81923,1906,A_unfinetuned
yolo11m,20.1,1_NOFT,2,5,11.58,22696.493,count,bo_exploration,2.47,18.59,2.0,0.07,0.2829,0.6102,0.7247,0.5057,0.5957,81928,40497,15741,A_unfinetuned
yolo11m,20.1,1_NOFT,2,5,11.58,22696.493,count,bo_exploitation,5.5,57.45,3.0,0.54,0.3713,0.7035,0.7718,0.6581,0.7104,81928,28011,15939,A_unfinetuned
yolo11m,20.1,1_NOFT,2,5,11.58,22696.493,count,grid_search,4.55,76.54,4.0,0.5,0.4106,0.7241,0.7944,0.6822,0.734,81928,26039,14467,A_unfinetuned
yolo11m,20.1,2_FT,2,5,9.014,16973.866,baseline,baseline,0.0,3.36,0.0,0.0,0.0001,0.0005,0.001,0.0,0.0001,81928,81924,4023,B_finetuned_unsupervised
yolo11m,20.1,2_FT,2,5,9.014,16973.866,count,bo_exploration,3.69,35.8,2.0,0.39,0.2823,0.5781,0.74,0.4874,0.5877,81928,41997,14028,B_finetuned_unsupervised
yolo11m,20.1,2_FT,2,5,9.014,16973.866,count,bo_exploitation,3.64,69.06,4.0,0.45,0.4078,0.7159,0.7972,0.6754,0.7312,81928,26597,14080,B_finetuned_unsupervised
yolo11m,20.1,2_FT,2,5,9.014,16973.866,count,grid_search,4.24,68.97,4.0,0.5,0.4078,0.7159,0.7972,0.6754,0.7312,81928,26597,14080,B_finetuned_unsupervised
yolo11m,20.1,2_FT,2,5,9.014,16973.866,map,bo_exploration,11.47,28.24,4.0,-0.12,0.4427,0.7351,0.8022,0.6926,0.7434,81928,25184,13991,C_finetuned_supervised
yolo11m,20.1,2_FT,2,5,9.014,16973.866,map,bo_exploitation,13.56,26.44,3.0,0.11,0.3984,0.6896,0.7661,0.6544,0.7059,81928,28313,16371,C_finetuned_supervised
yolo11m,20.1,2_FT,2,5,9.014,16973.866,map,grid_search,14.82,28.21,4.0,0.0,0.4427,0.7351,0.8022,0.6926,0.7434,81928,25184,13991,C_finetuned_supervised
rtdetr-l,45.0,1_NOFT,2,3,36.789,20641.134,baseline,baseline,0.0,4.97,0.0,0.0,0.0003,0.002,0.004,0.0004,0.0007,81928,81895,8307,A_unfinetuned
rtdetr-l,45.0,1_NOFT,2,3,36.789,20641.134,count,bo_exploration,4.9,37.54,3.0,-0.12,0.3042,0.6072,0.6972,0.6009,0.6455,81928,32700,21381,A_unfinetuned
rtdetr-l,45.0,1_NOFT,2,3,36.789,20641.134,count,bo_exploitation,8.62,113.12,4.0,0.62,0.3308,0.6363,0.7404,0.6496,0.692,81928,28706,18662,A_unfinetuned
rtdetr-l,45.0,1_NOFT,2,3,36.789,20641.134,count,grid_search,6.11,112.83,4.0,0.5,0.3308,0.6363,0.7404,0.6496,0.692,81928,28706,18662,A_unfinetuned
rtdetr-l,45.0,2_FT,2,3,13.813,21021.515,baseline,baseline,0.0,5.27,0.0,0.0,0.0036,0.0192,0.0381,0.0063,0.0109,81928,81409,13088,B_finetuned_unsupervised
rtdetr-l,45.0,2_FT,2,3,13.813,21021.515,count,bo_exploration,6.17,114.52,4.0,0.62,0.2518,0.5107,0.6475,0.541,0.5895,81928,37605,24126,B_finetuned_unsupervised
rtdetr-l,45.0,2_FT,2,3,13.813,21021.515,count,bo_exploitation,4.29,46.63,2.0,0.41,0.1262,0.3156,0.4636,0.3164,0.3761,81928,56003,29993,B_finetuned_unsupervised
rtdetr-l,45.0,2_FT,2,3,13.813,21021.515,count,grid_search,6.31,114.55,4.0,0.5,0.2518,0.5107,0.6475,0.541,0.5895,81928,37605,24126,B_finetuned_unsupervised
rtdetr-l,45.0,2_FT,2,3,13.813,21021.515,map,bo_exploration,11.07,38.06,3.0,0.1,0.2222,0.4674,0.6086,0.4882,0.5418,81928,41933,25726,C_finetuned_supervised
rtdetr-l,45.0,2_FT,2,3,13.813,21021.515,map,bo_exploitation,14.88,44.76,4.0,-0.06,0.2621,0.5239,0.6554,0.5449,0.595,81928,37287,23474,C_finetuned_supervised
rtdetr-l,45.0,2_FT,2,3,13.813,21021.515,map,grid_search,17.75,44.8,4.0,0.0,0.2621,0.5239,0.6554,0.5449,0.595,81928,37287,23474,C_finetuned_supervised
yolo11n,2.6,1_NOFT,2,6,4.444,6858.525,baseline,baseline,0.0,3.49,0.0,0.0,0.0001,0.0008,0.0016,0.0001,0.0002,81724,81716,5136,A_unfinetuned
yolo11n,2.6,1_NOFT,2,6,4.444,6858.525,count,bo_exploration,7.56,51.99,3.0,0.62,0.325,0.6609,0.7607,0.6211,0.6838,81724,30967,15969,A_unfinetuned
yolo11n,2.6,1_NOFT,2,6,4.444,6858.525,count,bo_exploitation,1.99,27.07,3.0,-0.12,0.3454,0.6664,0.755,0.6309,0.6874,81724,30161,16732,A_unfinetuned
yolo11n,2.6,1_NOFT,2,6,4.444,6858.525,count,grid_search,4.5,70.63,4.0,0.5,0.3614,0.6956,0.7979,0.6602,0.7226,81724,27767,13668,A_unfinetuned
yolo11n,2.6,2_FT,2,6,3.157,8346.395,baseline,baseline,0.0,2.81,0.0,0.0,0.0,0.0,0.0,0.0,0.0,81724,81724,698,B_finetuned_unsupervised
yolo11n,2.6,2_FT,2,6,3.157,8346.395,count,bo_exploration,2.73,29.56,3.0,0.16,0.4088,0.7557,0.8585,0.6583,0.7452,81724,27927,8865,B_finetuned_unsupervised
yolo11n,2.6,2_FT,2,6,3.157,8346.395,count,bo_exploitation,2.95,47.56,3.0,0.56,0.3905,0.7525,0.8333,0.6688,0.7421,81724,27064,10931,B_finetuned_unsupervised
yolo11n,2.6,2_FT,2,6,3.157,8346.395,count,grid_search,4.02,65.52,4.0,0.5,0.4461,0.7934,0.8498,0.722,0.7807,81724,22723,10430,B_finetuned_unsupervised
yolo11n,2.6,2_FT,2,6,3.157,8346.395,map,bo_exploration,15.83,24.46,3.0,-0.12,0.4063,0.7479,0.8466,0.6481,0.7341,81724,28760,9600,C_finetuned_supervised
yolo11n,2.6,2_FT,2,6,3.157,8346.395,map,bo_exploitation,11.58,24.49,3.0,-0.12,0.4063,0.7479,0.8466,0.6481,0.7341,81724,28760,9600,C_finetuned_supervised
yolo11n,2.6,2_FT,2,6,3.157,8346.395,map,grid_search,15.95,26.53,4.0,0.0,0.4867,0.8177,0.864,0.7426,0.7987,81724,21034,9557,C_finetuned_supervised
yolo11m,20.1,1_NOFT,2,6,11.518,22567.114,baseline,baseline,0.0,4.09,0.0,0.0,0.0001,0.0005,0.001,0.0001,0.0002,81724,81714,9746,A_unfinetuned
yolo11m,20.1,1_NOFT,2,6,11.518,22567.114,count,bo_exploration,5.27,58.49,3.0,0.62,0.3283,0.5893,0.7137,0.588,0.6448,81724,33672,19275,A_unfinetuned
yolo11m,20.1,1_NOFT,2,6,11.518,22567.114,count,bo_exploitation,4.65,75.97,4.0,0.48,0.3463,0.6076,0.7265,0.6128,0.6648,81724,31643,18857,A_unfinetuned
yolo11m,20.1,1_NOFT,2,6,11.518,22567.114,count,grid_search,4.9,75.92,4.0,0.5,0.3463,0.6076,0.7265,0.6128,0.6648,81724,31643,18857,A_unfinetuned
yolo11m,20.1,2_FT,2,6,9.088,19346.832,baseline,baseline,0.0,3.31,0.0,0.0,0.0001,0.0005,0.001,0.0,0.0001,81724,81720,4034,B_finetuned_unsupervised
yolo11m,20.1,2_FT,2,6,9.088,19346.832,count,bo_exploration,3.55,37.73,4.0,0.24,0.424,0.7191,0.7949,0.6796,0.7328,81724,26182,14331,B_finetuned_unsupervised
yolo11m,20.1,2_FT,2,6,9.088,19346.832,count,bo_exploitation,3.06,68.77,4.0,0.38,0.4076,0.7153,0.7962,0.6748,0.7305,81724,26576,14115,B_finetuned_unsupervised
yolo11m,20.1,2_FT,2,6,9.088,19346.832,count,grid_search,4.36,68.73,4.0,0.5,0.4076,0.7153,0.7962,0.6748,0.7305,81724,26576,14115,B_finetuned_unsupervised
yolo11m,20.1,2_FT,2,6,9.088,19346.832,map,bo_exploration,12.83,26.07,3.0,-0.12,0.3983,0.6894,0.7656,0.6545,0.7057,81724,28238,16376,C_finetuned_supervised
yolo11m,20.1,2_FT,2,6,9.088,19346.832,map,bo_exploitation,13.36,27.83,4.0,0.01,0.4423,0.7344,0.8014,0.6921,0.7427,81724,25162,14020,C_finetuned_supervised
yolo11m,20.1,2_FT,2,6,9.088,19346.832,map,grid_search,17.52,27.79,4.0,0.0,0.4423,0.7344,0.8014,0.6921,0.7427,81724,25162,14020,C_finetuned_supervised
rtdetr-l,45.0,1_NOFT,2,4,36.873,20059.963,baseline,baseline,0.0,4.66,0.0,0.0,0.0003,0.0015,0.003,0.0003,0.0006,81724,81696,9279,A_unfinetuned
rtdetr-l,45.0,1_NOFT,2,4,36.873,20059.963,count,bo_exploration,6.1,111.59,4.0,0.55,0.3319,0.6165,0.733,0.6312,0.6783,81724,30143,18786,A_unfinetuned
rtdetr-l,45.0,1_NOFT,2,4,36.873,20059.963,count,bo_exploitation,1.8,9.07,1.0,-0.07,0.0013,0.008,0.0159,0.0032,0.0053,81724,81463,16166,A_unfinetuned
rtdetr-l,45.0,1_NOFT,2,4,36.873,20059.963,count,grid_search,6.35,111.47,4.0,0.5,0.3319,0.6165,0.733,0.6312,0.6783,81724,30143,18786,A_unfinetuned
rtdetr-l,45.0,2_FT,2,4,30.186,19282.792,baseline,baseline,0.0,4.72,0.0,0.0,0.0004,0.0025,0.005,0.0006,0.0011,81724,81672,10340,B_finetuned_unsupervised
rtdetr-l,45.0,2_FT,2,4,30.186,19282.792,count,bo_exploration,4.5,44.31,2.0,0.62,0.1832,0.4322,0.575,0.4111,0.4794,81724,48130,24829,B_finetuned_unsupervised
rtdetr-l,45.0,2_FT,2,4,30.186,19282.792,count,bo_exploitation,6.53,110.44,4.0,0.47,0.3337,0.607,0.7273,0.6172,0.6678,81724,31282,18911,B_finetuned_unsupervised
rtdetr-l,45.0,2_FT,2,4,30.186,19282.792,count,grid_search,6.25,110.78,4.0,0.5,0.3337,0.607,0.7273,0.6172,0.6678,81724,31282,18911,B_finetuned_unsupervised
rtdetr-l,45.0,2_FT,2,4,30.186,19282.792,map,bo_exploration,10.95,36.04,3.0,-0.12,0.2956,0.5589,0.6523,0.576,0.6117,81724,34654,25093,C_finetuned_supervised
rtdetr-l,45.0,2_FT,2,4,30.186,19282.792,map,bo_exploitation,15.07,36.12,3.0,0.04,0.2956,0.5589,0.6523,0.576,0.6117,81724,34654,25093,C_finetuned_supervised
rtdetr-l,45.0,2_FT,2,4,30.186,19282.792,map,grid_search,23.0,43.13,4.0,0.0,0.3379,0.6071,0.7125,0.6106,0.6576,81724,31821,20136,C_finetuned_supervised
rtdetr-l,45.0,1_NOFT,2,5,36.03,20637.866,baseline,baseline,0.0,4.5,0.0,0.0,0.0001,0.0005,0.001,0.0001,0.0002,81490,81481,8953,A_unfinetuned
rtdetr-l,45.0,1_NOFT,2,5,36.03,20637.866,count,bo_exploration,3.72,44.48,2.0,0.62,0.1609,0.4276,0.5813,0.4001,0.474,81490,48886,23485,A_unfinetuned
rtdetr-l,45.0,1_NOFT,2,5,36.03,20637.866,count,bo_exploitation,5.17,72.24,3.0,0.38,0.3028,0.5985,0.7252,0.5941,0.6532,81490,33076,18341,A_unfinetuned
rtdetr-l,45.0,1_NOFT,2,5,36.03,20637.866,count,grid_search,6.59,113.0,4.0,0.5,0.3395,0.6265,0.748,0.6319,0.6851,81490,29994,17350,A_unfinetuned
rtdetr-l,45.0,2_FT,2,5,25.68,19085.387,baseline,baseline,0.0,3.83,0.0,0.0,0.0001,0.001,0.002,0.0001,0.0001,81490,81484,2965,B_finetuned_unsupervised
rtdetr-l,45.0,2_FT,2,5,25.68,19085.387,count,bo_exploration,4.41,57.69,4.0,0.25,0.4315,0.7531,0.8494,0.6893,0.761,81490,25315,9960,B_finetuned_unsupervised
rtdetr-l,45.0,2_FT,2,5,25.68,19085.387,count,bo_exploitation,7.09,107.84,4.0,0.55,0.4237,0.7565,0.8433,0.7039,0.7673,81490,24133,10657,B_finetuned_unsupervised
rtdetr-l,45.0,2_FT,2,5,25.68,19085.387,count,grid_search,6.32,108.02,4.0,0.5,0.4237,0.7565,0.8433,0.7039,0.7673,81490,24133,10657,B_finetuned_unsupervised
rtdetr-l,45.0,1_NOFT,2,6,36.9,20242.314,baseline,baseline,0.0,4.55,0.0,0.0,0.0001,0.0008,0.0017,0.0002,0.0003,82021,82007,8451,A_unfinetuned
rtdetr-l,45.0,1_NOFT,2,6,36.9,20242.314,count,bo_exploration,4.34,44.57,2.0,0.41,0.1888,0.4539,0.6032,0.4041,0.484,82021,48877,21806,A_unfinetuned
rtdetr-l,45.0,1_NOFT,2,6,36.9,20242.314,count,bo_exploitation,4.27,8.9,1.0,0.62,0.0009,0.0048,0.0096,0.0018,0.003,82021,81875,15039,A_unfinetuned
rtdetr-l,45.0,1_NOFT,2,6,36.9,20242.314,count,grid_search,6.03,109.49,4.0,0.5,0.3288,0.6403,0.7502,0.6337,0.687,82021,30046,17309,A_unfinetuned
rtdetr-l,45.0,2_FT,2,6,34.638,21027.464,baseline,baseline,0.0,4.68,0.0,0.0,0.0002,0.0018,0.0036,0.0005,0.0008,82021,81984,10237,B_finetuned_unsupervised
rtdetr-l,45.0,2_FT,2,6,34.638,21027.464,count,bo_exploration,6.87,108.09,4.0,0.62,0.3508,0.6263,0.7476,0.6309,0.6843,82021,30278,17470,B_finetuned_unsupervised
rtdetr-l,45.0,2_FT,2,6,34.638,21027.464,count,bo_exploitation,7.47,69.77,3.0,0.53,0.3185,0.5981,0.717,0.5995,0.653,82021,32846,19409,B_finetuned_unsupervised
rtdetr-l,45.0,2_FT,2,6,34.638,21027.464,count,grid_search,5.99,108.0,4.0,0.5,0.3508,0.6263,0.7476,0.6309,0.6843,82021,30278,17470,B_finetuned_unsupervised
rtdetr-l,45.0,2_FT,2,6,34.638,21027.464,map,bo_exploration,8.84,42.93,3.0,0.2,0.3216,0.5922,0.7162,0.5811,0.6416,82021,34355,18888,C_finetuned_supervised
rtdetr-l,45.0,2_FT,2,6,34.638,21027.464,map,bo_exploitation,14.24,42.24,4.0,0.1,0.3574,0.6298,0.7345,0.6349,0.6811,82021,29949,18820,C_finetuned_supervised
rtdetr-l,45.0,2_FT,2,6,34.638,21027.464,map,grid_search,18.46,57.89,4.0,0.25,0.3539,0.624,0.7505,0.6149,0.6759,82021,31588,16768,C_finetuned_supervised
yolo11n,2.6,1_NOFT,4,1,4.5,6839.495,baseline,baseline,0.0,3.1,0.0,0.0,0.0,0.0,0.0,0.0,0.0,82965,82965,2125,A_unfinetuned
yolo11n,2.6,1_NOFT,4,1,4.5,6839.495,count,bo_exploration,3.14,80.75,4.0,0.6,0.4078,0.7532,0.8115,0.7093,0.757,82965,24114,13671,A_unfinetuned
yolo11n,2.6,1_NOFT,4,1,4.5,6839.495,count,bo_exploitation,2.56,80.27,4.0,0.5,0.4078,0.7532,0.8115,0.7093,0.757,82965,24114,13671,A_unfinetuned
yolo11n,2.6,1_NOFT,4,1,4.5,6839.495,count,grid_search,2.87,79.9,4.0,0.5,0.4078,0.7532,0.8115,0.7093,0.757,82965,24114,13671,A_unfinetuned
yolo11n,2.6,2_FT,4,1,3.132,5140.207,baseline,baseline,0.0,3.15,0.0,0.0,0.0,0.0004,0.0007,0.0,0.0,82965,82963,2834,B_finetuned_unsupervised
yolo11n,2.6,2_FT,4,1,3.132,5140.207,count,bo_exploration,2.83,76.05,4.0,0.62,0.3969,0.732,0.8234,0.681,0.7454,82965,26468,12121,B_finetuned_unsupervised
yolo11n,2.6,2_FT,4,1,3.132,5140.207,count,bo_exploitation,2.87,74.09,4.0,0.46,0.3969,0.732,0.8234,0.681,0.7454,82965,26468,12121,B_finetuned_unsupervised
yolo11n,2.6,2_FT,4,1,3.132,5140.207,count,grid_search,2.86,73.99,4.0,0.5,0.3969,0.732,0.8234,0.681,0.7454,82965,26468,12121,B_finetuned_unsupervised
yolo11n,2.6,2_FT,4,1,3.132,5140.207,map,bo_exploration,2.92,29.85,4.0,-0.02,0.4505,0.7696,0.8346,0.7114,0.7681,82965,23944,11699,C_finetuned_supervised
yolo11n,2.6,2_FT,4,1,3.132,5140.207,map,bo_exploitation,3.16,29.91,4.0,0.09,0.4505,0.7696,0.8346,0.7114,0.7681,82965,23944,11699,C_finetuned_supervised
yolo11n,2.6,2_FT,4,1,3.132,5140.207,map,grid_search,3.97,29.94,4.0,0.0,0.4505,0.7696,0.8346,0.7114,0.7681,82965,23944,11699,C_finetuned_supervised
yolo11m,20.1,1_NOFT,4,1,11.592,22674.255,baseline,baseline,0.0,4.32,0.0,0.0,0.0002,0.0015,0.003,0.0004,0.0007,82965,82933,10723,A_unfinetuned
yolo11m,20.1,1_NOFT,4,1,11.592,22674.255,count,bo_exploration,3.53,80.75,4.0,0.47,0.3357,0.5896,0.7179,0.6024,0.6551,82965,32989,19636,A_unfinetuned
yolo11m,20.1,1_NOFT,4,1,11.592,22674.255,count,bo_exploitation,3.68,80.86,4.0,0.62,0.3357,0.5896,0.7179,0.6024,0.6551,82965,32989,19636,A_unfinetuned
yolo11m,20.1,1_NOFT,4,1,11.592,22674.255,count,grid_search,3.24,80.83,4.0,0.5,0.3357,0.5896,0.7179,0.6024,0.6551,82965,32989,19636,A_unfinetuned
yolo11m,20.1,2_FT,4,1,7.909,22623.711,baseline,baseline,0.0,3.53,0.0,0.0,0.0,0.0001,0.0002,0.0,0.0,82965,82964,5482,B_finetuned_unsupervised
yolo11m,20.1,2_FT,4,1,7.909,22623.711,count,bo_exploration,3.4,38.05,2.0,0.62,0.2586,0.529,0.6493,0.4818,0.5531,82965,42995,21586,B_finetuned_unsupervised
yolo11m,20.1,2_FT,4,1,7.909,22623.711,count,bo_exploitation,2.1,7.17,1.0,0.58,0.0043,0.0233,0.0462,0.0091,0.0152,82965,82212,15529,B_finetuned_unsupervised
yolo11m,20.1,2_FT,4,1,7.909,22623.711,count,grid_search,3.09,72.84,4.0,0.5,0.4254,0.7054,0.7773,0.6854,0.7285,82965,26100,16292,B_finetuned_unsupervised
yolo11m,20.1,2_FT,4,1,7.909,22623.711,map,bo_exploration,2.78,56.14,3.0,0.62,0.3944,0.6771,0.7654,0.6441,0.6995,82965,29526,16381,C_finetuned_supervised
yolo11m,20.1,2_FT,4,1,7.909,22623.711,map,bo_exploitation,4.3,29.7,4.0,-0.12,0.4337,0.7132,0.8048,0.666,0.7289,82965,27710,13399,C_finetuned_supervised
yolo11m,20.1,2_FT,4,1,7.909,22623.711,map,grid_search,4.24,29.88,4.0,0.0,0.4337,0.7132,0.8048,0.666,0.7289,82965,27710,13399,C_finetuned_supervised
yolo11n,2.6,1_NOFT,4,2,4.442,6910.289,baseline,baseline,0.0,2.92,0.0,0.0,0.0,0.0,0.0,0.0,0.0,81639,81639,1113,A_unfinetuned
yolo11n,2.6,1_NOFT,4,2,4.442,6910.289,count,bo_exploration,3.64,34.46,2.0,0.43,0.2366,0.5684,0.7186,0.4507,0.554,81639,44841,14410,A_unfinetuned
yolo11n,2.6,1_NOFT,4,2,4.442,6910.289,count,bo_exploitation,2.46,5.29,1.0,0.49,0.0042,0.0256,0.0511,0.0033,0.0062,81639,81371,4975,A_unfinetuned
yolo11n,2.6,1_NOFT,4,2,4.442,6910.289,count,grid_search,4.45,70.55,4.0,0.5,0.4505,0.7929,0.8554,0.7244,0.7845,81639,22502,9995,A_unfinetuned
yolo11n,2.6,2_FT,4,2,3.28,8690.831,baseline,baseline,0.0,2.83,0.0,0.0,0.0,0.0,0.0,0.0,0.0,81639,81639,705,B_finetuned_unsupervised
yolo11n,2.6,2_FT,4,2,3.28,8690.831,count,bo_exploration,5.22,65.24,4.0,0.62,0.4459,0.7936,0.8496,0.722,0.7806,81639,22698,10433,B_finetuned_unsupervised
yolo11n,2.6,2_FT,4,2,3.28,8690.831,count,bo_exploitation,2.36,27.21,2.0,0.37,0.275,0.6037,0.7951,0.4443,0.57,81639,45370,9347,B_finetuned_unsupervised
yolo11n,2.6,2_FT,4,2,3.28,8690.831,count,grid_search,4.11,65.14,4.0,0.5,0.4459,0.7936,0.8496,0.722,0.7806,81639,22698,10433,B_finetuned_unsupervised
yolo11n,2.6,2_FT,4,2,3.28,8690.831,map,bo_exploration,18.41,35.66,4.0,0.33,0.4659,0.8013,0.8813,0.7126,0.788,81639,23464,7836,C_finetuned_supervised
yolo11n,2.6,2_FT,4,2,3.28,8690.831,map,bo_exploitation,15.36,24.34,3.0,-0.1,0.4059,0.748,0.8461,0.648,0.7339,81639,28739,9619,C_finetuned_supervised
yolo11n,2.6,2_FT,4,2,3.28,8690.831,map,grid_search,17.34,26.35,4.0,0.0,0.4868,0.818,0.8639,0.7429,0.7988,81639,20991,9552,C_finetuned_supervised
yolo11m,20.1,1_NOFT,4,2,11.826,22647.964,baseline,baseline,0.0,3.67,0.0,0.0,0.0,0.0001,0.0004,0.0,0.0,81639,81638,2807,A_unfinetuned
yolo11m,20.1,1_NOFT,4,2,11.826,22647.964,count,bo_exploration,2.4,29.26,3.0,-0.12,0.3546,0.6563,0.747,0.6189,0.677,81639,31109,17116,A_unfinetuned
yolo11m,20.1,1_NOFT,4,2,11.826,22647.964,count,bo_exploitation,3.9,56.43,3.0,0.38,0.3382,0.6551,0.763,0.6132,0.6799,81639,31576,15554,A_unfinetuned
yolo11m,20.1,1_NOFT,4,2,11.826,22647.964,count,grid_search,4.86,77.88,4.0,0.5,0.3914,0.6813,0.7574,0.6746,0.7136,81639,26568,17639,A_unfinetuned
yolo11m,20.1,2_FT,4,2,9.226,17986.779,baseline,baseline,0.0,3.38,0.0,0.0,0.0001,0.0005,0.001,0.0,0.0001,81639,81635,4039,B_finetuned_unsupervised
yolo11m,20.1,2_FT,4,2,9.226,17986.779,count,bo_exploration,3.66,32.2,3.0,0.23,0.4031,0.6945,0.7751,0.6587,0.7122,81639,27866,15599,B_finetuned_unsupervised
yolo11m,20.1,2_FT,4,2,9.226,17986.779,count,bo_exploitation,3.26,32.02,3.0,0.16,0.4031,0.6945,0.7751,0.6587,0.7122,81639,27866,15599,B_finetuned_unsupervised
yolo11m,20.1,2_FT,4,2,9.226,17986.779,count,grid_search,4.47,69.15,4.0,0.5,0.4072,0.7151,0.7964,0.6746,0.7304,81639,26568,14082,B_finetuned_unsupervised
yolo11m,20.1,2_FT,4,2,9.226,17986.779,map,bo_exploration,15.82,27.71,4.0,-0.12,0.4421,0.7343,0.8017,0.6918,0.7427,81639,25161,13968,C_finetuned_supervised
yolo11m,20.1,2_FT,4,2,9.226,17986.779,map,bo_exploitation,9.01,50.13,3.0,0.61,0.3931,0.6947,0.7822,0.6542,0.7125,81639,28232,14869,C_finetuned_supervised
yolo11m,20.1,2_FT,4,2,9.226,17986.779,map,grid_search,19.47,27.7,4.0,0.0,0.4421,0.7343,0.8017,0.6918,0.7427,81639,25161,13968,C_finetuned_supervised
yolo11n,2.6,1_NOFT,4,3,4.518,6909.855,baseline,baseline,0.0,3.81,0.0,0.0,0.0,0.0002,0.0005,0.0,0.0001,81745,81742,5757,A_unfinetuned
yolo11n,2.6,1_NOFT,4,3,4.518,6909.855,count,bo_exploration,4.11,30.72,3.0,0.02,0.3461,0.6264,0.7326,0.6014,0.6605,81745,32586,17946,A_unfinetuned
yolo11n,2.6,1_NOFT,4,3,4.518,6909.855,count,bo_exploitation,2.8,7.33,1.0,0.21,0.0026,0.0134,0.0266,0.0058,0.0096,81745,81267,17496,A_unfinetuned
yolo11n,2.6,1_NOFT,4,3,4.518,6909.855,count,grid_search,5.23,81.54,4.0,0.5,0.3646,0.6499,0.752,0.6506,0.6976,81745,28560,17540,A_unfinetuned
yolo11n,2.6,2_FT,4,3,3.206,9009.841,baseline,baseline,0.0,2.87,0.0,0.0,0.0,0.0,0.0,0.0,0.0,81745,81745,695,B_finetuned_unsupervised
yolo11n,2.6,2_FT,4,3,3.206,9009.841,count,bo_exploration,4.04,65.23,4.0,0.62,0.4464,0.7938,0.8503,0.722,0.7809,81745,22728,10392,B_finetuned_unsupervised
yolo11n,2.6,2_FT,4,3,3.206,9009.841,count,bo_exploitation,4.52,65.26,4.0,0.38,0.4464,0.7938,0.8503,0.722,0.7809,81745,22728,10392,B_finetuned_unsupervised
yolo11n,2.6,2_FT,4,3,3.206,9009.841,count,grid_search,4.14,65.3,4.0,0.5,0.4464,0.7938,0.8503,0.722,0.7809,81745,22728,10392,B_finetuned_unsupervised
yolo11n,2.6,2_FT,4,3,3.206,9009.841,map,bo_exploration,14.99,65.71,4.0,0.44,0.4464,0.7938,0.8503,0.722,0.7809,81745,22728,10392,C_finetuned_supervised
yolo11m,20.1,1_NOFT,4,3,11.634,22649.769,baseline,baseline,0.0,3.28,0.0,0.0,0.0,0.0001,0.0003,0.0,0.0,81745,81744,3533,A_unfinetuned
yolo11m,20.1,1_NOFT,4,3,11.634,22649.769,count,bo_exploration,4.58,57.3,3.0,0.62,0.3621,0.6853,0.7743,0.6384,0.6998,81745,29559,15211,A_unfinetuned
yolo11m,20.1,1_NOFT,4,3,11.634,22649.769,count,bo_exploitation,3.88,38.35,2.0,0.62,0.2398,0.5603,0.6766,0.4866,0.5661,81745,41965,19012,A_unfinetuned
yolo11m,20.1,1_NOFT,4,3,11.634,22649.769,count,grid_search,4.99,77.39,4.0,0.5,0.4015,0.708,0.7712,0.683,0.7244,81745,25910,16568,A_unfinetuned
yolo11m,20.1,2_FT,4,3,9.052,15995.015,baseline,baseline,0.0,4.43,0.0,0.0,0.0001,0.0005,0.001,0.0,0.0001,81745,81741,4017,B_finetuned_unsupervised
yolo11m,20.1,2_FT,4,3,9.052,15995.015,count,bo_exploration,3.96,52.34,3.0,0.51,0.3936,0.6951,0.7832,0.6543,0.713,81745,28261,14805,B_finetuned_unsupervised
yolo11m,20.1,2_FT,4,3,9.052,15995.015,count,bo_exploitation,4.8,70.99,4.0,0.62,0.408,0.7157,0.7975,0.6748,0.731,81745,26586,14010,B_finetuned_unsupervised
yolo11m,20.1,2_FT,4,3,9.052,15995.015,count,grid_search,4.6,71.01,4.0,0.5,0.408,0.7157,0.7975,0.6748,0.731,81745,26586,14010,B_finetuned_unsupervised
yolo11m,20.1,2_FT,4,3,9.052,15995.015,map,bo_exploration,10.43,27.23,3.0,-0.12,0.3984,0.6895,0.7661,0.654,0.7056,81745,28282,16321,C_finetuned_supervised
yolo11m,20.1,2_FT,4,3,9.052,15995.015,map,bo_exploitation,15.2,30.09,2.0,0.15,0.285,0.5795,0.7447,0.4816,0.5849,81745,42380,13494,C_finetuned_supervised
yolo11m,20.1,2_FT,4,3,9.052,15995.015,map,grid_search,110.47,29.1,4.0,0.0,0.4428,0.735,0.8026,0.692,0.7432,81745,25175,13911,C_finetuned_supervised
rtdetr-l,45.0,1_NOFT,4,1,35.658,20641.135,baseline,baseline,0.0,3.94,0.0,0.0,0.0001,0.0008,0.0015,0.0001,0.0002,81745,81738,4515,A_unfinetuned
rtdetr-l,45.0,1_NOFT,4,1,35.658,20641.135,count,bo_exploration,6.4,108.6,4.0,0.38,0.3989,0.7148,0.8126,0.6768,0.7385,81745,26422,12756,A_unfinetuned
rtdetr-l,45.0,1_NOFT,4,1,35.658,20641.135,count,bo_exploitation,6.95,73.61,3.0,0.54,0.3683,0.6888,0.7823,0.6467,0.7081,81745,28877,14711,A_unfinetuned
rtdetr-l,45.0,1_NOFT,4,1,35.658,20641.135,count,grid_search,7.3,112.63,4.0,0.5,0.3989,0.7148,0.8126,0.6768,0.7385,81745,26422,12756,A_unfinetuned
rtdetr-l,45.0,2_FT,4,1,29.502,21026.37,baseline,baseline,0.0,5.4,0.0,0.0,0.0003,0.0018,0.0037,0.0004,0.0007,81745,81715,8130,B_finetuned_unsupervised
rtdetr-l,45.0,2_FT,4,1,29.502,21026.37,count,bo_exploration,3.84,36.86,3.0,0.08,0.321,0.5983,0.6787,0.6048,0.6396,81745,32305,23400,B_finetuned_unsupervised
rtdetr-l,45.0,2_FT,4,1,29.502,21026.37,count,bo_exploitation,3.63,44.27,3.0,0.22,0.3217,0.6004,0.6824,0.6042,0.6409,81745,32354,22986,B_finetuned_unsupervised
rtdetr-l,45.0,2_FT,4,1,29.502,21026.37,count,grid_search,6.4,112.18,4.0,0.5,0.3541,0.64,0.7543,0.6346,0.6893,81745,29870,16899,B_finetuned_unsupervised
rtdetr-l,45.0,2_FT,4,1,29.502,21026.37,map,bo_exploration,14.69,44.6,2.0,0.52,0.1931,0.4591,0.6085,0.4194,0.4966,81745,47461,22057,C_finetuned_supervised
rtdetr-l,45.0,2_FT,4,1,29.502,21026.37,map,bo_exploitation,15.7,36.8,3.0,-0.09,0.321,0.5983,0.6787,0.6048,0.6396,81745,32305,23400,C_finetuned_supervised
rtdetr-l,45.0,2_FT,4,1,29.502,21026.37,map,grid_search,23.11,43.54,4.0,0.0,0.3653,0.6456,0.7387,0.6331,0.6818,81745,29993,18303,C_finetuned_supervised
yolo11n,2.6,1_NOFT,4,4,4.438,6836.246,baseline,baseline,0.0,3.23,0.0,0.0,0.0,0.0001,0.0004,0.0,0.0,81639,81638,2744,A_unfinetuned
yolo11n,2.6,1_NOFT,4,4,4.438,6836.246,count,bo_exploration,5.18,50.97,3.0,0.61,0.3772,0.6998,0.7983,0.6494,0.7162,81639,28619,13392,A_unfinetuned
yolo11n,2.6,1_NOFT,4,4,4.438,6836.246,count,bo_exploitation,2.65,6.39,1.0,0.5,0.0018,0.0111,0.0221,0.0033,0.0057,81639,81371,11881,A_unfinetuned
yolo11n,2.6,1_NOFT,4,4,4.438,6836.246,count,grid_search,4.53,69.95,4.0,0.5,0.4366,0.7396,0.8211,0.6984,0.7548,81639,24621,12423,A_unfinetuned
yolo11n,2.6,2_FT,4,4,3.181,8690.831,baseline,baseline,0.0,2.81,0.0,0.0,0.0,0.0,0.0,0.0,0.0,81639,81639,705,B_finetuned_unsupervised
yolo11n,2.6,2_FT,4,4,3.181,8690.831,count,bo_exploration,2.62,24.38,3.0,-0.1,0.4059,0.748,0.8461,0.648,0.7339,81639,28739,9619,B_finetuned_unsupervised
yolo11n,2.6,2_FT,4,4,3.181,8690.831,count,bo_exploitation,4.29,47.51,3.0,0.49,0.39,0.7523,0.8327,0.6685,0.7416,81639,27063,10967,B_finetuned_unsupervised
yolo11n,2.6,2_FT,4,4,3.181,8690.831,count,grid_search,4.13,65.49,4.0,0.5,0.4459,0.7936,0.8496,0.722,0.7806,81639,22698,10433,B_finetuned_unsupervised
yolo11m,20.1,1_NOFT,4,4,9.788,22662.711,baseline,baseline,0.0,3.33,0.0,0.0,0.0,0.0002,0.0005,0.0,0.0,81639,81637,4274,A_unfinetuned
yolo11m,20.1,1_NOFT,4,4,9.788,22662.711,count,bo_exploration,4.96,58.74,3.0,0.62,0.3614,0.6699,0.7708,0.6287,0.6925,81639,30315,15261,A_unfinetuned
yolo11m,20.1,1_NOFT,4,4,9.788,22662.711,count,bo_exploitation,5.31,77.22,4.0,0.43,0.389,0.6869,0.7809,0.6519,0.7106,81639,28422,14928,A_unfinetuned
yolo11m,20.1,1_NOFT,4,4,9.788,22662.711,count,grid_search,4.9,77.21,4.0,0.5,0.389,0.6869,0.7809,0.6519,0.7106,81639,28422,14928,A_unfinetuned
yolo11m,20.1,2_FT,4,4,8.964,17965.771,baseline,baseline,0.0,3.28,0.0,0.0,0.0001,0.0005,0.001,0.0,0.0001,81639,81635,4039,B_finetuned_unsupervised
yolo11m,20.1,2_FT,4,4,8.964,17965.771,count,bo_exploration,2.96,6.34,1.0,0.62,0.0047,0.0253,0.0502,0.0076,0.0131,81639,81022,11669,B_finetuned_unsupervised
yolo11m,20.1,2_FT,4,4,8.964,17965.771,count,bo_exploitation,4.86,67.71,4.0,0.62,0.4072,0.7151,0.7964,0.6746,0.7304,81639,26568,14082,B_finetuned_unsupervised
yolo11m,20.1,2_FT,4,4,8.964,17965.771,count,grid_search,4.47,67.81,4.0,0.5,0.4072,0.7151,0.7964,0.6746,0.7304,81639,26568,14082,B_finetuned_unsupervised
yolo11m,20.1,2_FT,4,4,8.964,17965.771,map,bo_exploration,16.99,31.34,3.0,0.14,0.4031,0.6945,0.7751,0.6587,0.7122,81639,27866,15599,C_finetuned_supervised
yolo11m,20.1,2_FT,4,4,8.964,17965.771,map,bo_exploitation,11.64,27.73,4.0,-0.08,0.4421,0.7343,0.8017,0.6918,0.7427,81639,25161,13968,C_finetuned_supervised
yolo11m,20.1,2_FT,4,4,8.964,17965.771,map,grid_search,19.47,27.73,4.0,0.0,0.4421,0.7343,0.8017,0.6918,0.7427,81639,25161,13968,C_finetuned_supervised
rtdetr-l,45.0,1_NOFT,4,2,36.809,20622.386,baseline,baseline,0.0,4.36,0.0,0.0,0.0001,0.0012,0.0024,0.0002,0.0004,81639,81622,7069,A_unfinetuned
rtdetr-l,45.0,1_NOFT,4,2,36.809,20622.386,count,bo_exploration,8.36,68.91,3.0,0.62,0.3298,0.6311,0.7451,0.6012,0.6655,81639,32558,16788,A_unfinetuned
rtdetr-l,45.0,1_NOFT,4,2,36.809,20622.386,count,bo_exploitation,10.26,108.09,4.0,0.62,0.367,0.6621,0.7635,0.6473,0.7006,81639,28794,16369,A_unfinetuned
rtdetr-l,45.0,1_NOFT,4,2,36.809,20622.386,count,grid_search,6.15,108.18,4.0,0.5,0.367,0.6621,0.7635,0.6473,0.7006,81639,28794,16369,A_unfinetuned
rtdetr-l,45.0,2_FT,4,2,31.779,19283.104,baseline,baseline,0.0,5.11,0.0,0.0,0.0001,0.001,0.0022,0.0004,0.0006,81639,81610,13229,B_finetuned_unsupervised
rtdetr-l,45.0,2_FT,4,2,31.779,19283.104,count,bo_exploration,3.59,9.99,1.0,0.62,0.0011,0.0062,0.0124,0.0036,0.0056,81639,81344,23463,B_finetuned_unsupervised
rtdetr-l,45.0,2_FT,4,2,31.779,19283.104,count,bo_exploitation,3.66,39.81,3.0,0.08,0.285,0.5417,0.6685,0.5462,0.6012,81639,37044,22117,B_finetuned_unsupervised
rtdetr-l,45.0,2_FT,4,2,31.779,19283.104,count,grid_search,6.77,116.36,4.0,0.5,0.3093,0.5754,0.7093,0.6085,0.655,81639,31960,20363,B_finetuned_unsupervised
rtdetr-l,45.0,2_FT,4,2,31.779,19283.104,map,bo_exploration,14.54,24.0,2.0,-0.12,0.1752,0.4035,0.5149,0.4031,0.4522,81639,48729,31000,C_finetuned_supervised
rtdetr-l,45.0,2_FT,4,2,31.779,19283.104,map,bo_exploitation,21.03,45.41,4.0,-0.12,0.3243,0.5877,0.709,0.603,0.6517,81639,32411,20209,C_finetuned_supervised
rtdetr-l,45.0,2_FT,4,2,31.779,19283.104,map,grid_search,26.77,45.6,4.0,0.0,0.3243,0.5877,0.709,0.603,0.6517,81639,32411,20209,C_finetuned_supervised
yolo11n,2.6,1_NOFT,4,5,4.451,6897.061,baseline,baseline,0.0,2.98,0.0,0.0,0.0001,0.001,0.002,0.0,0.0001,82691,82688,1523,A_unfinetuned
yolo11n,2.6,1_NOFT,4,5,4.451,6897.061,count,bo_exploration,1.7,30.05,2.0,0.34,0.2431,0.5733,0.7123,0.4609,0.5597,82691,44576,15392,A_unfinetuned
yolo11n,2.6,1_NOFT,4,5,4.451,6897.061,count,bo_exploitation,1.98,35.77,2.0,0.59,0.2387,0.5714,0.7006,0.4687,0.5616,82691,43936,16561,A_unfinetuned
yolo11n,2.6,1_NOFT,4,5,4.451,6897.061,count,grid_search,3.29,75.71,4.0,0.5,0.4488,0.788,0.8604,0.7075,0.7765,82691,24188,9493,A_unfinetuned
yolo11n,2.6,2_FT,4,5,3.167,6330.375,baseline,baseline,0.0,2.76,0.0,0.0,0.0,0.0,0.0,0.0,0.0,82691,82691,705,B_finetuned_unsupervised
yolo11n,2.6,2_FT,4,5,3.167,6330.375,count,bo_exploration,4.01,47.67,3.0,0.62,0.3905,0.7525,0.8333,0.6687,0.742,82691,27396,11062,B_finetuned_unsupervised
yolo11n,2.6,2_FT,4,5,3.167,6330.375,count,bo_exploitation,2.88,47.74,3.0,0.62,0.3905,0.7525,0.8333,0.6687,0.742,82691,27396,11062,B_finetuned_unsupervised
yolo11n,2.6,2_FT,4,5,3.167,6330.375,count,grid_search,3.01,65.7,4.0,0.5,0.4463,0.7937,0.8505,0.722,0.781,82691,22986,10499,B_finetuned_unsupervised
yolo11n,2.6,2_FT,4,5,3.167,6330.375,map,bo_exploration,4.52,47.63,3.0,0.38,0.3905,0.7525,0.8333,0.6687,0.742,82691,27396,11062,C_finetuned_supervised
yolo11n,2.6,2_FT,4,5,3.167,6330.375,map,bo_exploitation,3.63,65.48,4.0,0.6,0.4463,0.7937,0.8505,0.722,0.781,82691,22986,10499,C_finetuned_supervised
yolo11n,2.6,2_FT,4,5,3.167,6330.375,map,grid_search,5.49,26.56,4.0,0.0,0.4868,0.8178,0.8645,0.7426,0.7989,82691,21286,9626,C_finetuned_supervised
yolo11m,20.1,1_NOFT,4,5,11.582,22636.236,baseline,baseline,0.0,3.69,0.0,0.0,0.0001,0.0008,0.0016,0.0001,0.0002,82691,82682,5757,A_unfinetuned
yolo11m,20.1,1_NOFT,4,5,11.582,22636.236,count,bo_exploration,3.05,80.6,4.0,0.62,0.3904,0.6745,0.7526,0.6579,0.7021,82691,28288,17887,A_unfinetuned
yolo11m,20.1,1_NOFT,4,5,11.582,22636.236,count,bo_exploitation,2.53,20.08,2.0,0.01,0.2942,0.5746,0.6771,0.5004,0.5755,82691,41314,19732,A_unfinetuned
yolo11m,20.1,1_NOFT,4,5,11.582,22636.236,count,grid_search,3.72,80.63,4.0,0.5,0.3904,0.6745,0.7526,0.6579,0.7021,82691,28288,17887,A_unfinetuned
yolo11m,20.1,2_FT,4,5,8.919,20469.315,baseline,baseline,0.0,3.34,0.0,0.0,0.0001,0.0005,0.001,0.0,0.0001,82691,82687,4075,B_finetuned_unsupervised
yolo11m,20.1,2_FT,4,5,8.919,20469.315,count,bo_exploration,3.84,69.51,4.0,0.62,0.4076,0.7155,0.7974,0.6747,0.7309,82691,26898,14179,B_finetuned_unsupervised
yolo11m,20.1,2_FT,4,5,8.919,20469.315,count,bo_exploitation,3.74,69.75,4.0,0.62,0.4076,0.7155,0.7974,0.6747,0.7309,82691,26898,14179,B_finetuned_unsupervised
yolo11m,20.1,2_FT,4,5,8.919,20469.315,count,grid_search,3.36,69.95,4.0,0.5,0.4076,0.7155,0.7974,0.6747,0.7309,82691,26898,14179,B_finetuned_unsupervised
yolo11m,20.1,2_FT,4,5,8.919,20469.315,map,bo_exploration,5.03,28.51,4.0,-0.12,0.4424,0.7347,0.8025,0.6919,0.7431,82691,25474,14079,C_finetuned_supervised
yolo11m,20.1,2_FT,4,5,8.919,20469.315,map,bo_exploitation,3.44,28.41,4.0,-0.12,0.4424,0.7347,0.8025,0.6919,0.7431,82691,25474,14079,C_finetuned_supervised
yolo11m,20.1,2_FT,4,5,8.919,20469.315,map,grid_search,6.2,28.41,4.0,0.0,0.4424,0.7347,0.8025,0.6919,0.7431,82691,25474,14079,C_finetuned_supervised
rtdetr-l,45.0,1_NOFT,4,3,36.742,20637.952,baseline,baseline,0.0,4.37,0.0,0.0,0.0002,0.0017,0.0033,0.0003,0.0006,82691,82664,8043,A_unfinetuned
rtdetr-l,45.0,1_NOFT,4,3,36.742,20637.952,count,bo_exploration,5.15,69.67,3.0,0.62,0.3009,0.6179,0.7301,0.5961,0.6563,82691,33399,18220,A_unfinetuned
rtdetr-l,45.0,1_NOFT,4,3,36.742,20637.952,count,bo_exploitation,7.39,110.66,4.0,0.62,0.3492,0.6542,0.7513,0.6548,0.6997,82691,28546,17923,A_unfinetuned
rtdetr-l,45.0,1_NOFT,4,3,36.742,20637.952,count,grid_search,5.21,110.18,4.0,0.5,0.3492,0.6542,0.7513,0.6548,0.6997,82691,28546,17923,A_unfinetuned
rtdetr-l,45.0,2_FT,4,3,32.577,21021.467,baseline,baseline,0.0,4.63,0.0,0.0,0.0004,0.0023,0.0045,0.0006,0.001,82691,82645,10110,B_finetuned_unsupervised
rtdetr-l,45.0,2_FT,4,3,32.577,21021.467,count,bo_exploration,4.88,110.53,4.0,0.46,0.3366,0.6065,0.725,0.6229,0.6701,82691,31186,19535,B_finetuned_unsupervised
rtdetr-l,45.0,2_FT,4,3,32.577,21021.467,count,bo_exploitation,3.35,38.26,2.0,0.16,0.1856,0.4388,0.6006,0.4038,0.4829,82691,49299,22206,B_finetuned_unsupervised
rtdetr-l,45.0,2_FT,4,3,32.577,21021.467,count,grid_search,5.29,110.59,4.0,0.5,0.3366,0.6065,0.725,0.6229,0.6701,82691,31186,19535,B_finetuned_unsupervised
rtdetr-l,45.0,2_FT,4,3,32.577,21021.467,map,bo_exploration,7.27,59.48,4.0,0.27,0.3444,0.6091,0.7313,0.6115,0.6661,82691,32124,18577,C_finetuned_supervised
rtdetr-l,45.0,2_FT,4,3,32.577,21021.467,map,bo_exploitation,6.56,43.17,4.0,0.01,0.3519,0.6197,0.7345,0.624,0.6747,82691,31094,18651,C_finetuned_supervised
rtdetr-l,45.0,2_FT,4,3,32.577,21021.467,map,grid_search,9.07,59.5,4.0,0.25,0.3444,0.6091,0.7313,0.6115,0.6661,82691,32124,18577,C_finetuned_supervised
yolo11n,2.6,1_NOFT,4,6,4.428,6906.911,baseline,baseline,0.0,3.4,0.0,0.0,0.0001,0.001,0.0019,0.0001,0.0002,82581,82571,5195,A_unfinetuned
yolo11n,2.6,1_NOFT,4,6,4.428,6906.911,count,bo_exploration,2.93,56.71,3.0,0.62,0.3769,0.6868,0.7608,0.66,0.7068,82581,28077,17138,A_unfinetuned
yolo11n,2.6,1_NOFT,4,6,4.428,6906.911,count,bo_exploitation,1.19,18.43,2.0,0.05,0.2766,0.5597,0.7047,0.4807,0.5715,82581,42881,16640,A_unfinetuned
yolo11n,2.6,1_NOFT,4,6,4.428,6906.911,count,grid_search,3.61,78.97,4.0,0.5,0.3829,0.6933,0.7721,0.6758,0.7207,82581,26771,16476,A_unfinetuned
yolo11n,2.6,2_FT,4,6,3.086,6855.82,baseline,baseline,0.0,2.78,0.0,0.0,0.0,0.0,0.0,0.0,0.0,82581,82581,705,B_finetuned_unsupervised
yolo11n,2.6,2_FT,4,6,3.086,6855.82,count,bo_exploration,3.16,65.77,4.0,0.62,0.4464,0.7938,0.8503,0.7222,0.781,82581,22944,10499,B_finetuned_unsupervised
yolo11n,2.6,2_FT,4,6,3.086,6855.82,count,bo_exploitation,2.7,47.64,3.0,0.62,0.3903,0.7523,0.8332,0.6685,0.7418,82581,27377,11049,B_finetuned_unsupervised
yolo11n,2.6,2_FT,4,6,3.086,6855.82,count,grid_search,3.14,65.74,4.0,0.5,0.4464,0.7938,0.8503,0.7222,0.781,82581,22944,10499,B_finetuned_unsupervised
yolo11n,2.6,2_FT,4,6,3.086,6855.82,map,bo_exploration,5.38,26.59,4.0,-0.12,0.4868,0.8179,0.8643,0.7428,0.799,82581,21240,9627,C_finetuned_supervised
yolo11n,2.6,2_FT,4,6,3.086,6855.82,map,bo_exploitation,5.14,15.78,2.0,-0.12,0.2931,0.6155,0.8244,0.4342,0.5688,82581,46723,7636,C_finetuned_supervised
yolo11n,2.6,2_FT,4,6,3.086,6855.82,map,grid_search,6.46,26.53,4.0,0.0,0.4868,0.8179,0.8643,0.7428,0.799,82581,21240,9627,C_finetuned_supervised
yolo11m,20.1,1_NOFT,4,6,11.54,22694.79,baseline,baseline,0.0,4.55,0.0,0.0,0.0001,0.0011,0.0021,0.0003,0.0006,82581,82554,12625,A_unfinetuned
yolo11m,20.1,1_NOFT,4,6,11.54,22694.79,count,bo_exploration,4.13,88.04,4.0,0.42,0.3079,0.5471,0.6703,0.6022,0.6344,82581,32852,24462,A_unfinetuned
yolo11m,20.1,1_NOFT,4,6,11.54,22694.79,count,bo_exploitation,3.68,88.31,4.0,0.62,0.3079,0.5471,0.6703,0.6022,0.6344,82581,32852,24462,A_unfinetuned
yolo11m,20.1,1_NOFT,4,6,11.54,22694.79,count,grid_search,4.26,88.73,4.0,0.5,0.3079,0.5471,0.6703,0.6022,0.6344,82581,32852,24462,A_unfinetuned
yolo11m,20.1,2_FT,4,6,8.972,20824.51,baseline,baseline,0.0,3.34,0.0,0.0,0.0001,0.0005,0.001,0.0,0.0001,82581,82577,4070,B_finetuned_unsupervised
yolo11m,20.1,2_FT,4,6,8.972,20824.51,count,bo_exploration,3.12,50.96,3.0,0.5,0.3936,0.6951,0.7834,0.6542,0.713,82581,28554,14938,B_finetuned_unsupervised
yolo11m,20.1,2_FT,4,6,8.972,20824.51,count,bo_exploitation,2.99,35.52,2.0,0.49,0.2818,0.5773,0.7402,0.4865,0.5871,82581,42404,14103,B_finetuned_unsupervised
yolo11m,20.1,2_FT,4,6,8.972,20824.51,count,grid_search,3.49,68.82,4.0,0.5,0.4079,0.7156,0.7974,0.6746,0.7309,82581,26870,14151,B_finetuned_unsupervised
yolo11m,20.1,2_FT,4,6,8.972,20824.51,map,bo_exploration,5.34,26.37,3.0,-0.08,0.3981,0.6892,0.7664,0.6538,0.7056,82581,28586,16461,C_finetuned_supervised
yolo11m,20.1,2_FT,4,6,8.972,20824.51,map,bo_exploitation,3.96,28.08,4.0,-0.09,0.4426,0.7347,0.8024,0.6918,0.743,82581,25449,14065,C_finetuned_supervised
yolo11m,20.1,2_FT,4,6,8.972,20824.51,map,grid_search,7.29,28.06,4.0,0.0,0.4426,0.7347,0.8024,0.6918,0.743,82581,25449,14065,C_finetuned_supervised
rtdetr-l,45.0,1_NOFT,4,4,36.606,20242.695,baseline,baseline,0.0,4.02,0.0,0.0,0.0,0.0002,0.0004,0.0,0.0,82581,82579,4818,A_unfinetuned
rtdetr-l,45.0,1_NOFT,4,4,36.606,20242.695,count,bo_exploration,3.6,69.3,3.0,0.6,0.3427,0.6723,0.779,0.6299,0.6965,82581,30566,14758,A_unfinetuned
rtdetr-l,45.0,1_NOFT,4,4,36.606,20242.695,count,bo_exploitation,2.53,20.29,2.0,-0.03,0.1964,0.4969,0.6909,0.3791,0.4896,82581,51271,14008,A_unfinetuned
rtdetr-l,45.0,1_NOFT,4,4,36.606,20242.695,count,grid_search,5.26,110.41,4.0,0.5,0.3864,0.7038,0.7948,0.676,0.7306,82581,26754,14415,A_unfinetuned
rtdetr-l,45.0,2_FT,4,4,29.453,21016.114,baseline,baseline,0.0,4.6,0.0,0.0,0.0,0.0002,0.0005,0.0,0.0001,82581,82577,7424,B_finetuned_unsupervised
rtdetr-l,45.0,2_FT,4,4,29.453,21016.114,count,bo_exploration,3.4,36.18,3.0,0.07,0.3156,0.5971,0.7123,0.5722,0.6346,82581,35331,19082,B_finetuned_unsupervised
rtdetr-l,45.0,2_FT,4,4,29.453,21016.114,count,bo_exploitation,2.89,36.17,3.0,0.02,0.3156,0.5971,0.7123,0.5722,0.6346,82581,35331,19082,B_finetuned_unsupervised
rtdetr-l,45.0,2_FT,4,4,29.453,21016.114,count,grid_search,5.37,110.42,4.0,0.5,0.3617,0.6457,0.7521,0.6524,0.6987,82581,28709,17757,B_finetuned_unsupervised
rtdetr-l,45.0,1_NOFT,4,5,34.186,20259.095,baseline,baseline,0.0,4.22,0.0,0.0,0.0001,0.0007,0.0013,0.0001,0.0002,81695,81687,5924,A_unfinetuned
rtdetr-l,45.0,2_FT,4,5,16.136,19282.2,baseline,baseline,0.0,3.59,0.0,0.0,0.0001,0.0007,0.0014,0.0,0.0001,81695,81692,2070,B_finetuned_unsupervised
rtdetr-l,45.0,2_FT,4,5,16.136,19282.2,count,bo_exploration,6.67,104.94,4.0,0.62,0.4511,0.7814,0.8599,0.7057,0.7752,81695,24041,9395,B_finetuned_unsupervised
rtdetr-l,45.0,2_FT,4,5,16.136,19282.2,count,bo_exploitation,3.33,18.98,2.0,-0.08,0.2653,0.573,0.8024,0.3823,0.5179,81695,50459,7691,B_finetuned_unsupervised
rtdetr-l,45.0,2_FT,4,5,16.136,19282.2,count,grid_search,5.78,105.26,4.0,0.5,0.4511,0.7814,0.8599,0.7057,0.7752,81695,24041,9395,B_finetuned_unsupervised
rtdetr-l,45.0,2_FT,4,5,16.136,19282.2,map,bo_exploration,8.21,6.87,1.0,0.09,0.0014,0.0079,0.0159,0.001,0.0019,81695,81614,5029,C_finetuned_supervised
rtdetr-l,45.0,2_FT,4,5,16.136,19282.2,map,bo_exploitation,17.42,104.87,4.0,0.58,0.4511,0.7814,0.8599,0.7057,0.7752,81695,24041,9395,C_finetuned_supervised
rtdetr-l,45.0,2_FT,4,5,16.136,19282.2,map,grid_search,20.79,105.49,4.0,0.5,0.4511,0.7814,0.8599,0.7057,0.7752,81695,24041,9395,C_finetuned_supervised
rtdetr-l,45.0,1_NOFT,4,6,36.873,20632.799,baseline,baseline,0.0,7.8,0.0,0.0,0.0002,0.0016,0.0031,0.0003,0.0005,81724,81703,6714,A_unfinetuned
rtdetr-l,45.0,1_NOFT,4,6,36.873,20632.799,count,bo_exploration,6.1,74.38,3.0,0.62,0.3327,0.6579,0.7778,0.6249,0.6931,81724,30651,14588,A_unfinetuned
rtdetr-l,45.0,1_NOFT,4,6,36.873,20632.799,count,bo_exploitation,5.83,111.95,4.0,0.42,0.3608,0.6767,0.7785,0.6634,0.7164,81724,27506,15430,A_unfinetuned
rtdetr-l,45.0,1_NOFT,4,6,36.873,20632.799,count,grid_search,6.47,112.24,4.0,0.5,0.3608,0.6767,0.7785,0.6634,0.7164,81724,27506,15430,A_unfinetuned
rtdetr-l,45.0,2_FT,4,6,35.107,19282.792,baseline,baseline,0.0,4.45,0.0,0.0,0.0,0.0002,0.0006,0.0,0.0001,81724,81720,7190,B_finetuned_unsupervised
rtdetr-l,45.0,2_FT,4,6,35.107,19282.792,count,bo_exploration,8.43,71.05,3.0,0.62,0.3299,0.6199,0.7351,0.6153,0.6699,81724,31441,18120,B_finetuned_unsupervised
rtdetr-l,45.0,2_FT,4,6,35.107,19282.792,count,bo_exploitation,3.35,36.68,3.0,-0.12,0.3291,0.6085,0.7215,0.5934,0.6512,81724,33231,18716,B_finetuned_unsupervised
rtdetr-l,45.0,2_FT,4,6,35.107,19282.792,count,grid_search,6.29,109.91,4.0,0.5,0.3506,0.6388,0.7452,0.6491,0.6938,81724,28680,18133,B_finetuned_unsupervised
rtdetr-l,45.0,2_FT,4,6,35.107,19282.792,map,bo_exploration,9.49,37.89,3.0,0.1,0.3291,0.6085,0.7215,0.5934,0.6512,81724,33231,18716,C_finetuned_supervised
rtdetr-l,45.0,2_FT,4,6,35.107,19282.792,map,bo_exploitation,22.48,37.92,3.0,0.06,0.3291,0.6085,0.7215,0.5934,0.6512,81724,33231,18716,C_finetuned_supervised
rtdetr-l,45.0,2_FT,4,6,35.107,19282.792,map,grid_search,27.08,45.1,4.0,0.0,0.3652,0.6451,0.7452,0.6425,0.69,81724,29218,17953,C_finetuned_supervised
yolo11n,2.6,1_NOFT,8,1,4.844,6921.699,baseline,baseline,0.0,3.42,0.0,0.0,0.0,0.0,0.0,0.0,0.0,82860,82860,3055,A_unfinetuned
yolo11n,2.6,2_FT,8,1,3.4,5961.689,baseline,baseline,0.0,3.43,0.0,0.0,0.0,0.0004,0.0007,0.0,0.0,82860,82858,2833,B_finetuned_unsupervised
yolo11n,2.6,2_FT,8,1,3.4,5961.689,count,bo_exploration,3.22,55.4,3.0,0.47,0.3561,0.6921,0.7789,0.6343,0.6992,82860,30304,14922,B_finetuned_unsupervised
yolo11n,2.6,2_FT,8,1,3.4,5961.689,count,bo_exploitation,3.79,75.21,4.0,0.62,0.3968,0.7319,0.8235,0.6809,0.7454,82860,26439,12094,B_finetuned_unsupervised
yolo11n,2.6,2_FT,8,1,3.4,5961.689,count,grid_search,3.06,74.95,4.0,0.5,0.3968,0.7319,0.8235,0.6809,0.7454,82860,26439,12094,B_finetuned_unsupervised
yolo11n,2.6,2_FT,8,1,3.4,5961.689,map,bo_exploration,3.04,34.25,3.0,0.19,0.3826,0.7075,0.7811,0.6544,0.7122,82860,28637,15193,C_finetuned_supervised
yolo11n,2.6,2_FT,8,1,3.4,5961.689,map,bo_exploitation,2.83,34.29,3.0,0.13,0.3826,0.7075,0.7811,0.6544,0.7122,82860,28637,15193,C_finetuned_supervised
yolo11n,2.6,2_FT,8,1,3.4,5961.689,map,grid_search,4.84,30.27,4.0,0.0,0.4503,0.7696,0.8346,0.7112,0.768,82860,23926,11676,C_finetuned_supervised
yolo11m,20.1,1_NOFT,8,1,11.726,22683.447,baseline,baseline,0.0,3.93,0.0,0.0,0.0,0.0,0.0,0.0,0.0,82860,82860,5614,A_unfinetuned
yolo11m,20.1,1_NOFT,8,1,11.726,22683.447,count,bo_exploration,2.43,73.0,4.0,0.42,0.3983,0.6855,0.7721,0.664,0.714,82860,27840,16237,A_unfinetuned
yolo11m,20.1,1_NOFT,8,1,11.726,22683.447,count,bo_exploitation,2.37,33.26,3.0,0.29,0.3852,0.6752,0.7647,0.6476,0.7013,82860,29200,16509,A_unfinetuned
yolo11m,20.1,1_NOFT,8,1,11.726,22683.447,count,grid_search,3.25,72.99,4.0,0.5,0.3983,0.6855,0.7721,0.664,0.714,82860,27840,16237,A_unfinetuned
yolo11m,20.1,2_FT,8,1,9.035,22016.646,baseline,baseline,0.0,3.65,0.0,0.0,0.0001,0.0005,0.001,0.0,0.0001,82860,82856,4072,B_finetuned_unsupervised
yolo11m,20.1,2_FT,8,1,9.035,22016.646,count,bo_exploration,2.17,69.93,4.0,0.4,0.408,0.7159,0.7974,0.6751,0.7312,82860,26921,14209,B_finetuned_unsupervised
yolo11m,20.1,2_FT,8,1,9.035,22016.646,count,bo_exploitation,3.07,51.82,3.0,0.44,0.3939,0.6954,0.7835,0.6546,0.7133,82860,28617,14989,B_finetuned_unsupervised
yolo11m,20.1,2_FT,8,1,9.035,22016.646,count,grid_search,3.19,70.11,4.0,0.5,0.408,0.7159,0.7974,0.6751,0.7312,82860,26921,14209,B_finetuned_unsupervised
yolo11m,20.1,2_FT,8,1,9.035,22016.646,map,bo_exploration,3.24,36.52,2.0,0.55,0.2822,0.5781,0.7404,0.487,0.5876,82860,42505,14147,C_finetuned_supervised
yolo11m,20.1,2_FT,8,1,9.035,22016.646,map,bo_exploitation,3.09,27.03,3.0,0.05,0.3985,0.6897,0.7665,0.6543,0.706,82860,28642,16516,C_finetuned_supervised
yolo11m,20.1,2_FT,8,1,9.035,22016.646,map,grid_search,4.96,28.73,4.0,0.0,0.4427,0.735,0.8025,0.6922,0.7433,82860,25503,14115,C_finetuned_supervised
yolo11n,2.6,1_NOFT,8,2,4.523,6910.726,baseline,baseline,0.0,3.29,0.0,0.0,0.0001,0.0007,0.0014,0.0001,0.0001,81468,81463,3631,A_unfinetuned
yolo11n,2.6,1_NOFT,8,2,4.523,6910.726,count,bo_exploration,2.84,55.08,3.0,0.52,0.3988,0.7155,0.7893,0.6699,0.7247,81468,26889,14573,A_unfinetuned
yolo11n,2.6,1_NOFT,8,2,4.523,6910.726,count,bo_exploitation,5.27,37.88,2.0,0.62,0.2512,0.5535,0.6705,0.4914,0.5671,81468,41436,19677,A_unfinetuned
yolo11n,2.6,1_NOFT,8,2,4.523,6910.726,count,grid_search,5.3,73.87,4.0,0.5,0.4353,0.7381,0.8157,0.6988,0.7527,81468,24536,12867,A_unfinetuned
yolo11n,2.6,2_FT,8,2,3.262,8932.449,baseline,baseline,0.0,3.03,0.0,0.0,0.0,0.0,0.0,0.0,0.0,81468,81468,702,B_finetuned_unsupervised
yolo11n,2.6,2_FT,8,2,3.262,8932.449,count,bo_exploration,3.58,47.66,3.0,0.62,0.3907,0.7528,0.8329,0.6692,0.7422,81468,26946,10937,B_finetuned_unsupervised
yolo11n,2.6,2_FT,8,2,3.262,8932.449,count,bo_exploitation,3.05,32.68,2.0,0.62,0.2752,0.6059,0.7932,0.451,0.5751,81468,44722,9581,B_finetuned_unsupervised
yolo11n,2.6,2_FT,8,2,3.262,8932.449,count,grid_search,4.56,65.97,4.0,0.5,0.4465,0.794,0.85,0.7228,0.7812,81468,22586,10394,B_finetuned_unsupervised
yolo11n,2.6,2_FT,8,2,3.262,8932.449,map,bo_exploration,19.3,24.65,3.0,-0.01,0.4067,0.7483,0.8467,0.6485,0.7345,81468,28636,9567,C_finetuned_supervised
yolo11n,2.6,2_FT,8,2,3.262,8932.449,map,bo_exploitation,14.55,29.63,3.0,0.29,0.4091,0.7559,0.8584,0.6587,0.7454,81468,27806,8853,C_finetuned_supervised
yolo11n,2.6,2_FT,8,2,3.262,8932.449,map,grid_search,20.29,26.69,4.0,0.0,0.4869,0.818,0.8639,0.7432,0.799,81468,20918,9538,C_finetuned_supervised
yolo11m,20.1,1_NOFT,8,2,11.791,22657.213,baseline,baseline,0.0,4.17,0.0,0.0,0.0001,0.0005,0.001,0.0001,0.0002,81468,81458,10337,A_unfinetuned
yolo11m,20.1,1_NOFT,8,2,11.791,22657.213,count,bo_exploration,5.32,39.63,2.0,0.61,0.2246,0.4642,0.6081,0.4454,0.5142,81468,45185,23379,A_unfinetuned
yolo11m,20.1,1_NOFT,8,2,11.791,22657.213,count,bo_exploitation,3.84,36.7,3.0,0.3,0.3311,0.5692,0.6692,0.5941,0.6294,81468,33066,23931,A_unfinetuned
yolo11m,20.1,1_NOFT,8,2,11.791,22657.213,count,grid_search,5.71,80.85,4.0,0.5,0.3353,0.5798,0.6729,0.6178,0.6442,81468,31141,24459,A_unfinetuned
yolo11m,20.1,2_FT,8,2,9.21,16287.493,baseline,baseline,0.0,3.34,0.0,0.0,0.0001,0.0005,0.001,0.0,0.0001,81468,81464,4005,B_finetuned_unsupervised
yolo11m,20.1,2_FT,8,2,9.21,16287.493,count,bo_exploration,3.49,36.09,2.0,0.38,0.2827,0.5788,0.7405,0.4882,0.5884,81468,41696,13940,B_finetuned_unsupervised
yolo11m,20.1,2_FT,8,2,9.21,16287.493,count,bo_exploitation,3.04,17.68,2.0,-0.11,0.2972,0.5873,0.7635,0.4789,0.5886,81468,42456,12083,B_finetuned_unsupervised
yolo11m,20.1,2_FT,8,2,9.21,16287.493,count,grid_search,4.85,69.87,4.0,0.5,0.4082,0.7162,0.7975,0.6756,0.7315,81468,26432,13972,B_finetuned_unsupervised
yolo11m,20.1,2_FT,8,2,9.21,16287.493,map,bo_exploration,20.23,26.5,3.0,-0.11,0.3988,0.6903,0.7665,0.6551,0.7064,81468,28095,16262,C_finetuned_supervised
yolo11m,20.1,2_FT,8,2,9.21,16287.493,map,bo_exploitation,19.57,26.58,3.0,-0.1,0.3988,0.6903,0.7665,0.6551,0.7064,81468,28095,16262,C_finetuned_supervised
yolo11m,20.1,2_FT,8,2,9.21,16287.493,map,grid_search,22.28,28.21,4.0,0.0,0.4431,0.7355,0.8026,0.6929,0.7437,81468,25020,13887,C_finetuned_supervised
yolo11n,2.6,1_NOFT,8,3,4.532,6921.367,baseline,baseline,0.0,3.16,0.0,0.0,0.0002,0.0019,0.0037,0.0002,0.0003,81995,81982,3480,A_unfinetuned
yolo11n,2.6,1_NOFT,8,3,4.532,6921.367,count,bo_exploration,5.16,51.62,3.0,0.52,0.3246,0.6901,0.7758,0.6389,0.7007,81995,29612,15139,A_unfinetuned
yolo11n,2.6,1_NOFT,8,3,4.532,6921.367,count,bo_exploitation,3.08,35.71,2.0,0.45,0.2207,0.5362,0.6671,0.4564,0.542,81995,44574,18676,A_unfinetuned
yolo11n,2.6,1_NOFT,8,3,4.532,6921.367,count,grid_search,4.27,69.91,4.0,0.5,0.3779,0.7323,0.8106,0.6888,0.7448,81995,25516,13194,A_unfinetuned
yolo11n,2.6,2_FT,8,3,3.191,8113.947,baseline,baseline,0.0,3.9,0.0,0.0,0.0,0.0,0.0,0.0,0.0,81995,81995,698,B_finetuned_unsupervised
yolo11n,2.6,2_FT,8,3,3.191,8113.947,count,bo_exploration,3.63,65.14,4.0,0.62,0.4463,0.794,0.8502,0.7219,0.7808,81995,22800,10431,B_finetuned_unsupervised
yolo11n,2.6,2_FT,8,3,3.191,8113.947,count,bo_exploitation,2.33,35.86,4.0,0.31,0.4663,0.8016,0.8818,0.7127,0.7882,81995,23561,7835,B_finetuned_unsupervised
yolo11n,2.6,2_FT,8,3,3.191,8113.947,count,grid_search,3.85,65.37,4.0,0.5,0.4463,0.794,0.8502,0.7219,0.7808,81995,22800,10431,B_finetuned_unsupervised
yolo11n,2.6,2_FT,8,3,3.191,8113.947,map,bo_exploration,11.83,24.37,3.0,-0.12,0.4059,0.7477,0.8467,0.6473,0.7337,81995,28921,9611,C_finetuned_supervised
yolo11n,2.6,2_FT,8,3,3.191,8113.947,map,bo_exploitation,12.42,65.32,4.0,0.56,0.4463,0.794,0.8502,0.7219,0.7808,81995,22800,10431,C_finetuned_supervised
yolo11n,2.6,2_FT,8,3,3.191,8113.947,map,grid_search,13.56,27.5,4.0,0.0,0.4867,0.8179,0.8645,0.7426,0.7989,81995,21109,9546,C_finetuned_supervised
yolo11m,20.1,1_NOFT,8,3,11.531,22689.275,baseline,baseline,0.0,3.5,0.0,0.0,0.0,0.0,0.0,0.0,0.0,81995,81995,4372,A_unfinetuned
yolo11m,20.1,1_NOFT,8,3,11.531,22689.275,count,bo_exploration,2.87,37.8,2.0,0.61,0.2079,0.5057,0.6256,0.4647,0.5333,81995,43893,22798,A_unfinetuned
yolo11m,20.1,1_NOFT,8,3,11.531,22689.275,count,bo_exploitation,3.84,41.94,4.0,0.36,0.3913,0.6799,0.7547,0.6657,0.7074,81995,27409,17740,A_unfinetuned
yolo11m,20.1,1_NOFT,8,3,11.531,22689.275,count,grid_search,4.92,76.88,4.0,0.5,0.3828,0.6746,0.7606,0.6592,0.7063,81995,27944,17011,A_unfinetuned
yolo11m,20.1,2_FT,8,3,9.049,17665.005,baseline,baseline,0.0,3.35,0.0,0.0,0.0001,0.0005,0.001,0.0,0.0001,81995,81991,4006,B_finetuned_unsupervised
yolo11m,20.1,2_FT,8,3,9.049,17665.005,count,bo_exploration,4.47,68.51,4.0,0.62,0.4082,0.7167,0.7982,0.6751,0.7315,81995,26643,13992,B_finetuned_unsupervised
yolo11m,20.1,2_FT,8,3,9.049,17665.005,count,bo_exploitation,2.68,6.38,1.0,0.27,0.0047,0.0248,0.0492,0.0073,0.0128,81995,81394,11609,B_finetuned_unsupervised
yolo11m,20.1,2_FT,8,3,9.049,17665.005,count,grid_search,4.34,68.28,4.0,0.5,0.4082,0.7167,0.7982,0.6751,0.7315,81995,26643,13992,B_finetuned_unsupervised
yolo11m,20.1,2_FT,8,3,9.049,17665.005,map,bo_exploration,9.8,28.02,4.0,-0.12,0.4431,0.7357,0.8032,0.6922,0.7436,81995,25240,13902,C_finetuned_supervised
yolo11m,20.1,2_FT,8,3,9.049,17665.005,map,bo_exploitation,12.43,26.21,3.0,0.11,0.3986,0.6901,0.7673,0.654,0.7062,81995,28369,16261,C_finetuned_supervised
yolo11m,20.1,2_FT,8,3,9.049,17665.005,map,grid_search,15.02,28.03,4.0,0.0,0.4431,0.7357,0.8032,0.6922,0.7436,81995,25240,13902,C_finetuned_supervised
rtdetr-l,45.0,1_NOFT,8,1,32.194,20642.75,baseline,baseline,0.0,4.98,0.0,0.0,0.0002,0.0012,0.0024,0.0004,0.0006,81995,81966,12094,A_unfinetuned
rtdetr-l,45.0,1_NOFT,8,1,32.194,20642.75,count,bo_exploration,3.1,46.18,2.0,0.5,0.1516,0.3959,0.5194,0.3949,0.4487,81995,49615,29964,A_unfinetuned
rtdetr-l,45.0,1_NOFT,8,1,32.194,20642.75,count,bo_exploitation,3.36,22.57,2.0,0.07,0.1644,0.4021,0.5536,0.3786,0.4497,81995,50953,25029,A_unfinetuned
rtdetr-l,45.0,1_NOFT,8,1,32.194,20642.75,count,grid_search,6.31,113.1,4.0,0.5,0.3173,0.5823,0.7025,0.6141,0.6553,81995,31644,21320,A_unfinetuned
rtdetr-l,45.0,2_FT,8,1,33.298,21020.249,baseline,baseline,0.0,3.65,0.0,0.0,0.0002,0.0008,0.0017,0.0,0.0,81995,81993,1182,B_finetuned_unsupervised
rtdetr-l,45.0,2_FT,8,1,33.298,21020.249,count,bo_exploration,5.64,71.4,3.0,0.62,0.4272,0.7703,0.8505,0.6882,0.7608,81995,25570,9915,B_finetuned_unsupervised
rtdetr-l,45.0,2_FT,8,1,33.298,21020.249,count,bo_exploitation,8.21,115.61,4.0,0.46,0.4626,0.7967,0.8472,0.7393,0.7896,81995,21379,10930,B_finetuned_unsupervised
rtdetr-l,45.0,2_FT,8,1,33.298,21020.249,count,grid_search,7.47,115.19,4.0,0.5,0.4626,0.7967,0.8472,0.7393,0.7896,81995,21379,10930,B_finetuned_unsupervised
rtdetr-l,45.0,2_FT,8,1,33.298,21020.249,map,bo_exploration,14.69,37.34,3.0,0.02,0.4297,0.7622,0.8479,0.6711,0.7493,81995,26965,9868,C_finetuned_supervised
rtdetr-l,45.0,2_FT,8,1,33.298,21020.249,map,bo_exploitation,13.85,36.76,2.0,0.19,0.2727,0.6068,0.7762,0.4555,0.5741,81995,44647,10769,C_finetuned_supervised
rtdetr-l,45.0,2_FT,8,1,33.298,21020.249,map,grid_search,19.37,46.09,4.0,0.0,0.4749,0.8073,0.8781,0.724,0.7936,81995,22629,8243,C_finetuned_supervised
yolo11n,2.6,1_NOFT,8,4,4.419,6909.289,baseline,baseline,0.0,3.64,0.0,0.0,0.0002,0.001,0.0019,0.0001,0.0003,81650,81638,6215,A_unfinetuned
yolo11n,2.6,1_NOFT,8,4,4.419,6909.289,count,bo_exploration,3.3,31.18,2.0,0.18,0.2315,0.5136,0.6515,0.4546,0.5355,81650,44535,19852,A_unfinetuned
yolo11n,2.6,1_NOFT,8,4,4.419,6909.289,count,bo_exploitation,3.79,53.79,3.0,0.43,0.3553,0.6552,0.7396,0.6408,0.6866,81650,29329,18424,A_unfinetuned
yolo11n,2.6,1_NOFT,8,4,4.419,6909.289,count,grid_search,4.84,72.54,4.0,0.5,0.3943,0.6833,0.7668,0.6717,0.7161,81650,26804,16680,A_unfinetuned
yolo11n,2.6,2_FT,8,4,3.2,9301.774,baseline,baseline,0.0,2.84,0.0,0.0,0.0,0.0,0.0,0.0,0.0,81650,81650,695,B_finetuned_unsupervised
yolo11n,2.6,2_FT,8,4,3.2,9301.774,count,bo_exploration,3.36,65.35,4.0,0.49,0.4459,0.7938,0.8497,0.7221,0.7807,81650,22691,10433,B_finetuned_unsupervised
yolo11n,2.6,2_FT,8,4,3.2,9301.774,count,bo_exploitation,2.17,5.0,1.0,0.18,0.0088,0.0471,0.0938,0.0052,0.0098,81650,81228,4077,B_finetuned_unsupervised
yolo11n,2.6,2_FT,8,4,3.2,9301.774,count,grid_search,4.2,65.61,4.0,0.5,0.4459,0.7938,0.8497,0.7221,0.7807,81650,22691,10433,B_finetuned_unsupervised
yolo11n,2.6,2_FT,8,4,3.2,9301.774,map,bo_exploration,9.0,29.56,3.0,0.18,0.4089,0.7558,0.8585,0.6583,0.7452,81650,27900,8859,C_finetuned_supervised
yolo11n,2.6,2_FT,8,4,3.2,9301.774,map,bo_exploitation,10.75,29.54,3.0,0.3,0.4089,0.7558,0.8585,0.6583,0.7452,81650,27900,8859,C_finetuned_supervised
yolo11n,2.6,2_FT,8,4,3.2,9301.774,map,grid_search,17.76,26.54,4.0,0.0,0.4866,0.818,0.8639,0.7427,0.7988,81650,21005,9553,C_finetuned_supervised
yolo11m,20.1,1_NOFT,8,4,11.594,22658.026,baseline,baseline,0.0,3.66,0.0,0.0,0.0001,0.0007,0.0013,0.0001,0.0002,81650,81642,5953,A_unfinetuned
yolo11m,20.1,1_NOFT,8,4,11.594,22658.026,count,bo_exploration,6.12,75.87,4.0,0.45,0.3778,0.655,0.758,0.6391,0.6935,81650,29469,16658,A_unfinetuned
yolo11m,20.1,1_NOFT,8,4,11.594,22658.026,count,bo_exploitation,3.38,41.49,4.0,0.18,0.3836,0.6571,0.7469,0.6471,0.6935,81650,28811,17903,A_unfinetuned
yolo11m,20.1,1_NOFT,8,4,11.594,22658.026,count,grid_search,4.93,75.89,4.0,0.5,0.3778,0.655,0.758,0.6391,0.6935,81650,29469,16658,A_unfinetuned
yolo11m,20.1,2_FT,8,4,9.165,16839.367,baseline,baseline,0.0,3.26,0.0,0.0,0.0001,0.0005,0.001,0.0,0.0001,81650,81646,4001,B_finetuned_unsupervised
yolo11m,20.1,2_FT,8,4,9.165,16839.367,count,bo_exploration,4.33,38.1,2.0,0.55,0.2825,0.5783,0.7402,0.4876,0.5879,81650,41841,13974,B_finetuned_unsupervised
yolo11m,20.1,2_FT,8,4,9.165,16839.367,count,bo_exploitation,5.03,72.29,4.0,0.45,0.4076,0.7157,0.7969,0.6749,0.7308,81650,26546,14044,B_finetuned_unsupervised
yolo11m,20.1,2_FT,8,4,9.165,16839.367,count,grid_search,4.59,70.99,4.0,0.5,0.4076,0.7157,0.7969,0.6749,0.7308,81650,26546,14044,B_finetuned_unsupervised
yolo11m,20.1,2_FT,8,4,9.165,16839.367,map,bo_exploration,14.86,51.93,3.0,0.57,0.3937,0.6954,0.7828,0.6546,0.713,81650,28199,14828,C_finetuned_supervised
yolo11m,20.1,2_FT,8,4,9.165,16839.367,map,bo_exploitation,19.47,29.24,4.0,0.09,0.4426,0.7351,0.8022,0.6923,0.7432,81650,25127,13940,C_finetuned_supervised
yolo11m,20.1,2_FT,8,4,9.165,16839.367,map,grid_search,19.34,29.14,4.0,0.0,0.4426,0.7351,0.8022,0.6923,0.7432,81650,25127,13940,C_finetuned_supervised
rtdetr-l,45.0,1_NOFT,8,2,37.157,20259.192,baseline,baseline,0.0,4.79,0.0,0.0,0.0,0.0002,0.0005,0.0001,0.0001,81650,81645,9787,A_unfinetuned
rtdetr-l,45.0,1_NOFT,8,2,37.157,20259.192,count,bo_exploration,5.35,36.62,3.0,-0.05,0.2806,0.5668,0.6757,0.5768,0.6224,81650,34554,22599,A_unfinetuned
rtdetr-l,45.0,1_NOFT,8,2,37.157,20259.192,count,bo_exploitation,8.05,71.28,3.0,0.47,0.2779,0.5752,0.6998,0.5837,0.6365,81650,33987,20450,A_unfinetuned
rtdetr-l,45.0,1_NOFT,8,2,37.157,20259.192,count,grid_search,6.44,111.6,4.0,0.5,0.3136,0.6056,0.7339,0.6185,0.6713,81650,31151,18310,A_unfinetuned
rtdetr-l,45.0,2_FT,8,2,15.832,19282.204,baseline,baseline,0.0,5.92,0.0,0.0,0.0001,0.0004,0.001,0.0001,0.0002,81650,81643,7138,B_finetuned_unsupervised
rtdetr-l,45.0,2_FT,8,2,15.832,19282.204,count,bo_exploration,6.57,115.36,4.0,0.55,0.3583,0.6463,0.755,0.6402,0.6929,81650,29374,16964,B_finetuned_unsupervised
rtdetr-l,45.0,2_FT,8,2,15.832,19282.204,count,bo_exploitation,3.98,44.69,4.0,0.09,0.3823,0.6616,0.7674,0.6471,0.7021,81650,28818,16011,B_finetuned_unsupervised
rtdetr-l,45.0,2_FT,8,2,15.832,19282.204,count,grid_search,6.77,115.26,4.0,0.5,0.3583,0.6463,0.755,0.6402,0.6929,81650,29374,16964,B_finetuned_unsupervised
rtdetr-l,45.0,2_FT,8,2,15.832,19282.204,map,bo_exploration,23.65,38.52,3.0,-0.12,0.3424,0.6123,0.7208,0.5939,0.6512,81650,33159,18780,C_finetuned_supervised
rtdetr-l,45.0,2_FT,8,2,15.832,19282.204,map,bo_exploitation,20.97,38.56,3.0,-0.03,0.3424,0.6123,0.7208,0.5939,0.6512,81650,33159,18780,C_finetuned_supervised
rtdetr-l,45.0,2_FT,8,2,15.832,19282.204,map,grid_search,23.75,46.33,4.0,0.0,0.3823,0.6616,0.7674,0.6471,0.7021,81650,28818,16011,C_finetuned_supervised
yolo11n,2.6,1_NOFT,8,5,4.444,6800.512,baseline,baseline,0.0,3.03,0.0,0.0,0.0001,0.0008,0.0017,0.0,0.0001,82257,82253,2349,A_unfinetuned
yolo11n,2.6,1_NOFT,8,5,4.444,6800.512,count,bo_exploration,3.39,74.74,4.0,0.45,0.4255,0.7599,0.8346,0.7004,0.7616,82257,24647,11413,A_unfinetuned
yolo11n,2.6,1_NOFT,8,5,4.444,6800.512,count,bo_exploitation,3.68,27.83,3.0,0.03,0.4047,0.7339,0.8033,0.6652,0.7278,82257,27537,13403,A_unfinetuned
yolo11n,2.6,1_NOFT,8,5,4.444,6800.512,count,grid_search,4.14,74.8,4.0,0.5,0.4255,0.7599,0.8346,0.7004,0.7616,82257,24647,11413,A_unfinetuned
yolo11n,2.6,2_FT,8,5,3.14,6950.088,baseline,baseline,0.0,4.13,0.0,0.0,0.0,0.0,0.0,0.0,0.0,82257,82257,685,B_finetuned_unsupervised
yolo11n,2.6,2_FT,8,5,3.14,6950.088,count,bo_exploration,2.97,65.74,4.0,0.62,0.4468,0.7947,0.8509,0.7227,0.7816,82257,22808,10418,B_finetuned_unsupervised
yolo11n,2.6,2_FT,8,5,3.14,6950.088,count,bo_exploitation,2.65,65.73,4.0,0.58,0.4468,0.7947,0.8509,0.7227,0.7816,82257,22808,10418,B_finetuned_unsupervised
yolo11n,2.6,2_FT,8,5,3.14,6950.088,count,grid_search,3.55,65.76,4.0,0.5,0.4468,0.7947,0.8509,0.7227,0.7816,82257,22808,10418,B_finetuned_unsupervised
yolo11n,2.6,2_FT,8,5,3.14,6950.088,map,bo_exploration,4.13,4.88,1.0,0.02,0.0086,0.0464,0.0923,0.005,0.0095,82257,81843,4070,C_finetuned_supervised
yolo11n,2.6,2_FT,8,5,3.14,6950.088,map,bo_exploitation,6.14,26.63,4.0,0.08,0.4871,0.8184,0.8646,0.7431,0.7992,82257,21135,9571,C_finetuned_supervised
yolo11n,2.6,2_FT,8,5,3.14,6950.088,map,grid_search,9.82,26.55,4.0,0.0,0.4871,0.8184,0.8646,0.7431,0.7992,82257,21135,9571,C_finetuned_supervised
yolo11m,20.1,1_NOFT,8,5,11.502,22738.251,baseline,baseline,0.0,3.25,0.0,0.0,0.0,0.0,0.0,0.0,0.0,82257,82257,2731,A_unfinetuned
yolo11m,20.1,1_NOFT,8,5,11.502,22738.251,count,bo_exploration,2.82,29.04,4.0,-0.12,0.4558,0.7687,0.8325,0.7056,0.7638,82257,24215,11680,A_unfinetuned
yolo11m,20.1,1_NOFT,8,5,11.502,22738.251,count,bo_exploitation,3.26,35.62,2.0,0.53,0.255,0.5778,0.726,0.4786,0.5769,82257,42888,14859,A_unfinetuned
yolo11m,20.1,1_NOFT,8,5,11.502,22738.251,count,grid_search,4.06,70.62,4.0,0.5,0.436,0.7524,0.8295,0.6941,0.7557,82257,25165,11739,A_unfinetuned
yolo11m,20.1,2_FT,8,5,8.798,20753.272,baseline,baseline,0.0,3.3,0.0,0.0,0.0,0.0,0.0,0.0,0.0,82257,82257,2054,B_finetuned_unsupervised
yolo11m,20.1,2_FT,8,5,8.798,20753.272,count,bo_exploration,2.39,30.11,2.0,0.21,0.2995,0.619,0.7795,0.4873,0.5997,82257,42174,11338,B_finetuned_unsupervised
yolo11m,20.1,2_FT,8,5,8.798,20753.272,count,bo_exploitation,3.19,28.26,4.0,-0.1,0.4732,0.7869,0.8445,0.7204,0.7775,82257,22999,10908,B_finetuned_unsupervised
yolo11m,20.1,2_FT,8,5,8.798,20753.272,count,grid_search,4.0,69.35,4.0,0.5,0.4453,0.7712,0.8398,0.7077,0.7682,82257,24040,11102,B_finetuned_unsupervised
yolo11m,20.1,2_FT,8,5,8.798,20753.272,map,bo_exploration,17.49,28.49,4.0,0.09,0.4732,0.7869,0.8445,0.7204,0.7775,82257,22999,10908,C_finetuned_supervised
yolo11m,20.1,2_FT,8,5,8.798,20753.272,map,bo_exploitation,7.14,30.35,2.0,0.28,0.2995,0.619,0.7795,0.4873,0.5997,82257,42174,11338,C_finetuned_supervised
yolo11m,20.1,2_FT,8,5,8.798,20753.272,map,grid_search,21.71,28.51,4.0,0.0,0.4732,0.7869,0.8445,0.7204,0.7775,82257,22999,10908,C_finetuned_supervised
rtdetr-l,45.0,1_NOFT,8,3,37.078,21016.894,baseline,baseline,0.0,4.24,0.0,0.0,0.0,0.0002,0.0005,0.0,0.0001,82257,82254,6413,A_unfinetuned
rtdetr-l,45.0,1_NOFT,8,3,37.078,21016.894,count,bo_exploration,3.17,43.55,3.0,0.21,0.3285,0.6329,0.7413,0.6086,0.6684,82257,32194,17473,A_unfinetuned
rtdetr-l,45.0,1_NOFT,8,3,37.078,21016.894,count,bo_exploitation,2.74,37.13,2.0,0.21,0.1829,0.4639,0.6199,0.4074,0.4916,82257,48748,20549,A_unfinetuned
rtdetr-l,45.0,1_NOFT,8,3,37.078,21016.894,count,grid_search,5.79,110.16,4.0,0.5,0.3588,0.6623,0.7613,0.6603,0.7072,82257,27941,17027,A_unfinetuned
rtdetr-l,45.0,2_FT,8,3,22.219,21021.842,baseline,baseline,0.0,4.13,0.0,0.0,0.0003,0.0023,0.0046,0.0003,0.0006,82257,82230,5796,B_finetuned_unsupervised
rtdetr-l,45.0,2_FT,8,3,22.219,21021.842,count,bo_exploration,7.48,70.83,3.0,0.62,0.3544,0.6821,0.7859,0.6429,0.7072,82257,29378,14403,B_finetuned_unsupervised
rtdetr-l,45.0,2_FT,8,3,22.219,21021.842,count,bo_exploitation,5.34,110.61,4.0,0.52,0.3896,0.7078,0.8021,0.6761,0.7337,82257,26645,13718,B_finetuned_unsupervised
rtdetr-l,45.0,2_FT,8,3,22.219,21021.842,count,grid_search,5.74,110.6,4.0,0.5,0.3896,0.7078,0.8021,0.6761,0.7337,82257,26645,13718,B_finetuned_unsupervised
rtdetr-l,45.0,2_FT,8,3,22.219,21021.842,map,bo_exploration,6.56,21.36,2.0,0.01,0.2411,0.5381,0.7177,0.4339,0.5408,82257,46569,14036,C_finetuned_supervised
yolo11n,2.6,1_NOFT,8,6,4.463,6922.257,baseline,baseline,0.0,3.06,0.0,0.0,0.0,0.0,0.0,0.0,0.0,82188,82188,2349,A_unfinetuned
yolo11n,2.6,1_NOFT,8,6,4.463,6922.257,count,bo_exploration,2.34,51.87,3.0,0.55,0.3789,0.7374,0.8103,0.6753,0.7367,82188,26684,12998,A_unfinetuned
yolo11n,2.6,1_NOFT,8,6,4.463,6922.257,count,bo_exploitation,2.66,32.22,3.0,0.14,0.3995,0.7429,0.8152,0.6819,0.7426,82188,26147,12706,A_unfinetuned
yolo11n,2.6,1_NOFT,8,6,4.463,6922.257,count,grid_search,3.68,69.74,4.0,0.5,0.4332,0.7743,0.8435,0.7136,0.7732,82188,23537,10878,A_unfinetuned
yolo11n,2.6,2_FT,8,6,3.143,7631.57,baseline,baseline,0.0,2.87,0.0,0.0,0.0,0.0,0.0,0.0,0.0,82188,82188,705,B_finetuned_unsupervised
yolo11n,2.6,2_FT,8,6,3.143,7631.57,count,bo_exploration,4.08,65.43,4.0,0.62,0.4466,0.7941,0.8499,0.7226,0.7811,82188,22801,10489,B_finetuned_unsupervised
yolo11n,2.6,2_FT,8,6,3.143,7631.57,count,bo_exploitation,2.63,32.45,2.0,0.59,0.2746,0.6051,0.7925,0.4504,0.5743,82188,45174,9694,B_finetuned_unsupervised
yolo11n,2.6,2_FT,8,6,3.143,7631.57,count,grid_search,3.48,65.64,4.0,0.5,0.4466,0.7941,0.8499,0.7226,0.7811,82188,22801,10489,B_finetuned_unsupervised
yolo11n,2.6,2_FT,8,6,3.143,7631.57,map,bo_exploration,7.37,24.53,3.0,-0.01,0.4061,0.7479,0.8462,0.6478,0.7339,82188,28943,9675,C_finetuned_supervised
yolo11n,2.6,2_FT,8,6,3.143,7631.57,map,bo_exploitation,6.75,47.61,3.0,0.4,0.3902,0.7523,0.8325,0.6685,0.7416,82188,27242,11055,C_finetuned_supervised
yolo11n,2.6,2_FT,8,6,3.143,7631.57,map,grid_search,9.98,26.5,4.0,0.0,0.4868,0.8177,0.8636,0.7428,0.7986,82188,21142,9644,C_finetuned_supervised
yolo11m,20.1,1_NOFT,8,6,11.531,22690.247,baseline,baseline,0.0,3.84,0.0,0.0,0.0001,0.0007,0.0014,0.0001,0.0002,82188,82178,7039,A_unfinetuned
yolo11m,20.1,1_NOFT,8,6,11.531,22690.247,count,bo_exploration,2.18,35.39,3.0,0.34,0.3659,0.6365,0.7278,0.619,0.669,82188,31311,19029,A_unfinetuned
yolo11m,20.1,1_NOFT,8,6,11.531,22690.247,count,bo_exploitation,3.6,38.87,2.0,0.45,0.242,0.527,0.6515,0.4763,0.5503,82188,43045,20939,A_unfinetuned
yolo11m,20.1,1_NOFT,8,6,11.531,22690.247,count,grid_search,4.07,77.97,4.0,0.5,0.3774,0.6462,0.733,0.6445,0.6859,82188,29216,19299,A_unfinetuned
yolo11m,20.1,2_FT,8,6,8.898,19291.635,baseline,baseline,0.0,3.33,0.0,0.0,0.0001,0.0005,0.001,0.0,0.0001,82188,82184,4061,B_finetuned_unsupervised
yolo11m,20.1,2_FT,8,6,8.898,19291.635,count,bo_exploration,3.58,68.13,4.0,0.44,0.4079,0.7154,0.7966,0.6748,0.7307,82188,26726,14162,B_finetuned_unsupervised
yolo11m,20.1,2_FT,8,6,8.898,19291.635,count,bo_exploitation,2.39,29.72,2.0,0.33,0.2848,0.5789,0.7441,0.4814,0.5846,82188,42625,13608,B_finetuned_unsupervised
yolo11m,20.1,2_FT,8,6,8.898,19291.635,count,grid_search,3.78,68.2,4.0,0.5,0.4079,0.7154,0.7966,0.6748,0.7307,82188,26726,14162,B_finetuned_unsupervised
yolo11m,20.1,2_FT,8,6,8.898,19291.635,map,bo_exploration,7.06,27.71,4.0,-0.12,0.4424,0.7344,0.8016,0.6919,0.7427,82188,25321,14079,C_finetuned_supervised
yolo11m,20.1,2_FT,8,6,8.898,19291.635,map,bo_exploitation,9.04,31.42,3.0,0.31,0.4034,0.6944,0.7753,0.6586,0.7122,82188,28063,15690,C_finetuned_supervised
yolo11m,20.1,2_FT,8,6,8.898,19291.635,map,grid_search,11.2,27.63,4.0,0.0,0.4424,0.7344,0.8016,0.6919,0.7427,82188,25321,14079,C_finetuned_supervised
rtdetr-l,45.0,1_NOFT,8,4,36.983,20432.385,baseline,baseline,0.0,4.72,0.0,0.0,0.0002,0.0018,0.0036,0.0003,0.0006,82188,82160,7802,A_unfinetuned
rtdetr-l,45.0,1_NOFT,8,4,36.983,20432.385,count,bo_exploration,3.46,44.89,2.0,0.46,0.2023,0.4963,0.6517,0.4506,0.5328,82188,45151,19791,A_unfinetuned
rtdetr-l,45.0,1_NOFT,8,4,36.983,20432.385,count,bo_exploitation,6.32,72.95,3.0,0.57,0.3199,0.6361,0.7512,0.6213,0.6801,82188,31128,16908,A_unfinetuned
rtdetr-l,45.0,1_NOFT,8,4,36.983,20432.385,count,grid_search,5.69,112.53,4.0,0.5,0.3477,0.6576,0.7601,0.6568,0.7047,82188,28205,17038,A_unfinetuned
rtdetr-l,45.0,2_FT,8,4,22.69,21025.095,baseline,baseline,0.0,3.68,0.0,0.0,0.0,0.0002,0.0013,0.0,0.0,82188,82187,748,B_finetuned_unsupervised
rtdetr-l,45.0,2_FT,8,4,22.69,21025.095,count,bo_exploration,5.95,114.07,4.0,0.62,0.4491,0.7611,0.8526,0.7033,0.7708,82188,24389,9990,B_finetuned_unsupervised
rtdetr-l,45.0,2_FT,8,4,22.69,21025.095,count,bo_exploitation,2.01,7.1,1.0,0.2,0.0005,0.003,0.006,0.0005,0.0009,82188,82149,6473,B_finetuned_unsupervised
rtdetr-l,45.0,2_FT,8,4,22.69,21025.095,count,grid_search,5.55,113.68,4.0,0.5,0.4491,0.7611,0.8526,0.7033,0.7708,82188,24389,9990,B_finetuned_unsupervised
rtdetr-l,45.0,2_FT,8,4,22.69,21025.095,map,bo_exploration,13.87,47.75,4.0,-0.12,0.4587,0.7728,0.8504,0.7013,0.7687,82188,24547,10144,C_finetuned_supervised
rtdetr-l,45.0,2_FT,8,4,22.69,21025.095,map,bo_exploitation,15.89,47.74,4.0,-0.12,0.4587,0.7728,0.8504,0.7013,0.7687,82188,24547,10144,C_finetuned_supervised
rtdetr-l,45.0,2_FT,8,4,22.69,21025.095,map,grid_search,14.69,45.9,4.0,0.0,0.4587,0.7728,0.8504,0.7013,0.7687,82188,24547,10144,C_finetuned_supervised
rtdetr-l,45.0,1_NOFT,8,5,34.936,20253.043,baseline,baseline,0.0,4.34,0.0,0.0,0.0008,0.0052,0.0104,0.0007,0.0013,82329,82274,5233,A_unfinetuned
rtdetr-l,45.0,1_NOFT,8,5,34.936,20253.043,count,bo_exploration,4.24,111.53,4.0,0.54,0.3999,0.7095,0.8177,0.6766,0.7405,82329,26624,12416,A_unfinetuned
rtdetr-l,45.0,1_NOFT,8,5,34.936,20253.043,count,bo_exploitation,3.19,71.22,3.0,0.44,0.3747,0.6936,0.7966,0.6544,0.7185,82329,28451,13761,A_unfinetuned
rtdetr-l,45.0,1_NOFT,8,5,34.936,20253.043,count,grid_search,5.86,111.71,4.0,0.5,0.3999,0.7095,0.8177,0.6766,0.7405,82329,26624,12416,A_unfinetuned
rtdetr-l,45.0,2_FT,8,5,38.48,21018.836,baseline,baseline,0.0,5.15,0.0,0.0,0.0001,0.0006,0.0012,0.0002,0.0003,82329,82314,12245,B_finetuned_unsupervised
rtdetr-l,45.0,1_NOFT,8,6,32.487,20642.17,baseline,baseline,0.0,4.57,0.0,0.0,0.0001,0.0009,0.0018,0.0002,0.0004,82021,82005,8994,A_unfinetuned
rtdetr-l,45.0,1_NOFT,8,6,32.487,20642.17,count,bo_exploration,3.5,37.24,3.0,-0.0,0.2977,0.5891,0.714,0.5699,0.6339,82021,35274,18728,A_unfinetuned
rtdetr-l,45.0,1_NOFT,8,6,32.487,20642.17,count,bo_exploitation,4.29,45.29,2.0,0.55,0.1832,0.4482,0.5842,0.4105,0.4822,82021,48351,23965,A_unfinetuned
rtdetr-l,45.0,1_NOFT,8,6,32.487,20642.17,count,grid_search,6.08,115.72,4.0,0.5,0.3292,0.6268,0.7299,0.6446,0.6846,82021,29147,19562,A_unfinetuned
rtdetr-l,45.0,2_FT,8,6,24.04,21019.948,baseline,baseline,0.0,4.03,0.0,0.0,0.0001,0.0005,0.0011,0.0001,0.0001,82021,82015,5576,B_finetuned_unsupervised
rtdetr-l,45.0,2_FT,8,6,24.04,21019.948,count,bo_exploration,9.74,114.71,4.0,0.62,0.3744,0.6828,0.7946,0.6564,0.7189,82021,28186,13920,B_finetuned_unsupervised
rtdetr-l,45.0,2_FT,8,6,24.04,21019.948,count,bo_exploitation,3.75,43.9,2.0,0.41,0.1943,0.4903,0.632,0.4313,0.5127,82021,46642,20598,B_finetuned_unsupervised
rtdetr-l,45.0,2_FT,8,6,24.04,21019.948,count,grid_search,5.95,114.04,4.0,0.5,0.3744,0.6828,0.7946,0.6564,0.7189,82021,28186,13920,B_finetuned_unsupervised
rtdetr-l,45.0,2_FT,8,6,24.04,21019.948,map,bo_exploration,17.24,36.88,3.0,-0.07,0.3443,0.6437,0.755,0.6017,0.6697,82021,32670,16017,C_finetuned_supervised
rtdetr-l,45.0,2_FT,8,6,24.04,21019.948,map,bo_exploitation,11.4,36.61,2.0,0.36,0.2005,0.4915,0.6436,0.4195,0.508,82021,47610,19052,C_finetuned_supervised
rtdetr-l,45.0,2_FT,8,6,24.04,21019.948,map,grid_search,20.63,44.17,4.0,0.0,0.3877,0.6913,0.7958,0.6525,0.7171,82021,28501,13736,C_finetuned_supervised
yolo11n,2.6,1_NOFT,7,1,4.578,6798.055,baseline,baseline,0.0,2.95,0.0,0.0,0.0,0.0,0.0,0.0,0.0,81721,81721,548,A_unfinetuned
yolo11n,2.6,1_NOFT,7,1,4.578,6798.055,count,bo_exploration,3.85,68.3,4.0,0.62,0.4399,0.7949,0.8614,0.7128,0.7801,81721,23467,9374,A_unfinetuned
yolo11n,2.6,1_NOFT,7,1,4.578,6798.055,count,bo_exploitation,2.27,25.27,3.0,-0.05,0.4194,0.7617,0.8361,0.6722,0.7452,81721,26791,10766,A_unfinetuned
yolo11n,2.6,1_NOFT,7,1,4.578,6798.055,count,grid_search,4.37,69.37,4.0,0.5,0.4399,0.7949,0.8614,0.7128,0.7801,81721,23467,9374,A_unfinetuned
yolo11n,2.6,2_FT,7,1,3.203,8069.977,baseline,baseline,0.0,2.84,0.0,0.0,0.0,0.0,0.0,0.0,0.0,81721,81721,688,B_finetuned_unsupervised
yolo11n,2.6,2_FT,7,1,3.203,8069.977,count,bo_exploration,4.49,66.26,4.0,0.62,0.4467,0.7942,0.8503,0.7226,0.7813,81721,22669,10399,B_finetuned_unsupervised
yolo11n,2.6,2_FT,7,1,3.203,8069.977,count,bo_exploitation,2.92,29.87,3.0,0.17,0.4091,0.7559,0.8585,0.6584,0.7453,81721,27912,8867,B_finetuned_unsupervised
yolo11n,2.6,2_FT,7,1,3.203,8069.977,count,grid_search,4.07,65.63,4.0,0.5,0.4467,0.7942,0.8503,0.7226,0.7813,81721,22669,10399,B_finetuned_unsupervised
yolo11n,2.6,2_FT,7,1,3.203,8069.977,map,bo_exploration,9.76,24.5,3.0,-0.12,0.4065,0.7485,0.8468,0.6484,0.7344,81721,28736,9585,C_finetuned_supervised
yolo11n,2.6,2_FT,7,1,3.203,8069.977,map,bo_exploitation,10.47,29.65,3.0,0.14,0.4091,0.7559,0.8585,0.6584,0.7453,81721,27912,8867,C_finetuned_supervised
yolo11n,2.6,2_FT,7,1,3.203,8069.977,map,grid_search,16.52,26.66,4.0,0.0,0.4872,0.8181,0.8642,0.743,0.7991,81721,21001,9539,C_finetuned_supervised
yolo11m,20.1,1_NOFT,7,1,11.643,22635.236,baseline,baseline,0.0,3.67,0.0,0.0,0.0,0.0001,0.0002,0.0,0.0,81721,81720,5786,A_unfinetuned
yolo11m,20.1,1_NOFT,7,1,11.643,22635.236,count,bo_exploration,3.07,29.15,3.0,-0.05,0.3823,0.6594,0.7621,0.6182,0.6827,81721,31197,15768,A_unfinetuned
yolo11m,20.1,1_NOFT,7,1,11.643,22635.236,count,bo_exploitation,2.94,34.95,3.0,0.29,0.3893,0.6659,0.7676,0.627,0.6902,81721,30486,15508,A_unfinetuned
yolo11m,20.1,1_NOFT,7,1,11.643,22635.236,count,grid_search,5.21,76.23,4.0,0.5,0.4091,0.6832,0.7947,0.648,0.7139,81721,28766,13677,A_unfinetuned
yolo11m,20.1,2_FT,7,1,9.079,18039.108,baseline,baseline,0.0,3.43,0.0,0.0,0.0001,0.0005,0.001,0.0,0.0001,81721,81717,4016,B_finetuned_unsupervised
yolo11m,20.1,2_FT,7,1,9.079,18039.108,count,bo_exploration,4.9,69.61,4.0,0.62,0.4081,0.7162,0.7977,0.6752,0.7314,81721,26546,13989,B_finetuned_unsupervised
yolo11n,2.6,1_NOFT,7,2,4.509,6839.31,baseline,baseline,0.0,3.66,0.0,0.0,0.0001,0.0006,0.0012,0.0001,0.0002,82784,82776,6812,A_unfinetuned
yolo11n,2.6,1_NOFT,7,2,4.509,6839.31,count,bo_exploration,3.67,77.11,4.0,0.62,0.3672,0.6733,0.7716,0.6613,0.7122,82784,28039,16202,A_unfinetuned
yolo11n,2.6,1_NOFT,7,2,4.509,6839.31,count,bo_exploitation,2.68,55.43,3.0,0.47,0.3553,0.661,0.761,0.637,0.6935,82784,30054,16557,A_unfinetuned
yolo11n,2.6,1_NOFT,7,2,4.509,6839.31,count,grid_search,3.36,76.96,4.0,0.5,0.3672,0.6733,0.7716,0.6613,0.7122,82784,28039,16202,A_unfinetuned
yolo11n,2.6,2_FT,7,2,3.114,5426.022,baseline,baseline,0.0,2.78,0.0,0.0,0.0,0.0,0.0,0.0,0.0,82784,82784,700,B_finetuned_unsupervised
yolo11n,2.6,2_FT,7,2,3.114,5426.022,count,bo_exploration,2.64,48.7,3.0,0.48,0.3909,0.7529,0.8334,0.6691,0.7423,82784,27393,11073,B_finetuned_unsupervised
yolo11n,2.6,2_FT,7,2,3.114,5426.022,count,bo_exploitation,3.4,47.74,3.0,0.62,0.3909,0.7529,0.8334,0.6691,0.7423,82784,27393,11073,B_finetuned_unsupervised
yolo11n,2.6,2_FT,7,2,3.114,5426.022,count,grid_search,2.9,65.74,4.0,0.5,0.4467,0.7941,0.8504,0.7224,0.7812,82784,22984,10523,B_finetuned_unsupervised
yolo11n,2.6,2_FT,7,2,3.114,5426.022,map,bo_exploration,4.64,24.47,3.0,0.02,0.4066,0.7483,0.8467,0.6482,0.7343,82784,29121,9714,C_finetuned_supervised
yolo11n,2.6,2_FT,7,2,3.114,5426.022,map,bo_exploitation,4.04,26.52,4.0,0.06,0.4872,0.8182,0.8645,0.743,0.7991,82784,21277,9643,C_finetuned_supervised
yolo11n,2.6,2_FT,7,2,3.114,5426.022,map,grid_search,4.8,26.5,4.0,0.0,0.4872,0.8182,0.8645,0.743,0.7991,82784,21277,9643,C_finetuned_supervised
yolo11m,20.1,1_NOFT,7,2,8.797,22480.006,baseline,baseline,0.0,4.03,0.0,0.0,0.0002,0.0012,0.0024,0.0002,0.0004,82784,82764,8400,A_unfinetuned
yolo11m,20.1,1_NOFT,7,2,8.797,22480.006,count,bo_exploration,3.69,54.54,3.0,0.62,0.366,0.6399,0.7479,0.6173,0.6764,82784,31682,17224,A_unfinetuned
yolo11m,20.1,1_NOFT,7,2,8.797,22480.006,count,bo_exploitation,2.4,54.66,3.0,0.44,0.366,0.6399,0.7479,0.6173,0.6764,82784,31682,17224,A_unfinetuned
yolo11m,20.1,1_NOFT,7,2,8.797,22480.006,count,grid_search,3.56,71.48,4.0,0.5,0.3963,0.6603,0.7594,0.6513,0.7012,82784,28867,17082,A_unfinetuned
yolo11m,20.1,2_FT,7,2,8.483,22376.69,baseline,baseline,0.0,3.44,0.0,0.0,0.0,0.0002,0.0005,0.0,0.0,82784,82782,4442,B_finetuned_unsupervised
yolo11m,20.1,2_FT,7,2,8.483,22376.69,count,bo_exploration,2.48,70.48,4.0,0.61,0.4266,0.7122,0.7922,0.6858,0.7352,82784,26014,14887,B_finetuned_unsupervised
yolo11m,20.1,2_FT,7,2,8.483,22376.69,count,bo_exploitation,4.66,52.2,3.0,0.62,0.3915,0.6862,0.7681,0.6622,0.7112,82784,27968,16549,B_finetuned_unsupervised
yolo11m,20.1,2_FT,7,2,8.483,22376.69,count,grid_search,3.34,70.71,4.0,0.5,0.4266,0.7122,0.7922,0.6858,0.7352,82784,26014,14887,B_finetuned_unsupervised
yolo11m,20.1,2_FT,7,2,8.483,22376.69,map,bo_exploration,5.23,29.06,4.0,-0.1,0.4501,0.7315,0.7973,0.7036,0.7475,82784,24536,14805,C_finetuned_supervised
yolo11m,20.1,2_FT,7,2,8.483,22376.69,map,bo_exploitation,4.87,32.76,3.0,0.25,0.4044,0.6887,0.7917,0.6518,0.715,82784,28826,14193,C_finetuned_supervised
yolo11m,20.1,2_FT,7,2,8.483,22376.69,map,grid_search,5.54,28.87,4.0,0.0,0.4501,0.7315,0.7973,0.7036,0.7475,82784,24536,14805,C_finetuned_supervised
yolo11n,2.6,1_NOFT,7,3,4.525,6909.925,baseline,baseline,0.0,3.42,0.0,0.0,0.0,0.0003,0.0008,0.0,0.0001,81337,81334,3771,A_unfinetuned
yolo11n,2.6,1_NOFT,7,3,4.525,6909.925,count,bo_exploration,3.48,28.25,3.0,-0.12,0.3241,0.6482,0.7399,0.6242,0.6771,81337,30568,17849,A_unfinetuned
yolo11n,2.6,1_NOFT,7,3,4.525,6909.925,count,bo_exploitation,5.64,54.66,3.0,0.47,0.2961,0.6366,0.7425,0.609,0.6692,81337,31804,17175,A_unfinetuned
yolo11n,2.6,1_NOFT,7,3,4.525,6909.925,count,grid_search,5.5,77.64,4.0,0.5,0.3447,0.6723,0.7753,0.6474,0.7056,81337,28676,15263,A_unfinetuned
yolo11n,2.6,2_FT,7,3,3.25,9861.723,baseline,baseline,0.0,2.87,0.0,0.0,0.0,0.0,0.0,0.0,0.0,81337,81337,699,B_finetuned_unsupervised
yolo11n,2.6,2_FT,7,3,3.25,9861.723,count,bo_exploration,2.46,27.17,2.0,0.13,0.2757,0.6044,0.7957,0.4451,0.5708,81337,45136,9296,B_finetuned_unsupervised
yolo11n,2.6,2_FT,7,3,3.25,9861.723,count,bo_exploitation,4.31,32.1,2.0,0.48,0.2754,0.6061,0.793,0.4516,0.5754,81337,44609,9585,B_finetuned_unsupervised
yolo11n,2.6,2_FT,7,3,3.25,9861.723,count,grid_search,4.48,65.01,4.0,0.5,0.4465,0.7939,0.8502,0.7226,0.7812,81337,22562,10355,B_finetuned_unsupervised
yolo11n,2.6,2_FT,7,3,3.25,9861.723,map,bo_exploration,19.22,26.41,4.0,0.09,0.4869,0.818,0.864,0.7431,0.799,81337,20893,9513,C_finetuned_supervised
yolo11n,2.6,2_FT,7,3,3.25,9861.723,map,bo_exploitation,19.2,24.38,3.0,-0.12,0.407,0.7487,0.8467,0.6488,0.7347,81337,28565,9553,C_finetuned_supervised
yolo11n,2.6,2_FT,7,3,3.25,9861.723,map,grid_search,22.28,26.39,4.0,0.0,0.4869,0.818,0.864,0.7431,0.799,81337,20893,9513,C_finetuned_supervised
yolo11m,20.1,1_NOFT,7,3,11.651,22645.604,baseline,baseline,0.0,3.58,0.0,0.0,0.0,0.0003,0.0009,0.0,0.0001,81337,81334,3424,A_unfinetuned
yolo11m,20.1,1_NOFT,7,3,11.651,22645.604,count,bo_exploration,4.8,54.21,3.0,0.62,0.3285,0.6519,0.7155,0.6236,0.6664,81337,30616,20170,A_unfinetuned
yolo11m,20.1,1_NOFT,7,3,11.651,22645.604,count,bo_exploitation,7.38,54.19,3.0,0.49,0.3285,0.6519,0.7155,0.6236,0.6664,81337,30616,20170,A_unfinetuned
yolo11m,20.1,1_NOFT,7,3,11.651,22645.604,count,grid_search,5.43,76.31,4.0,0.5,0.3956,0.6818,0.7673,0.6396,0.6977,81337,29313,15776,A_unfinetuned
yolo11m,20.1,2_FT,7,3,9.122,16709.057,baseline,baseline,0.0,3.28,0.0,0.0,0.0001,0.0005,0.001,0.0,0.0001,81337,81333,4001,B_finetuned_unsupervised
yolo11m,20.1,2_FT,7,3,9.122,16709.057,count,bo_exploration,2.74,6.35,1.0,0.19,0.0048,0.0256,0.0507,0.0076,0.0133,81337,80717,11598,B_finetuned_unsupervised
yolo11m,20.1,2_FT,7,3,9.122,16709.057,count,bo_exploitation,4.2,67.79,4.0,0.53,0.4086,0.7164,0.7973,0.6757,0.7315,81337,26375,13976,B_finetuned_unsupervised
yolo11m,20.1,2_FT,7,3,9.122,16709.057,count,grid_search,4.84,67.76,4.0,0.5,0.4086,0.7164,0.7973,0.6757,0.7315,81337,26375,13976,B_finetuned_unsupervised
yolo11m,20.1,2_FT,7,3,9.122,16709.057,map,bo_exploration,14.71,67.51,4.0,0.46,0.4086,0.7164,0.7973,0.6757,0.7315,81337,26375,13976,C_finetuned_supervised
yolo11m,20.1,2_FT,7,3,9.122,16709.057,map,bo_exploitation,15.56,27.46,4.0,-0.12,0.4433,0.7356,0.8025,0.6932,0.7438,81337,24956,13876,C_finetuned_supervised
yolo11m,20.1,2_FT,7,3,9.122,16709.057,map,grid_search,23.72,27.47,4.0,0.0,0.4433,0.7356,0.8025,0.6932,0.7438,81337,24956,13876,C_finetuned_supervised
rtdetr-l,45.0,1_NOFT,7,1,37.176,20060.675,baseline,baseline,0.0,4.48,0.0,0.0,0.0001,0.001,0.002,0.0002,0.0004,81337,81320,8382,A_unfinetuned
rtdetr-l,45.0,1_NOFT,7,1,37.176,20060.675,count,bo_exploration,7.27,71.21,3.0,0.62,0.2947,0.6097,0.7319,0.5965,0.6573,81337,32816,17775,A_unfinetuned
rtdetr-l,45.0,1_NOFT,7,1,37.176,20060.675,count,bo_exploitation,9.09,111.19,4.0,0.62,0.3354,0.6395,0.7604,0.635,0.6921,81337,29686,16277,A_unfinetuned
rtdetr-l,45.0,1_NOFT,7,1,37.176,20060.675,count,grid_search,6.64,110.6,4.0,0.5,0.3354,0.6395,0.7604,0.635,0.6921,81337,29686,16277,A_unfinetuned
rtdetr-l,45.0,2_FT,7,1,26.993,19087.977,baseline,baseline,0.0,4.07,0.0,0.0,0.0001,0.0005,0.001,0.0001,0.0001,81337,81332,5031,B_finetuned_unsupervised
rtdetr-l,45.0,2_FT,7,1,26.993,19087.977,count,bo_exploration,6.34,68.35,3.0,0.57,0.3746,0.6889,0.7959,0.633,0.7052,81337,29848,13200,B_finetuned_unsupervised
rtdetr-l,45.0,2_FT,7,1,26.993,19087.977,count,bo_exploitation,3.92,42.05,4.0,0.0,0.4347,0.7288,0.8083,0.6838,0.7409,81337,25716,13188,B_finetuned_unsupervised
rtdetr-l,45.0,2_FT,7,1,26.993,19087.977,count,grid_search,6.36,107.64,4.0,0.5,0.4203,0.7226,0.8124,0.6821,0.7415,81337,25861,12812,B_finetuned_unsupervised
rtdetr-l,45.0,2_FT,7,1,26.993,19087.977,map,bo_exploration,26.36,42.0,4.0,-0.12,0.4347,0.7288,0.8083,0.6838,0.7409,81337,25716,13188,C_finetuned_supervised
rtdetr-l,45.0,2_FT,7,1,26.993,19087.977,map,bo_exploitation,29.72,107.51,4.0,0.52,0.4203,0.7226,0.8124,0.6821,0.7415,81337,25861,12812,C_finetuned_supervised
rtdetr-l,45.0,2_FT,7,1,26.993,19087.977,map,grid_search,29.05,41.85,4.0,0.0,0.4347,0.7288,0.8083,0.6838,0.7409,81337,25716,13188,C_finetuned_supervised
yolo11n,2.6,1_NOFT,7,4,4.434,6921.122,baseline,baseline,0.0,3.33,0.0,0.0,0.0,0.0001,0.0003,0.0,0.0,82021,82020,2905,A_unfinetuned
yolo11n,2.6,1_NOFT,7,4,4.434,6921.122,count,bo_exploration,4.84,70.23,4.0,0.62,0.3765,0.7223,0.8087,0.6829,0.7405,82021,26010,13250,A_unfinetuned
yolo11n,2.6,1_NOFT,7,4,4.434,6921.122,count,bo_exploitation,2.58,38.49,4.0,0.13,0.4014,0.7341,0.8125,0.6942,0.7487,82021,25084,13137,A_unfinetuned
yolo11n,2.6,1_NOFT,7,4,4.434,6921.122,count,grid_search,4.18,70.36,4.0,0.5,0.3765,0.7223,0.8087,0.6829,0.7405,82021,26010,13250,A_unfinetuned
yolo11n,2.6,2_FT,7,4,3.717,8197.971,baseline,baseline,0.0,2.95,0.0,0.0,0.0,0.0003,0.0006,0.0,0.0,82021,82020,1751,B_finetuned_unsupervised
yolo11m,20.1,1_NOFT,7,4,11.533,22696.13,baseline,baseline,0.0,3.54,0.0,0.0,0.0002,0.001,0.002,0.0001,0.0002,82021,82011,4998,A_unfinetuned
yolo11m,20.1,1_NOFT,7,4,11.533,22696.13,count,bo_exploration,3.8,72.4,4.0,0.62,0.4106,0.6942,0.7773,0.6745,0.7223,82021,26694,15847,A_unfinetuned
yolo11m,20.1,1_NOFT,7,4,11.533,22696.13,count,bo_exploitation,2.61,32.86,3.0,0.26,0.3784,0.6696,0.7771,0.6307,0.6963,82021,30289,14837,A_unfinetuned
yolo11m,20.1,1_NOFT,7,4,11.533,22696.13,count,grid_search,4.39,72.48,4.0,0.5,0.4106,0.6942,0.7773,0.6745,0.7223,82021,26694,15847,A_unfinetuned
yolo11m,20.1,2_FT,7,4,8.956,18698.377,baseline,baseline,0.0,3.29,0.0,0.0,0.0001,0.0005,0.001,0.0,0.0001,82021,82017,4043,B_finetuned_unsupervised
yolo11m,20.1,2_FT,7,4,8.956,18698.377,count,bo_exploration,3.18,37.44,4.0,0.21,0.4238,0.719,0.7954,0.6791,0.7326,82021,26322,14331,B_finetuned_unsupervised
yolo11m,20.1,2_FT,7,4,8.956,18698.377,count,bo_exploitation,2.45,37.39,4.0,0.16,0.4238,0.719,0.7954,0.6791,0.7326,82021,26322,14331,B_finetuned_unsupervised
yolo11m,20.1,2_FT,7,4,8.956,18698.377,count,grid_search,4.13,67.69,4.0,0.5,0.4073,0.7151,0.7967,0.6741,0.7303,82021,26732,14108,B_finetuned_unsupervised
yolo11m,20.1,2_FT,7,4,8.956,18698.377,map,bo_exploration,10.34,25.76,3.0,-0.0,0.3977,0.6889,0.7658,0.6536,0.7052,82021,28416,16397,C_finetuned_supervised
yolo11m,20.1,2_FT,7,4,8.956,18698.377,map,bo_exploitation,7.12,29.38,2.0,0.14,0.2847,0.579,0.7444,0.4809,0.5843,82021,42580,13542,C_finetuned_supervised
yolo11m,20.1,2_FT,7,4,8.956,18698.377,map,grid_search,14.33,27.46,4.0,0.0,0.442,0.7345,0.802,0.6914,0.7426,82021,25310,13998,C_finetuned_supervised
rtdetr-l,45.0,1_NOFT,7,2,36.823,20642.127,baseline,baseline,0.0,4.41,0.0,0.0,0.0001,0.0007,0.0019,0.0001,0.0002,82021,82011,5342,A_unfinetuned
rtdetr-l,45.0,1_NOFT,7,2,36.823,20642.127,count,bo_exploration,8.11,111.03,4.0,0.62,0.3688,0.6591,0.7722,0.6481,0.7047,82021,28863,15683,A_unfinetuned
rtdetr-l,45.0,1_NOFT,7,2,36.823,20642.127,count,bo_exploitation,6.13,70.53,3.0,0.56,0.3349,0.6354,0.7516,0.6159,0.677,82021,31505,16691,A_unfinetuned
rtdetr-l,45.0,1_NOFT,7,2,36.823,20642.127,count,grid_search,6.0,111.24,4.0,0.5,0.3688,0.6591,0.7722,0.6481,0.7047,82021,28863,15683,A_unfinetuned
rtdetr-l,45.0,2_FT,7,2,34.956,21019.948,baseline,baseline,0.0,5.28,0.0,0.0,0.0002,0.0015,0.0032,0.0005,0.0009,82021,81980,12676,B_finetuned_unsupervised
rtdetr-l,45.0,2_FT,7,2,34.956,21019.948,count,bo_exploration,3.54,77.5,3.0,0.46,0.269,0.5218,0.6543,0.5615,0.6044,82021,35964,24330,B_finetuned_unsupervised
rtdetr-l,45.0,2_FT,7,2,34.956,21019.948,count,bo_exploitation,4.4,47.69,3.0,0.33,0.2676,0.5141,0.6628,0.5242,0.5854,82021,39022,21880,B_finetuned_unsupervised
rtdetr-l,45.0,2_FT,7,2,34.956,21019.948,count,grid_search,6.43,115.77,4.0,0.5,0.2974,0.554,0.7034,0.5843,0.6384,82021,34093,20205,B_finetuned_unsupervised
rtdetr-l,45.0,2_FT,7,2,34.956,21019.948,map,bo_exploration,7.28,62.2,4.0,0.31,0.2976,0.5516,0.6889,0.5753,0.627,82021,34832,21306,C_finetuned_supervised
rtdetr-l,45.0,2_FT,7,2,34.956,21019.948,map,bo_exploitation,18.62,49.46,2.0,0.58,0.1668,0.3852,0.5374,0.3792,0.4447,82021,50917,26778,C_finetuned_supervised
rtdetr-l,45.0,2_FT,7,2,34.956,21019.948,map,grid_search,19.9,115.52,4.0,0.5,0.2974,0.554,0.7034,0.5843,0.6384,82021,34093,20205,C_finetuned_supervised
yolo11n,2.6,1_NOFT,7,5,4.517,6907.302,baseline,baseline,0.0,3.12,0.0,0.0,0.0,0.0,0.0,0.0,0.0,82149,82149,2158,A_unfinetuned
yolo11n,2.6,1_NOFT,7,5,4.517,6907.302,count,bo_exploration,2.21,32.56,3.0,0.22,0.4259,0.7629,0.8411,0.6842,0.7546,82149,25939,10618,A_unfinetuned
yolo11n,2.6,1_NOFT,7,5,4.517,6907.302,count,bo_exploitation,4.57,52.26,3.0,0.62,0.4129,0.7609,0.8221,0.6937,0.7525,82149,25160,12331,A_unfinetuned
yolo11n,2.6,1_NOFT,7,5,4.517,6907.302,count,grid_search,4.1,72.71,4.0,0.5,0.4541,0.786,0.8326,0.7329,0.7795,82149,21946,12108,A_unfinetuned
yolo11n,2.6,2_FT,7,5,3.176,7656.494,baseline,baseline,0.0,2.76,0.0,0.0,0.0,0.0,0.0,0.0,0.0,82149,82149,698,B_finetuned_unsupervised
yolo11n,2.6,2_FT,7,5,3.176,7656.494,count,bo_exploration,4.82,47.63,3.0,0.62,0.3903,0.7524,0.8332,0.6685,0.7419,82149,27229,10991,B_finetuned_unsupervised
yolo11n,2.6,2_FT,7,5,3.176,7656.494,count,bo_exploitation,2.3,27.46,2.0,0.26,0.2746,0.6033,0.795,0.4433,0.5692,82149,45735,9389,B_finetuned_unsupervised
yolo11n,2.6,2_FT,7,5,3.176,7656.494,count,grid_search,3.67,65.81,4.0,0.5,0.4463,0.7939,0.8503,0.7222,0.781,82149,22822,10443,B_finetuned_unsupervised
yolo11n,2.6,2_FT,7,5,3.176,7656.494,map,bo_exploration,5.02,27.3,2.0,0.36,0.2746,0.6033,0.795,0.4433,0.5692,82149,45735,9389,C_finetuned_supervised
yolo11n,2.6,2_FT,7,5,3.176,7656.494,map,bo_exploitation,6.98,27.26,2.0,0.2,0.2746,0.6033,0.795,0.4433,0.5692,82149,45735,9389,C_finetuned_supervised
yolo11n,2.6,2_FT,7,5,3.176,7656.494,map,grid_search,11.12,26.42,4.0,0.0,0.4868,0.8179,0.8641,0.7426,0.7988,82149,21143,9593,C_finetuned_supervised
yolo11m,20.1,1_NOFT,7,5,11.568,22603.955,baseline,baseline,0.0,3.88,0.0,0.0,0.0001,0.0005,0.001,0.0001,0.0002,82149,82142,7081,A_unfinetuned
yolo11m,20.1,1_NOFT,7,5,11.568,22603.955,count,bo_exploration,4.58,75.48,4.0,0.62,0.3844,0.6607,0.7436,0.6593,0.6989,82149,27988,18674,A_unfinetuned
yolo11m,20.1,1_NOFT,7,5,11.568,22603.955,count,bo_exploitation,3.01,57.29,3.0,0.44,0.3755,0.6482,0.7478,0.6287,0.6831,82149,30499,17422,A_unfinetuned
yolo11m,20.1,1_NOFT,7,5,11.568,22603.955,count,grid_search,4.54,75.51,4.0,0.5,0.3844,0.6607,0.7436,0.6593,0.6989,82149,27988,18674,A_unfinetuned
yolo11m,20.1,2_FT,7,5,8.976,18851.102,baseline,baseline,0.0,3.42,0.0,0.0,0.0001,0.0005,0.001,0.0,0.0001,82149,82145,4041,B_finetuned_unsupervised
yolo11m,20.1,2_FT,7,5,8.976,18851.102,count,bo_exploration,5.19,69.24,4.0,0.62,0.4078,0.716,0.7983,0.6746,0.7313,82149,26728,14000,B_finetuned_unsupervised
yolo11m,20.1,2_FT,7,5,8.976,18851.102,count,bo_exploitation,2.78,38.19,4.0,0.21,0.4243,0.7198,0.7967,0.6796,0.7335,82149,26324,14242,B_finetuned_unsupervised
yolo11m,20.1,2_FT,7,5,8.976,18851.102,count,grid_search,4.16,69.2,4.0,0.5,0.4078,0.716,0.7983,0.6746,0.7313,82149,26728,14000,B_finetuned_unsupervised
yolo11m,20.1,2_FT,7,5,8.976,18851.102,map,bo_exploration,10.74,26.34,3.0,-0.06,0.3982,0.6894,0.7668,0.6537,0.7058,82149,28448,16331,C_finetuned_supervised
yolo11m,20.1,2_FT,7,5,8.976,18851.102,map,bo_exploitation,7.34,6.54,1.0,0.56,0.0047,0.0251,0.0498,0.0074,0.013,82149,81537,11675,C_finetuned_supervised
yolo11m,20.1,2_FT,7,5,8.976,18851.102,map,grid_search,12.65,28.1,4.0,0.0,0.4426,0.7351,0.8032,0.6919,0.7434,82149,25310,13928,C_finetuned_supervised
rtdetr-l,45.0,1_NOFT,7,3,36.855,20637.755,baseline,baseline,0.0,4.83,0.0,0.0,0.0003,0.0019,0.0039,0.0005,0.0009,82149,82109,10200,A_unfinetuned
rtdetr-l,45.0,1_NOFT,7,3,36.855,20637.755,count,bo_exploration,5.57,110.88,4.0,0.62,0.3244,0.606,0.7319,0.6153,0.6685,82149,31604,18517,A_unfinetuned
rtdetr-l,45.0,1_NOFT,7,3,36.855,20637.755,count,bo_exploitation,6.47,71.3,3.0,0.52,0.2962,0.5791,0.72,0.568,0.635,82149,35489,18145,A_unfinetuned
rtdetr-l,45.0,1_NOFT,7,3,36.855,20637.755,count,grid_search,5.95,111.11,4.0,0.5,0.3244,0.606,0.7319,0.6153,0.6685,82149,31604,18517,A_unfinetuned
rtdetr-l,45.0,2_FT,7,3,37.605,21022.121,baseline,baseline,0.0,4.49,0.0,0.0,0.0003,0.0025,0.005,0.0005,0.0009,82149,82108,8175,B_finetuned_unsupervised
rtdetr-l,45.0,2_FT,7,3,37.605,21022.121,count,bo_exploration,3.19,36.69,3.0,-0.06,0.3515,0.6322,0.7437,0.6115,0.6712,82149,31913,17312,B_finetuned_unsupervised
rtdetr-l,45.0,2_FT,7,3,37.605,21022.121,count,bo_exploitation,3.46,36.7,3.0,0.03,0.3515,0.6322,0.7437,0.6115,0.6712,82149,31913,17312,B_finetuned_unsupervised
rtdetr-l,45.0,2_FT,7,3,37.605,21022.121,count,grid_search,5.89,110.8,4.0,0.5,0.3765,0.6622,0.7568,0.667,0.7091,82149,27354,17611,B_finetuned_unsupervised
rtdetr-l,45.0,2_FT,7,3,37.605,21022.121,map,bo_exploration,13.09,43.49,4.0,-0.05,0.3875,0.6721,0.7796,0.6527,0.7105,82149,28531,15157,C_finetuned_supervised
rtdetr-l,45.0,2_FT,7,3,37.605,21022.121,map,bo_exploitation,8.97,8.89,1.0,0.2,0.0016,0.0103,0.0204,0.0039,0.0066,82149,81826,15487,C_finetuned_supervised
rtdetr-l,45.0,2_FT,7,3,37.605,21022.121,map,grid_search,16.44,43.44,4.0,0.0,0.3875,0.6721,0.7796,0.6527,0.7105,82149,28531,15157,C_finetuned_supervised
yolo11n,2.6,1_NOFT,7,6,4.434,6905.818,baseline,baseline,0.0,3.06,0.0,0.0,0.0,0.0002,0.0005,0.0,0.0,82115,82114,2142,A_unfinetuned
yolo11n,2.6,1_NOFT,7,6,4.434,6905.818,count,bo_exploration,2.36,35.19,3.0,0.24,0.42,0.7474,0.8147,0.6747,0.7381,82115,26709,12601,A_unfinetuned
yolo11n,2.6,1_NOFT,7,6,4.434,6905.818,count,bo_exploitation,2.62,31.09,2.0,0.15,0.2554,0.5633,0.6805,0.4762,0.5603,82115,43010,18358,A_unfinetuned
yolo11n,2.6,1_NOFT,7,6,4.434,6905.818,count,grid_search,4.12,83.56,4.0,0.5,0.4335,0.7611,0.8426,0.6872,0.757,82115,25683,10540,A_unfinetuned
yolo11n,2.6,2_FT,7,6,3.17,7708.462,baseline,baseline,0.0,2.84,0.0,0.0,0.0,0.0,0.0,0.0,0.0,82115,82115,706,B_finetuned_unsupervised
yolo11n,2.6,2_FT,7,6,3.17,7708.462,count,bo_exploration,3.2,65.49,4.0,0.62,0.4464,0.7937,0.8499,0.7219,0.7807,82115,22835,10471,B_finetuned_unsupervised
yolo11n,2.6,2_FT,7,6,3.17,7708.462,count,bo_exploitation,2.91,47.64,3.0,0.52,0.3903,0.7523,0.8328,0.6685,0.7417,82115,27220,11018,B_finetuned_unsupervised
yolo11n,2.6,2_FT,7,6,3.17,7708.462,count,grid_search,3.58,65.53,4.0,0.5,0.4464,0.7937,0.8499,0.7219,0.7807,82115,22835,10471,B_finetuned_unsupervised
yolo11n,2.6,2_FT,7,6,3.17,7708.462,map,bo_exploration,9.61,24.53,3.0,-0.05,0.406,0.7478,0.8462,0.6477,0.7338,82115,28927,9668,C_finetuned_supervised
yolo11n,2.6,2_FT,7,6,3.17,7708.462,map,bo_exploitation,10.65,29.55,3.0,0.35,0.4087,0.7554,0.8579,0.6578,0.7447,82115,28096,8944,C_finetuned_supervised
yolo11n,2.6,2_FT,7,6,3.17,7708.462,map,grid_search,11.03,26.48,4.0,0.0,0.4867,0.8176,0.8637,0.7424,0.7985,82115,21151,9620,C_finetuned_supervised
yolo11m,20.1,1_NOFT,7,6,11.638,22665.467,baseline,baseline,0.0,4.35,0.0,0.0,0.0,0.0002,0.0005,0.0001,0.0001,82115,82110,10893,A_unfinetuned
yolo11m,20.1,1_NOFT,7,6,11.638,22665.467,count,bo_exploration,4.09,77.51,4.0,0.62,0.3442,0.5939,0.6961,0.6191,0.6553,82115,31278,22194,A_unfinetuned
yolo11m,20.1,1_NOFT,7,6,11.638,22665.467,count,bo_exploitation,3.85,39.48,2.0,0.54,0.2045,0.4636,0.5928,0.4369,0.503,82115,46240,24643,A_unfinetuned
yolo11m,20.1,1_NOFT,7,6,11.638,22665.467,count,grid_search,4.33,77.62,4.0,0.5,0.3442,0.5939,0.6961,0.6191,0.6553,82115,31278,22194,A_unfinetuned
yolo11m,20.1,2_FT,7,6,8.963,18089.114,baseline,baseline,0.0,3.28,0.0,0.0,0.0001,0.0005,0.001,0.0,0.0001,82115,82111,4049,B_finetuned_unsupervised
yolo11m,20.1,2_FT,7,6,8.963,18089.114,count,bo_exploration,2.22,6.38,1.0,0.35,0.0047,0.0253,0.0502,0.0076,0.0131,82115,81495,11725,B_finetuned_unsupervised
yolo11m,20.1,2_FT,7,6,8.963,18089.114,count,bo_exploitation,3.55,51.09,3.0,0.45,0.3934,0.6947,0.7825,0.654,0.7125,82115,28414,14926,B_finetuned_unsupervised
yolo11m,20.1,2_FT,7,6,8.963,18089.114,count,grid_search,3.96,69.45,4.0,0.5,0.4075,0.7152,0.7964,0.6745,0.7304,82115,26730,14161,B_finetuned_unsupervised
yolo11m,20.1,2_FT,7,6,8.963,18089.114,map,bo_exploration,8.93,51.05,3.0,0.45,0.3934,0.6947,0.7825,0.654,0.7125,82115,28414,14926,C_finetuned_supervised
yolo11m,20.1,2_FT,7,6,8.963,18089.114,map,bo_exploitation,7.61,28.16,4.0,-0.08,0.4422,0.7344,0.8016,0.6917,0.7426,82115,25317,14058,C_finetuned_supervised
yolo11m,20.1,2_FT,7,6,8.963,18089.114,map,grid_search,12.22,28.19,4.0,0.0,0.4422,0.7344,0.8016,0.6917,0.7426,82115,25317,14058,C_finetuned_supervised
rtdetr-l,45.0,1_NOFT,7,4,36.798,21017.725,baseline,baseline,0.0,4.25,0.0,0.0,0.0003,0.0021,0.0042,0.0003,0.0006,82115,82090,5872,A_unfinetuned
rtdetr-l,45.0,1_NOFT,7,4,36.798,21017.725,count,bo_exploration,3.03,43.54,2.0,0.61,0.2024,0.4936,0.66,0.4182,0.512,82115,47771,17689,A_unfinetuned
rtdetr-l,45.0,1_NOFT,7,4,36.798,21017.725,count,bo_exploitation,6.0,70.12,3.0,0.41,0.3439,0.6699,0.7865,0.6253,0.6967,82115,30765,13936,A_unfinetuned
rtdetr-l,45.0,1_NOFT,7,4,36.798,21017.725,count,grid_search,5.77,110.01,4.0,0.5,0.3742,0.6981,0.8052,0.6682,0.7304,82115,27243,13274,A_unfinetuned
rtdetr-l,45.0,2_FT,7,4,33.227,21026.657,baseline,baseline,0.0,3.93,0.0,0.0,0.0015,0.0103,0.0205,0.0012,0.0022,82115,82020,4539,B_finetuned_unsupervised
rtdetr-l,45.0,2_FT,7,4,33.227,21026.657,count,bo_exploration,4.58,69.13,3.0,0.39,0.3794,0.6961,0.7992,0.6482,0.7158,82115,28892,13373,B_finetuned_unsupervised
rtdetr-l,45.0,2_FT,7,4,33.227,21026.657,count,bo_exploitation,2.62,35.05,3.0,-0.08,0.3777,0.6798,0.777,0.6255,0.693,82115,30755,14744,B_finetuned_unsupervised
rtdetr-l,45.0,2_FT,7,4,33.227,21026.657,count,grid_search,5.62,109.58,4.0,0.5,0.4138,0.7209,0.8078,0.6944,0.7468,82115,25096,13570,B_finetuned_unsupervised
rtdetr-l,45.0,2_FT,7,4,33.227,21026.657,map,bo_exploration,3.85,35.16,2.0,0.36,0.244,0.5452,0.7357,0.4301,0.5429,82115,46797,12685,C_finetuned_supervised
rtdetr-l,45.0,2_FT,7,4,33.227,21026.657,map,bo_exploitation,10.94,42.43,4.0,-0.12,0.4221,0.7243,0.8125,0.6796,0.7401,82115,26307,12880,C_finetuned_supervised
rtdetr-l,45.0,2_FT,7,4,33.227,21026.657,map,grid_search,16.43,42.34,4.0,0.0,0.4221,0.7243,0.8125,0.6796,0.7401,82115,26307,12880,C_finetuned_supervised
rtdetr-l,45.0,1_NOFT,7,5,36.968,20065.958,baseline,baseline,0.0,4.6,0.0,0.0,0.0002,0.0009,0.0019,0.0002,0.0004,82458,82442,8572,A_unfinetuned
rtdetr-l,45.0,1_NOFT,7,5,36.968,20065.958,count,bo_exploration,7.48,110.46,4.0,0.62,0.3422,0.6391,0.7571,0.6428,0.6952,82458,29458,17008,A_unfinetuned
rtdetr-l,45.0,1_NOFT,7,5,36.968,20065.958,count,bo_exploitation,2.95,43.7,3.0,0.22,0.3134,0.6108,0.74,0.5847,0.6532,82458,34245,16940,A_unfinetuned
rtdetr-l,45.0,1_NOFT,7,5,36.968,20065.958,count,grid_search,5.46,110.55,4.0,0.5,0.3422,0.6391,0.7571,0.6428,0.6952,82458,29458,17008,A_unfinetuned
rtdetr-l,45.0,2_FT,7,5,27.538,20053.958,baseline,baseline,0.0,4.9,0.0,0.0,0.0006,0.0037,0.0074,0.0011,0.002,82458,82365,12419,B_finetuned_unsupervised
rtdetr-l,45.0,2_FT,7,5,27.538,20053.958,count,bo_exploration,5.49,75.8,3.0,0.62,0.2981,0.5591,0.6791,0.585,0.6285,82458,34224,22795,B_finetuned_unsupervised
rtdetr-l,45.0,2_FT,7,5,27.538,20053.958,count,bo_exploitation,4.77,75.85,3.0,0.6,0.2981,0.5591,0.6791,0.585,0.6285,82458,34224,22795,B_finetuned_unsupervised
rtdetr-l,45.0,2_FT,7,5,27.538,20053.958,count,grid_search,5.7,113.83,4.0,0.5,0.3343,0.5945,0.7161,0.6233,0.6665,82458,31058,20381,B_finetuned_unsupervised
rtdetr-l,45.0,2_FT,7,5,27.538,20053.958,map,bo_exploration,10.2,61.17,4.0,0.21,0.3345,0.5914,0.708,0.6048,0.6524,82458,32584,20572,C_finetuned_supervised
rtdetr-l,45.0,2_FT,7,5,27.538,20053.958,map,bo_exploitation,6.95,23.42,2.0,0.1,0.2057,0.4368,0.5609,0.3922,0.4617,82458,50114,25316,C_finetuned_supervised
rtdetr-l,45.0,2_FT,7,5,27.538,20053.958,map,grid_search,11.95,44.58,4.0,0.0,0.3368,0.597,0.7114,0.6088,0.6561,82458,32261,20364,C_finetuned_supervised
rtdetr-l,45.0,1_NOFT,7,6,36.831,20640.83,baseline,baseline,0.0,4.87,0.0,0.0,0.0001,0.0004,0.0008,0.0001,0.0002,82624,82615,10612,A_unfinetuned
rtdetr-l,45.0,1_NOFT,7,6,36.831,20640.83,count,bo_exploration,3.21,38.23,2.0,0.13,0.1625,0.4227,0.563,0.3927,0.4627,82624,50177,25190,A_unfinetuned
rtdetr-l,45.0,1_NOFT,7,6,36.831,20640.83,count,bo_exploitation,4.95,114.27,4.0,0.38,0.3311,0.6115,0.7252,0.6359,0.6776,82624,30087,19906,A_unfinetuned
rtdetr-l,45.0,1_NOFT,7,6,36.831,20640.83,count,grid_search,5.44,114.31,4.0,0.5,0.3311,0.6115,0.7252,0.6359,0.6776,82624,30087,19906,A_unfinetuned
rtdetr-l,45.0,2_FT,7,6,15.903,21017.033,baseline,baseline,0.0,5.78,0.0,0.0,0.0002,0.0012,0.0025,0.0003,0.0005,82624,82601,9181,B_finetuned_unsupervised
rtdetr-l,45.0,2_FT,7,6,15.903,21017.033,count,bo_exploration,6.9,69.99,3.0,0.62,0.3238,0.5968,0.7245,0.5802,0.6444,82624,34685,18231,B_finetuned_unsupervised
rtdetr-l,45.0,2_FT,7,6,15.903,21017.033,count,bo_exploitation,2.64,42.8,4.0,0.0,0.3668,0.6312,0.7337,0.6226,0.6736,82624,31185,18670,B_finetuned_unsupervised
rtdetr-l,45.0,2_FT,7,6,15.903,21017.033,count,grid_search,5.2,107.62,4.0,0.5,0.3685,0.6358,0.7468,0.6336,0.6855,82624,30275,17753,B_finetuned_unsupervised
rtdetr-l,45.0,2_FT,7,6,15.903,21017.033,map,bo_exploration,7.51,41.94,4.0,0.05,0.3668,0.6312,0.7337,0.6226,0.6736,82624,31185,18670,C_finetuned_supervised
rtdetr-l,45.0,2_FT,7,6,15.903,21017.033,map,bo_exploitation,4.07,21.04,2.0,0.09,0.2043,0.4363,0.619,0.3691,0.4624,82624,52128,18770,C_finetuned_supervised
rtdetr-l,45.0,2_FT,7,6,15.903,21017.033,map,grid_search,8.94,42.59,4.0,0.0,0.3668,0.6312,0.7337,0.6226,0.6736,82624,31185,18670,C_finetuned_supervised
